ISO-10303-21;
HEADER;
FILE_DESCRIPTION(('FreeCAD Model'),'2;1');
FILE_NAME('Open CASCADE Shape Model','2025-11-16T08:14:14',(''),(''),
  'Open CASCADE STEP processor 7.8','FreeCAD','Unknown');
FILE_SCHEMA(('AUTOMOTIVE_DESIGN { 1 0 10303 214 1 1 1 1 }'));
ENDSEC;
DATA;
#1 = APPLICATION_PROTOCOL_DEFINITION('international standard',
  'automotive_design',2000,#2);
#2 = APPLICATION_CONTEXT(
  'core data for automotive mechanical design processes');
#3 = SHAPE_DEFINITION_REPRESENTATION(#4,#10);
#4 = PRODUCT_DEFINITION_SHAPE('','',#5);
#5 = PRODUCT_DEFINITION('design','',#6,#9);
#6 = PRODUCT_DEFINITION_FORMATION('','',#7);
#7 = PRODUCT('1_69INCH-240X280-CTP','1_69INCH-240X280-CTP','',(#8));
#8 = PRODUCT_CONTEXT('',#2,'mechanical');
#9 = PRODUCT_DEFINITION_CONTEXT('part definition',#2,'design');
#10 = ADVANCED_BREP_SHAPE_REPRESENTATION('',(#11,#15),#4123);
#11 = AXIS2_PLACEMENT_3D('',#12,#13,#14);
#12 = CARTESIAN_POINT('',(0.,0.,0.));
#13 = DIRECTION('',(0.,0.,1.));
#14 = DIRECTION('',(1.,0.,-0.));
#15 = BREP_WITH_VOIDS('',#16,(#3551));
#16 = CLOSED_SHELL('',(#17,#59,#193,#217,#248,#462,#493,#522,#579,#608,
    #691,#807,#844,#863,#938,#1054,#1071,#1088,#1105,#1154,#1298,#1338,
    #1355,#1367,#1392,#1416,#1441,#1465,#1490,#1514,#1532,#1618,#1650,
    #1716,#1733,#1750,#1767,#1784,#1801,#1818,#1830,#1855,#1986,#2008,
    #2020,#2037,#2054,#2071,#2083,#2115,#2168,#2306,#2337,#2404,#2421,
    #2438,#2455,#2472,#2489,#2506,#2518,#2571,#2610,#2649,#2686,#2725,
    #2750,#2767,#2784,#2801,#2818,#2835,#2852,#2869,#2887,#2909,#2926,
    #2943,#2960,#2977,#2994,#3011,#3028,#3045,#3073,#3099,#3125,#3137,
    #3156,#3173,#3190,#3207,#3219,#3236,#3253,#3265,#3289,#3329,#3387,
    #3418,#3442,#3459,#3471,#3488,#3505,#3522,#3539));
#17 = ADVANCED_FACE('',(#18),#54,.T.);
#18 = FACE_BOUND('',#19,.T.);
#19 = EDGE_LOOP('',(#20,#30,#39,#47));
#20 = ORIENTED_EDGE('',*,*,#21,.F.);
#21 = EDGE_CURVE('',#22,#24,#26,.T.);
#22 = VERTEX_POINT('',#23);
#23 = CARTESIAN_POINT('',(8.55,-19.435,-0.3));
#24 = VERTEX_POINT('',#25);
#25 = CARTESIAN_POINT('',(8.55,-19.435,-0.1));
#26 = LINE('',#27,#28);
#27 = CARTESIAN_POINT('',(8.55,-19.435,-0.3));
#28 = VECTOR('',#29,1.);
#29 = DIRECTION('',(0.,0.,1.));
#30 = ORIENTED_EDGE('',*,*,#31,.F.);
#31 = EDGE_CURVE('',#32,#22,#34,.T.);
#32 = VERTEX_POINT('',#33);
#33 = CARTESIAN_POINT('',(9.25,-18.735,-0.3));
#34 = CIRCLE('',#35,0.7);
#35 = AXIS2_PLACEMENT_3D('',#36,#37,#38);
#36 = CARTESIAN_POINT('',(8.55,-18.735,-0.3));
#37 = DIRECTION('',(0.,0.,-1.));
#38 = DIRECTION('',(1.,0.,0.));
#39 = ORIENTED_EDGE('',*,*,#40,.T.);
#40 = EDGE_CURVE('',#32,#41,#43,.T.);
#41 = VERTEX_POINT('',#42);
#42 = CARTESIAN_POINT('',(9.25,-18.735,-0.1));
#43 = LINE('',#44,#45);
#44 = CARTESIAN_POINT('',(9.25,-18.735,-0.3));
#45 = VECTOR('',#46,1.);
#46 = DIRECTION('',(0.,0.,1.));
#47 = ORIENTED_EDGE('',*,*,#48,.F.);
#48 = EDGE_CURVE('',#24,#41,#49,.T.);
#49 = CIRCLE('',#50,0.7);
#50 = AXIS2_PLACEMENT_3D('',#51,#52,#53);
#51 = CARTESIAN_POINT('',(8.55,-18.735,-0.1));
#52 = DIRECTION('',(0.,0.,1.));
#53 = DIRECTION('',(0.,-1.,0.));
#54 = CYLINDRICAL_SURFACE('',#55,0.7);
#55 = AXIS2_PLACEMENT_3D('',#56,#57,#58);
#56 = CARTESIAN_POINT('',(8.55,-18.735,-14.39844));
#57 = DIRECTION('',(0.,0.,1.));
#58 = DIRECTION('',(0.,-1.,0.));
#59 = ADVANCED_FACE('',(#60),#188,.T.);
#60 = FACE_BOUND('',#61,.F.);
#61 = EDGE_LOOP('',(#62,#63,#71,#80,#88,#97,#105,#114,#122,#131,#139,
    #148,#156,#165,#173,#182));
#62 = ORIENTED_EDGE('',*,*,#48,.F.);
#63 = ORIENTED_EDGE('',*,*,#64,.T.);
#64 = EDGE_CURVE('',#24,#65,#67,.T.);
#65 = VERTEX_POINT('',#66);
#66 = CARTESIAN_POINT('',(5.45,-19.435,-0.1));
#67 = LINE('',#68,#69);
#68 = CARTESIAN_POINT('',(8.55,-19.435,-0.1));
#69 = VECTOR('',#70,1.);
#70 = DIRECTION('',(-1.,0.,0.));
#71 = ORIENTED_EDGE('',*,*,#72,.F.);
#72 = EDGE_CURVE('',#73,#65,#75,.T.);
#73 = VERTEX_POINT('',#74);
#74 = CARTESIAN_POINT('',(4.981385019446,-19.615,-0.1));
#75 = CIRCLE('',#76,0.7);
#76 = AXIS2_PLACEMENT_3D('',#77,#78,#79);
#77 = CARTESIAN_POINT('',(5.45,-20.135,-0.1));
#78 = DIRECTION('',(0.,0.,-1.));
#79 = DIRECTION('',(-0.669449972221,0.742857142857,0.));
#80 = ORIENTED_EDGE('',*,*,#81,.F.);
#81 = EDGE_CURVE('',#82,#73,#84,.T.);
#82 = VERTEX_POINT('',#83);
#83 = CARTESIAN_POINT('',(-4.981385019446,-19.615,-0.1));
#84 = LINE('',#85,#86);
#85 = CARTESIAN_POINT('',(-4.981385019446,-19.615,-0.1));
#86 = VECTOR('',#87,1.);
#87 = DIRECTION('',(1.,0.,0.));
#88 = ORIENTED_EDGE('',*,*,#89,.F.);
#89 = EDGE_CURVE('',#90,#82,#92,.T.);
#90 = VERTEX_POINT('',#91);
#91 = CARTESIAN_POINT('',(-5.45,-19.435,-0.1));
#92 = CIRCLE('',#93,0.7);
#93 = AXIS2_PLACEMENT_3D('',#94,#95,#96);
#94 = CARTESIAN_POINT('',(-5.45,-20.135,-0.1));
#95 = DIRECTION('',(0.,0.,-1.));
#96 = DIRECTION('',(0.,1.,0.));
#97 = ORIENTED_EDGE('',*,*,#98,.T.);
#98 = EDGE_CURVE('',#90,#99,#101,.T.);
#99 = VERTEX_POINT('',#100);
#100 = CARTESIAN_POINT('',(-10.05,-19.435,-0.1));
#101 = LINE('',#102,#103);
#102 = CARTESIAN_POINT('',(-5.45,-19.435,-0.1));
#103 = VECTOR('',#104,1.);
#104 = DIRECTION('',(-1.,0.,0.));
#105 = ORIENTED_EDGE('',*,*,#106,.F.);
#106 = EDGE_CURVE('',#107,#99,#109,.T.);
#107 = VERTEX_POINT('',#108);
#108 = CARTESIAN_POINT('',(-10.75,-18.735,-0.1));
#109 = CIRCLE('',#110,0.7);
#110 = AXIS2_PLACEMENT_3D('',#111,#112,#113);
#111 = CARTESIAN_POINT('',(-10.05,-18.735,-0.1));
#112 = DIRECTION('',(0.,0.,1.));
#113 = DIRECTION('',(-1.,0.,0.));
#114 = ORIENTED_EDGE('',*,*,#115,.T.);
#115 = EDGE_CURVE('',#107,#116,#118,.T.);
#116 = VERTEX_POINT('',#117);
#117 = CARTESIAN_POINT('',(-10.75,-10.635,-0.1));
#118 = LINE('',#119,#120);
#119 = CARTESIAN_POINT('',(-10.75,-18.735,-0.1));
#120 = VECTOR('',#121,1.);
#121 = DIRECTION('',(0.,1.,0.));
#122 = ORIENTED_EDGE('',*,*,#123,.F.);
#123 = EDGE_CURVE('',#124,#116,#126,.T.);
#124 = VERTEX_POINT('',#125);
#125 = CARTESIAN_POINT('',(-10.05,-9.935,-0.1));
#126 = CIRCLE('',#127,0.7);
#127 = AXIS2_PLACEMENT_3D('',#128,#129,#130);
#128 = CARTESIAN_POINT('',(-10.05,-10.635,-0.1));
#129 = DIRECTION('',(0.,-0.,1.));
#130 = DIRECTION('',(0.,1.,0.));
#131 = ORIENTED_EDGE('',*,*,#132,.T.);
#132 = EDGE_CURVE('',#124,#133,#135,.T.);
#133 = VERTEX_POINT('',#134);
#134 = CARTESIAN_POINT('',(-5.45,-9.935,-0.1));
#135 = LINE('',#136,#137);
#136 = CARTESIAN_POINT('',(-10.05,-9.935,-0.1));
#137 = VECTOR('',#138,1.);
#138 = DIRECTION('',(1.,0.,0.));
#139 = ORIENTED_EDGE('',*,*,#140,.F.);
#140 = EDGE_CURVE('',#141,#133,#143,.T.);
#141 = VERTEX_POINT('',#142);
#142 = CARTESIAN_POINT('',(-4.77917960675,-9.435,-0.1));
#143 = CIRCLE('',#144,0.7);
#144 = AXIS2_PLACEMENT_3D('',#145,#146,#147);
#145 = CARTESIAN_POINT('',(-5.45,-9.235,-0.1));
#146 = DIRECTION('',(0.,0.,-1.));
#147 = DIRECTION('',(0.9583148475,-0.285714285714,0.));
#148 = ORIENTED_EDGE('',*,*,#149,.F.);
#149 = EDGE_CURVE('',#150,#141,#152,.T.);
#150 = VERTEX_POINT('',#151);
#151 = CARTESIAN_POINT('',(4.77917960675,-9.435,-0.1));
#152 = LINE('',#153,#154);
#153 = CARTESIAN_POINT('',(4.77917960675,-9.435,-0.1));
#154 = VECTOR('',#155,1.);
#155 = DIRECTION('',(-1.,0.,0.));
#156 = ORIENTED_EDGE('',*,*,#157,.F.);
#157 = EDGE_CURVE('',#158,#150,#160,.T.);
#158 = VERTEX_POINT('',#159);
#159 = CARTESIAN_POINT('',(5.45,-9.935,-0.1));
#160 = CIRCLE('',#161,0.7);
#161 = AXIS2_PLACEMENT_3D('',#162,#163,#164);
#162 = CARTESIAN_POINT('',(5.45,-9.235,-0.1));
#163 = DIRECTION('',(0.,0.,-1.));
#164 = DIRECTION('',(0.,-1.,0.));
#165 = ORIENTED_EDGE('',*,*,#166,.T.);
#166 = EDGE_CURVE('',#158,#167,#169,.T.);
#167 = VERTEX_POINT('',#168);
#168 = CARTESIAN_POINT('',(8.55,-9.935,-0.1));
#169 = LINE('',#170,#171);
#170 = CARTESIAN_POINT('',(5.45,-9.935,-0.1));
#171 = VECTOR('',#172,1.);
#172 = DIRECTION('',(1.,0.,0.));
#173 = ORIENTED_EDGE('',*,*,#174,.F.);
#174 = EDGE_CURVE('',#175,#167,#177,.T.);
#175 = VERTEX_POINT('',#176);
#176 = CARTESIAN_POINT('',(9.25,-10.635,-0.1));
#177 = CIRCLE('',#178,0.7);
#178 = AXIS2_PLACEMENT_3D('',#179,#180,#181);
#179 = CARTESIAN_POINT('',(8.55,-10.635,-0.1));
#180 = DIRECTION('',(0.,0.,1.));
#181 = DIRECTION('',(1.,0.,-0.));
#182 = ORIENTED_EDGE('',*,*,#183,.T.);
#183 = EDGE_CURVE('',#175,#41,#184,.T.);
#184 = LINE('',#185,#186);
#185 = CARTESIAN_POINT('',(9.25,-10.635,-0.1));
#186 = VECTOR('',#187,1.);
#187 = DIRECTION('',(0.,-1.,0.));
#188 = PLANE('',#189);
#189 = AXIS2_PLACEMENT_3D('',#190,#191,#192);
#190 = CARTESIAN_POINT('',(-4.75,-9.435,-0.1));
#191 = DIRECTION('',(0.,0.,1.));
#192 = DIRECTION('',(0.,-1.,0.));
#193 = ADVANCED_FACE('',(#194),#212,.T.);
#194 = FACE_BOUND('',#195,.F.);
#195 = EDGE_LOOP('',(#196,#197,#205,#211));
#196 = ORIENTED_EDGE('',*,*,#21,.F.);
#197 = ORIENTED_EDGE('',*,*,#198,.T.);
#198 = EDGE_CURVE('',#22,#199,#201,.T.);
#199 = VERTEX_POINT('',#200);
#200 = CARTESIAN_POINT('',(5.45,-19.435,-0.3));
#201 = LINE('',#202,#203);
#202 = CARTESIAN_POINT('',(8.55,-19.435,-0.3));
#203 = VECTOR('',#204,1.);
#204 = DIRECTION('',(-1.,0.,0.));
#205 = ORIENTED_EDGE('',*,*,#206,.F.);
#206 = EDGE_CURVE('',#65,#199,#207,.T.);
#207 = LINE('',#208,#209);
#208 = CARTESIAN_POINT('',(5.45,-19.435,-0.1));
#209 = VECTOR('',#210,1.);
#210 = DIRECTION('',(0.,0.,-1.));
#211 = ORIENTED_EDGE('',*,*,#64,.F.);
#212 = PLANE('',#213);
#213 = AXIS2_PLACEMENT_3D('',#214,#215,#216);
#214 = CARTESIAN_POINT('',(9.25,-19.435,-0.3));
#215 = DIRECTION('',(0.,-1.,0.));
#216 = DIRECTION('',(-1.,0.,0.));
#217 = ADVANCED_FACE('',(#218),#243,.T.);
#218 = FACE_BOUND('',#219,.F.);
#219 = EDGE_LOOP('',(#220,#228,#229,#237));
#220 = ORIENTED_EDGE('',*,*,#221,.T.);
#221 = EDGE_CURVE('',#222,#99,#224,.T.);
#222 = VERTEX_POINT('',#223);
#223 = CARTESIAN_POINT('',(-10.05,-19.435,-0.3));
#224 = LINE('',#225,#226);
#225 = CARTESIAN_POINT('',(-10.05,-19.435,-0.3));
#226 = VECTOR('',#227,1.);
#227 = DIRECTION('',(0.,0.,1.));
#228 = ORIENTED_EDGE('',*,*,#98,.F.);
#229 = ORIENTED_EDGE('',*,*,#230,.F.);
#230 = EDGE_CURVE('',#231,#90,#233,.T.);
#231 = VERTEX_POINT('',#232);
#232 = CARTESIAN_POINT('',(-5.45,-19.435,-0.3));
#233 = LINE('',#234,#235);
#234 = CARTESIAN_POINT('',(-5.45,-19.435,-0.3));
#235 = VECTOR('',#236,1.);
#236 = DIRECTION('',(0.,0.,1.));
#237 = ORIENTED_EDGE('',*,*,#238,.T.);
#238 = EDGE_CURVE('',#231,#222,#239,.T.);
#239 = LINE('',#240,#241);
#240 = CARTESIAN_POINT('',(-5.45,-19.435,-0.3));
#241 = VECTOR('',#242,1.);
#242 = DIRECTION('',(-1.,0.,0.));
#243 = PLANE('',#244);
#244 = AXIS2_PLACEMENT_3D('',#245,#246,#247);
#245 = CARTESIAN_POINT('',(9.25,-19.435,-0.3));
#246 = DIRECTION('',(0.,-1.,0.));
#247 = DIRECTION('',(-1.,0.,0.));
#248 = ADVANCED_FACE('',(#249),#457,.T.);
#249 = FACE_BOUND('',#250,.F.);
#250 = EDGE_LOOP('',(#251,#261,#269,#277,#285,#293,#301,#309,#317,#325,
    #333,#341,#349,#356,#357,#358,#366,#375,#383,#392,#400,#409,#417,
    #426,#434,#441,#442,#451));
#251 = ORIENTED_EDGE('',*,*,#252,.T.);
#252 = EDGE_CURVE('',#253,#255,#257,.T.);
#253 = VERTEX_POINT('',#254);
#254 = CARTESIAN_POINT('',(-4.561989026495,-19.615,-0.3));
#255 = VERTEX_POINT('',#256);
#256 = CARTESIAN_POINT('',(-4.561989026495,-18.78052731748,-0.3));
#257 = LINE('',#258,#259);
#258 = CARTESIAN_POINT('',(-4.561989026495,-19.615,-0.3));
#259 = VECTOR('',#260,1.);
#260 = DIRECTION('',(0.,1.,0.));
#261 = ORIENTED_EDGE('',*,*,#262,.T.);
#262 = EDGE_CURVE('',#255,#263,#265,.T.);
#263 = VERTEX_POINT('',#264);
#264 = CARTESIAN_POINT('',(-10.65,-18.78052731748,-0.3));
#265 = LINE('',#266,#267);
#266 = CARTESIAN_POINT('',(-4.561989026495,-18.78052731748,-0.3));
#267 = VECTOR('',#268,1.);
#268 = DIRECTION('',(-1.,0.,0.));
#269 = ORIENTED_EDGE('',*,*,#270,.T.);
#270 = EDGE_CURVE('',#263,#271,#273,.T.);
#271 = VERTEX_POINT('',#272);
#272 = CARTESIAN_POINT('',(-10.65,-10.77177447652,-0.3));
#273 = LINE('',#274,#275);
#274 = CARTESIAN_POINT('',(-10.65,-18.78052731748,-0.3));
#275 = VECTOR('',#276,1.);
#276 = DIRECTION('',(0.,1.,0.));
#277 = ORIENTED_EDGE('',*,*,#278,.T.);
#278 = EDGE_CURVE('',#271,#279,#281,.T.);
#279 = VERTEX_POINT('',#280);
#280 = CARTESIAN_POINT('',(-5.65,-10.77177447652,-0.3));
#281 = LINE('',#282,#283);
#282 = CARTESIAN_POINT('',(-10.65,-10.77177447652,-0.3));
#283 = VECTOR('',#284,1.);
#284 = DIRECTION('',(1.,0.,0.));
#285 = ORIENTED_EDGE('',*,*,#286,.T.);
#286 = EDGE_CURVE('',#279,#287,#289,.T.);
#287 = VERTEX_POINT('',#288);
#288 = CARTESIAN_POINT('',(-5.65,-14.435,-0.3));
#289 = LINE('',#290,#291);
#290 = CARTESIAN_POINT('',(-5.65,-10.77177447652,-0.3));
#291 = VECTOR('',#292,1.);
#292 = DIRECTION('',(0.,-1.,0.));
#293 = ORIENTED_EDGE('',*,*,#294,.T.);
#294 = EDGE_CURVE('',#287,#295,#297,.T.);
#295 = VERTEX_POINT('',#296);
#296 = CARTESIAN_POINT('',(2.15,-14.435,-0.3));
#297 = LINE('',#298,#299);
#298 = CARTESIAN_POINT('',(-5.65,-14.435,-0.3));
#299 = VECTOR('',#300,1.);
#300 = DIRECTION('',(1.,0.,0.));
#301 = ORIENTED_EDGE('',*,*,#302,.T.);
#302 = EDGE_CURVE('',#295,#303,#305,.T.);
#303 = VERTEX_POINT('',#304);
#304 = CARTESIAN_POINT('',(2.15,-10.935,-0.3));
#305 = LINE('',#306,#307);
#306 = CARTESIAN_POINT('',(2.15,-14.435,-0.3));
#307 = VECTOR('',#308,1.);
#308 = DIRECTION('',(0.,1.,0.));
#309 = ORIENTED_EDGE('',*,*,#310,.T.);
#310 = EDGE_CURVE('',#303,#311,#313,.T.);
#311 = VERTEX_POINT('',#312);
#312 = CARTESIAN_POINT('',(9.15,-10.935,-0.3));
#313 = LINE('',#314,#315);
#314 = CARTESIAN_POINT('',(2.15,-10.935,-0.3));
#315 = VECTOR('',#316,1.);
#316 = DIRECTION('',(1.,0.,0.));
#317 = ORIENTED_EDGE('',*,*,#318,.T.);
#318 = EDGE_CURVE('',#311,#319,#321,.T.);
#319 = VERTEX_POINT('',#320);
#320 = CARTESIAN_POINT('',(9.15,-17.935,-0.3));
#321 = LINE('',#322,#323);
#322 = CARTESIAN_POINT('',(9.15,-10.935,-0.3));
#323 = VECTOR('',#324,1.);
#324 = DIRECTION('',(0.,-1.,0.));
#325 = ORIENTED_EDGE('',*,*,#326,.T.);
#326 = EDGE_CURVE('',#319,#327,#329,.T.);
#327 = VERTEX_POINT('',#328);
#328 = CARTESIAN_POINT('',(3.472831320148,-17.935,-0.3));
#329 = LINE('',#330,#331);
#330 = CARTESIAN_POINT('',(9.15,-17.935,-0.3));
#331 = VECTOR('',#332,1.);
#332 = DIRECTION('',(-1.,0.,0.));
#333 = ORIENTED_EDGE('',*,*,#334,.F.);
#334 = EDGE_CURVE('',#335,#327,#337,.T.);
#335 = VERTEX_POINT('',#336);
#336 = CARTESIAN_POINT('',(3.472831320148,-19.615,-0.3));
#337 = LINE('',#338,#339);
#338 = CARTESIAN_POINT('',(3.472831320148,-19.615,-0.3));
#339 = VECTOR('',#340,1.);
#340 = DIRECTION('',(0.,1.,0.));
#341 = ORIENTED_EDGE('',*,*,#342,.T.);
#342 = EDGE_CURVE('',#335,#343,#345,.T.);
#343 = VERTEX_POINT('',#344);
#344 = CARTESIAN_POINT('',(4.981385019446,-19.615,-0.3));
#345 = LINE('',#346,#347);
#346 = CARTESIAN_POINT('',(3.472831320148,-19.615,-0.3));
#347 = VECTOR('',#348,1.);
#348 = DIRECTION('',(1.,0.,0.));
#349 = ORIENTED_EDGE('',*,*,#350,.F.);
#350 = EDGE_CURVE('',#199,#343,#351,.T.);
#351 = CIRCLE('',#352,0.7);
#352 = AXIS2_PLACEMENT_3D('',#353,#354,#355);
#353 = CARTESIAN_POINT('',(5.45,-20.135,-0.3));
#354 = DIRECTION('',(0.,-0.,1.));
#355 = DIRECTION('',(0.,1.,0.));
#356 = ORIENTED_EDGE('',*,*,#198,.F.);
#357 = ORIENTED_EDGE('',*,*,#31,.F.);
#358 = ORIENTED_EDGE('',*,*,#359,.F.);
#359 = EDGE_CURVE('',#360,#32,#362,.T.);
#360 = VERTEX_POINT('',#361);
#361 = CARTESIAN_POINT('',(9.25,-10.635,-0.3));
#362 = LINE('',#363,#364);
#363 = CARTESIAN_POINT('',(9.25,-10.635,-0.3));
#364 = VECTOR('',#365,1.);
#365 = DIRECTION('',(0.,-1.,0.));
#366 = ORIENTED_EDGE('',*,*,#367,.F.);
#367 = EDGE_CURVE('',#368,#360,#370,.T.);
#368 = VERTEX_POINT('',#369);
#369 = CARTESIAN_POINT('',(8.55,-9.935,-0.3));
#370 = CIRCLE('',#371,0.7);
#371 = AXIS2_PLACEMENT_3D('',#372,#373,#374);
#372 = CARTESIAN_POINT('',(8.55,-10.635,-0.3));
#373 = DIRECTION('',(0.,0.,-1.));
#374 = DIRECTION('',(0.,1.,0.));
#375 = ORIENTED_EDGE('',*,*,#376,.F.);
#376 = EDGE_CURVE('',#377,#368,#379,.T.);
#377 = VERTEX_POINT('',#378);
#378 = CARTESIAN_POINT('',(5.45,-9.935,-0.3));
#379 = LINE('',#380,#381);
#380 = CARTESIAN_POINT('',(5.45,-9.935,-0.3));
#381 = VECTOR('',#382,1.);
#382 = DIRECTION('',(1.,0.,0.));
#383 = ORIENTED_EDGE('',*,*,#384,.F.);
#384 = EDGE_CURVE('',#385,#377,#387,.T.);
#385 = VERTEX_POINT('',#386);
#386 = CARTESIAN_POINT('',(4.77917960675,-9.435,-0.3));
#387 = CIRCLE('',#388,0.7);
#388 = AXIS2_PLACEMENT_3D('',#389,#390,#391);
#389 = CARTESIAN_POINT('',(5.45,-9.235,-0.3));
#390 = DIRECTION('',(0.,0.,1.));
#391 = DIRECTION('',(-0.9583148475,-0.285714285714,0.));
#392 = ORIENTED_EDGE('',*,*,#393,.F.);
#393 = EDGE_CURVE('',#394,#385,#396,.T.);
#394 = VERTEX_POINT('',#395);
#395 = CARTESIAN_POINT('',(-4.77917960675,-9.435,-0.3));
#396 = LINE('',#397,#398);
#397 = CARTESIAN_POINT('',(-4.77917960675,-9.435,-0.3));
#398 = VECTOR('',#399,1.);
#399 = DIRECTION('',(1.,0.,0.));
#400 = ORIENTED_EDGE('',*,*,#401,.F.);
#401 = EDGE_CURVE('',#402,#394,#404,.T.);
#402 = VERTEX_POINT('',#403);
#403 = CARTESIAN_POINT('',(-5.45,-9.935,-0.3));
#404 = CIRCLE('',#405,0.7);
#405 = AXIS2_PLACEMENT_3D('',#406,#407,#408);
#406 = CARTESIAN_POINT('',(-5.45,-9.235,-0.3));
#407 = DIRECTION('',(0.,0.,1.));
#408 = DIRECTION('',(0.,-1.,0.));
#409 = ORIENTED_EDGE('',*,*,#410,.F.);
#410 = EDGE_CURVE('',#411,#402,#413,.T.);
#411 = VERTEX_POINT('',#412);
#412 = CARTESIAN_POINT('',(-10.05,-9.935,-0.3));
#413 = LINE('',#414,#415);
#414 = CARTESIAN_POINT('',(-10.05,-9.935,-0.3));
#415 = VECTOR('',#416,1.);
#416 = DIRECTION('',(1.,0.,0.));
#417 = ORIENTED_EDGE('',*,*,#418,.F.);
#418 = EDGE_CURVE('',#419,#411,#421,.T.);
#419 = VERTEX_POINT('',#420);
#420 = CARTESIAN_POINT('',(-10.75,-10.635,-0.3));
#421 = CIRCLE('',#422,0.7);
#422 = AXIS2_PLACEMENT_3D('',#423,#424,#425);
#423 = CARTESIAN_POINT('',(-10.05,-10.635,-0.3));
#424 = DIRECTION('',(0.,0.,-1.));
#425 = DIRECTION('',(-1.,0.,0.));
#426 = ORIENTED_EDGE('',*,*,#427,.F.);
#427 = EDGE_CURVE('',#428,#419,#430,.T.);
#428 = VERTEX_POINT('',#429);
#429 = CARTESIAN_POINT('',(-10.75,-18.735,-0.3));
#430 = LINE('',#431,#432);
#431 = CARTESIAN_POINT('',(-10.75,-18.735,-0.3));
#432 = VECTOR('',#433,1.);
#433 = DIRECTION('',(0.,1.,0.));
#434 = ORIENTED_EDGE('',*,*,#435,.F.);
#435 = EDGE_CURVE('',#222,#428,#436,.T.);
#436 = CIRCLE('',#437,0.7);
#437 = AXIS2_PLACEMENT_3D('',#438,#439,#440);
#438 = CARTESIAN_POINT('',(-10.05,-18.735,-0.3));
#439 = DIRECTION('',(0.,0.,-1.));
#440 = DIRECTION('',(0.,-1.,0.));
#441 = ORIENTED_EDGE('',*,*,#238,.F.);
#442 = ORIENTED_EDGE('',*,*,#443,.F.);
#443 = EDGE_CURVE('',#444,#231,#446,.T.);
#444 = VERTEX_POINT('',#445);
#445 = CARTESIAN_POINT('',(-4.981385019446,-19.615,-0.3));
#446 = CIRCLE('',#447,0.7);
#447 = AXIS2_PLACEMENT_3D('',#448,#449,#450);
#448 = CARTESIAN_POINT('',(-5.45,-20.135,-0.3));
#449 = DIRECTION('',(0.,0.,1.));
#450 = DIRECTION('',(0.669449972221,0.742857142857,-0.));
#451 = ORIENTED_EDGE('',*,*,#452,.T.);
#452 = EDGE_CURVE('',#444,#253,#453,.T.);
#453 = LINE('',#454,#455);
#454 = CARTESIAN_POINT('',(-4.981385019446,-19.615,-0.3));
#455 = VECTOR('',#456,1.);
#456 = DIRECTION('',(1.,0.,0.));
#457 = PLANE('',#458);
#458 = AXIS2_PLACEMENT_3D('',#459,#460,#461);
#459 = CARTESIAN_POINT('',(-4.75,-19.615,-0.3));
#460 = DIRECTION('',(0.,0.,-1.));
#461 = DIRECTION('',(0.,1.,0.));
#462 = ADVANCED_FACE('',(#463),#488,.T.);
#463 = FACE_BOUND('',#464,.F.);
#464 = EDGE_LOOP('',(#465,#466,#474,#482));
#465 = ORIENTED_EDGE('',*,*,#252,.F.);
#466 = ORIENTED_EDGE('',*,*,#467,.T.);
#467 = EDGE_CURVE('',#253,#468,#470,.T.);
#468 = VERTEX_POINT('',#469);
#469 = CARTESIAN_POINT('',(-4.561989026495,-19.615,-0.5));
#470 = LINE('',#471,#472);
#471 = CARTESIAN_POINT('',(-4.561989026495,-19.615,-0.3));
#472 = VECTOR('',#473,1.);
#473 = DIRECTION('',(0.,1.7763568394E-14,-1.));
#474 = ORIENTED_EDGE('',*,*,#475,.T.);
#475 = EDGE_CURVE('',#468,#476,#478,.T.);
#476 = VERTEX_POINT('',#477);
#477 = CARTESIAN_POINT('',(-4.561989026495,-18.78052731748,-0.5));
#478 = LINE('',#479,#480);
#479 = CARTESIAN_POINT('',(-4.561989026495,-19.615,-0.5));
#480 = VECTOR('',#481,1.);
#481 = DIRECTION('',(0.,1.,0.));
#482 = ORIENTED_EDGE('',*,*,#483,.F.);
#483 = EDGE_CURVE('',#255,#476,#484,.T.);
#484 = LINE('',#485,#486);
#485 = CARTESIAN_POINT('',(-4.561989026495,-18.78052731748,-0.3));
#486 = VECTOR('',#487,1.);
#487 = DIRECTION('',(0.,0.,-1.));
#488 = PLANE('',#489);
#489 = AXIS2_PLACEMENT_3D('',#490,#491,#492);
#490 = CARTESIAN_POINT('',(-4.561989026495,-19.615,-0.3));
#491 = DIRECTION('',(-1.,0.,0.));
#492 = DIRECTION('',(0.,1.,0.));
#493 = ADVANCED_FACE('',(#494),#517,.T.);
#494 = FACE_BOUND('',#495,.F.);
#495 = EDGE_LOOP('',(#496,#502,#510,#516));
#496 = ORIENTED_EDGE('',*,*,#497,.T.);
#497 = EDGE_CURVE('',#253,#335,#498,.T.);
#498 = LINE('',#499,#500);
#499 = CARTESIAN_POINT('',(-4.561989026495,-19.615,-0.3));
#500 = VECTOR('',#501,1.);
#501 = DIRECTION('',(1.,0.,0.));
#502 = ORIENTED_EDGE('',*,*,#503,.T.);
#503 = EDGE_CURVE('',#335,#504,#506,.T.);
#504 = VERTEX_POINT('',#505);
#505 = CARTESIAN_POINT('',(3.472831320148,-19.615,-0.5));
#506 = LINE('',#507,#508);
#507 = CARTESIAN_POINT('',(3.472831320148,-19.615,-0.3));
#508 = VECTOR('',#509,1.);
#509 = DIRECTION('',(0.,1.7763568394E-14,-1.));
#510 = ORIENTED_EDGE('',*,*,#511,.T.);
#511 = EDGE_CURVE('',#504,#468,#512,.T.);
#512 = LINE('',#513,#514);
#513 = CARTESIAN_POINT('',(3.472831320148,-19.615,-0.5));
#514 = VECTOR('',#515,1.);
#515 = DIRECTION('',(-1.,0.,0.));
#516 = ORIENTED_EDGE('',*,*,#467,.F.);
#517 = PLANE('',#518);
#518 = AXIS2_PLACEMENT_3D('',#519,#520,#521);
#519 = CARTESIAN_POINT('',(3.472831320148,-19.615,-0.3));
#520 = DIRECTION('',(0.,-1.,0.));
#521 = DIRECTION('',(-1.,0.,0.));
#522 = ADVANCED_FACE('',(#523),#574,.T.);
#523 = FACE_BOUND('',#524,.T.);
#524 = EDGE_LOOP('',(#525,#526,#537,#546,#554,#563,#572,#573));
#525 = ORIENTED_EDGE('',*,*,#342,.T.);
#526 = ORIENTED_EDGE('',*,*,#527,.T.);
#527 = EDGE_CURVE('',#343,#528,#530,.T.);
#528 = VERTEX_POINT('',#529);
#529 = CARTESIAN_POINT('',(4.75,-20.135,-0.134574706888));
#530 = B_SPLINE_CURVE_WITH_KNOTS('',3,(#531,#532,#533,#534,#535,#536),
  .UNSPECIFIED.,.F.,.F.,(4,1,1,4),(0.,0.333333333333,0.666666666667,1.),
  .UNSPECIFIED.);
#531 = CARTESIAN_POINT('',(4.981385019446,-19.615,-0.3));
#532 = CARTESIAN_POINT('',(4.930995799959,-19.6604098906,-0.3));
#533 = CARTESIAN_POINT('',(4.844393818534,-19.76450019712,
    -0.293446418587));
#534 = CARTESIAN_POINT('',(4.76449865704,-19.95329176202,-0.242311307034
    ));
#535 = CARTESIAN_POINT('',(4.75,-20.07626641114,-0.17615177988));
#536 = CARTESIAN_POINT('',(4.75,-20.135,-0.134574706888));
#537 = ORIENTED_EDGE('',*,*,#538,.F.);
#538 = EDGE_CURVE('',#539,#528,#541,.T.);
#539 = VERTEX_POINT('',#540);
#540 = CARTESIAN_POINT('',(4.75,-20.515,0.6));
#541 = CIRCLE('',#542,0.9);
#542 = AXIS2_PLACEMENT_3D('',#543,#544,#545);
#543 = CARTESIAN_POINT('',(4.75,-19.615,0.6));
#544 = DIRECTION('',(1.,0.,0.));
#545 = DIRECTION('',(0.,-1.,0.));
#546 = ORIENTED_EDGE('',*,*,#547,.F.);
#547 = EDGE_CURVE('',#548,#539,#550,.T.);
#548 = VERTEX_POINT('',#549);
#549 = CARTESIAN_POINT('',(-4.75,-20.515,0.6));
#550 = LINE('',#551,#552);
#551 = CARTESIAN_POINT('',(-4.75,-20.515,0.6));
#552 = VECTOR('',#553,1.);
#553 = DIRECTION('',(1.,0.,0.));
#554 = ORIENTED_EDGE('',*,*,#555,.T.);
#555 = EDGE_CURVE('',#548,#556,#558,.T.);
#556 = VERTEX_POINT('',#557);
#557 = CARTESIAN_POINT('',(-4.75,-20.135,-0.134574706888));
#558 = CIRCLE('',#559,0.9);
#559 = AXIS2_PLACEMENT_3D('',#560,#561,#562);
#560 = CARTESIAN_POINT('',(-4.75,-19.615,0.6));
#561 = DIRECTION('',(1.,0.,0.));
#562 = DIRECTION('',(0.,-1.,0.));
#563 = ORIENTED_EDGE('',*,*,#564,.T.);
#564 = EDGE_CURVE('',#556,#444,#565,.T.);
#565 = B_SPLINE_CURVE_WITH_KNOTS('',3,(#566,#567,#568,#569,#570,#571),
  .UNSPECIFIED.,.F.,.F.,(4,1,1,4),(0.,0.333333333333,0.666666666667,1.),
  .UNSPECIFIED.);
#566 = CARTESIAN_POINT('',(-4.75,-20.135,-0.134574706888));
#567 = CARTESIAN_POINT('',(-4.75,-20.07626641114,-0.17615177988));
#568 = CARTESIAN_POINT('',(-4.76449865704,-19.95329176202,
    -0.242311307034));
#569 = CARTESIAN_POINT('',(-4.844393818534,-19.76450019712,
    -0.293446418587));
#570 = CARTESIAN_POINT('',(-4.930995799959,-19.6604098906,-0.3));
#571 = CARTESIAN_POINT('',(-4.981385019446,-19.615,-0.3));
#572 = ORIENTED_EDGE('',*,*,#452,.T.);
#573 = ORIENTED_EDGE('',*,*,#497,.T.);
#574 = CYLINDRICAL_SURFACE('',#575,0.9);
#575 = AXIS2_PLACEMENT_3D('',#576,#577,#578);
#576 = CARTESIAN_POINT('',(-4.75,-19.615,0.6));
#577 = DIRECTION('',(1.,0.,0.));
#578 = DIRECTION('',(0.,-1.,0.));
#579 = ADVANCED_FACE('',(#580),#603,.F.);
#580 = FACE_BOUND('',#581,.F.);
#581 = EDGE_LOOP('',(#582,#590,#591,#592,#593,#594));
#582 = ORIENTED_EDGE('',*,*,#583,.F.);
#583 = EDGE_CURVE('',#556,#584,#586,.T.);
#584 = VERTEX_POINT('',#585);
#585 = CARTESIAN_POINT('',(-4.75,-20.135,0.131385019446));
#586 = LINE('',#587,#588);
#587 = CARTESIAN_POINT('',(-4.75,-20.135,-0.134574706888));
#588 = VECTOR('',#589,1.);
#589 = DIRECTION('',(0.,0.,1.));
#590 = ORIENTED_EDGE('',*,*,#564,.T.);
#591 = ORIENTED_EDGE('',*,*,#443,.T.);
#592 = ORIENTED_EDGE('',*,*,#230,.T.);
#593 = ORIENTED_EDGE('',*,*,#89,.T.);
#594 = ORIENTED_EDGE('',*,*,#595,.T.);
#595 = EDGE_CURVE('',#82,#584,#596,.T.);
#596 = B_SPLINE_CURVE_WITH_KNOTS('',3,(#597,#598,#599,#600,#601,#602),
  .UNSPECIFIED.,.F.,.F.,(4,1,1,4),(0.,0.333333333333,0.666666666667,1.),
  .UNSPECIFIED.);
#597 = CARTESIAN_POINT('',(-4.981385019446,-19.615,-0.1));
#598 = CARTESIAN_POINT('',(-4.928152753332,-19.6629719949,-0.1));
#599 = CARTESIAN_POINT('',(-4.838263077374,-19.77156853216,
    -9.180780448143E-02));
#600 = CARTESIAN_POINT('',(-4.758407929103,-19.97762895002,
    -1.212010314753E-02));
#601 = CARTESIAN_POINT('',(-4.75,-20.0862899543,7.733377307814E-02));
#602 = CARTESIAN_POINT('',(-4.75,-20.135,0.131385019446));
#603 = CYLINDRICAL_SURFACE('',#604,0.7);
#604 = AXIS2_PLACEMENT_3D('',#605,#606,#607);
#605 = CARTESIAN_POINT('',(-5.45,-20.135,-14.39844));
#606 = DIRECTION('',(0.,0.,1.));
#607 = DIRECTION('',(1.,0.,-0.));
#608 = ADVANCED_FACE('',(#609),#686,.F.);
#609 = FACE_BOUND('',#610,.F.);
#610 = EDGE_LOOP('',(#611,#612,#621,#629,#638,#646,#654,#662,#670,#679,
    #685));
#611 = ORIENTED_EDGE('',*,*,#583,.T.);
#612 = ORIENTED_EDGE('',*,*,#613,.T.);
#613 = EDGE_CURVE('',#584,#614,#616,.T.);
#614 = VERTEX_POINT('',#615);
#615 = CARTESIAN_POINT('',(-4.75,-20.315,0.6));
#616 = CIRCLE('',#617,0.7);
#617 = AXIS2_PLACEMENT_3D('',#618,#619,#620);
#618 = CARTESIAN_POINT('',(-4.75,-19.615,0.6));
#619 = DIRECTION('',(-1.,0.,0.));
#620 = DIRECTION('',(-0.,-0.742857142857,-0.669449972221));
#621 = ORIENTED_EDGE('',*,*,#622,.T.);
#622 = EDGE_CURVE('',#614,#623,#625,.T.);
#623 = VERTEX_POINT('',#624);
#624 = CARTESIAN_POINT('',(-4.75,-20.315,1.05));
#625 = LINE('',#626,#627);
#626 = CARTESIAN_POINT('',(-4.75,-20.315,0.6));
#627 = VECTOR('',#628,1.);
#628 = DIRECTION('',(0.,0.,1.));
#629 = ORIENTED_EDGE('',*,*,#630,.T.);
#630 = EDGE_CURVE('',#623,#631,#633,.T.);
#631 = VERTEX_POINT('',#632);
#632 = CARTESIAN_POINT('',(-4.75,-19.735,1.739637585983));
#633 = CIRCLE('',#634,0.7);
#634 = AXIS2_PLACEMENT_3D('',#635,#636,#637);
#635 = CARTESIAN_POINT('',(-4.75,-19.615,1.05));
#636 = DIRECTION('',(-1.,0.,0.));
#637 = DIRECTION('',(0.,-1.,0.));
#638 = ORIENTED_EDGE('',*,*,#639,.T.);
#639 = EDGE_CURVE('',#631,#640,#642,.T.);
#640 = VERTEX_POINT('',#641);
#641 = CARTESIAN_POINT('',(-4.75,-19.735,1.75));
#642 = LINE('',#643,#644);
#643 = CARTESIAN_POINT('',(-4.75,-19.735,1.739637585983));
#644 = VECTOR('',#645,1.);
#645 = DIRECTION('',(0.,0.,1.));
#646 = ORIENTED_EDGE('',*,*,#647,.F.);
#647 = EDGE_CURVE('',#648,#640,#650,.T.);
#648 = VERTEX_POINT('',#649);
#649 = CARTESIAN_POINT('',(-4.75,-19.585,1.75));
#650 = LINE('',#651,#652);
#651 = CARTESIAN_POINT('',(-4.75,-19.585,1.75));
#652 = VECTOR('',#653,1.);
#653 = DIRECTION('',(0.,-1.,0.));
#654 = ORIENTED_EDGE('',*,*,#655,.T.);
#655 = EDGE_CURVE('',#648,#656,#658,.T.);
#656 = VERTEX_POINT('',#657);
#657 = CARTESIAN_POINT('',(-4.75,-19.585,1.95));
#658 = LINE('',#659,#660);
#659 = CARTESIAN_POINT('',(-4.75,-19.585,1.75));
#660 = VECTOR('',#661,1.);
#661 = DIRECTION('',(0.,0.,1.));
#662 = ORIENTED_EDGE('',*,*,#663,.T.);
#663 = EDGE_CURVE('',#656,#664,#666,.T.);
#664 = VERTEX_POINT('',#665);
#665 = CARTESIAN_POINT('',(-4.75,-19.615,1.95));
#666 = LINE('',#667,#668);
#667 = CARTESIAN_POINT('',(-4.75,-19.585,1.95));
#668 = VECTOR('',#669,1.);
#669 = DIRECTION('',(0.,-1.,0.));
#670 = ORIENTED_EDGE('',*,*,#671,.T.);
#671 = EDGE_CURVE('',#664,#672,#674,.T.);
#672 = VERTEX_POINT('',#673);
#673 = CARTESIAN_POINT('',(-4.75,-20.515,1.05));
#674 = CIRCLE('',#675,0.9);
#675 = AXIS2_PLACEMENT_3D('',#676,#677,#678);
#676 = CARTESIAN_POINT('',(-4.75,-19.615,1.05));
#677 = DIRECTION('',(1.,0.,-0.));
#678 = DIRECTION('',(0.,0.,1.));
#679 = ORIENTED_EDGE('',*,*,#680,.T.);
#680 = EDGE_CURVE('',#672,#548,#681,.T.);
#681 = LINE('',#682,#683);
#682 = CARTESIAN_POINT('',(-4.75,-20.515,1.05));
#683 = VECTOR('',#684,1.);
#684 = DIRECTION('',(0.,0.,-1.));
#685 = ORIENTED_EDGE('',*,*,#555,.T.);
#686 = PLANE('',#687);
#687 = AXIS2_PLACEMENT_3D('',#688,#689,#690);
#688 = CARTESIAN_POINT('',(-4.75,0.,0.));
#689 = DIRECTION('',(1.,0.,0.));
#690 = DIRECTION('',(0.,-1.,0.));
#691 = ADVANCED_FACE('',(#692),#802,.F.);
#692 = FACE_BOUND('',#693,.F.);
#693 = EDGE_LOOP('',(#694,#704,#712,#720,#728,#737,#745,#754,#762,#771,
    #779,#788,#796));
#694 = ORIENTED_EDGE('',*,*,#695,.T.);
#695 = EDGE_CURVE('',#696,#698,#700,.T.);
#696 = VERTEX_POINT('',#697);
#697 = CARTESIAN_POINT('',(-4.75,-14.06198652782,-4.1));
#698 = VERTEX_POINT('',#699);
#699 = CARTESIAN_POINT('',(-4.75,-13.935,-4.1));
#700 = LINE('',#701,#702);
#701 = CARTESIAN_POINT('',(-4.75,-14.06198652782,-4.1));
#702 = VECTOR('',#703,1.);
#703 = DIRECTION('',(0.,1.,0.));
#704 = ORIENTED_EDGE('',*,*,#705,.F.);
#705 = EDGE_CURVE('',#706,#698,#708,.T.);
#706 = VERTEX_POINT('',#707);
#707 = CARTESIAN_POINT('',(-4.75,-13.935,-4.25));
#708 = LINE('',#709,#710);
#709 = CARTESIAN_POINT('',(-4.75,-13.935,-4.25));
#710 = VECTOR('',#711,1.);
#711 = DIRECTION('',(0.,0.,1.));
#712 = ORIENTED_EDGE('',*,*,#713,.F.);
#713 = EDGE_CURVE('',#714,#706,#716,.T.);
#714 = VERTEX_POINT('',#715);
#715 = CARTESIAN_POINT('',(-4.75,-9.435,-4.25));
#716 = LINE('',#717,#718);
#717 = CARTESIAN_POINT('',(-4.75,-9.435,-4.25));
#718 = VECTOR('',#719,1.);
#719 = DIRECTION('',(0.,-1.,0.));
#720 = ORIENTED_EDGE('',*,*,#721,.T.);
#721 = EDGE_CURVE('',#714,#722,#724,.T.);
#722 = VERTEX_POINT('',#723);
#723 = CARTESIAN_POINT('',(-4.75,-9.435,-4.1));
#724 = LINE('',#725,#726);
#725 = CARTESIAN_POINT('',(-4.75,-9.435,-4.25));
#726 = VECTOR('',#727,1.);
#727 = DIRECTION('',(0.,0.,1.));
#728 = ORIENTED_EDGE('',*,*,#729,.T.);
#729 = EDGE_CURVE('',#722,#730,#732,.T.);
#730 = VERTEX_POINT('',#731);
#731 = CARTESIAN_POINT('',(-4.75,-8.235,-2.9));
#732 = CIRCLE('',#733,1.2);
#733 = AXIS2_PLACEMENT_3D('',#734,#735,#736);
#734 = CARTESIAN_POINT('',(-4.75,-9.435,-2.9));
#735 = DIRECTION('',(1.,0.,0.));
#736 = DIRECTION('',(0.,0.,-1.));
#737 = ORIENTED_EDGE('',*,*,#738,.T.);
#738 = EDGE_CURVE('',#730,#739,#741,.T.);
#739 = VERTEX_POINT('',#740);
#740 = CARTESIAN_POINT('',(-4.75,-8.235,-1.3));
#741 = LINE('',#742,#743);
#742 = CARTESIAN_POINT('',(-4.75,-8.235,-2.9));
#743 = VECTOR('',#744,1.);
#744 = DIRECTION('',(0.,0.,1.));
#745 = ORIENTED_EDGE('',*,*,#746,.T.);
#746 = EDGE_CURVE('',#739,#747,#749,.T.);
#747 = VERTEX_POINT('',#748);
#748 = CARTESIAN_POINT('',(-4.75,-9.235,-0.11678404338));
#749 = CIRCLE('',#750,1.2);
#750 = AXIS2_PLACEMENT_3D('',#751,#752,#753);
#751 = CARTESIAN_POINT('',(-4.75,-9.435,-1.3));
#752 = DIRECTION('',(1.,0.,0.));
#753 = DIRECTION('',(-0.,1.,0.));
#754 = ORIENTED_EDGE('',*,*,#755,.T.);
#755 = EDGE_CURVE('',#747,#756,#758,.T.);
#756 = VERTEX_POINT('',#757);
#757 = CARTESIAN_POINT('',(-4.75,-9.235,-0.320204102887));
#758 = LINE('',#759,#760);
#759 = CARTESIAN_POINT('',(-4.75,-9.235,-0.11678404338));
#760 = VECTOR('',#761,1.);
#761 = DIRECTION('',(0.,0.,-1.));
#762 = ORIENTED_EDGE('',*,*,#763,.T.);
#763 = EDGE_CURVE('',#756,#764,#766,.T.);
#764 = VERTEX_POINT('',#765);
#765 = CARTESIAN_POINT('',(-4.75,-8.435,-1.3));
#766 = CIRCLE('',#767,1.);
#767 = AXIS2_PLACEMENT_3D('',#768,#769,#770);
#768 = CARTESIAN_POINT('',(-4.75,-9.435,-1.3));
#769 = DIRECTION('',(-1.,0.,0.));
#770 = DIRECTION('',(0.,0.2,0.979795897113));
#771 = ORIENTED_EDGE('',*,*,#772,.T.);
#772 = EDGE_CURVE('',#764,#773,#775,.T.);
#773 = VERTEX_POINT('',#774);
#774 = CARTESIAN_POINT('',(-4.75,-8.435,-2.9));
#775 = LINE('',#776,#777);
#776 = CARTESIAN_POINT('',(-4.75,-8.435,-1.3));
#777 = VECTOR('',#778,1.);
#778 = DIRECTION('',(0.,0.,-1.));
#779 = ORIENTED_EDGE('',*,*,#780,.T.);
#780 = EDGE_CURVE('',#773,#781,#783,.T.);
#781 = VERTEX_POINT('',#782);
#782 = CARTESIAN_POINT('',(-4.75,-9.435,-3.9));
#783 = CIRCLE('',#784,1.);
#784 = AXIS2_PLACEMENT_3D('',#785,#786,#787);
#785 = CARTESIAN_POINT('',(-4.75,-9.435,-2.9));
#786 = DIRECTION('',(-1.,0.,0.));
#787 = DIRECTION('',(0.,1.,0.));
#788 = ORIENTED_EDGE('',*,*,#789,.T.);
#789 = EDGE_CURVE('',#781,#790,#792,.T.);
#790 = VERTEX_POINT('',#791);
#791 = CARTESIAN_POINT('',(-4.75,-14.06198652782,-3.9));
#792 = LINE('',#793,#794);
#793 = CARTESIAN_POINT('',(-4.75,-9.435,-3.9));
#794 = VECTOR('',#795,1.);
#795 = DIRECTION('',(0.,-1.,0.));
#796 = ORIENTED_EDGE('',*,*,#797,.T.);
#797 = EDGE_CURVE('',#790,#696,#798,.T.);
#798 = LINE('',#799,#800);
#799 = CARTESIAN_POINT('',(-4.75,-14.06198652782,-3.9));
#800 = VECTOR('',#801,1.);
#801 = DIRECTION('',(0.,0.,-1.));
#802 = PLANE('',#803);
#803 = AXIS2_PLACEMENT_3D('',#804,#805,#806);
#804 = CARTESIAN_POINT('',(-4.75,0.,0.));
#805 = DIRECTION('',(1.,0.,0.));
#806 = DIRECTION('',(0.,-1.,0.));
#807 = ADVANCED_FACE('',(#808),#839,.F.);
#808 = FACE_BOUND('',#809,.F.);
#809 = EDGE_LOOP('',(#810,#811,#812,#813,#824,#833));
#810 = ORIENTED_EDGE('',*,*,#613,.F.);
#811 = ORIENTED_EDGE('',*,*,#595,.F.);
#812 = ORIENTED_EDGE('',*,*,#81,.T.);
#813 = ORIENTED_EDGE('',*,*,#814,.F.);
#814 = EDGE_CURVE('',#815,#73,#817,.T.);
#815 = VERTEX_POINT('',#816);
#816 = CARTESIAN_POINT('',(4.75,-20.135,0.131385019446));
#817 = B_SPLINE_CURVE_WITH_KNOTS('',3,(#818,#819,#820,#821,#822,#823),
  .UNSPECIFIED.,.F.,.F.,(4,1,1,4),(0.,0.333333333333,0.666666666667,1.),
  .UNSPECIFIED.);
#818 = CARTESIAN_POINT('',(4.75,-20.135,0.131385019446));
#819 = CARTESIAN_POINT('',(4.75,-20.0862899543,7.733377307814E-02));
#820 = CARTESIAN_POINT('',(4.758407929103,-19.97762895002,
    -1.212010314753E-02));
#821 = CARTESIAN_POINT('',(4.838263077374,-19.77156853216,
    -9.180780448143E-02));
#822 = CARTESIAN_POINT('',(4.928152753332,-19.6629719949,-0.1));
#823 = CARTESIAN_POINT('',(4.981385019446,-19.615,-0.1));
#824 = ORIENTED_EDGE('',*,*,#825,.T.);
#825 = EDGE_CURVE('',#815,#826,#828,.T.);
#826 = VERTEX_POINT('',#827);
#827 = CARTESIAN_POINT('',(4.75,-20.315,0.6));
#828 = CIRCLE('',#829,0.7);
#829 = AXIS2_PLACEMENT_3D('',#830,#831,#832);
#830 = CARTESIAN_POINT('',(4.75,-19.615,0.6));
#831 = DIRECTION('',(-1.,0.,0.));
#832 = DIRECTION('',(-0.,-0.742857142857,-0.669449972221));
#833 = ORIENTED_EDGE('',*,*,#834,.F.);
#834 = EDGE_CURVE('',#614,#826,#835,.T.);
#835 = LINE('',#836,#837);
#836 = CARTESIAN_POINT('',(-4.75,-20.315,0.6));
#837 = VECTOR('',#838,1.);
#838 = DIRECTION('',(1.,0.,0.));
#839 = CYLINDRICAL_SURFACE('',#840,0.7);
#840 = AXIS2_PLACEMENT_3D('',#841,#842,#843);
#841 = CARTESIAN_POINT('',(-4.75,-19.615,0.6));
#842 = DIRECTION('',(1.,0.,0.));
#843 = DIRECTION('',(0.,-1.,0.));
#844 = ADVANCED_FACE('',(#845),#858,.F.);
#845 = FACE_BOUND('',#846,.F.);
#846 = EDGE_LOOP('',(#847,#853,#854,#855,#856,#857));
#847 = ORIENTED_EDGE('',*,*,#848,.F.);
#848 = EDGE_CURVE('',#815,#528,#849,.T.);
#849 = LINE('',#850,#851);
#850 = CARTESIAN_POINT('',(4.75,-20.135,0.131385019446));
#851 = VECTOR('',#852,1.);
#852 = DIRECTION('',(0.,0.,-1.));
#853 = ORIENTED_EDGE('',*,*,#814,.T.);
#854 = ORIENTED_EDGE('',*,*,#72,.T.);
#855 = ORIENTED_EDGE('',*,*,#206,.T.);
#856 = ORIENTED_EDGE('',*,*,#350,.T.);
#857 = ORIENTED_EDGE('',*,*,#527,.T.);
#858 = CYLINDRICAL_SURFACE('',#859,0.7);
#859 = AXIS2_PLACEMENT_3D('',#860,#861,#862);
#860 = CARTESIAN_POINT('',(5.45,-20.135,14.09844));
#861 = DIRECTION('',(0.,0.,-1.));
#862 = DIRECTION('',(-1.,0.,0.));
#863 = ADVANCED_FACE('',(#864),#933,.T.);
#864 = FACE_BOUND('',#865,.F.);
#865 = EDGE_LOOP('',(#866,#867,#868,#876,#885,#893,#901,#909,#917,#926,
    #932));
#866 = ORIENTED_EDGE('',*,*,#848,.T.);
#867 = ORIENTED_EDGE('',*,*,#538,.F.);
#868 = ORIENTED_EDGE('',*,*,#869,.F.);
#869 = EDGE_CURVE('',#870,#539,#872,.T.);
#870 = VERTEX_POINT('',#871);
#871 = CARTESIAN_POINT('',(4.75,-20.515,1.05));
#872 = LINE('',#873,#874);
#873 = CARTESIAN_POINT('',(4.75,-20.515,1.05));
#874 = VECTOR('',#875,1.);
#875 = DIRECTION('',(0.,0.,-1.));
#876 = ORIENTED_EDGE('',*,*,#877,.F.);
#877 = EDGE_CURVE('',#878,#870,#880,.T.);
#878 = VERTEX_POINT('',#879);
#879 = CARTESIAN_POINT('',(4.75,-19.615,1.95));
#880 = CIRCLE('',#881,0.9);
#881 = AXIS2_PLACEMENT_3D('',#882,#883,#884);
#882 = CARTESIAN_POINT('',(4.75,-19.615,1.05));
#883 = DIRECTION('',(1.,0.,-0.));
#884 = DIRECTION('',(0.,0.,1.));
#885 = ORIENTED_EDGE('',*,*,#886,.F.);
#886 = EDGE_CURVE('',#887,#878,#889,.T.);
#887 = VERTEX_POINT('',#888);
#888 = CARTESIAN_POINT('',(4.75,-19.585,1.95));
#889 = LINE('',#890,#891);
#890 = CARTESIAN_POINT('',(4.75,-19.585,1.95));
#891 = VECTOR('',#892,1.);
#892 = DIRECTION('',(0.,-1.,0.));
#893 = ORIENTED_EDGE('',*,*,#894,.F.);
#894 = EDGE_CURVE('',#895,#887,#897,.T.);
#895 = VERTEX_POINT('',#896);
#896 = CARTESIAN_POINT('',(4.75,-19.585,1.75));
#897 = LINE('',#898,#899);
#898 = CARTESIAN_POINT('',(4.75,-19.585,1.75));
#899 = VECTOR('',#900,1.);
#900 = DIRECTION('',(0.,0.,1.));
#901 = ORIENTED_EDGE('',*,*,#902,.F.);
#902 = EDGE_CURVE('',#903,#895,#905,.T.);
#903 = VERTEX_POINT('',#904);
#904 = CARTESIAN_POINT('',(4.75,-19.735,1.75));
#905 = LINE('',#906,#907);
#906 = CARTESIAN_POINT('',(4.75,-19.735,1.75));
#907 = VECTOR('',#908,1.);
#908 = DIRECTION('',(0.,1.,0.));
#909 = ORIENTED_EDGE('',*,*,#910,.F.);
#910 = EDGE_CURVE('',#911,#903,#913,.T.);
#911 = VERTEX_POINT('',#912);
#912 = CARTESIAN_POINT('',(4.75,-19.735,1.739637585983));
#913 = LINE('',#914,#915);
#914 = CARTESIAN_POINT('',(4.75,-19.735,1.739637585983));
#915 = VECTOR('',#916,1.);
#916 = DIRECTION('',(0.,0.,1.));
#917 = ORIENTED_EDGE('',*,*,#918,.F.);
#918 = EDGE_CURVE('',#919,#911,#921,.T.);
#919 = VERTEX_POINT('',#920);
#920 = CARTESIAN_POINT('',(4.75,-20.315,1.05));
#921 = CIRCLE('',#922,0.7);
#922 = AXIS2_PLACEMENT_3D('',#923,#924,#925);
#923 = CARTESIAN_POINT('',(4.75,-19.615,1.05));
#924 = DIRECTION('',(-1.,0.,0.));
#925 = DIRECTION('',(0.,-1.,0.));
#926 = ORIENTED_EDGE('',*,*,#927,.F.);
#927 = EDGE_CURVE('',#826,#919,#928,.T.);
#928 = LINE('',#929,#930);
#929 = CARTESIAN_POINT('',(4.75,-20.315,0.6));
#930 = VECTOR('',#931,1.);
#931 = DIRECTION('',(0.,0.,1.));
#932 = ORIENTED_EDGE('',*,*,#825,.F.);
#933 = PLANE('',#934);
#934 = AXIS2_PLACEMENT_3D('',#935,#936,#937);
#935 = CARTESIAN_POINT('',(4.75,0.,0.));
#936 = DIRECTION('',(1.,0.,0.));
#937 = DIRECTION('',(0.,-1.,0.));
#938 = ADVANCED_FACE('',(#939),#1049,.T.);
#939 = FACE_BOUND('',#940,.F.);
#940 = EDGE_LOOP('',(#941,#952,#960,#968,#976,#984,#992,#1000,#1009,
    #1017,#1026,#1034,#1043));
#941 = ORIENTED_EDGE('',*,*,#942,.F.);
#942 = EDGE_CURVE('',#943,#945,#947,.T.);
#943 = VERTEX_POINT('',#944);
#944 = CARTESIAN_POINT('',(4.75,-9.435,-4.1));
#945 = VERTEX_POINT('',#946);
#946 = CARTESIAN_POINT('',(4.75,-8.235,-2.9));
#947 = CIRCLE('',#948,1.2);
#948 = AXIS2_PLACEMENT_3D('',#949,#950,#951);
#949 = CARTESIAN_POINT('',(4.75,-9.435,-2.9));
#950 = DIRECTION('',(1.,0.,0.));
#951 = DIRECTION('',(0.,0.,-1.));
#952 = ORIENTED_EDGE('',*,*,#953,.T.);
#953 = EDGE_CURVE('',#943,#954,#956,.T.);
#954 = VERTEX_POINT('',#955);
#955 = CARTESIAN_POINT('',(4.75,-9.435,-4.25));
#956 = LINE('',#957,#958);
#957 = CARTESIAN_POINT('',(4.75,-9.435,-4.1));
#958 = VECTOR('',#959,1.);
#959 = DIRECTION('',(0.,0.,-1.));
#960 = ORIENTED_EDGE('',*,*,#961,.F.);
#961 = EDGE_CURVE('',#962,#954,#964,.T.);
#962 = VERTEX_POINT('',#963);
#963 = CARTESIAN_POINT('',(4.75,-13.935,-4.25));
#964 = LINE('',#965,#966);
#965 = CARTESIAN_POINT('',(4.75,-13.935,-4.25));
#966 = VECTOR('',#967,1.);
#967 = DIRECTION('',(0.,1.,0.));
#968 = ORIENTED_EDGE('',*,*,#969,.T.);
#969 = EDGE_CURVE('',#962,#970,#972,.T.);
#970 = VERTEX_POINT('',#971);
#971 = CARTESIAN_POINT('',(4.75,-13.935,-4.1));
#972 = LINE('',#973,#974);
#973 = CARTESIAN_POINT('',(4.75,-13.935,-4.25));
#974 = VECTOR('',#975,1.);
#975 = DIRECTION('',(0.,0.,1.));
#976 = ORIENTED_EDGE('',*,*,#977,.F.);
#977 = EDGE_CURVE('',#978,#970,#980,.T.);
#978 = VERTEX_POINT('',#979);
#979 = CARTESIAN_POINT('',(4.75,-14.06198652782,-4.1));
#980 = LINE('',#981,#982);
#981 = CARTESIAN_POINT('',(4.75,-14.06198652782,-4.1));
#982 = VECTOR('',#983,1.);
#983 = DIRECTION('',(0.,1.,0.));
#984 = ORIENTED_EDGE('',*,*,#985,.F.);
#985 = EDGE_CURVE('',#986,#978,#988,.T.);
#986 = VERTEX_POINT('',#987);
#987 = CARTESIAN_POINT('',(4.75,-14.06198652782,-3.9));
#988 = LINE('',#989,#990);
#989 = CARTESIAN_POINT('',(4.75,-14.06198652782,-3.9));
#990 = VECTOR('',#991,1.);
#991 = DIRECTION('',(0.,0.,-1.));
#992 = ORIENTED_EDGE('',*,*,#993,.F.);
#993 = EDGE_CURVE('',#994,#986,#996,.T.);
#994 = VERTEX_POINT('',#995);
#995 = CARTESIAN_POINT('',(4.75,-9.435,-3.9));
#996 = LINE('',#997,#998);
#997 = CARTESIAN_POINT('',(4.75,-9.435,-3.9));
#998 = VECTOR('',#999,1.);
#999 = DIRECTION('',(0.,-1.,0.));
#1000 = ORIENTED_EDGE('',*,*,#1001,.F.);
#1001 = EDGE_CURVE('',#1002,#994,#1004,.T.);
#1002 = VERTEX_POINT('',#1003);
#1003 = CARTESIAN_POINT('',(4.75,-8.435,-2.9));
#1004 = CIRCLE('',#1005,1.);
#1005 = AXIS2_PLACEMENT_3D('',#1006,#1007,#1008);
#1006 = CARTESIAN_POINT('',(4.75,-9.435,-2.9));
#1007 = DIRECTION('',(-1.,0.,0.));
#1008 = DIRECTION('',(0.,1.,0.));
#1009 = ORIENTED_EDGE('',*,*,#1010,.F.);
#1010 = EDGE_CURVE('',#1011,#1002,#1013,.T.);
#1011 = VERTEX_POINT('',#1012);
#1012 = CARTESIAN_POINT('',(4.75,-8.435,-1.3));
#1013 = LINE('',#1014,#1015);
#1014 = CARTESIAN_POINT('',(4.75,-8.435,-1.3));
#1015 = VECTOR('',#1016,1.);
#1016 = DIRECTION('',(0.,0.,-1.));
#1017 = ORIENTED_EDGE('',*,*,#1018,.F.);
#1018 = EDGE_CURVE('',#1019,#1011,#1021,.T.);
#1019 = VERTEX_POINT('',#1020);
#1020 = CARTESIAN_POINT('',(4.75,-9.235,-0.320204102887));
#1021 = CIRCLE('',#1022,1.);
#1022 = AXIS2_PLACEMENT_3D('',#1023,#1024,#1025);
#1023 = CARTESIAN_POINT('',(4.75,-9.435,-1.3));
#1024 = DIRECTION('',(-1.,0.,0.));
#1025 = DIRECTION('',(0.,0.2,0.979795897113));
#1026 = ORIENTED_EDGE('',*,*,#1027,.T.);
#1027 = EDGE_CURVE('',#1019,#1028,#1030,.T.);
#1028 = VERTEX_POINT('',#1029);
#1029 = CARTESIAN_POINT('',(4.75,-9.235,-0.11678404338));
#1030 = LINE('',#1031,#1032);
#1031 = CARTESIAN_POINT('',(4.75,-9.235,-0.320204102887));
#1032 = VECTOR('',#1033,1.);
#1033 = DIRECTION('',(0.,0.,1.));
#1034 = ORIENTED_EDGE('',*,*,#1035,.F.);
#1035 = EDGE_CURVE('',#1036,#1028,#1038,.T.);
#1036 = VERTEX_POINT('',#1037);
#1037 = CARTESIAN_POINT('',(4.75,-8.235,-1.3));
#1038 = CIRCLE('',#1039,1.2);
#1039 = AXIS2_PLACEMENT_3D('',#1040,#1041,#1042);
#1040 = CARTESIAN_POINT('',(4.75,-9.435,-1.3));
#1041 = DIRECTION('',(1.,0.,0.));
#1042 = DIRECTION('',(-0.,1.,0.));
#1043 = ORIENTED_EDGE('',*,*,#1044,.F.);
#1044 = EDGE_CURVE('',#945,#1036,#1045,.T.);
#1045 = LINE('',#1046,#1047);
#1046 = CARTESIAN_POINT('',(4.75,-8.235,-2.9));
#1047 = VECTOR('',#1048,1.);
#1048 = DIRECTION('',(0.,0.,1.));
#1049 = PLANE('',#1050);
#1050 = AXIS2_PLACEMENT_3D('',#1051,#1052,#1053);
#1051 = CARTESIAN_POINT('',(4.75,0.,0.));
#1052 = DIRECTION('',(1.,0.,0.));
#1053 = DIRECTION('',(0.,-1.,0.));
#1054 = ADVANCED_FACE('',(#1055),#1066,.T.);
#1055 = FACE_BOUND('',#1056,.F.);
#1056 = EDGE_LOOP('',(#1057,#1058,#1064,#1065));
#1057 = ORIENTED_EDGE('',*,*,#680,.F.);
#1058 = ORIENTED_EDGE('',*,*,#1059,.T.);
#1059 = EDGE_CURVE('',#672,#870,#1060,.T.);
#1060 = LINE('',#1061,#1062);
#1061 = CARTESIAN_POINT('',(-4.75,-20.515,1.05));
#1062 = VECTOR('',#1063,1.);
#1063 = DIRECTION('',(1.,0.,0.));
#1064 = ORIENTED_EDGE('',*,*,#869,.T.);
#1065 = ORIENTED_EDGE('',*,*,#547,.F.);
#1066 = PLANE('',#1067);
#1067 = AXIS2_PLACEMENT_3D('',#1068,#1069,#1070);
#1068 = CARTESIAN_POINT('',(-4.75,-20.515,1.05));
#1069 = DIRECTION('',(0.,-1.,0.));
#1070 = DIRECTION('',(0.,0.,-1.));
#1071 = ADVANCED_FACE('',(#1072),#1083,.T.);
#1072 = FACE_BOUND('',#1073,.T.);
#1073 = EDGE_LOOP('',(#1074,#1075,#1076,#1082));
#1074 = ORIENTED_EDGE('',*,*,#1059,.T.);
#1075 = ORIENTED_EDGE('',*,*,#877,.F.);
#1076 = ORIENTED_EDGE('',*,*,#1077,.F.);
#1077 = EDGE_CURVE('',#664,#878,#1078,.T.);
#1078 = LINE('',#1079,#1080);
#1079 = CARTESIAN_POINT('',(-4.75,-19.615,1.95));
#1080 = VECTOR('',#1081,1.);
#1081 = DIRECTION('',(1.,0.,0.));
#1082 = ORIENTED_EDGE('',*,*,#671,.T.);
#1083 = CYLINDRICAL_SURFACE('',#1084,0.9);
#1084 = AXIS2_PLACEMENT_3D('',#1085,#1086,#1087);
#1085 = CARTESIAN_POINT('',(-4.75,-19.615,1.05));
#1086 = DIRECTION('',(1.,0.,0.));
#1087 = DIRECTION('',(0.,-1.,0.));
#1088 = ADVANCED_FACE('',(#1089),#1100,.T.);
#1089 = FACE_BOUND('',#1090,.F.);
#1090 = EDGE_LOOP('',(#1091,#1097,#1098,#1099));
#1091 = ORIENTED_EDGE('',*,*,#1092,.T.);
#1092 = EDGE_CURVE('',#656,#887,#1093,.T.);
#1093 = LINE('',#1094,#1095);
#1094 = CARTESIAN_POINT('',(-4.75,-19.585,1.95));
#1095 = VECTOR('',#1096,1.);
#1096 = DIRECTION('',(1.,0.,0.));
#1097 = ORIENTED_EDGE('',*,*,#886,.T.);
#1098 = ORIENTED_EDGE('',*,*,#1077,.F.);
#1099 = ORIENTED_EDGE('',*,*,#663,.F.);
#1100 = PLANE('',#1101);
#1101 = AXIS2_PLACEMENT_3D('',#1102,#1103,#1104);
#1102 = CARTESIAN_POINT('',(-4.75,-18.935,1.95));
#1103 = DIRECTION('',(0.,0.,1.));
#1104 = DIRECTION('',(0.,-1.,0.));
#1105 = ADVANCED_FACE('',(#1106),#1149,.F.);
#1106 = FACE_BOUND('',#1107,.F.);
#1107 = EDGE_LOOP('',(#1108,#1109,#1117,#1125,#1133,#1141,#1147,#1148));
#1108 = ORIENTED_EDGE('',*,*,#655,.F.);
#1109 = ORIENTED_EDGE('',*,*,#1110,.T.);
#1110 = EDGE_CURVE('',#648,#1111,#1113,.T.);
#1111 = VERTEX_POINT('',#1112);
#1112 = CARTESIAN_POINT('',(-10.375,-19.585,1.75));
#1113 = LINE('',#1114,#1115);
#1114 = CARTESIAN_POINT('',(-4.75,-19.585,1.75));
#1115 = VECTOR('',#1116,1.);
#1116 = DIRECTION('',(-1.,0.,0.));
#1117 = ORIENTED_EDGE('',*,*,#1118,.F.);
#1118 = EDGE_CURVE('',#1119,#1111,#1121,.T.);
#1119 = VERTEX_POINT('',#1120);
#1120 = CARTESIAN_POINT('',(-10.375,-19.585,2.));
#1121 = LINE('',#1122,#1123);
#1122 = CARTESIAN_POINT('',(-10.375,-19.585,2.));
#1123 = VECTOR('',#1124,1.);
#1124 = DIRECTION('',(0.,0.,-1.));
#1125 = ORIENTED_EDGE('',*,*,#1126,.F.);
#1126 = EDGE_CURVE('',#1127,#1119,#1129,.T.);
#1127 = VERTEX_POINT('',#1128);
#1128 = CARTESIAN_POINT('',(9.885,-19.585,2.));
#1129 = LINE('',#1130,#1131);
#1130 = CARTESIAN_POINT('',(9.885,-19.585,2.));
#1131 = VECTOR('',#1132,1.);
#1132 = DIRECTION('',(-1.,0.,0.));
#1133 = ORIENTED_EDGE('',*,*,#1134,.T.);
#1134 = EDGE_CURVE('',#1127,#1135,#1137,.T.);
#1135 = VERTEX_POINT('',#1136);
#1136 = CARTESIAN_POINT('',(9.885,-19.585,1.75));
#1137 = LINE('',#1138,#1139);
#1138 = CARTESIAN_POINT('',(9.885,-19.585,2.));
#1139 = VECTOR('',#1140,1.);
#1140 = DIRECTION('',(0.,0.,-1.));
#1141 = ORIENTED_EDGE('',*,*,#1142,.T.);
#1142 = EDGE_CURVE('',#1135,#895,#1143,.T.);
#1143 = LINE('',#1144,#1145);
#1144 = CARTESIAN_POINT('',(9.885,-19.585,1.75));
#1145 = VECTOR('',#1146,1.);
#1146 = DIRECTION('',(-1.,0.,0.));
#1147 = ORIENTED_EDGE('',*,*,#894,.T.);
#1148 = ORIENTED_EDGE('',*,*,#1092,.F.);
#1149 = PLANE('',#1150);
#1150 = AXIS2_PLACEMENT_3D('',#1151,#1152,#1153);
#1151 = CARTESIAN_POINT('',(9.885,-19.585,2.));
#1152 = DIRECTION('',(0.,1.,0.));
#1153 = DIRECTION('',(-1.,0.,0.));
#1154 = ADVANCED_FACE('',(#1155),#1293,.T.);
#1155 = FACE_BOUND('',#1156,.F.);
#1156 = EDGE_LOOP('',(#1157,#1158,#1166,#1175,#1183,#1192,#1200,#1209,
    #1217,#1226,#1232,#1233,#1234,#1243,#1251,#1260,#1268,#1277,#1285,
    #1292));
#1157 = ORIENTED_EDGE('',*,*,#647,.T.);
#1158 = ORIENTED_EDGE('',*,*,#1159,.F.);
#1159 = EDGE_CURVE('',#1160,#640,#1162,.T.);
#1160 = VERTEX_POINT('',#1161);
#1161 = CARTESIAN_POINT('',(-10.375,-19.735,1.75));
#1162 = LINE('',#1163,#1164);
#1163 = CARTESIAN_POINT('',(-10.375,-19.735,1.75));
#1164 = VECTOR('',#1165,1.);
#1165 = DIRECTION('',(1.,0.,0.));
#1166 = ORIENTED_EDGE('',*,*,#1167,.F.);
#1167 = EDGE_CURVE('',#1168,#1160,#1170,.T.);
#1168 = VERTEX_POINT('',#1169);
#1169 = CARTESIAN_POINT('',(-14.835,-15.275,1.75));
#1170 = CIRCLE('',#1171,4.46);
#1171 = AXIS2_PLACEMENT_3D('',#1172,#1173,#1174);
#1172 = CARTESIAN_POINT('',(-10.375,-15.275,1.75));
#1173 = DIRECTION('',(0.,0.,1.));
#1174 = DIRECTION('',(-1.,0.,0.));
#1175 = ORIENTED_EDGE('',*,*,#1176,.F.);
#1176 = EDGE_CURVE('',#1177,#1168,#1179,.T.);
#1177 = VERTEX_POINT('',#1178);
#1178 = CARTESIAN_POINT('',(-14.835,12.335,1.75));
#1179 = LINE('',#1180,#1181);
#1180 = CARTESIAN_POINT('',(-14.835,12.335,1.75));
#1181 = VECTOR('',#1182,1.);
#1182 = DIRECTION('',(0.,-1.,0.));
#1183 = ORIENTED_EDGE('',*,*,#1184,.F.);
#1184 = EDGE_CURVE('',#1185,#1177,#1187,.T.);
#1185 = VERTEX_POINT('',#1186);
#1186 = CARTESIAN_POINT('',(-9.885,17.285,1.75));
#1187 = CIRCLE('',#1188,4.95);
#1188 = AXIS2_PLACEMENT_3D('',#1189,#1190,#1191);
#1189 = CARTESIAN_POINT('',(-9.885,12.335,1.75));
#1190 = DIRECTION('',(0.,0.,1.));
#1191 = DIRECTION('',(1.004807909156E-14,1.,-0.));
#1192 = ORIENTED_EDGE('',*,*,#1193,.F.);
#1193 = EDGE_CURVE('',#1194,#1185,#1196,.T.);
#1194 = VERTEX_POINT('',#1195);
#1195 = CARTESIAN_POINT('',(9.885,17.285,1.75));
#1196 = LINE('',#1197,#1198);
#1197 = CARTESIAN_POINT('',(9.885,17.285,1.75));
#1198 = VECTOR('',#1199,1.);
#1199 = DIRECTION('',(-1.,0.,0.));
#1200 = ORIENTED_EDGE('',*,*,#1201,.F.);
#1201 = EDGE_CURVE('',#1202,#1194,#1204,.T.);
#1202 = VERTEX_POINT('',#1203);
#1203 = CARTESIAN_POINT('',(14.835,12.335,1.75));
#1204 = CIRCLE('',#1205,4.95);
#1205 = AXIS2_PLACEMENT_3D('',#1206,#1207,#1208);
#1206 = CARTESIAN_POINT('',(9.885,12.335,1.75));
#1207 = DIRECTION('',(0.,0.,1.));
#1208 = DIRECTION('',(1.,0.,-0.));
#1209 = ORIENTED_EDGE('',*,*,#1210,.F.);
#1210 = EDGE_CURVE('',#1211,#1202,#1213,.T.);
#1211 = VERTEX_POINT('',#1212);
#1212 = CARTESIAN_POINT('',(14.835,-14.785,1.75));
#1213 = LINE('',#1214,#1215);
#1214 = CARTESIAN_POINT('',(14.835,-14.785,1.75));
#1215 = VECTOR('',#1216,1.);
#1216 = DIRECTION('',(0.,1.,0.));
#1217 = ORIENTED_EDGE('',*,*,#1218,.F.);
#1218 = EDGE_CURVE('',#1219,#1211,#1221,.T.);
#1219 = VERTEX_POINT('',#1220);
#1220 = CARTESIAN_POINT('',(9.885,-19.735,1.75));
#1221 = CIRCLE('',#1222,4.95);
#1222 = AXIS2_PLACEMENT_3D('',#1223,#1224,#1225);
#1223 = CARTESIAN_POINT('',(9.885,-14.785,1.75));
#1224 = DIRECTION('',(0.,0.,1.));
#1225 = DIRECTION('',(0.,-1.,0.));
#1226 = ORIENTED_EDGE('',*,*,#1227,.F.);
#1227 = EDGE_CURVE('',#903,#1219,#1228,.T.);
#1228 = LINE('',#1229,#1230);
#1229 = CARTESIAN_POINT('',(4.75,-19.735,1.75));
#1230 = VECTOR('',#1231,1.);
#1231 = DIRECTION('',(1.,0.,0.));
#1232 = ORIENTED_EDGE('',*,*,#902,.T.);
#1233 = ORIENTED_EDGE('',*,*,#1142,.F.);
#1234 = ORIENTED_EDGE('',*,*,#1235,.F.);
#1235 = EDGE_CURVE('',#1236,#1135,#1238,.T.);
#1236 = VERTEX_POINT('',#1237);
#1237 = CARTESIAN_POINT('',(14.685,-14.785,1.75));
#1238 = CIRCLE('',#1239,4.8);
#1239 = AXIS2_PLACEMENT_3D('',#1240,#1241,#1242);
#1240 = CARTESIAN_POINT('',(9.885,-14.785,1.75));
#1241 = DIRECTION('',(0.,0.,-1.));
#1242 = DIRECTION('',(1.,0.,0.));
#1243 = ORIENTED_EDGE('',*,*,#1244,.F.);
#1244 = EDGE_CURVE('',#1245,#1236,#1247,.T.);
#1245 = VERTEX_POINT('',#1246);
#1246 = CARTESIAN_POINT('',(14.685,12.335,1.75));
#1247 = LINE('',#1248,#1249);
#1248 = CARTESIAN_POINT('',(14.685,12.335,1.75));
#1249 = VECTOR('',#1250,1.);
#1250 = DIRECTION('',(0.,-1.,0.));
#1251 = ORIENTED_EDGE('',*,*,#1252,.F.);
#1252 = EDGE_CURVE('',#1253,#1245,#1255,.T.);
#1253 = VERTEX_POINT('',#1254);
#1254 = CARTESIAN_POINT('',(9.885,17.135,1.75));
#1255 = CIRCLE('',#1256,4.8);
#1256 = AXIS2_PLACEMENT_3D('',#1257,#1258,#1259);
#1257 = CARTESIAN_POINT('',(9.885,12.335,1.75));
#1258 = DIRECTION('',(0.,0.,-1.));
#1259 = DIRECTION('',(-1.369275063704E-14,1.,0.));
#1260 = ORIENTED_EDGE('',*,*,#1261,.F.);
#1261 = EDGE_CURVE('',#1262,#1253,#1264,.T.);
#1262 = VERTEX_POINT('',#1263);
#1263 = CARTESIAN_POINT('',(-9.885,17.135,1.75));
#1264 = LINE('',#1265,#1266);
#1265 = CARTESIAN_POINT('',(-9.885,17.135,1.75));
#1266 = VECTOR('',#1267,1.);
#1267 = DIRECTION('',(1.,0.,0.));
#1268 = ORIENTED_EDGE('',*,*,#1269,.F.);
#1269 = EDGE_CURVE('',#1270,#1262,#1272,.T.);
#1270 = VERTEX_POINT('',#1271);
#1271 = CARTESIAN_POINT('',(-14.685,12.335,1.75));
#1272 = CIRCLE('',#1273,4.8);
#1273 = AXIS2_PLACEMENT_3D('',#1274,#1275,#1276);
#1274 = CARTESIAN_POINT('',(-9.885,12.335,1.75));
#1275 = DIRECTION('',(0.,0.,-1.));
#1276 = DIRECTION('',(-1.,0.,0.));
#1277 = ORIENTED_EDGE('',*,*,#1278,.F.);
#1278 = EDGE_CURVE('',#1279,#1270,#1281,.T.);
#1279 = VERTEX_POINT('',#1280);
#1280 = CARTESIAN_POINT('',(-14.685,-15.275,1.75));
#1281 = LINE('',#1282,#1283);
#1282 = CARTESIAN_POINT('',(-14.685,-15.275,1.75));
#1283 = VECTOR('',#1284,1.);
#1284 = DIRECTION('',(0.,1.,0.));
#1285 = ORIENTED_EDGE('',*,*,#1286,.F.);
#1286 = EDGE_CURVE('',#1111,#1279,#1287,.T.);
#1287 = CIRCLE('',#1288,4.31);
#1288 = AXIS2_PLACEMENT_3D('',#1289,#1290,#1291);
#1289 = CARTESIAN_POINT('',(-10.375,-15.275,1.75));
#1290 = DIRECTION('',(0.,0.,-1.));
#1291 = DIRECTION('',(0.,-1.,0.));
#1292 = ORIENTED_EDGE('',*,*,#1110,.F.);
#1293 = PLANE('',#1294);
#1294 = AXIS2_PLACEMENT_3D('',#1295,#1296,#1297);
#1295 = CARTESIAN_POINT('',(0.,0.,1.75));
#1296 = DIRECTION('',(0.,0.,1.));
#1297 = DIRECTION('',(1.,0.,-0.));
#1298 = ADVANCED_FACE('',(#1299),#1333,.T.);
#1299 = FACE_BOUND('',#1300,.F.);
#1300 = EDGE_LOOP('',(#1301,#1302,#1308,#1309,#1310,#1318,#1326,#1332));
#1301 = ORIENTED_EDGE('',*,*,#639,.F.);
#1302 = ORIENTED_EDGE('',*,*,#1303,.T.);
#1303 = EDGE_CURVE('',#631,#911,#1304,.T.);
#1304 = LINE('',#1305,#1306);
#1305 = CARTESIAN_POINT('',(-4.75,-19.735,1.739637585983));
#1306 = VECTOR('',#1307,1.);
#1307 = DIRECTION('',(1.,0.,0.));
#1308 = ORIENTED_EDGE('',*,*,#910,.T.);
#1309 = ORIENTED_EDGE('',*,*,#1227,.T.);
#1310 = ORIENTED_EDGE('',*,*,#1311,.F.);
#1311 = EDGE_CURVE('',#1312,#1219,#1314,.T.);
#1312 = VERTEX_POINT('',#1313);
#1313 = CARTESIAN_POINT('',(9.885,-19.735,1.56));
#1314 = LINE('',#1315,#1316);
#1315 = CARTESIAN_POINT('',(9.885,-19.735,1.56));
#1316 = VECTOR('',#1317,1.);
#1317 = DIRECTION('',(0.,0.,1.));
#1318 = ORIENTED_EDGE('',*,*,#1319,.F.);
#1319 = EDGE_CURVE('',#1320,#1312,#1322,.T.);
#1320 = VERTEX_POINT('',#1321);
#1321 = CARTESIAN_POINT('',(-10.375,-19.735,1.56));
#1322 = LINE('',#1323,#1324);
#1323 = CARTESIAN_POINT('',(-10.375,-19.735,1.56));
#1324 = VECTOR('',#1325,1.);
#1325 = DIRECTION('',(1.,0.,0.));
#1326 = ORIENTED_EDGE('',*,*,#1327,.T.);
#1327 = EDGE_CURVE('',#1320,#1160,#1328,.T.);
#1328 = LINE('',#1329,#1330);
#1329 = CARTESIAN_POINT('',(-10.375,-19.735,1.56));
#1330 = VECTOR('',#1331,1.);
#1331 = DIRECTION('',(0.,0.,1.));
#1332 = ORIENTED_EDGE('',*,*,#1159,.T.);
#1333 = PLANE('',#1334);
#1334 = AXIS2_PLACEMENT_3D('',#1335,#1336,#1337);
#1335 = CARTESIAN_POINT('',(-10.375,-19.735,1.56));
#1336 = DIRECTION('',(0.,-1.,0.));
#1337 = DIRECTION('',(1.,0.,0.));
#1338 = ADVANCED_FACE('',(#1339),#1350,.F.);
#1339 = FACE_BOUND('',#1340,.F.);
#1340 = EDGE_LOOP('',(#1341,#1342,#1343,#1349));
#1341 = ORIENTED_EDGE('',*,*,#1303,.F.);
#1342 = ORIENTED_EDGE('',*,*,#630,.F.);
#1343 = ORIENTED_EDGE('',*,*,#1344,.T.);
#1344 = EDGE_CURVE('',#623,#919,#1345,.T.);
#1345 = LINE('',#1346,#1347);
#1346 = CARTESIAN_POINT('',(-4.75,-20.315,1.05));
#1347 = VECTOR('',#1348,1.);
#1348 = DIRECTION('',(1.,0.,0.));
#1349 = ORIENTED_EDGE('',*,*,#918,.T.);
#1350 = CYLINDRICAL_SURFACE('',#1351,0.7);
#1351 = AXIS2_PLACEMENT_3D('',#1352,#1353,#1354);
#1352 = CARTESIAN_POINT('',(-4.75,-19.615,1.05));
#1353 = DIRECTION('',(1.,0.,0.));
#1354 = DIRECTION('',(0.,-1.,0.));
#1355 = ADVANCED_FACE('',(#1356),#1362,.T.);
#1356 = FACE_BOUND('',#1357,.F.);
#1357 = EDGE_LOOP('',(#1358,#1359,#1360,#1361));
#1358 = ORIENTED_EDGE('',*,*,#622,.F.);
#1359 = ORIENTED_EDGE('',*,*,#834,.T.);
#1360 = ORIENTED_EDGE('',*,*,#927,.T.);
#1361 = ORIENTED_EDGE('',*,*,#1344,.F.);
#1362 = PLANE('',#1363);
#1363 = AXIS2_PLACEMENT_3D('',#1364,#1365,#1366);
#1364 = CARTESIAN_POINT('',(-4.75,-20.315,0.6));
#1365 = DIRECTION('',(0.,1.,0.));
#1366 = DIRECTION('',(0.,-0.,1.));
#1367 = ADVANCED_FACE('',(#1368),#1387,.T.);
#1368 = FACE_BOUND('',#1369,.T.);
#1369 = EDGE_LOOP('',(#1370,#1371,#1380,#1386));
#1370 = ORIENTED_EDGE('',*,*,#1311,.F.);
#1371 = ORIENTED_EDGE('',*,*,#1372,.T.);
#1372 = EDGE_CURVE('',#1312,#1373,#1375,.T.);
#1373 = VERTEX_POINT('',#1374);
#1374 = CARTESIAN_POINT('',(14.835,-14.785,1.56));
#1375 = CIRCLE('',#1376,4.95);
#1376 = AXIS2_PLACEMENT_3D('',#1377,#1378,#1379);
#1377 = CARTESIAN_POINT('',(9.885,-14.785,1.56));
#1378 = DIRECTION('',(0.,0.,1.));
#1379 = DIRECTION('',(0.,-1.,0.));
#1380 = ORIENTED_EDGE('',*,*,#1381,.T.);
#1381 = EDGE_CURVE('',#1373,#1211,#1382,.T.);
#1382 = LINE('',#1383,#1384);
#1383 = CARTESIAN_POINT('',(14.835,-14.785,1.56));
#1384 = VECTOR('',#1385,1.);
#1385 = DIRECTION('',(0.,0.,1.));
#1386 = ORIENTED_EDGE('',*,*,#1218,.F.);
#1387 = CYLINDRICAL_SURFACE('',#1388,4.95);
#1388 = AXIS2_PLACEMENT_3D('',#1389,#1390,#1391);
#1389 = CARTESIAN_POINT('',(9.885,-14.785,1.56));
#1390 = DIRECTION('',(0.,0.,1.));
#1391 = DIRECTION('',(1.,0.,-0.));
#1392 = ADVANCED_FACE('',(#1393),#1411,.T.);
#1393 = FACE_BOUND('',#1394,.F.);
#1394 = EDGE_LOOP('',(#1395,#1396,#1404,#1410));
#1395 = ORIENTED_EDGE('',*,*,#1210,.T.);
#1396 = ORIENTED_EDGE('',*,*,#1397,.F.);
#1397 = EDGE_CURVE('',#1398,#1202,#1400,.T.);
#1398 = VERTEX_POINT('',#1399);
#1399 = CARTESIAN_POINT('',(14.835,12.335,1.56));
#1400 = LINE('',#1401,#1402);
#1401 = CARTESIAN_POINT('',(14.835,12.335,1.56));
#1402 = VECTOR('',#1403,1.);
#1403 = DIRECTION('',(0.,0.,1.));
#1404 = ORIENTED_EDGE('',*,*,#1405,.F.);
#1405 = EDGE_CURVE('',#1373,#1398,#1406,.T.);
#1406 = LINE('',#1407,#1408);
#1407 = CARTESIAN_POINT('',(14.835,-14.785,1.56));
#1408 = VECTOR('',#1409,1.);
#1409 = DIRECTION('',(0.,1.,0.));
#1410 = ORIENTED_EDGE('',*,*,#1381,.T.);
#1411 = PLANE('',#1412);
#1412 = AXIS2_PLACEMENT_3D('',#1413,#1414,#1415);
#1413 = CARTESIAN_POINT('',(14.835,-14.785,1.56));
#1414 = DIRECTION('',(1.,0.,0.));
#1415 = DIRECTION('',(-0.,1.,0.));
#1416 = ADVANCED_FACE('',(#1417),#1436,.T.);
#1417 = FACE_BOUND('',#1418,.T.);
#1418 = EDGE_LOOP('',(#1419,#1420,#1429,#1435));
#1419 = ORIENTED_EDGE('',*,*,#1397,.F.);
#1420 = ORIENTED_EDGE('',*,*,#1421,.T.);
#1421 = EDGE_CURVE('',#1398,#1422,#1424,.T.);
#1422 = VERTEX_POINT('',#1423);
#1423 = CARTESIAN_POINT('',(9.885,17.285,1.56));
#1424 = CIRCLE('',#1425,4.95);
#1425 = AXIS2_PLACEMENT_3D('',#1426,#1427,#1428);
#1426 = CARTESIAN_POINT('',(9.885,12.335,1.56));
#1427 = DIRECTION('',(0.,0.,1.));
#1428 = DIRECTION('',(1.,0.,-0.));
#1429 = ORIENTED_EDGE('',*,*,#1430,.T.);
#1430 = EDGE_CURVE('',#1422,#1194,#1431,.T.);
#1431 = LINE('',#1432,#1433);
#1432 = CARTESIAN_POINT('',(9.885,17.285,1.56));
#1433 = VECTOR('',#1434,1.);
#1434 = DIRECTION('',(0.,0.,1.));
#1435 = ORIENTED_EDGE('',*,*,#1201,.F.);
#1436 = CYLINDRICAL_SURFACE('',#1437,4.95);
#1437 = AXIS2_PLACEMENT_3D('',#1438,#1439,#1440);
#1438 = CARTESIAN_POINT('',(9.885,12.335,1.56));
#1439 = DIRECTION('',(0.,0.,1.));
#1440 = DIRECTION('',(1.,0.,-0.));
#1441 = ADVANCED_FACE('',(#1442),#1460,.T.);
#1442 = FACE_BOUND('',#1443,.F.);
#1443 = EDGE_LOOP('',(#1444,#1445,#1453,#1459));
#1444 = ORIENTED_EDGE('',*,*,#1193,.T.);
#1445 = ORIENTED_EDGE('',*,*,#1446,.F.);
#1446 = EDGE_CURVE('',#1447,#1185,#1449,.T.);
#1447 = VERTEX_POINT('',#1448);
#1448 = CARTESIAN_POINT('',(-9.885,17.285,1.56));
#1449 = LINE('',#1450,#1451);
#1450 = CARTESIAN_POINT('',(-9.885,17.285,1.56));
#1451 = VECTOR('',#1452,1.);
#1452 = DIRECTION('',(0.,0.,1.));
#1453 = ORIENTED_EDGE('',*,*,#1454,.F.);
#1454 = EDGE_CURVE('',#1422,#1447,#1455,.T.);
#1455 = LINE('',#1456,#1457);
#1456 = CARTESIAN_POINT('',(9.885,17.285,1.56));
#1457 = VECTOR('',#1458,1.);
#1458 = DIRECTION('',(-1.,0.,0.));
#1459 = ORIENTED_EDGE('',*,*,#1430,.T.);
#1460 = PLANE('',#1461);
#1461 = AXIS2_PLACEMENT_3D('',#1462,#1463,#1464);
#1462 = CARTESIAN_POINT('',(9.885,17.285,1.56));
#1463 = DIRECTION('',(0.,1.,0.));
#1464 = DIRECTION('',(-1.,0.,0.));
#1465 = ADVANCED_FACE('',(#1466),#1485,.T.);
#1466 = FACE_BOUND('',#1467,.T.);
#1467 = EDGE_LOOP('',(#1468,#1469,#1478,#1484));
#1468 = ORIENTED_EDGE('',*,*,#1446,.F.);
#1469 = ORIENTED_EDGE('',*,*,#1470,.T.);
#1470 = EDGE_CURVE('',#1447,#1471,#1473,.T.);
#1471 = VERTEX_POINT('',#1472);
#1472 = CARTESIAN_POINT('',(-14.835,12.335,1.56));
#1473 = CIRCLE('',#1474,4.95);
#1474 = AXIS2_PLACEMENT_3D('',#1475,#1476,#1477);
#1475 = CARTESIAN_POINT('',(-9.885,12.335,1.56));
#1476 = DIRECTION('',(0.,0.,1.));
#1477 = DIRECTION('',(1.004807909156E-14,1.,-0.));
#1478 = ORIENTED_EDGE('',*,*,#1479,.T.);
#1479 = EDGE_CURVE('',#1471,#1177,#1480,.T.);
#1480 = LINE('',#1481,#1482);
#1481 = CARTESIAN_POINT('',(-14.835,12.335,1.56));
#1482 = VECTOR('',#1483,1.);
#1483 = DIRECTION('',(0.,0.,1.));
#1484 = ORIENTED_EDGE('',*,*,#1184,.F.);
#1485 = CYLINDRICAL_SURFACE('',#1486,4.95);
#1486 = AXIS2_PLACEMENT_3D('',#1487,#1488,#1489);
#1487 = CARTESIAN_POINT('',(-9.885,12.335,1.56));
#1488 = DIRECTION('',(0.,0.,1.));
#1489 = DIRECTION('',(1.,0.,-0.));
#1490 = ADVANCED_FACE('',(#1491),#1509,.T.);
#1491 = FACE_BOUND('',#1492,.F.);
#1492 = EDGE_LOOP('',(#1493,#1494,#1502,#1508));
#1493 = ORIENTED_EDGE('',*,*,#1176,.T.);
#1494 = ORIENTED_EDGE('',*,*,#1495,.F.);
#1495 = EDGE_CURVE('',#1496,#1168,#1498,.T.);
#1496 = VERTEX_POINT('',#1497);
#1497 = CARTESIAN_POINT('',(-14.835,-15.275,1.56));
#1498 = LINE('',#1499,#1500);
#1499 = CARTESIAN_POINT('',(-14.835,-15.275,1.56));
#1500 = VECTOR('',#1501,1.);
#1501 = DIRECTION('',(0.,1.869849304632E-14,1.));
#1502 = ORIENTED_EDGE('',*,*,#1503,.F.);
#1503 = EDGE_CURVE('',#1471,#1496,#1504,.T.);
#1504 = LINE('',#1505,#1506);
#1505 = CARTESIAN_POINT('',(-14.835,12.335,1.56));
#1506 = VECTOR('',#1507,1.);
#1507 = DIRECTION('',(0.,-1.,0.));
#1508 = ORIENTED_EDGE('',*,*,#1479,.T.);
#1509 = PLANE('',#1510);
#1510 = AXIS2_PLACEMENT_3D('',#1511,#1512,#1513);
#1511 = CARTESIAN_POINT('',(-14.835,12.335,1.56));
#1512 = DIRECTION('',(-1.,0.,0.));
#1513 = DIRECTION('',(0.,-1.,0.));
#1514 = ADVANCED_FACE('',(#1515),#1527,.T.);
#1515 = FACE_BOUND('',#1516,.T.);
#1516 = EDGE_LOOP('',(#1517,#1518,#1525,#1526));
#1517 = ORIENTED_EDGE('',*,*,#1495,.F.);
#1518 = ORIENTED_EDGE('',*,*,#1519,.T.);
#1519 = EDGE_CURVE('',#1496,#1320,#1520,.T.);
#1520 = CIRCLE('',#1521,4.46);
#1521 = AXIS2_PLACEMENT_3D('',#1522,#1523,#1524);
#1522 = CARTESIAN_POINT('',(-10.375,-15.275,1.56));
#1523 = DIRECTION('',(0.,0.,1.));
#1524 = DIRECTION('',(-1.,0.,0.));
#1525 = ORIENTED_EDGE('',*,*,#1327,.T.);
#1526 = ORIENTED_EDGE('',*,*,#1167,.F.);
#1527 = CYLINDRICAL_SURFACE('',#1528,4.46);
#1528 = AXIS2_PLACEMENT_3D('',#1529,#1530,#1531);
#1529 = CARTESIAN_POINT('',(-10.375,-15.275,1.56));
#1530 = DIRECTION('',(0.,0.,1.));
#1531 = DIRECTION('',(1.,0.,-0.));
#1532 = ADVANCED_FACE('',(#1533,#1603),#1613,.T.);
#1533 = FACE_BOUND('',#1534,.F.);
#1534 = EDGE_LOOP('',(#1535,#1546,#1554,#1563,#1571,#1580,#1588,#1597));
#1535 = ORIENTED_EDGE('',*,*,#1536,.F.);
#1536 = EDGE_CURVE('',#1537,#1539,#1541,.T.);
#1537 = VERTEX_POINT('',#1538);
#1538 = CARTESIAN_POINT('',(-9.885,17.485,1.56));
#1539 = VERTEX_POINT('',#1540);
#1540 = CARTESIAN_POINT('',(-15.035,12.335,1.56));
#1541 = CIRCLE('',#1542,5.15);
#1542 = AXIS2_PLACEMENT_3D('',#1543,#1544,#1545);
#1543 = CARTESIAN_POINT('',(-9.885,12.335,1.56));
#1544 = DIRECTION('',(0.,-0.,1.));
#1545 = DIRECTION('',(0.,1.,0.));
#1546 = ORIENTED_EDGE('',*,*,#1547,.F.);
#1547 = EDGE_CURVE('',#1548,#1537,#1550,.T.);
#1548 = VERTEX_POINT('',#1549);
#1549 = CARTESIAN_POINT('',(9.885,17.485,1.56));
#1550 = LINE('',#1551,#1552);
#1551 = CARTESIAN_POINT('',(9.885,17.485,1.56));
#1552 = VECTOR('',#1553,1.);
#1553 = DIRECTION('',(-1.,0.,0.));
#1554 = ORIENTED_EDGE('',*,*,#1555,.F.);
#1555 = EDGE_CURVE('',#1556,#1548,#1558,.T.);
#1556 = VERTEX_POINT('',#1557);
#1557 = CARTESIAN_POINT('',(15.035,12.335,1.56));
#1558 = CIRCLE('',#1559,5.15);
#1559 = AXIS2_PLACEMENT_3D('',#1560,#1561,#1562);
#1560 = CARTESIAN_POINT('',(9.885,12.335,1.56));
#1561 = DIRECTION('',(0.,0.,1.));
#1562 = DIRECTION('',(1.,0.,-0.));
#1563 = ORIENTED_EDGE('',*,*,#1564,.F.);
#1564 = EDGE_CURVE('',#1565,#1556,#1567,.T.);
#1565 = VERTEX_POINT('',#1566);
#1566 = CARTESIAN_POINT('',(15.035,-14.785,1.56));
#1567 = LINE('',#1568,#1569);
#1568 = CARTESIAN_POINT('',(15.035,-14.785,1.56));
#1569 = VECTOR('',#1570,1.);
#1570 = DIRECTION('',(0.,1.,0.));
#1571 = ORIENTED_EDGE('',*,*,#1572,.F.);
#1572 = EDGE_CURVE('',#1573,#1565,#1575,.T.);
#1573 = VERTEX_POINT('',#1574);
#1574 = CARTESIAN_POINT('',(9.885,-19.935,1.56));
#1575 = CIRCLE('',#1576,5.15);
#1576 = AXIS2_PLACEMENT_3D('',#1577,#1578,#1579);
#1577 = CARTESIAN_POINT('',(9.885,-14.785,1.56));
#1578 = DIRECTION('',(0.,0.,1.));
#1579 = DIRECTION('',(0.,-1.,0.));
#1580 = ORIENTED_EDGE('',*,*,#1581,.F.);
#1581 = EDGE_CURVE('',#1582,#1573,#1584,.T.);
#1582 = VERTEX_POINT('',#1583);
#1583 = CARTESIAN_POINT('',(-10.375,-19.935,1.56));
#1584 = LINE('',#1585,#1586);
#1585 = CARTESIAN_POINT('',(-10.375,-19.935,1.56));
#1586 = VECTOR('',#1587,1.);
#1587 = DIRECTION('',(1.,0.,0.));
#1588 = ORIENTED_EDGE('',*,*,#1589,.F.);
#1589 = EDGE_CURVE('',#1590,#1582,#1592,.T.);
#1590 = VERTEX_POINT('',#1591);
#1591 = CARTESIAN_POINT('',(-15.035,-15.275,1.56));
#1592 = CIRCLE('',#1593,4.66);
#1593 = AXIS2_PLACEMENT_3D('',#1594,#1595,#1596);
#1594 = CARTESIAN_POINT('',(-10.375,-15.275,1.56));
#1595 = DIRECTION('',(0.,0.,1.));
#1596 = DIRECTION('',(-1.,0.,0.));
#1597 = ORIENTED_EDGE('',*,*,#1598,.F.);
#1598 = EDGE_CURVE('',#1539,#1590,#1599,.T.);
#1599 = LINE('',#1600,#1601);
#1600 = CARTESIAN_POINT('',(-15.035,12.335,1.56));
#1601 = VECTOR('',#1602,1.);
#1602 = DIRECTION('',(0.,-1.,0.));
#1603 = FACE_BOUND('',#1604,.F.);
#1604 = EDGE_LOOP('',(#1605,#1606,#1607,#1608,#1609,#1610,#1611,#1612));
#1605 = ORIENTED_EDGE('',*,*,#1519,.T.);
#1606 = ORIENTED_EDGE('',*,*,#1319,.T.);
#1607 = ORIENTED_EDGE('',*,*,#1372,.T.);
#1608 = ORIENTED_EDGE('',*,*,#1405,.T.);
#1609 = ORIENTED_EDGE('',*,*,#1421,.T.);
#1610 = ORIENTED_EDGE('',*,*,#1454,.T.);
#1611 = ORIENTED_EDGE('',*,*,#1470,.T.);
#1612 = ORIENTED_EDGE('',*,*,#1503,.T.);
#1613 = PLANE('',#1614);
#1614 = AXIS2_PLACEMENT_3D('',#1615,#1616,#1617);
#1615 = CARTESIAN_POINT('',(0.,0.,1.56));
#1616 = DIRECTION('',(0.,0.,1.));
#1617 = DIRECTION('',(1.,0.,-0.));
#1618 = ADVANCED_FACE('',(#1619),#1645,.T.);
#1619 = FACE_BOUND('',#1620,.T.);
#1620 = EDGE_LOOP('',(#1621,#1629,#1630,#1638));
#1621 = ORIENTED_EDGE('',*,*,#1622,.T.);
#1622 = EDGE_CURVE('',#1623,#1539,#1625,.T.);
#1623 = VERTEX_POINT('',#1624);
#1624 = CARTESIAN_POINT('',(-15.035,12.335,0.));
#1625 = LINE('',#1626,#1627);
#1626 = CARTESIAN_POINT('',(-15.035,12.335,0.));
#1627 = VECTOR('',#1628,1.);
#1628 = DIRECTION('',(0.,0.,1.));
#1629 = ORIENTED_EDGE('',*,*,#1536,.F.);
#1630 = ORIENTED_EDGE('',*,*,#1631,.F.);
#1631 = EDGE_CURVE('',#1632,#1537,#1634,.T.);
#1632 = VERTEX_POINT('',#1633);
#1633 = CARTESIAN_POINT('',(-9.885,17.485,0.));
#1634 = LINE('',#1635,#1636);
#1635 = CARTESIAN_POINT('',(-9.885,17.485,0.));
#1636 = VECTOR('',#1637,1.);
#1637 = DIRECTION('',(0.,0.,1.));
#1638 = ORIENTED_EDGE('',*,*,#1639,.T.);
#1639 = EDGE_CURVE('',#1632,#1623,#1640,.T.);
#1640 = CIRCLE('',#1641,5.15);
#1641 = AXIS2_PLACEMENT_3D('',#1642,#1643,#1644);
#1642 = CARTESIAN_POINT('',(-9.885,12.335,0.));
#1643 = DIRECTION('',(0.,-0.,1.));
#1644 = DIRECTION('',(0.,1.,0.));
#1645 = CYLINDRICAL_SURFACE('',#1646,5.15);
#1646 = AXIS2_PLACEMENT_3D('',#1647,#1648,#1649);
#1647 = CARTESIAN_POINT('',(-9.885,12.335,0.));
#1648 = DIRECTION('',(0.,0.,1.));
#1649 = DIRECTION('',(1.,0.,-0.));
#1650 = ADVANCED_FACE('',(#1651),#1711,.F.);
#1651 = FACE_BOUND('',#1652,.F.);
#1652 = EDGE_LOOP('',(#1653,#1654,#1662,#1671,#1679,#1688,#1696,#1705));
#1653 = ORIENTED_EDGE('',*,*,#1639,.T.);
#1654 = ORIENTED_EDGE('',*,*,#1655,.T.);
#1655 = EDGE_CURVE('',#1623,#1656,#1658,.T.);
#1656 = VERTEX_POINT('',#1657);
#1657 = CARTESIAN_POINT('',(-15.035,-15.275,0.));
#1658 = LINE('',#1659,#1660);
#1659 = CARTESIAN_POINT('',(-15.035,12.335,0.));
#1660 = VECTOR('',#1661,1.);
#1661 = DIRECTION('',(0.,-1.,0.));
#1662 = ORIENTED_EDGE('',*,*,#1663,.T.);
#1663 = EDGE_CURVE('',#1656,#1664,#1666,.T.);
#1664 = VERTEX_POINT('',#1665);
#1665 = CARTESIAN_POINT('',(-10.375,-19.935,0.));
#1666 = CIRCLE('',#1667,4.66);
#1667 = AXIS2_PLACEMENT_3D('',#1668,#1669,#1670);
#1668 = CARTESIAN_POINT('',(-10.375,-15.275,0.));
#1669 = DIRECTION('',(0.,0.,1.));
#1670 = DIRECTION('',(-1.,0.,0.));
#1671 = ORIENTED_EDGE('',*,*,#1672,.T.);
#1672 = EDGE_CURVE('',#1664,#1673,#1675,.T.);
#1673 = VERTEX_POINT('',#1674);
#1674 = CARTESIAN_POINT('',(9.885,-19.935,0.));
#1675 = LINE('',#1676,#1677);
#1676 = CARTESIAN_POINT('',(-10.375,-19.935,0.));
#1677 = VECTOR('',#1678,1.);
#1678 = DIRECTION('',(1.,0.,0.));
#1679 = ORIENTED_EDGE('',*,*,#1680,.T.);
#1680 = EDGE_CURVE('',#1673,#1681,#1683,.T.);
#1681 = VERTEX_POINT('',#1682);
#1682 = CARTESIAN_POINT('',(15.035,-14.785,0.));
#1683 = CIRCLE('',#1684,5.15);
#1684 = AXIS2_PLACEMENT_3D('',#1685,#1686,#1687);
#1685 = CARTESIAN_POINT('',(9.885,-14.785,0.));
#1686 = DIRECTION('',(0.,0.,1.));
#1687 = DIRECTION('',(0.,-1.,0.));
#1688 = ORIENTED_EDGE('',*,*,#1689,.T.);
#1689 = EDGE_CURVE('',#1681,#1690,#1692,.T.);
#1690 = VERTEX_POINT('',#1691);
#1691 = CARTESIAN_POINT('',(15.035,12.335,0.));
#1692 = LINE('',#1693,#1694);
#1693 = CARTESIAN_POINT('',(15.035,-14.785,0.));
#1694 = VECTOR('',#1695,1.);
#1695 = DIRECTION('',(0.,1.,0.));
#1696 = ORIENTED_EDGE('',*,*,#1697,.T.);
#1697 = EDGE_CURVE('',#1690,#1698,#1700,.T.);
#1698 = VERTEX_POINT('',#1699);
#1699 = CARTESIAN_POINT('',(9.885,17.485,0.));
#1700 = CIRCLE('',#1701,5.15);
#1701 = AXIS2_PLACEMENT_3D('',#1702,#1703,#1704);
#1702 = CARTESIAN_POINT('',(9.885,12.335,0.));
#1703 = DIRECTION('',(0.,0.,1.));
#1704 = DIRECTION('',(1.,0.,-0.));
#1705 = ORIENTED_EDGE('',*,*,#1706,.T.);
#1706 = EDGE_CURVE('',#1698,#1632,#1707,.T.);
#1707 = LINE('',#1708,#1709);
#1708 = CARTESIAN_POINT('',(9.885,17.485,0.));
#1709 = VECTOR('',#1710,1.);
#1710 = DIRECTION('',(-1.,0.,0.));
#1711 = PLANE('',#1712);
#1712 = AXIS2_PLACEMENT_3D('',#1713,#1714,#1715);
#1713 = CARTESIAN_POINT('',(0.,0.,0.));
#1714 = DIRECTION('',(0.,0.,1.));
#1715 = DIRECTION('',(1.,0.,-0.));
#1716 = ADVANCED_FACE('',(#1717),#1728,.T.);
#1717 = FACE_BOUND('',#1718,.F.);
#1718 = EDGE_LOOP('',(#1719,#1720,#1721,#1722));
#1719 = ORIENTED_EDGE('',*,*,#1655,.F.);
#1720 = ORIENTED_EDGE('',*,*,#1622,.T.);
#1721 = ORIENTED_EDGE('',*,*,#1598,.T.);
#1722 = ORIENTED_EDGE('',*,*,#1723,.F.);
#1723 = EDGE_CURVE('',#1656,#1590,#1724,.T.);
#1724 = LINE('',#1725,#1726);
#1725 = CARTESIAN_POINT('',(-15.035,-15.275,0.));
#1726 = VECTOR('',#1727,1.);
#1727 = DIRECTION('',(0.,0.,1.));
#1728 = PLANE('',#1729);
#1729 = AXIS2_PLACEMENT_3D('',#1730,#1731,#1732);
#1730 = CARTESIAN_POINT('',(-15.035,12.335,0.));
#1731 = DIRECTION('',(-1.,0.,0.));
#1732 = DIRECTION('',(0.,-1.,0.));
#1733 = ADVANCED_FACE('',(#1734),#1745,.T.);
#1734 = FACE_BOUND('',#1735,.T.);
#1735 = EDGE_LOOP('',(#1736,#1742,#1743,#1744));
#1736 = ORIENTED_EDGE('',*,*,#1737,.T.);
#1737 = EDGE_CURVE('',#1664,#1582,#1738,.T.);
#1738 = LINE('',#1739,#1740);
#1739 = CARTESIAN_POINT('',(-10.375,-19.935,0.));
#1740 = VECTOR('',#1741,1.);
#1741 = DIRECTION('',(0.,0.,1.));
#1742 = ORIENTED_EDGE('',*,*,#1589,.F.);
#1743 = ORIENTED_EDGE('',*,*,#1723,.F.);
#1744 = ORIENTED_EDGE('',*,*,#1663,.T.);
#1745 = CYLINDRICAL_SURFACE('',#1746,4.66);
#1746 = AXIS2_PLACEMENT_3D('',#1747,#1748,#1749);
#1747 = CARTESIAN_POINT('',(-10.375,-15.275,0.));
#1748 = DIRECTION('',(0.,0.,1.));
#1749 = DIRECTION('',(1.,0.,-0.));
#1750 = ADVANCED_FACE('',(#1751),#1762,.T.);
#1751 = FACE_BOUND('',#1752,.F.);
#1752 = EDGE_LOOP('',(#1753,#1754,#1755,#1756));
#1753 = ORIENTED_EDGE('',*,*,#1672,.F.);
#1754 = ORIENTED_EDGE('',*,*,#1737,.T.);
#1755 = ORIENTED_EDGE('',*,*,#1581,.T.);
#1756 = ORIENTED_EDGE('',*,*,#1757,.F.);
#1757 = EDGE_CURVE('',#1673,#1573,#1758,.T.);
#1758 = LINE('',#1759,#1760);
#1759 = CARTESIAN_POINT('',(9.885,-19.935,0.));
#1760 = VECTOR('',#1761,1.);
#1761 = DIRECTION('',(0.,0.,1.));
#1762 = PLANE('',#1763);
#1763 = AXIS2_PLACEMENT_3D('',#1764,#1765,#1766);
#1764 = CARTESIAN_POINT('',(-10.375,-19.935,0.));
#1765 = DIRECTION('',(0.,-1.,0.));
#1766 = DIRECTION('',(1.,0.,0.));
#1767 = ADVANCED_FACE('',(#1768),#1779,.T.);
#1768 = FACE_BOUND('',#1769,.T.);
#1769 = EDGE_LOOP('',(#1770,#1776,#1777,#1778));
#1770 = ORIENTED_EDGE('',*,*,#1771,.T.);
#1771 = EDGE_CURVE('',#1681,#1565,#1772,.T.);
#1772 = LINE('',#1773,#1774);
#1773 = CARTESIAN_POINT('',(15.035,-14.785,0.));
#1774 = VECTOR('',#1775,1.);
#1775 = DIRECTION('',(0.,0.,1.));
#1776 = ORIENTED_EDGE('',*,*,#1572,.F.);
#1777 = ORIENTED_EDGE('',*,*,#1757,.F.);
#1778 = ORIENTED_EDGE('',*,*,#1680,.T.);
#1779 = CYLINDRICAL_SURFACE('',#1780,5.15);
#1780 = AXIS2_PLACEMENT_3D('',#1781,#1782,#1783);
#1781 = CARTESIAN_POINT('',(9.885,-14.785,0.));
#1782 = DIRECTION('',(0.,0.,1.));
#1783 = DIRECTION('',(1.,0.,-0.));
#1784 = ADVANCED_FACE('',(#1785),#1796,.T.);
#1785 = FACE_BOUND('',#1786,.F.);
#1786 = EDGE_LOOP('',(#1787,#1788,#1789,#1790));
#1787 = ORIENTED_EDGE('',*,*,#1689,.F.);
#1788 = ORIENTED_EDGE('',*,*,#1771,.T.);
#1789 = ORIENTED_EDGE('',*,*,#1564,.T.);
#1790 = ORIENTED_EDGE('',*,*,#1791,.F.);
#1791 = EDGE_CURVE('',#1690,#1556,#1792,.T.);
#1792 = LINE('',#1793,#1794);
#1793 = CARTESIAN_POINT('',(15.035,12.335,0.));
#1794 = VECTOR('',#1795,1.);
#1795 = DIRECTION('',(0.,0.,1.));
#1796 = PLANE('',#1797);
#1797 = AXIS2_PLACEMENT_3D('',#1798,#1799,#1800);
#1798 = CARTESIAN_POINT('',(15.035,-14.785,0.));
#1799 = DIRECTION('',(1.,0.,0.));
#1800 = DIRECTION('',(-0.,1.,0.));
#1801 = ADVANCED_FACE('',(#1802),#1813,.T.);
#1802 = FACE_BOUND('',#1803,.T.);
#1803 = EDGE_LOOP('',(#1804,#1810,#1811,#1812));
#1804 = ORIENTED_EDGE('',*,*,#1805,.T.);
#1805 = EDGE_CURVE('',#1698,#1548,#1806,.T.);
#1806 = LINE('',#1807,#1808);
#1807 = CARTESIAN_POINT('',(9.885,17.485,0.));
#1808 = VECTOR('',#1809,1.);
#1809 = DIRECTION('',(0.,0.,1.));
#1810 = ORIENTED_EDGE('',*,*,#1555,.F.);
#1811 = ORIENTED_EDGE('',*,*,#1791,.F.);
#1812 = ORIENTED_EDGE('',*,*,#1697,.T.);
#1813 = CYLINDRICAL_SURFACE('',#1814,5.15);
#1814 = AXIS2_PLACEMENT_3D('',#1815,#1816,#1817);
#1815 = CARTESIAN_POINT('',(9.885,12.335,0.));
#1816 = DIRECTION('',(0.,0.,1.));
#1817 = DIRECTION('',(1.,0.,-0.));
#1818 = ADVANCED_FACE('',(#1819),#1825,.T.);
#1819 = FACE_BOUND('',#1820,.F.);
#1820 = EDGE_LOOP('',(#1821,#1822,#1823,#1824));
#1821 = ORIENTED_EDGE('',*,*,#1706,.F.);
#1822 = ORIENTED_EDGE('',*,*,#1805,.T.);
#1823 = ORIENTED_EDGE('',*,*,#1547,.T.);
#1824 = ORIENTED_EDGE('',*,*,#1631,.F.);
#1825 = PLANE('',#1826);
#1826 = AXIS2_PLACEMENT_3D('',#1827,#1828,#1829);
#1827 = CARTESIAN_POINT('',(9.885,17.485,0.));
#1828 = DIRECTION('',(0.,1.,0.));
#1829 = DIRECTION('',(-1.,0.,0.));
#1830 = ADVANCED_FACE('',(#1831),#1850,.T.);
#1831 = FACE_BOUND('',#1832,.T.);
#1832 = EDGE_LOOP('',(#1833,#1834,#1835,#1843));
#1833 = ORIENTED_EDGE('',*,*,#1134,.T.);
#1834 = ORIENTED_EDGE('',*,*,#1235,.F.);
#1835 = ORIENTED_EDGE('',*,*,#1836,.F.);
#1836 = EDGE_CURVE('',#1837,#1236,#1839,.T.);
#1837 = VERTEX_POINT('',#1838);
#1838 = CARTESIAN_POINT('',(14.685,-14.785,2.));
#1839 = LINE('',#1840,#1841);
#1840 = CARTESIAN_POINT('',(14.685,-14.785,2.));
#1841 = VECTOR('',#1842,1.);
#1842 = DIRECTION('',(0.,0.,-1.));
#1843 = ORIENTED_EDGE('',*,*,#1844,.F.);
#1844 = EDGE_CURVE('',#1127,#1837,#1845,.T.);
#1845 = CIRCLE('',#1846,4.8);
#1846 = AXIS2_PLACEMENT_3D('',#1847,#1848,#1849);
#1847 = CARTESIAN_POINT('',(9.885,-14.785,2.));
#1848 = DIRECTION('',(0.,0.,1.));
#1849 = DIRECTION('',(-1.110223024625E-14,-1.,0.));
#1850 = CYLINDRICAL_SURFACE('',#1851,4.8);
#1851 = AXIS2_PLACEMENT_3D('',#1852,#1853,#1854);
#1852 = CARTESIAN_POINT('',(9.885,-14.785,2.));
#1853 = DIRECTION('',(0.,0.,1.));
#1854 = DIRECTION('',(1.,0.,-0.));
#1855 = ADVANCED_FACE('',(#1856,#1928),#1981,.F.);
#1856 = FACE_BOUND('',#1857,.F.);
#1857 = EDGE_LOOP('',(#1858,#1869,#1877,#1886,#1895,#1904,#1912,#1921));
#1858 = ORIENTED_EDGE('',*,*,#1859,.T.);
#1859 = EDGE_CURVE('',#1860,#1862,#1864,.T.);
#1860 = VERTEX_POINT('',#1861);
#1861 = CARTESIAN_POINT('',(-10.14700875205,18.89157860357,2.));
#1862 = VERTEX_POINT('',#1863);
#1863 = CARTESIAN_POINT('',(-16.565,11.94624359436,2.));
#1864 = CIRCLE('',#1865,6.967);
#1865 = AXIS2_PLACEMENT_3D('',#1866,#1867,#1868);
#1866 = CARTESIAN_POINT('',(-9.598,11.94624359436,2.));
#1867 = DIRECTION('',(0.,0.,1.));
#1868 = DIRECTION('',(-7.880131362887E-02,0.996890341497,0.));
#1869 = ORIENTED_EDGE('',*,*,#1870,.F.);
#1870 = EDGE_CURVE('',#1871,#1862,#1873,.T.);
#1871 = VERTEX_POINT('',#1872);
#1872 = CARTESIAN_POINT('',(-16.565,-14.49224359436,2.));
#1873 = LINE('',#1874,#1875);
#1874 = CARTESIAN_POINT('',(-16.565,-14.49224359436,2.));
#1875 = VECTOR('',#1876,1.);
#1876 = DIRECTION('',(0.,1.,0.));
#1877 = ORIENTED_EDGE('',*,*,#1878,.T.);
#1878 = EDGE_CURVE('',#1871,#1879,#1881,.T.);
#1879 = VERTEX_POINT('',#1880);
#1880 = CARTESIAN_POINT('',(-10.14700875205,-21.43757860357,2.));
#1881 = CIRCLE('',#1882,6.967);
#1882 = AXIS2_PLACEMENT_3D('',#1883,#1884,#1885);
#1883 = CARTESIAN_POINT('',(-9.598,-14.49224359436,2.));
#1884 = DIRECTION('',(0.,0.,1.));
#1885 = DIRECTION('',(-1.,0.,0.));
#1886 = ORIENTED_EDGE('',*,*,#1887,.T.);
#1887 = EDGE_CURVE('',#1879,#1888,#1890,.T.);
#1888 = VERTEX_POINT('',#1889);
#1889 = CARTESIAN_POINT('',(10.14700875205,-21.43757860357,2.));
#1890 = CIRCLE('',#1891,128.767);
#1891 = AXIS2_PLACEMENT_3D('',#1892,#1893,#1894);
#1892 = CARTESIAN_POINT('',(-2.537779171749E-14,106.929,2.));
#1893 = DIRECTION('',(0.,0.,1.));
#1894 = DIRECTION('',(-7.88013136289E-02,-0.996890341497,0.));
#1895 = ORIENTED_EDGE('',*,*,#1896,.T.);
#1896 = EDGE_CURVE('',#1888,#1897,#1899,.T.);
#1897 = VERTEX_POINT('',#1898);
#1898 = CARTESIAN_POINT('',(16.565,-14.49224359436,2.));
#1899 = CIRCLE('',#1900,6.967);
#1900 = AXIS2_PLACEMENT_3D('',#1901,#1902,#1903);
#1901 = CARTESIAN_POINT('',(9.598,-14.49224359436,2.));
#1902 = DIRECTION('',(0.,0.,1.));
#1903 = DIRECTION('',(7.880131362887E-02,-0.996890341497,0.));
#1904 = ORIENTED_EDGE('',*,*,#1905,.F.);
#1905 = EDGE_CURVE('',#1906,#1897,#1908,.T.);
#1906 = VERTEX_POINT('',#1907);
#1907 = CARTESIAN_POINT('',(16.565,11.94624359436,2.));
#1908 = LINE('',#1909,#1910);
#1909 = CARTESIAN_POINT('',(16.565,11.94624359436,2.));
#1910 = VECTOR('',#1911,1.);
#1911 = DIRECTION('',(0.,-1.,0.));
#1912 = ORIENTED_EDGE('',*,*,#1913,.T.);
#1913 = EDGE_CURVE('',#1906,#1914,#1916,.T.);
#1914 = VERTEX_POINT('',#1915);
#1915 = CARTESIAN_POINT('',(10.14700875205,18.89157860357,2.));
#1916 = CIRCLE('',#1917,6.967);
#1917 = AXIS2_PLACEMENT_3D('',#1918,#1919,#1920);
#1918 = CARTESIAN_POINT('',(9.598,11.94624359436,2.));
#1919 = DIRECTION('',(0.,0.,1.));
#1920 = DIRECTION('',(1.,0.,-0.));
#1921 = ORIENTED_EDGE('',*,*,#1922,.T.);
#1922 = EDGE_CURVE('',#1914,#1860,#1923,.T.);
#1923 = CIRCLE('',#1924,128.767);
#1924 = AXIS2_PLACEMENT_3D('',#1925,#1926,#1927);
#1925 = CARTESIAN_POINT('',(-2.537779171749E-14,-109.475,2.));
#1926 = DIRECTION('',(0.,0.,1.));
#1927 = DIRECTION('',(7.88013136289E-02,0.996890341497,-0.));
#1928 = FACE_BOUND('',#1929,.F.);
#1929 = EDGE_LOOP('',(#1930,#1940,#1949,#1957,#1966,#1972,#1973,#1974));
#1930 = ORIENTED_EDGE('',*,*,#1931,.T.);
#1931 = EDGE_CURVE('',#1932,#1934,#1936,.T.);
#1932 = VERTEX_POINT('',#1933);
#1933 = CARTESIAN_POINT('',(-14.685,-15.275,2.));
#1934 = VERTEX_POINT('',#1935);
#1935 = CARTESIAN_POINT('',(-14.685,12.335,2.));
#1936 = LINE('',#1937,#1938);
#1937 = CARTESIAN_POINT('',(-14.685,-15.275,2.));
#1938 = VECTOR('',#1939,1.);
#1939 = DIRECTION('',(0.,1.,0.));
#1940 = ORIENTED_EDGE('',*,*,#1941,.F.);
#1941 = EDGE_CURVE('',#1942,#1934,#1944,.T.);
#1942 = VERTEX_POINT('',#1943);
#1943 = CARTESIAN_POINT('',(-9.885,17.135,2.));
#1944 = CIRCLE('',#1945,4.8);
#1945 = AXIS2_PLACEMENT_3D('',#1946,#1947,#1948);
#1946 = CARTESIAN_POINT('',(-9.885,12.335,2.));
#1947 = DIRECTION('',(0.,0.,1.));
#1948 = DIRECTION('',(1.480297366167E-14,1.,-0.));
#1949 = ORIENTED_EDGE('',*,*,#1950,.T.);
#1950 = EDGE_CURVE('',#1942,#1951,#1953,.T.);
#1951 = VERTEX_POINT('',#1952);
#1952 = CARTESIAN_POINT('',(9.885,17.135,2.));
#1953 = LINE('',#1954,#1955);
#1954 = CARTESIAN_POINT('',(-9.885,17.135,2.));
#1955 = VECTOR('',#1956,1.);
#1956 = DIRECTION('',(1.,0.,0.));
#1957 = ORIENTED_EDGE('',*,*,#1958,.F.);
#1958 = EDGE_CURVE('',#1959,#1951,#1961,.T.);
#1959 = VERTEX_POINT('',#1960);
#1960 = CARTESIAN_POINT('',(14.685,12.335,2.));
#1961 = CIRCLE('',#1962,4.8);
#1962 = AXIS2_PLACEMENT_3D('',#1963,#1964,#1965);
#1963 = CARTESIAN_POINT('',(9.885,12.335,2.));
#1964 = DIRECTION('',(0.,0.,1.));
#1965 = DIRECTION('',(1.,0.,-0.));
#1966 = ORIENTED_EDGE('',*,*,#1967,.T.);
#1967 = EDGE_CURVE('',#1959,#1837,#1968,.T.);
#1968 = LINE('',#1969,#1970);
#1969 = CARTESIAN_POINT('',(14.685,12.335,2.));
#1970 = VECTOR('',#1971,1.);
#1971 = DIRECTION('',(0.,-1.,0.));
#1972 = ORIENTED_EDGE('',*,*,#1844,.F.);
#1973 = ORIENTED_EDGE('',*,*,#1126,.T.);
#1974 = ORIENTED_EDGE('',*,*,#1975,.F.);
#1975 = EDGE_CURVE('',#1932,#1119,#1976,.T.);
#1976 = CIRCLE('',#1977,4.31);
#1977 = AXIS2_PLACEMENT_3D('',#1978,#1979,#1980);
#1978 = CARTESIAN_POINT('',(-10.375,-15.275,2.));
#1979 = DIRECTION('',(0.,0.,1.));
#1980 = DIRECTION('',(-1.,0.,0.));
#1981 = PLANE('',#1982);
#1982 = AXIS2_PLACEMENT_3D('',#1983,#1984,#1985);
#1983 = CARTESIAN_POINT('',(0.,0.,2.));
#1984 = DIRECTION('',(0.,0.,1.));
#1985 = DIRECTION('',(1.,0.,-0.));
#1986 = ADVANCED_FACE('',(#1987),#2003,.F.);
#1987 = FACE_BOUND('',#1988,.F.);
#1988 = EDGE_LOOP('',(#1989,#1990,#1996,#1997));
#1989 = ORIENTED_EDGE('',*,*,#1931,.F.);
#1990 = ORIENTED_EDGE('',*,*,#1991,.T.);
#1991 = EDGE_CURVE('',#1932,#1279,#1992,.T.);
#1992 = LINE('',#1993,#1994);
#1993 = CARTESIAN_POINT('',(-14.685,-15.275,2.));
#1994 = VECTOR('',#1995,1.);
#1995 = DIRECTION('',(0.,0.,-1.));
#1996 = ORIENTED_EDGE('',*,*,#1278,.T.);
#1997 = ORIENTED_EDGE('',*,*,#1998,.F.);
#1998 = EDGE_CURVE('',#1934,#1270,#1999,.T.);
#1999 = LINE('',#2000,#2001);
#2000 = CARTESIAN_POINT('',(-14.685,12.335,2.));
#2001 = VECTOR('',#2002,1.);
#2002 = DIRECTION('',(0.,0.,-1.));
#2003 = PLANE('',#2004);
#2004 = AXIS2_PLACEMENT_3D('',#2005,#2006,#2007);
#2005 = CARTESIAN_POINT('',(-14.685,-15.275,2.));
#2006 = DIRECTION('',(1.,0.,0.));
#2007 = DIRECTION('',(-0.,1.,0.));
#2008 = ADVANCED_FACE('',(#2009),#2015,.T.);
#2009 = FACE_BOUND('',#2010,.T.);
#2010 = EDGE_LOOP('',(#2011,#2012,#2013,#2014));
#2011 = ORIENTED_EDGE('',*,*,#1991,.T.);
#2012 = ORIENTED_EDGE('',*,*,#1286,.F.);
#2013 = ORIENTED_EDGE('',*,*,#1118,.F.);
#2014 = ORIENTED_EDGE('',*,*,#1975,.F.);
#2015 = CYLINDRICAL_SURFACE('',#2016,4.31);
#2016 = AXIS2_PLACEMENT_3D('',#2017,#2018,#2019);
#2017 = CARTESIAN_POINT('',(-10.375,-15.275,2.));
#2018 = DIRECTION('',(0.,0.,1.));
#2019 = DIRECTION('',(1.,0.,-0.));
#2020 = ADVANCED_FACE('',(#2021),#2032,.T.);
#2021 = FACE_BOUND('',#2022,.T.);
#2022 = EDGE_LOOP('',(#2023,#2029,#2030,#2031));
#2023 = ORIENTED_EDGE('',*,*,#2024,.T.);
#2024 = EDGE_CURVE('',#1942,#1262,#2025,.T.);
#2025 = LINE('',#2026,#2027);
#2026 = CARTESIAN_POINT('',(-9.885,17.135,2.));
#2027 = VECTOR('',#2028,1.);
#2028 = DIRECTION('',(0.,0.,-1.));
#2029 = ORIENTED_EDGE('',*,*,#1269,.F.);
#2030 = ORIENTED_EDGE('',*,*,#1998,.F.);
#2031 = ORIENTED_EDGE('',*,*,#1941,.F.);
#2032 = CYLINDRICAL_SURFACE('',#2033,4.8);
#2033 = AXIS2_PLACEMENT_3D('',#2034,#2035,#2036);
#2034 = CARTESIAN_POINT('',(-9.885,12.335,2.));
#2035 = DIRECTION('',(0.,0.,1.));
#2036 = DIRECTION('',(1.,0.,-0.));
#2037 = ADVANCED_FACE('',(#2038),#2049,.F.);
#2038 = FACE_BOUND('',#2039,.F.);
#2039 = EDGE_LOOP('',(#2040,#2041,#2042,#2043));
#2040 = ORIENTED_EDGE('',*,*,#1950,.F.);
#2041 = ORIENTED_EDGE('',*,*,#2024,.T.);
#2042 = ORIENTED_EDGE('',*,*,#1261,.T.);
#2043 = ORIENTED_EDGE('',*,*,#2044,.F.);
#2044 = EDGE_CURVE('',#1951,#1253,#2045,.T.);
#2045 = LINE('',#2046,#2047);
#2046 = CARTESIAN_POINT('',(9.885,17.135,2.));
#2047 = VECTOR('',#2048,1.);
#2048 = DIRECTION('',(0.,0.,-1.));
#2049 = PLANE('',#2050);
#2050 = AXIS2_PLACEMENT_3D('',#2051,#2052,#2053);
#2051 = CARTESIAN_POINT('',(-9.885,17.135,2.));
#2052 = DIRECTION('',(0.,-1.,0.));
#2053 = DIRECTION('',(1.,0.,0.));
#2054 = ADVANCED_FACE('',(#2055),#2066,.T.);
#2055 = FACE_BOUND('',#2056,.T.);
#2056 = EDGE_LOOP('',(#2057,#2063,#2064,#2065));
#2057 = ORIENTED_EDGE('',*,*,#2058,.T.);
#2058 = EDGE_CURVE('',#1959,#1245,#2059,.T.);
#2059 = LINE('',#2060,#2061);
#2060 = CARTESIAN_POINT('',(14.685,12.335,2.));
#2061 = VECTOR('',#2062,1.);
#2062 = DIRECTION('',(0.,0.,-1.));
#2063 = ORIENTED_EDGE('',*,*,#1252,.F.);
#2064 = ORIENTED_EDGE('',*,*,#2044,.F.);
#2065 = ORIENTED_EDGE('',*,*,#1958,.F.);
#2066 = CYLINDRICAL_SURFACE('',#2067,4.8);
#2067 = AXIS2_PLACEMENT_3D('',#2068,#2069,#2070);
#2068 = CARTESIAN_POINT('',(9.885,12.335,2.));
#2069 = DIRECTION('',(0.,0.,1.));
#2070 = DIRECTION('',(1.,0.,-0.));
#2071 = ADVANCED_FACE('',(#2072),#2078,.F.);
#2072 = FACE_BOUND('',#2073,.F.);
#2073 = EDGE_LOOP('',(#2074,#2075,#2076,#2077));
#2074 = ORIENTED_EDGE('',*,*,#1967,.F.);
#2075 = ORIENTED_EDGE('',*,*,#2058,.T.);
#2076 = ORIENTED_EDGE('',*,*,#1244,.T.);
#2077 = ORIENTED_EDGE('',*,*,#1836,.F.);
#2078 = PLANE('',#2079);
#2079 = AXIS2_PLACEMENT_3D('',#2080,#2081,#2082);
#2080 = CARTESIAN_POINT('',(14.685,12.335,2.));
#2081 = DIRECTION('',(-1.,0.,0.));
#2082 = DIRECTION('',(0.,-1.,0.));
#2083 = ADVANCED_FACE('',(#2084),#2110,.T.);
#2084 = FACE_BOUND('',#2085,.T.);
#2085 = EDGE_LOOP('',(#2086,#2094,#2095,#2103));
#2086 = ORIENTED_EDGE('',*,*,#2087,.T.);
#2087 = EDGE_CURVE('',#2088,#1860,#2090,.T.);
#2088 = VERTEX_POINT('',#2089);
#2089 = CARTESIAN_POINT('',(-10.14700875205,18.89157860357,2.72));
#2090 = LINE('',#2091,#2092);
#2091 = CARTESIAN_POINT('',(-10.14700875205,18.89157860357,2.72));
#2092 = VECTOR('',#2093,1.);
#2093 = DIRECTION('',(8.141635513918E-14,0.,-1.));
#2094 = ORIENTED_EDGE('',*,*,#1859,.T.);
#2095 = ORIENTED_EDGE('',*,*,#2096,.F.);
#2096 = EDGE_CURVE('',#2097,#1862,#2099,.T.);
#2097 = VERTEX_POINT('',#2098);
#2098 = CARTESIAN_POINT('',(-16.565,11.94624359436,2.72));
#2099 = LINE('',#2100,#2101);
#2100 = CARTESIAN_POINT('',(-16.565,11.94624359436,2.72));
#2101 = VECTOR('',#2102,1.);
#2102 = DIRECTION('',(0.,0.,-1.));
#2103 = ORIENTED_EDGE('',*,*,#2104,.F.);
#2104 = EDGE_CURVE('',#2088,#2097,#2105,.T.);
#2105 = CIRCLE('',#2106,6.967);
#2106 = AXIS2_PLACEMENT_3D('',#2107,#2108,#2109);
#2107 = CARTESIAN_POINT('',(-9.598,11.94624359436,2.72));
#2108 = DIRECTION('',(0.,0.,1.));
#2109 = DIRECTION('',(-7.88013136289E-02,0.996890341497,0.));
#2110 = CYLINDRICAL_SURFACE('',#2111,6.967);
#2111 = AXIS2_PLACEMENT_3D('',#2112,#2113,#2114);
#2112 = CARTESIAN_POINT('',(-9.598,11.94624359436,3.8));
#2113 = DIRECTION('',(0.,0.,1.));
#2114 = DIRECTION('',(1.,0.,-0.));
#2115 = ADVANCED_FACE('',(#2116),#2156,.T.);
#2116 = FACE_BOUND('',#2117,.T.);
#2117 = EDGE_LOOP('',(#2118,#2133,#2134,#2149));
#2118 = ORIENTED_EDGE('',*,*,#2119,.T.);
#2119 = EDGE_CURVE('',#2120,#2088,#2122,.T.);
#2120 = VERTEX_POINT('',#2121);
#2121 = CARTESIAN_POINT('',(-9.989406124795,16.89779792057,3.8));
#2122 = B_SPLINE_CURVE_WITH_KNOTS('',3,(#2123,#2124,#2125,#2126,#2127,
    #2128,#2129,#2130,#2131,#2132),.UNSPECIFIED.,.F.,.F.,(4,1,1,1,1,1,1,
    4),(0.,0.142857142857,0.285714285714,0.428571428571,0.571428571429,
    0.714285714286,0.857142857143,1.),.UNSPECIFIED.);
#2123 = CARTESIAN_POINT('',(-9.989406124795,16.89779792057,3.8));
#2124 = CARTESIAN_POINT('',(-10.00270283265,17.06601034021,3.8));
#2125 = CARTESIAN_POINT('',(-10.02808087024,17.3870598176,3.796647077551
    ));
#2126 = CARTESIAN_POINT('',(-10.05999724342,17.79082369781,
    3.746006296695));
#2127 = CARTESIAN_POINT('',(-10.08950740465,18.16414735649,
    3.645114656296));
#2128 = CARTESIAN_POINT('',(-10.11506632302,18.48748509901,
    3.490625323078));
#2129 = CARTESIAN_POINT('',(-10.13443271768,18.73248319489,
    3.287951344911));
#2130 = CARTESIAN_POINT('',(-10.14604877872,18.8794342864,3.039568704035
    ));
#2131 = CARTESIAN_POINT('',(-10.14700875205,18.89157860357,
    2.831088225665));
#2132 = CARTESIAN_POINT('',(-10.14700875205,18.89157860357,2.72));
#2133 = ORIENTED_EDGE('',*,*,#2104,.T.);
#2134 = ORIENTED_EDGE('',*,*,#2135,.F.);
#2135 = EDGE_CURVE('',#2136,#2097,#2138,.T.);
#2136 = VERTEX_POINT('',#2137);
#2137 = CARTESIAN_POINT('',(-14.565,11.94624359436,3.8));
#2138 = B_SPLINE_CURVE_WITH_KNOTS('',3,(#2139,#2140,#2141,#2142,#2143,
    #2144,#2145,#2146,#2147,#2148),.UNSPECIFIED.,.F.,.F.,(4,1,1,1,1,1,1,
    4),(0.,0.125,0.25,0.5,0.625,0.75,0.875,1.),.UNSPECIFIED.);
#2139 = CARTESIAN_POINT('',(-14.565,11.94624359436,3.8));
#2140 = CARTESIAN_POINT('',(-14.69833333333,11.94624359436,3.8));
#2141 = CARTESIAN_POINT('',(-14.96565450295,11.94624359436,
    3.799271453163));
#2142 = CARTESIAN_POINT('',(-15.49955300608,11.94624359436,
    3.750591952933));
#2143 = CARTESIAN_POINT('',(-15.99238594566,11.94624359436,
    3.596958016816));
#2144 = CARTESIAN_POINT('',(-16.33343634357,11.94624359436,
    3.357675482339));
#2145 = CARTESIAN_POINT('',(-16.4954517837,11.94624359436,3.15259525776)
  );
#2146 = CARTESIAN_POINT('',(-16.56381902162,11.94624359436,
    2.936349736622));
#2147 = CARTESIAN_POINT('',(-16.565,11.94624359436,2.792));
#2148 = CARTESIAN_POINT('',(-16.565,11.94624359436,2.72));
#2149 = ORIENTED_EDGE('',*,*,#2150,.F.);
#2150 = EDGE_CURVE('',#2120,#2136,#2151,.T.);
#2151 = CIRCLE('',#2152,4.967);
#2152 = AXIS2_PLACEMENT_3D('',#2153,#2154,#2155);
#2153 = CARTESIAN_POINT('',(-9.598,11.94624359436,3.8));
#2154 = DIRECTION('',(0.,0.,1.));
#2155 = DIRECTION('',(-7.88013136289E-02,0.996890341497,0.));
#2156 = SURFACE_OF_REVOLUTION('',#2157,#2165);
#2157 = B_SPLINE_CURVE_WITH_KNOTS('',3,(#2158,#2159,#2160,#2161,#2162,
    #2163,#2164),.UNSPECIFIED.,.F.,.F.,(4,1,1,1,4),(0.,0.25,0.5,0.75,1.)
  ,.QUASI_UNIFORM_KNOTS.);
#2158 = CARTESIAN_POINT('',(-10.14721302174,18.89416275438,2.59979314598
    ));
#2159 = CARTESIAN_POINT('',(-10.14636621265,18.88345004212,
    2.762676243998));
#2160 = CARTESIAN_POINT('',(-10.14933447902,18.92100063527,
    3.089890149554));
#2161 = CARTESIAN_POINT('',(-10.11424379046,18.47707950137,
    3.556320787655));
#2162 = CARTESIAN_POINT('',(-10.04706131097,17.62717533303,
    3.811145570878));
#2163 = CARTESIAN_POINT('',(-9.999126135452,17.02076268217,3.79707275696
    ));
#2164 = CARTESIAN_POINT('',(-9.975410481777,16.72074349464,
    3.800702200562));
#2165 = AXIS1_PLACEMENT('',#2166,#2167);
#2166 = CARTESIAN_POINT('',(-9.598,11.94624359436,2.72));
#2167 = DIRECTION('',(0.,0.,1.));
#2168 = ADVANCED_FACE('',(#2169,#2231),#2301,.T.);
#2169 = FACE_BOUND('',#2170,.F.);
#2170 = EDGE_LOOP('',(#2171,#2182,#2188,#2189,#2198,#2207,#2215,#2224));
#2171 = ORIENTED_EDGE('',*,*,#2172,.F.);
#2172 = EDGE_CURVE('',#2173,#2175,#2177,.T.);
#2173 = VERTEX_POINT('',#2174);
#2174 = CARTESIAN_POINT('',(-14.565,-14.49224359436,3.8));
#2175 = VERTEX_POINT('',#2176);
#2176 = CARTESIAN_POINT('',(-9.989406124795,-19.44379792057,3.8));
#2177 = CIRCLE('',#2178,4.967);
#2178 = AXIS2_PLACEMENT_3D('',#2179,#2180,#2181);
#2179 = CARTESIAN_POINT('',(-9.598,-14.49224359436,3.8));
#2180 = DIRECTION('',(0.,0.,1.));
#2181 = DIRECTION('',(-1.,0.,0.));
#2182 = ORIENTED_EDGE('',*,*,#2183,.F.);
#2183 = EDGE_CURVE('',#2136,#2173,#2184,.T.);
#2184 = LINE('',#2185,#2186);
#2185 = CARTESIAN_POINT('',(-14.565,11.94624359436,3.8));
#2186 = VECTOR('',#2187,1.);
#2187 = DIRECTION('',(0.,-1.,0.));
#2188 = ORIENTED_EDGE('',*,*,#2150,.F.);
#2189 = ORIENTED_EDGE('',*,*,#2190,.F.);
#2190 = EDGE_CURVE('',#2191,#2120,#2193,.T.);
#2191 = VERTEX_POINT('',#2192);
#2192 = CARTESIAN_POINT('',(9.989406124795,16.89779792057,3.8));
#2193 = CIRCLE('',#2194,126.767);
#2194 = AXIS2_PLACEMENT_3D('',#2195,#2196,#2197);
#2195 = CARTESIAN_POINT('',(-2.537779171749E-14,-109.475,3.8));
#2196 = DIRECTION('',(0.,0.,1.));
#2197 = DIRECTION('',(7.88013136289E-02,0.996890341497,-0.));
#2198 = ORIENTED_EDGE('',*,*,#2199,.F.);
#2199 = EDGE_CURVE('',#2200,#2191,#2202,.T.);
#2200 = VERTEX_POINT('',#2201);
#2201 = CARTESIAN_POINT('',(14.565,11.94624359436,3.8));
#2202 = CIRCLE('',#2203,4.967);
#2203 = AXIS2_PLACEMENT_3D('',#2204,#2205,#2206);
#2204 = CARTESIAN_POINT('',(9.598,11.94624359436,3.8));
#2205 = DIRECTION('',(0.,0.,1.));
#2206 = DIRECTION('',(1.,0.,-0.));
#2207 = ORIENTED_EDGE('',*,*,#2208,.F.);
#2208 = EDGE_CURVE('',#2209,#2200,#2211,.T.);
#2209 = VERTEX_POINT('',#2210);
#2210 = CARTESIAN_POINT('',(14.565,-14.49224359436,3.8));
#2211 = LINE('',#2212,#2213);
#2212 = CARTESIAN_POINT('',(14.565,-14.49224359436,3.8));
#2213 = VECTOR('',#2214,1.);
#2214 = DIRECTION('',(0.,1.,0.));
#2215 = ORIENTED_EDGE('',*,*,#2216,.F.);
#2216 = EDGE_CURVE('',#2217,#2209,#2219,.T.);
#2217 = VERTEX_POINT('',#2218);
#2218 = CARTESIAN_POINT('',(9.989406124795,-19.44379792057,3.8));
#2219 = CIRCLE('',#2220,4.967);
#2220 = AXIS2_PLACEMENT_3D('',#2221,#2222,#2223);
#2221 = CARTESIAN_POINT('',(9.598,-14.49224359436,3.8));
#2222 = DIRECTION('',(0.,0.,1.));
#2223 = DIRECTION('',(7.88013136289E-02,-0.996890341497,0.));
#2224 = ORIENTED_EDGE('',*,*,#2225,.F.);
#2225 = EDGE_CURVE('',#2175,#2217,#2226,.T.);
#2226 = CIRCLE('',#2227,126.767);
#2227 = AXIS2_PLACEMENT_3D('',#2228,#2229,#2230);
#2228 = CARTESIAN_POINT('',(-2.537779171749E-14,106.929,3.8));
#2229 = DIRECTION('',(0.,0.,1.));
#2230 = DIRECTION('',(-7.88013136289E-02,-0.996890341497,0.));
#2231 = FACE_BOUND('',#2232,.F.);
#2232 = EDGE_LOOP('',(#2233,#2243,#2252,#2260,#2269,#2277,#2286,#2294));
#2233 = ORIENTED_EDGE('',*,*,#2234,.F.);
#2234 = EDGE_CURVE('',#2235,#2237,#2239,.T.);
#2235 = VERTEX_POINT('',#2236);
#2236 = CARTESIAN_POINT('',(-8.985,16.715,3.8));
#2237 = VERTEX_POINT('',#2238);
#2238 = CARTESIAN_POINT('',(8.985,16.715,3.8));
#2239 = LINE('',#2240,#2241);
#2240 = CARTESIAN_POINT('',(-8.985,16.715,3.8));
#2241 = VECTOR('',#2242,1.);
#2242 = DIRECTION('',(1.,0.,0.));
#2243 = ORIENTED_EDGE('',*,*,#2244,.F.);
#2244 = EDGE_CURVE('',#2245,#2235,#2247,.T.);
#2245 = VERTEX_POINT('',#2246);
#2246 = CARTESIAN_POINT('',(-14.385,11.315,3.8));
#2247 = CIRCLE('',#2248,5.4);
#2248 = AXIS2_PLACEMENT_3D('',#2249,#2250,#2251);
#2249 = CARTESIAN_POINT('',(-8.985,11.315,3.8));
#2250 = DIRECTION('',(0.,0.,-1.));
#2251 = DIRECTION('',(-1.,0.,0.));
#2252 = ORIENTED_EDGE('',*,*,#2253,.F.);
#2253 = EDGE_CURVE('',#2254,#2245,#2256,.T.);
#2254 = VERTEX_POINT('',#2255);
#2255 = CARTESIAN_POINT('',(-14.385,-11.315,3.8));
#2256 = LINE('',#2257,#2258);
#2257 = CARTESIAN_POINT('',(-14.385,-11.315,3.8));
#2258 = VECTOR('',#2259,1.);
#2259 = DIRECTION('',(0.,1.,0.));
#2260 = ORIENTED_EDGE('',*,*,#2261,.F.);
#2261 = EDGE_CURVE('',#2262,#2254,#2264,.T.);
#2262 = VERTEX_POINT('',#2263);
#2263 = CARTESIAN_POINT('',(-8.985,-16.715,3.8));
#2264 = CIRCLE('',#2265,5.4);
#2265 = AXIS2_PLACEMENT_3D('',#2266,#2267,#2268);
#2266 = CARTESIAN_POINT('',(-8.985,-11.315,3.8));
#2267 = DIRECTION('',(0.,0.,-1.));
#2268 = DIRECTION('',(0.,-1.,0.));
#2269 = ORIENTED_EDGE('',*,*,#2270,.F.);
#2270 = EDGE_CURVE('',#2271,#2262,#2273,.T.);
#2271 = VERTEX_POINT('',#2272);
#2272 = CARTESIAN_POINT('',(8.985,-16.715,3.8));
#2273 = LINE('',#2274,#2275);
#2274 = CARTESIAN_POINT('',(8.985,-16.715,3.8));
#2275 = VECTOR('',#2276,1.);
#2276 = DIRECTION('',(-1.,0.,0.));
#2277 = ORIENTED_EDGE('',*,*,#2278,.F.);
#2278 = EDGE_CURVE('',#2279,#2271,#2281,.T.);
#2279 = VERTEX_POINT('',#2280);
#2280 = CARTESIAN_POINT('',(14.385,-11.315,3.8));
#2281 = CIRCLE('',#2282,5.4);
#2282 = AXIS2_PLACEMENT_3D('',#2283,#2284,#2285);
#2283 = CARTESIAN_POINT('',(8.985,-11.315,3.8));
#2284 = DIRECTION('',(0.,0.,-1.));
#2285 = DIRECTION('',(1.,0.,0.));
#2286 = ORIENTED_EDGE('',*,*,#2287,.F.);
#2287 = EDGE_CURVE('',#2288,#2279,#2290,.T.);
#2288 = VERTEX_POINT('',#2289);
#2289 = CARTESIAN_POINT('',(14.385,11.315,3.8));
#2290 = LINE('',#2291,#2292);
#2291 = CARTESIAN_POINT('',(14.385,11.315,3.8));
#2292 = VECTOR('',#2293,1.);
#2293 = DIRECTION('',(0.,-1.,0.));
#2294 = ORIENTED_EDGE('',*,*,#2295,.F.);
#2295 = EDGE_CURVE('',#2237,#2288,#2296,.T.);
#2296 = CIRCLE('',#2297,5.4);
#2297 = AXIS2_PLACEMENT_3D('',#2298,#2299,#2300);
#2298 = CARTESIAN_POINT('',(8.985,11.315,3.8));
#2299 = DIRECTION('',(0.,0.,-1.));
#2300 = DIRECTION('',(0.,1.,0.));
#2301 = PLANE('',#2302);
#2302 = AXIS2_PLACEMENT_3D('',#2303,#2304,#2305);
#2303 = CARTESIAN_POINT('',(0.,0.,3.8));
#2304 = DIRECTION('',(0.,0.,1.));
#2305 = DIRECTION('',(1.,0.,-0.));
#2306 = ADVANCED_FACE('',(#2307),#2332,.T.);
#2307 = FACE_BOUND('',#2308,.F.);
#2308 = EDGE_LOOP('',(#2309,#2319,#2325,#2326));
#2309 = ORIENTED_EDGE('',*,*,#2310,.F.);
#2310 = EDGE_CURVE('',#2311,#2313,#2315,.T.);
#2311 = VERTEX_POINT('',#2312);
#2312 = CARTESIAN_POINT('',(-8.985,16.715,3.75));
#2313 = VERTEX_POINT('',#2314);
#2314 = CARTESIAN_POINT('',(8.985,16.715,3.75));
#2315 = LINE('',#2316,#2317);
#2316 = CARTESIAN_POINT('',(-8.985,16.715,3.75));
#2317 = VECTOR('',#2318,1.);
#2318 = DIRECTION('',(1.,0.,0.));
#2319 = ORIENTED_EDGE('',*,*,#2320,.T.);
#2320 = EDGE_CURVE('',#2311,#2235,#2321,.T.);
#2321 = LINE('',#2322,#2323);
#2322 = CARTESIAN_POINT('',(-8.985,16.715,3.75));
#2323 = VECTOR('',#2324,1.);
#2324 = DIRECTION('',(-1.42108547152E-13,0.,1.));
#2325 = ORIENTED_EDGE('',*,*,#2234,.T.);
#2326 = ORIENTED_EDGE('',*,*,#2327,.F.);
#2327 = EDGE_CURVE('',#2313,#2237,#2328,.T.);
#2328 = LINE('',#2329,#2330);
#2329 = CARTESIAN_POINT('',(8.985,16.715,3.75));
#2330 = VECTOR('',#2331,1.);
#2331 = DIRECTION('',(1.7763568394E-13,0.,1.));
#2332 = PLANE('',#2333);
#2333 = AXIS2_PLACEMENT_3D('',#2334,#2335,#2336);
#2334 = CARTESIAN_POINT('',(-8.985,16.715,2.));
#2335 = DIRECTION('',(0.,-1.,0.));
#2336 = DIRECTION('',(1.,0.,0.));
#2337 = ADVANCED_FACE('',(#2338),#2399,.F.);
#2338 = FACE_BOUND('',#2339,.F.);
#2339 = EDGE_LOOP('',(#2340,#2341,#2350,#2358,#2367,#2375,#2384,#2392));
#2340 = ORIENTED_EDGE('',*,*,#2310,.T.);
#2341 = ORIENTED_EDGE('',*,*,#2342,.F.);
#2342 = EDGE_CURVE('',#2343,#2313,#2345,.T.);
#2343 = VERTEX_POINT('',#2344);
#2344 = CARTESIAN_POINT('',(14.385,11.315,3.75));
#2345 = CIRCLE('',#2346,5.4);
#2346 = AXIS2_PLACEMENT_3D('',#2347,#2348,#2349);
#2347 = CARTESIAN_POINT('',(8.985,11.315,3.75));
#2348 = DIRECTION('',(0.,0.,1.));
#2349 = DIRECTION('',(1.,0.,-0.));
#2350 = ORIENTED_EDGE('',*,*,#2351,.T.);
#2351 = EDGE_CURVE('',#2343,#2352,#2354,.T.);
#2352 = VERTEX_POINT('',#2353);
#2353 = CARTESIAN_POINT('',(14.385,-11.315,3.75));
#2354 = LINE('',#2355,#2356);
#2355 = CARTESIAN_POINT('',(14.385,11.315,3.75));
#2356 = VECTOR('',#2357,1.);
#2357 = DIRECTION('',(0.,-1.,0.));
#2358 = ORIENTED_EDGE('',*,*,#2359,.F.);
#2359 = EDGE_CURVE('',#2360,#2352,#2362,.T.);
#2360 = VERTEX_POINT('',#2361);
#2361 = CARTESIAN_POINT('',(8.985,-16.715,3.75));
#2362 = CIRCLE('',#2363,5.4);
#2363 = AXIS2_PLACEMENT_3D('',#2364,#2365,#2366);
#2364 = CARTESIAN_POINT('',(8.985,-11.315,3.75));
#2365 = DIRECTION('',(0.,0.,1.));
#2366 = DIRECTION('',(0.,-1.,0.));
#2367 = ORIENTED_EDGE('',*,*,#2368,.T.);
#2368 = EDGE_CURVE('',#2360,#2369,#2371,.T.);
#2369 = VERTEX_POINT('',#2370);
#2370 = CARTESIAN_POINT('',(-8.985,-16.715,3.75));
#2371 = LINE('',#2372,#2373);
#2372 = CARTESIAN_POINT('',(8.985,-16.715,3.75));
#2373 = VECTOR('',#2374,1.);
#2374 = DIRECTION('',(-1.,0.,0.));
#2375 = ORIENTED_EDGE('',*,*,#2376,.F.);
#2376 = EDGE_CURVE('',#2377,#2369,#2379,.T.);
#2377 = VERTEX_POINT('',#2378);
#2378 = CARTESIAN_POINT('',(-14.385,-11.315,3.75));
#2379 = CIRCLE('',#2380,5.4);
#2380 = AXIS2_PLACEMENT_3D('',#2381,#2382,#2383);
#2381 = CARTESIAN_POINT('',(-8.985,-11.315,3.75));
#2382 = DIRECTION('',(0.,0.,1.));
#2383 = DIRECTION('',(-1.,0.,0.));
#2384 = ORIENTED_EDGE('',*,*,#2385,.T.);
#2385 = EDGE_CURVE('',#2377,#2386,#2388,.T.);
#2386 = VERTEX_POINT('',#2387);
#2387 = CARTESIAN_POINT('',(-14.385,11.315,3.75));
#2388 = LINE('',#2389,#2390);
#2389 = CARTESIAN_POINT('',(-14.385,-11.315,3.75));
#2390 = VECTOR('',#2391,1.);
#2391 = DIRECTION('',(0.,1.,0.));
#2392 = ORIENTED_EDGE('',*,*,#2393,.F.);
#2393 = EDGE_CURVE('',#2311,#2386,#2394,.T.);
#2394 = CIRCLE('',#2395,5.4);
#2395 = AXIS2_PLACEMENT_3D('',#2396,#2397,#2398);
#2396 = CARTESIAN_POINT('',(-8.985,11.315,3.75));
#2397 = DIRECTION('',(0.,-0.,1.));
#2398 = DIRECTION('',(0.,1.,0.));
#2399 = PLANE('',#2400);
#2400 = AXIS2_PLACEMENT_3D('',#2401,#2402,#2403);
#2401 = CARTESIAN_POINT('',(0.,0.,3.75));
#2402 = DIRECTION('',(0.,0.,-1.));
#2403 = DIRECTION('',(1.,0.,0.));
#2404 = ADVANCED_FACE('',(#2405),#2416,.F.);
#2405 = FACE_BOUND('',#2406,.F.);
#2406 = EDGE_LOOP('',(#2407,#2408,#2409,#2410));
#2407 = ORIENTED_EDGE('',*,*,#2342,.T.);
#2408 = ORIENTED_EDGE('',*,*,#2327,.T.);
#2409 = ORIENTED_EDGE('',*,*,#2295,.T.);
#2410 = ORIENTED_EDGE('',*,*,#2411,.F.);
#2411 = EDGE_CURVE('',#2343,#2288,#2412,.T.);
#2412 = LINE('',#2413,#2414);
#2413 = CARTESIAN_POINT('',(14.385,11.315,3.75));
#2414 = VECTOR('',#2415,1.);
#2415 = DIRECTION('',(0.,0.,1.));
#2416 = CYLINDRICAL_SURFACE('',#2417,5.4);
#2417 = AXIS2_PLACEMENT_3D('',#2418,#2419,#2420);
#2418 = CARTESIAN_POINT('',(8.985,11.315,2.));
#2419 = DIRECTION('',(0.,0.,1.));
#2420 = DIRECTION('',(1.,0.,-0.));
#2421 = ADVANCED_FACE('',(#2422),#2433,.T.);
#2422 = FACE_BOUND('',#2423,.F.);
#2423 = EDGE_LOOP('',(#2424,#2425,#2426,#2427));
#2424 = ORIENTED_EDGE('',*,*,#2351,.F.);
#2425 = ORIENTED_EDGE('',*,*,#2411,.T.);
#2426 = ORIENTED_EDGE('',*,*,#2287,.T.);
#2427 = ORIENTED_EDGE('',*,*,#2428,.F.);
#2428 = EDGE_CURVE('',#2352,#2279,#2429,.T.);
#2429 = LINE('',#2430,#2431);
#2430 = CARTESIAN_POINT('',(14.385,-11.315,3.75));
#2431 = VECTOR('',#2432,1.);
#2432 = DIRECTION('',(0.,0.,1.));
#2433 = PLANE('',#2434);
#2434 = AXIS2_PLACEMENT_3D('',#2435,#2436,#2437);
#2435 = CARTESIAN_POINT('',(14.385,11.315,2.));
#2436 = DIRECTION('',(-1.,0.,0.));
#2437 = DIRECTION('',(0.,-1.,0.));
#2438 = ADVANCED_FACE('',(#2439),#2450,.F.);
#2439 = FACE_BOUND('',#2440,.F.);
#2440 = EDGE_LOOP('',(#2441,#2442,#2443,#2444));
#2441 = ORIENTED_EDGE('',*,*,#2359,.T.);
#2442 = ORIENTED_EDGE('',*,*,#2428,.T.);
#2443 = ORIENTED_EDGE('',*,*,#2278,.T.);
#2444 = ORIENTED_EDGE('',*,*,#2445,.F.);
#2445 = EDGE_CURVE('',#2360,#2271,#2446,.T.);
#2446 = LINE('',#2447,#2448);
#2447 = CARTESIAN_POINT('',(8.985,-16.715,3.75));
#2448 = VECTOR('',#2449,1.);
#2449 = DIRECTION('',(1.42108547152E-13,0.,1.));
#2450 = CYLINDRICAL_SURFACE('',#2451,5.4);
#2451 = AXIS2_PLACEMENT_3D('',#2452,#2453,#2454);
#2452 = CARTESIAN_POINT('',(8.985,-11.315,2.));
#2453 = DIRECTION('',(0.,0.,1.));
#2454 = DIRECTION('',(1.,0.,-0.));
#2455 = ADVANCED_FACE('',(#2456),#2467,.T.);
#2456 = FACE_BOUND('',#2457,.F.);
#2457 = EDGE_LOOP('',(#2458,#2459,#2460,#2461));
#2458 = ORIENTED_EDGE('',*,*,#2368,.F.);
#2459 = ORIENTED_EDGE('',*,*,#2445,.T.);
#2460 = ORIENTED_EDGE('',*,*,#2270,.T.);
#2461 = ORIENTED_EDGE('',*,*,#2462,.F.);
#2462 = EDGE_CURVE('',#2369,#2262,#2463,.T.);
#2463 = LINE('',#2464,#2465);
#2464 = CARTESIAN_POINT('',(-8.985,-16.715,3.75));
#2465 = VECTOR('',#2466,1.);
#2466 = DIRECTION('',(-1.42108547152E-13,0.,1.));
#2467 = PLANE('',#2468);
#2468 = AXIS2_PLACEMENT_3D('',#2469,#2470,#2471);
#2469 = CARTESIAN_POINT('',(8.985,-16.715,2.));
#2470 = DIRECTION('',(0.,1.,0.));
#2471 = DIRECTION('',(-1.,0.,0.));
#2472 = ADVANCED_FACE('',(#2473),#2484,.F.);
#2473 = FACE_BOUND('',#2474,.F.);
#2474 = EDGE_LOOP('',(#2475,#2476,#2477,#2478));
#2475 = ORIENTED_EDGE('',*,*,#2376,.T.);
#2476 = ORIENTED_EDGE('',*,*,#2462,.T.);
#2477 = ORIENTED_EDGE('',*,*,#2261,.T.);
#2478 = ORIENTED_EDGE('',*,*,#2479,.F.);
#2479 = EDGE_CURVE('',#2377,#2254,#2480,.T.);
#2480 = LINE('',#2481,#2482);
#2481 = CARTESIAN_POINT('',(-14.385,-11.315,3.75));
#2482 = VECTOR('',#2483,1.);
#2483 = DIRECTION('',(0.,0.,1.));
#2484 = CYLINDRICAL_SURFACE('',#2485,5.4);
#2485 = AXIS2_PLACEMENT_3D('',#2486,#2487,#2488);
#2486 = CARTESIAN_POINT('',(-8.985,-11.315,2.));
#2487 = DIRECTION('',(0.,0.,1.));
#2488 = DIRECTION('',(1.,0.,-0.));
#2489 = ADVANCED_FACE('',(#2490),#2501,.T.);
#2490 = FACE_BOUND('',#2491,.F.);
#2491 = EDGE_LOOP('',(#2492,#2493,#2494,#2495));
#2492 = ORIENTED_EDGE('',*,*,#2385,.F.);
#2493 = ORIENTED_EDGE('',*,*,#2479,.T.);
#2494 = ORIENTED_EDGE('',*,*,#2253,.T.);
#2495 = ORIENTED_EDGE('',*,*,#2496,.F.);
#2496 = EDGE_CURVE('',#2386,#2245,#2497,.T.);
#2497 = LINE('',#2498,#2499);
#2498 = CARTESIAN_POINT('',(-14.385,11.315,3.75));
#2499 = VECTOR('',#2500,1.);
#2500 = DIRECTION('',(0.,0.,1.));
#2501 = PLANE('',#2502);
#2502 = AXIS2_PLACEMENT_3D('',#2503,#2504,#2505);
#2503 = CARTESIAN_POINT('',(-14.385,-11.315,2.));
#2504 = DIRECTION('',(1.,0.,0.));
#2505 = DIRECTION('',(-0.,1.,0.));
#2506 = ADVANCED_FACE('',(#2507),#2513,.F.);
#2507 = FACE_BOUND('',#2508,.F.);
#2508 = EDGE_LOOP('',(#2509,#2510,#2511,#2512));
#2509 = ORIENTED_EDGE('',*,*,#2393,.T.);
#2510 = ORIENTED_EDGE('',*,*,#2496,.T.);
#2511 = ORIENTED_EDGE('',*,*,#2244,.T.);
#2512 = ORIENTED_EDGE('',*,*,#2320,.F.);
#2513 = CYLINDRICAL_SURFACE('',#2514,5.4);
#2514 = AXIS2_PLACEMENT_3D('',#2515,#2516,#2517);
#2515 = CARTESIAN_POINT('',(-8.985,11.315,2.));
#2516 = DIRECTION('',(0.,0.,1.));
#2517 = DIRECTION('',(1.,0.,-0.));
#2518 = ADVANCED_FACE('',(#2519),#2559,.T.);
#2519 = FACE_BOUND('',#2520,.T.);
#2520 = EDGE_LOOP('',(#2521,#2536,#2545,#2558));
#2521 = ORIENTED_EDGE('',*,*,#2522,.T.);
#2522 = EDGE_CURVE('',#2173,#2523,#2525,.T.);
#2523 = VERTEX_POINT('',#2524);
#2524 = CARTESIAN_POINT('',(-16.565,-14.49224359436,2.72));
#2525 = B_SPLINE_CURVE_WITH_KNOTS('',3,(#2526,#2527,#2528,#2529,#2530,
    #2531,#2532,#2533,#2534,#2535),.UNSPECIFIED.,.F.,.F.,(4,1,1,1,1,1,1,
    4),(0.,0.125,0.25,0.5,0.625,0.75,0.875,1.),.UNSPECIFIED.);
#2526 = CARTESIAN_POINT('',(-14.565,-14.49224359436,3.8));
#2527 = CARTESIAN_POINT('',(-14.69833333333,-14.49224359436,3.8));
#2528 = CARTESIAN_POINT('',(-14.96565450295,-14.49224359436,
    3.799271453163));
#2529 = CARTESIAN_POINT('',(-15.49955300608,-14.49224359436,
    3.750591952933));
#2530 = CARTESIAN_POINT('',(-15.99238594566,-14.49224359436,
    3.596958016816));
#2531 = CARTESIAN_POINT('',(-16.33343634357,-14.49224359436,
    3.357675482339));
#2532 = CARTESIAN_POINT('',(-16.4954517837,-14.49224359436,3.15259525776
    ));
#2533 = CARTESIAN_POINT('',(-16.56381902162,-14.49224359436,
    2.936349736622));
#2534 = CARTESIAN_POINT('',(-16.565,-14.49224359436,2.792));
#2535 = CARTESIAN_POINT('',(-16.565,-14.49224359436,2.72));
#2536 = ORIENTED_EDGE('',*,*,#2537,.T.);
#2537 = EDGE_CURVE('',#2523,#2538,#2540,.T.);
#2538 = VERTEX_POINT('',#2539);
#2539 = CARTESIAN_POINT('',(-10.14700875205,-21.43757860357,2.72));
#2540 = CIRCLE('',#2541,6.967);
#2541 = AXIS2_PLACEMENT_3D('',#2542,#2543,#2544);
#2542 = CARTESIAN_POINT('',(-9.598,-14.49224359436,2.72));
#2543 = DIRECTION('',(0.,0.,1.));
#2544 = DIRECTION('',(-1.,0.,0.));
#2545 = ORIENTED_EDGE('',*,*,#2546,.F.);
#2546 = EDGE_CURVE('',#2175,#2538,#2547,.T.);
#2547 = B_SPLINE_CURVE_WITH_KNOTS('',3,(#2548,#2549,#2550,#2551,#2552,
    #2553,#2554,#2555,#2556,#2557),.UNSPECIFIED.,.F.,.F.,(4,1,1,1,1,1,1,
    4),(0.,0.142857142857,0.285714285714,0.428571428571,0.571428571429,
    0.714285714286,0.857142857143,1.),.UNSPECIFIED.);
#2548 = CARTESIAN_POINT('',(-9.989406124795,-19.44379792057,3.8));
#2549 = CARTESIAN_POINT('',(-10.00270283265,-19.61201034021,3.8));
#2550 = CARTESIAN_POINT('',(-10.02808087024,-19.9330598176,
    3.796647077551));
#2551 = CARTESIAN_POINT('',(-10.05999724342,-20.33682369781,
    3.746006296695));
#2552 = CARTESIAN_POINT('',(-10.08950740465,-20.71014735649,
    3.645114656296));
#2553 = CARTESIAN_POINT('',(-10.11506632302,-21.03348509901,
    3.490625323078));
#2554 = CARTESIAN_POINT('',(-10.13443271768,-21.27848319489,
    3.287951344911));
#2555 = CARTESIAN_POINT('',(-10.14604877872,-21.4254342864,
    3.039568704035));
#2556 = CARTESIAN_POINT('',(-10.14700875205,-21.43757860357,
    2.831088225665));
#2557 = CARTESIAN_POINT('',(-10.14700875205,-21.43757860357,2.72));
#2558 = ORIENTED_EDGE('',*,*,#2172,.F.);
#2559 = SURFACE_OF_REVOLUTION('',#2560,#2568);
#2560 = B_SPLINE_CURVE_WITH_KNOTS('',3,(#2561,#2562,#2563,#2564,#2565,
    #2566,#2567),.UNSPECIFIED.,.F.,.F.,(4,1,1,1,4),(0.,0.25,0.5,0.75,1.)
  ,.QUASI_UNIFORM_KNOTS.);
#2561 = CARTESIAN_POINT('',(-16.56759221171,-14.49224359436,
    2.59979314598));
#2562 = CARTESIAN_POINT('',(-16.55684608265,-14.49224359436,
    2.762676243998));
#2563 = CARTESIAN_POINT('',(-16.59451380957,-14.49224359436,
    3.089890149554));
#2564 = CARTESIAN_POINT('',(-16.14920792645,-14.49224359436,
    3.556320787655));
#2565 = CARTESIAN_POINT('',(-15.29665260219,-14.49224359436,
    3.811145570878));
#2566 = CARTESIAN_POINT('',(-14.68834833279,-14.49224359436,
    3.79707275696));
#2567 = CARTESIAN_POINT('',(-14.38739327782,-14.49224359436,
    3.800702200562));
#2568 = AXIS1_PLACEMENT('',#2569,#2570);
#2569 = CARTESIAN_POINT('',(-9.598,-14.49224359436,2.72));
#2570 = DIRECTION('',(0.,0.,1.));
#2571 = ADVANCED_FACE('',(#2572),#2598,.T.);
#2572 = FACE_BOUND('',#2573,.T.);
#2573 = EDGE_LOOP('',(#2574,#2575,#2584,#2597));
#2574 = ORIENTED_EDGE('',*,*,#2546,.T.);
#2575 = ORIENTED_EDGE('',*,*,#2576,.T.);
#2576 = EDGE_CURVE('',#2538,#2577,#2579,.T.);
#2577 = VERTEX_POINT('',#2578);
#2578 = CARTESIAN_POINT('',(10.14700875205,-21.43757860357,2.72));
#2579 = CIRCLE('',#2580,128.767);
#2580 = AXIS2_PLACEMENT_3D('',#2581,#2582,#2583);
#2581 = CARTESIAN_POINT('',(-2.537779171749E-14,106.929,2.72));
#2582 = DIRECTION('',(0.,0.,1.));
#2583 = DIRECTION('',(-7.88013136289E-02,-0.996890341497,0.));
#2584 = ORIENTED_EDGE('',*,*,#2585,.F.);
#2585 = EDGE_CURVE('',#2217,#2577,#2586,.T.);
#2586 = B_SPLINE_CURVE_WITH_KNOTS('',3,(#2587,#2588,#2589,#2590,#2591,
    #2592,#2593,#2594,#2595,#2596),.UNSPECIFIED.,.F.,.F.,(4,1,1,1,1,1,1,
    4),(0.,0.142857142857,0.285714285714,0.428571428571,0.571428571429,
    0.714285714286,0.857142857143,1.),.UNSPECIFIED.);
#2587 = CARTESIAN_POINT('',(9.989406124795,-19.44379792057,3.8));
#2588 = CARTESIAN_POINT('',(10.00270283265,-19.61201034021,3.8));
#2589 = CARTESIAN_POINT('',(10.02808087024,-19.9330598176,3.796647077551
    ));
#2590 = CARTESIAN_POINT('',(10.05999724342,-20.33682369781,
    3.746006296695));
#2591 = CARTESIAN_POINT('',(10.08950740465,-20.71014735649,
    3.645114656296));
#2592 = CARTESIAN_POINT('',(10.11506632302,-21.03348509901,
    3.490625323078));
#2593 = CARTESIAN_POINT('',(10.13443271768,-21.27848319489,
    3.287951344911));
#2594 = CARTESIAN_POINT('',(10.14604877872,-21.4254342864,3.039568704035
    ));
#2595 = CARTESIAN_POINT('',(10.14700875205,-21.43757860357,
    2.831088225665));
#2596 = CARTESIAN_POINT('',(10.14700875205,-21.43757860357,2.72));
#2597 = ORIENTED_EDGE('',*,*,#2225,.F.);
#2598 = SURFACE_OF_REVOLUTION('',#2599,#2607);
#2599 = B_SPLINE_CURVE_WITH_KNOTS('',3,(#2600,#2601,#2602,#2603,#2604,
    #2605,#2606),.UNSPECIFIED.,.F.,.F.,(4,1,1,1,4),(0.,0.25,0.5,0.75,1.)
  ,.QUASI_UNIFORM_KNOTS.);
#2600 = CARTESIAN_POINT('',(-10.14721302174,-21.44016275438,
    2.59979314598));
#2601 = CARTESIAN_POINT('',(-10.14636621265,-21.42945004212,
    2.762676243998));
#2602 = CARTESIAN_POINT('',(-10.14933447902,-21.46700063527,
    3.089890149554));
#2603 = CARTESIAN_POINT('',(-10.11424379046,-21.02307950137,
    3.556320787655));
#2604 = CARTESIAN_POINT('',(-10.04706131097,-20.17317533303,
    3.811145570878));
#2605 = CARTESIAN_POINT('',(-9.999126135452,-19.56676268217,
    3.79707275696));
#2606 = CARTESIAN_POINT('',(-9.975410481777,-19.26674349464,
    3.800702200562));
#2607 = AXIS1_PLACEMENT('',#2608,#2609);
#2608 = CARTESIAN_POINT('',(-2.537779171749E-14,106.929,2.72));
#2609 = DIRECTION('',(0.,0.,1.));
#2610 = ADVANCED_FACE('',(#2611),#2637,.T.);
#2611 = FACE_BOUND('',#2612,.T.);
#2612 = EDGE_LOOP('',(#2613,#2614,#2623,#2636));
#2613 = ORIENTED_EDGE('',*,*,#2585,.T.);
#2614 = ORIENTED_EDGE('',*,*,#2615,.T.);
#2615 = EDGE_CURVE('',#2577,#2616,#2618,.T.);
#2616 = VERTEX_POINT('',#2617);
#2617 = CARTESIAN_POINT('',(16.565,-14.49224359436,2.72));
#2618 = CIRCLE('',#2619,6.967);
#2619 = AXIS2_PLACEMENT_3D('',#2620,#2621,#2622);
#2620 = CARTESIAN_POINT('',(9.598,-14.49224359436,2.72));
#2621 = DIRECTION('',(0.,0.,1.));
#2622 = DIRECTION('',(7.88013136289E-02,-0.996890341497,0.));
#2623 = ORIENTED_EDGE('',*,*,#2624,.F.);
#2624 = EDGE_CURVE('',#2209,#2616,#2625,.T.);
#2625 = B_SPLINE_CURVE_WITH_KNOTS('',3,(#2626,#2627,#2628,#2629,#2630,
    #2631,#2632,#2633,#2634,#2635),.UNSPECIFIED.,.F.,.F.,(4,1,1,1,1,1,1,
    4),(0.,0.125,0.25,0.5,0.625,0.75,0.875,1.),.UNSPECIFIED.);
#2626 = CARTESIAN_POINT('',(14.565,-14.49224359436,3.8));
#2627 = CARTESIAN_POINT('',(14.69833333333,-14.49224359436,3.8));
#2628 = CARTESIAN_POINT('',(14.96565450295,-14.49224359436,
    3.799271453163));
#2629 = CARTESIAN_POINT('',(15.49955300608,-14.49224359436,
    3.750591952933));
#2630 = CARTESIAN_POINT('',(15.99238594566,-14.49224359436,
    3.596958016816));
#2631 = CARTESIAN_POINT('',(16.33343634357,-14.49224359436,
    3.357675482339));
#2632 = CARTESIAN_POINT('',(16.4954517837,-14.49224359436,3.15259525776)
  );
#2633 = CARTESIAN_POINT('',(16.56381902162,-14.49224359436,
    2.936349736622));
#2634 = CARTESIAN_POINT('',(16.565,-14.49224359436,2.792));
#2635 = CARTESIAN_POINT('',(16.565,-14.49224359436,2.72));
#2636 = ORIENTED_EDGE('',*,*,#2216,.F.);
#2637 = SURFACE_OF_REVOLUTION('',#2638,#2646);
#2638 = B_SPLINE_CURVE_WITH_KNOTS('',3,(#2639,#2640,#2641,#2642,#2643,
    #2644,#2645),.UNSPECIFIED.,.F.,.F.,(4,1,1,1,4),(0.,0.25,0.5,0.75,1.)
  ,.QUASI_UNIFORM_KNOTS.);
#2639 = CARTESIAN_POINT('',(10.14721302174,-21.44016275438,2.59979314598
    ));
#2640 = CARTESIAN_POINT('',(10.14636621265,-21.42945004212,
    2.762676243998));
#2641 = CARTESIAN_POINT('',(10.14933447902,-21.46700063527,
    3.089890149554));
#2642 = CARTESIAN_POINT('',(10.11424379046,-21.02307950137,
    3.556320787655));
#2643 = CARTESIAN_POINT('',(10.04706131097,-20.17317533303,
    3.811145570878));
#2644 = CARTESIAN_POINT('',(9.999126135452,-19.56676268217,3.79707275696
    ));
#2645 = CARTESIAN_POINT('',(9.975410481777,-19.26674349464,
    3.800702200562));
#2646 = AXIS1_PLACEMENT('',#2647,#2648);
#2647 = CARTESIAN_POINT('',(9.598,-14.49224359436,2.72));
#2648 = DIRECTION('',(0.,0.,1.));
#2649 = ADVANCED_FACE('',(#2650),#2675,.T.);
#2650 = FACE_BOUND('',#2651,.T.);
#2651 = EDGE_LOOP('',(#2652,#2653,#2661,#2674));
#2652 = ORIENTED_EDGE('',*,*,#2624,.T.);
#2653 = ORIENTED_EDGE('',*,*,#2654,.T.);
#2654 = EDGE_CURVE('',#2616,#2655,#2657,.T.);
#2655 = VERTEX_POINT('',#2656);
#2656 = CARTESIAN_POINT('',(16.565,11.94624359436,2.72));
#2657 = LINE('',#2658,#2659);
#2658 = CARTESIAN_POINT('',(16.565,-14.49224359436,2.72));
#2659 = VECTOR('',#2660,1.);
#2660 = DIRECTION('',(0.,1.,0.));
#2661 = ORIENTED_EDGE('',*,*,#2662,.F.);
#2662 = EDGE_CURVE('',#2200,#2655,#2663,.T.);
#2663 = B_SPLINE_CURVE_WITH_KNOTS('',3,(#2664,#2665,#2666,#2667,#2668,
    #2669,#2670,#2671,#2672,#2673),.UNSPECIFIED.,.F.,.F.,(4,1,1,1,1,1,1,
    4),(0.,0.125,0.25,0.5,0.625,0.75,0.875,1.),.UNSPECIFIED.);
#2664 = CARTESIAN_POINT('',(14.565,11.94624359436,3.8));
#2665 = CARTESIAN_POINT('',(14.69833333333,11.94624359436,3.8));
#2666 = CARTESIAN_POINT('',(14.96565450295,11.94624359436,3.799271453163
    ));
#2667 = CARTESIAN_POINT('',(15.49955300608,11.94624359436,3.750591952933
    ));
#2668 = CARTESIAN_POINT('',(15.99238594566,11.94624359436,3.596958016816
    ));
#2669 = CARTESIAN_POINT('',(16.33343634357,11.94624359436,3.357675482339
    ));
#2670 = CARTESIAN_POINT('',(16.4954517837,11.94624359436,3.15259525776)
  );
#2671 = CARTESIAN_POINT('',(16.56381902162,11.94624359436,2.936349736622
    ));
#2672 = CARTESIAN_POINT('',(16.565,11.94624359436,2.792));
#2673 = CARTESIAN_POINT('',(16.565,11.94624359436,2.72));
#2674 = ORIENTED_EDGE('',*,*,#2208,.F.);
#2675 = SURFACE_OF_LINEAR_EXTRUSION('',#2676,#2684);
#2676 = B_SPLINE_CURVE_WITH_KNOTS('',3,(#2677,#2678,#2679,#2680,#2681,
    #2682,#2683),.UNSPECIFIED.,.F.,.F.,(4,1,1,1,4),(0.,0.25,0.5,0.75,1.)
  ,.QUASI_UNIFORM_KNOTS.);
#2677 = CARTESIAN_POINT('',(14.38739327782,11.94624359436,3.800702200562
    ));
#2678 = CARTESIAN_POINT('',(14.68834833279,11.94624359436,3.79707275696)
  );
#2679 = CARTESIAN_POINT('',(15.29665260219,11.94624359436,3.811145570878
    ));
#2680 = CARTESIAN_POINT('',(16.14920792645,11.94624359436,3.556320787655
    ));
#2681 = CARTESIAN_POINT('',(16.59451380957,11.94624359436,3.089890149554
    ));
#2682 = CARTESIAN_POINT('',(16.55684608265,11.94624359436,2.762676243998
    ));
#2683 = CARTESIAN_POINT('',(16.56759221171,11.94624359436,2.59979314598)
  );
#2684 = VECTOR('',#2685,1.);
#2685 = DIRECTION('',(0.,1.,0.));
#2686 = ADVANCED_FACE('',(#2687),#2713,.T.);
#2687 = FACE_BOUND('',#2688,.T.);
#2688 = EDGE_LOOP('',(#2689,#2690,#2699,#2712));
#2689 = ORIENTED_EDGE('',*,*,#2662,.T.);
#2690 = ORIENTED_EDGE('',*,*,#2691,.T.);
#2691 = EDGE_CURVE('',#2655,#2692,#2694,.T.);
#2692 = VERTEX_POINT('',#2693);
#2693 = CARTESIAN_POINT('',(10.14700875205,18.89157860357,2.72));
#2694 = CIRCLE('',#2695,6.967);
#2695 = AXIS2_PLACEMENT_3D('',#2696,#2697,#2698);
#2696 = CARTESIAN_POINT('',(9.598,11.94624359436,2.72));
#2697 = DIRECTION('',(0.,0.,1.));
#2698 = DIRECTION('',(1.,0.,-0.));
#2699 = ORIENTED_EDGE('',*,*,#2700,.F.);
#2700 = EDGE_CURVE('',#2191,#2692,#2701,.T.);
#2701 = B_SPLINE_CURVE_WITH_KNOTS('',3,(#2702,#2703,#2704,#2705,#2706,
    #2707,#2708,#2709,#2710,#2711),.UNSPECIFIED.,.F.,.F.,(4,1,1,1,1,1,1,
    4),(0.,0.142857142857,0.285714285714,0.428571428571,0.571428571429,
    0.714285714286,0.857142857143,1.),.UNSPECIFIED.);
#2702 = CARTESIAN_POINT('',(9.989406124795,16.89779792057,3.8));
#2703 = CARTESIAN_POINT('',(10.00270283265,17.06601034021,3.8));
#2704 = CARTESIAN_POINT('',(10.02808087024,17.3870598176,3.796647077551)
  );
#2705 = CARTESIAN_POINT('',(10.05999724342,17.79082369781,3.746006296695
    ));
#2706 = CARTESIAN_POINT('',(10.08950740465,18.16414735649,3.645114656296
    ));
#2707 = CARTESIAN_POINT('',(10.11506632302,18.48748509901,3.490625323078
    ));
#2708 = CARTESIAN_POINT('',(10.13443271768,18.73248319489,3.287951344911
    ));
#2709 = CARTESIAN_POINT('',(10.14604877872,18.8794342864,3.039568704035)
  );
#2710 = CARTESIAN_POINT('',(10.14700875205,18.89157860357,2.831088225665
    ));
#2711 = CARTESIAN_POINT('',(10.14700875205,18.89157860357,2.72));
#2712 = ORIENTED_EDGE('',*,*,#2199,.F.);
#2713 = SURFACE_OF_REVOLUTION('',#2714,#2722);
#2714 = B_SPLINE_CURVE_WITH_KNOTS('',3,(#2715,#2716,#2717,#2718,#2719,
    #2720,#2721),.UNSPECIFIED.,.F.,.F.,(4,1,1,1,4),(0.,0.25,0.5,0.75,1.)
  ,.QUASI_UNIFORM_KNOTS.);
#2715 = CARTESIAN_POINT('',(16.56759221171,11.94624359436,2.59979314598)
  );
#2716 = CARTESIAN_POINT('',(16.55684608265,11.94624359436,2.762676243998
    ));
#2717 = CARTESIAN_POINT('',(16.59451380957,11.94624359436,3.089890149554
    ));
#2718 = CARTESIAN_POINT('',(16.14920792645,11.94624359436,3.556320787655
    ));
#2719 = CARTESIAN_POINT('',(15.29665260219,11.94624359436,3.811145570878
    ));
#2720 = CARTESIAN_POINT('',(14.68834833279,11.94624359436,3.79707275696)
  );
#2721 = CARTESIAN_POINT('',(14.38739327782,11.94624359436,3.800702200562
    ));
#2722 = AXIS1_PLACEMENT('',#2723,#2724);
#2723 = CARTESIAN_POINT('',(9.598,11.94624359436,2.72));
#2724 = DIRECTION('',(0.,0.,1.));
#2725 = ADVANCED_FACE('',(#2726),#2738,.T.);
#2726 = FACE_BOUND('',#2727,.T.);
#2727 = EDGE_LOOP('',(#2728,#2729,#2736,#2737));
#2728 = ORIENTED_EDGE('',*,*,#2700,.T.);
#2729 = ORIENTED_EDGE('',*,*,#2730,.T.);
#2730 = EDGE_CURVE('',#2692,#2088,#2731,.T.);
#2731 = CIRCLE('',#2732,128.767);
#2732 = AXIS2_PLACEMENT_3D('',#2733,#2734,#2735);
#2733 = CARTESIAN_POINT('',(-2.537779171749E-14,-109.475,2.72));
#2734 = DIRECTION('',(0.,0.,1.));
#2735 = DIRECTION('',(7.88013136289E-02,0.996890341497,-0.));
#2736 = ORIENTED_EDGE('',*,*,#2119,.F.);
#2737 = ORIENTED_EDGE('',*,*,#2190,.F.);
#2738 = SURFACE_OF_REVOLUTION('',#2739,#2747);
#2739 = B_SPLINE_CURVE_WITH_KNOTS('',3,(#2740,#2741,#2742,#2743,#2744,
    #2745,#2746),.UNSPECIFIED.,.F.,.F.,(4,1,1,1,4),(0.,0.25,0.5,0.75,1.)
  ,.QUASI_UNIFORM_KNOTS.);
#2740 = CARTESIAN_POINT('',(10.14721302174,18.89416275438,2.59979314598)
  );
#2741 = CARTESIAN_POINT('',(10.14636621265,18.88345004212,2.762676243998
    ));
#2742 = CARTESIAN_POINT('',(10.14933447902,18.92100063527,3.089890149554
    ));
#2743 = CARTESIAN_POINT('',(10.11424379046,18.47707950137,3.556320787655
    ));
#2744 = CARTESIAN_POINT('',(10.04706131097,17.62717533303,3.811145570878
    ));
#2745 = CARTESIAN_POINT('',(9.999126135452,17.02076268217,3.79707275696)
  );
#2746 = CARTESIAN_POINT('',(9.975410481777,16.72074349464,3.800702200562
    ));
#2747 = AXIS1_PLACEMENT('',#2748,#2749);
#2748 = CARTESIAN_POINT('',(-2.537779171749E-14,-109.475,2.72));
#2749 = DIRECTION('',(0.,0.,1.));
#2750 = ADVANCED_FACE('',(#2751),#2762,.T.);
#2751 = FACE_BOUND('',#2752,.T.);
#2752 = EDGE_LOOP('',(#2753,#2759,#2760,#2761));
#2753 = ORIENTED_EDGE('',*,*,#2754,.T.);
#2754 = EDGE_CURVE('',#2692,#1914,#2755,.T.);
#2755 = LINE('',#2756,#2757);
#2756 = CARTESIAN_POINT('',(10.14700875205,18.89157860357,2.72));
#2757 = VECTOR('',#2758,1.);
#2758 = DIRECTION('',(-8.881784197001E-14,1.973729821556E-14,-1.));
#2759 = ORIENTED_EDGE('',*,*,#1922,.T.);
#2760 = ORIENTED_EDGE('',*,*,#2087,.F.);
#2761 = ORIENTED_EDGE('',*,*,#2730,.F.);
#2762 = CYLINDRICAL_SURFACE('',#2763,128.767);
#2763 = AXIS2_PLACEMENT_3D('',#2764,#2765,#2766);
#2764 = CARTESIAN_POINT('',(-2.537779171749E-14,-109.475,3.8));
#2765 = DIRECTION('',(0.,0.,1.));
#2766 = DIRECTION('',(1.,0.,-0.));
#2767 = ADVANCED_FACE('',(#2768),#2779,.T.);
#2768 = FACE_BOUND('',#2769,.T.);
#2769 = EDGE_LOOP('',(#2770,#2776,#2777,#2778));
#2770 = ORIENTED_EDGE('',*,*,#2771,.T.);
#2771 = EDGE_CURVE('',#2655,#1906,#2772,.T.);
#2772 = LINE('',#2773,#2774);
#2773 = CARTESIAN_POINT('',(16.565,11.94624359436,2.72));
#2774 = VECTOR('',#2775,1.);
#2775 = DIRECTION('',(0.,-1.233581138472E-14,-1.));
#2776 = ORIENTED_EDGE('',*,*,#1913,.T.);
#2777 = ORIENTED_EDGE('',*,*,#2754,.F.);
#2778 = ORIENTED_EDGE('',*,*,#2691,.F.);
#2779 = CYLINDRICAL_SURFACE('',#2780,6.967);
#2780 = AXIS2_PLACEMENT_3D('',#2781,#2782,#2783);
#2781 = CARTESIAN_POINT('',(9.598,11.94624359436,3.8));
#2782 = DIRECTION('',(0.,0.,1.));
#2783 = DIRECTION('',(1.,0.,-0.));
#2784 = ADVANCED_FACE('',(#2785),#2796,.F.);
#2785 = FACE_BOUND('',#2786,.F.);
#2786 = EDGE_LOOP('',(#2787,#2788,#2789,#2790));
#2787 = ORIENTED_EDGE('',*,*,#2654,.T.);
#2788 = ORIENTED_EDGE('',*,*,#2771,.T.);
#2789 = ORIENTED_EDGE('',*,*,#1905,.T.);
#2790 = ORIENTED_EDGE('',*,*,#2791,.F.);
#2791 = EDGE_CURVE('',#2616,#1897,#2792,.T.);
#2792 = LINE('',#2793,#2794);
#2793 = CARTESIAN_POINT('',(16.565,-14.49224359436,2.72));
#2794 = VECTOR('',#2795,1.);
#2795 = DIRECTION('',(0.,-2.467162276945E-14,-1.));
#2796 = PLANE('',#2797);
#2797 = AXIS2_PLACEMENT_3D('',#2798,#2799,#2800);
#2798 = CARTESIAN_POINT('',(16.565,11.94624359436,3.8));
#2799 = DIRECTION('',(-1.,0.,0.));
#2800 = DIRECTION('',(0.,-1.,0.));
#2801 = ADVANCED_FACE('',(#2802),#2813,.T.);
#2802 = FACE_BOUND('',#2803,.T.);
#2803 = EDGE_LOOP('',(#2804,#2810,#2811,#2812));
#2804 = ORIENTED_EDGE('',*,*,#2805,.T.);
#2805 = EDGE_CURVE('',#2577,#1888,#2806,.T.);
#2806 = LINE('',#2807,#2808);
#2807 = CARTESIAN_POINT('',(10.14700875205,-21.43757860357,2.72));
#2808 = VECTOR('',#2809,1.);
#2809 = DIRECTION('',(-9.868649107779E-14,0.,-1.));
#2810 = ORIENTED_EDGE('',*,*,#1896,.T.);
#2811 = ORIENTED_EDGE('',*,*,#2791,.F.);
#2812 = ORIENTED_EDGE('',*,*,#2615,.F.);
#2813 = CYLINDRICAL_SURFACE('',#2814,6.967);
#2814 = AXIS2_PLACEMENT_3D('',#2815,#2816,#2817);
#2815 = CARTESIAN_POINT('',(9.598,-14.49224359436,3.8));
#2816 = DIRECTION('',(0.,0.,1.));
#2817 = DIRECTION('',(1.,0.,-0.));
#2818 = ADVANCED_FACE('',(#2819),#2830,.T.);
#2819 = FACE_BOUND('',#2820,.T.);
#2820 = EDGE_LOOP('',(#2821,#2827,#2828,#2829));
#2821 = ORIENTED_EDGE('',*,*,#2822,.T.);
#2822 = EDGE_CURVE('',#2538,#1879,#2823,.T.);
#2823 = LINE('',#2824,#2825);
#2824 = CARTESIAN_POINT('',(-10.14700875205,-21.43757860357,2.72));
#2825 = VECTOR('',#2826,1.);
#2826 = DIRECTION('',(1.282924384011E-13,0.,-1.));
#2827 = ORIENTED_EDGE('',*,*,#1887,.T.);
#2828 = ORIENTED_EDGE('',*,*,#2805,.F.);
#2829 = ORIENTED_EDGE('',*,*,#2576,.F.);
#2830 = CYLINDRICAL_SURFACE('',#2831,128.767);
#2831 = AXIS2_PLACEMENT_3D('',#2832,#2833,#2834);
#2832 = CARTESIAN_POINT('',(-2.537779171749E-14,106.929,3.8));
#2833 = DIRECTION('',(0.,0.,1.));
#2834 = DIRECTION('',(1.,0.,-0.));
#2835 = ADVANCED_FACE('',(#2836),#2847,.T.);
#2836 = FACE_BOUND('',#2837,.T.);
#2837 = EDGE_LOOP('',(#2838,#2844,#2845,#2846));
#2838 = ORIENTED_EDGE('',*,*,#2839,.T.);
#2839 = EDGE_CURVE('',#2523,#1871,#2840,.T.);
#2840 = LINE('',#2841,#2842);
#2841 = CARTESIAN_POINT('',(-16.565,-14.49224359436,2.72));
#2842 = VECTOR('',#2843,1.);
#2843 = DIRECTION('',(0.,-1.727013593861E-14,-1.));
#2844 = ORIENTED_EDGE('',*,*,#1878,.T.);
#2845 = ORIENTED_EDGE('',*,*,#2822,.F.);
#2846 = ORIENTED_EDGE('',*,*,#2537,.F.);
#2847 = CYLINDRICAL_SURFACE('',#2848,6.967);
#2848 = AXIS2_PLACEMENT_3D('',#2849,#2850,#2851);
#2849 = CARTESIAN_POINT('',(-9.598,-14.49224359436,3.8));
#2850 = DIRECTION('',(0.,0.,1.));
#2851 = DIRECTION('',(1.,0.,-0.));
#2852 = ADVANCED_FACE('',(#2853),#2864,.F.);
#2853 = FACE_BOUND('',#2854,.F.);
#2854 = EDGE_LOOP('',(#2855,#2861,#2862,#2863));
#2855 = ORIENTED_EDGE('',*,*,#2856,.T.);
#2856 = EDGE_CURVE('',#2097,#2523,#2857,.T.);
#2857 = LINE('',#2858,#2859);
#2858 = CARTESIAN_POINT('',(-16.565,11.94624359436,2.72));
#2859 = VECTOR('',#2860,1.);
#2860 = DIRECTION('',(0.,-1.,0.));
#2861 = ORIENTED_EDGE('',*,*,#2839,.T.);
#2862 = ORIENTED_EDGE('',*,*,#1870,.T.);
#2863 = ORIENTED_EDGE('',*,*,#2096,.F.);
#2864 = PLANE('',#2865);
#2865 = AXIS2_PLACEMENT_3D('',#2866,#2867,#2868);
#2866 = CARTESIAN_POINT('',(-16.565,-14.49224359436,3.8));
#2867 = DIRECTION('',(1.,0.,0.));
#2868 = DIRECTION('',(-0.,1.,0.));
#2869 = ADVANCED_FACE('',(#2870),#2876,.T.);
#2870 = FACE_BOUND('',#2871,.T.);
#2871 = EDGE_LOOP('',(#2872,#2873,#2874,#2875));
#2872 = ORIENTED_EDGE('',*,*,#2135,.T.);
#2873 = ORIENTED_EDGE('',*,*,#2856,.T.);
#2874 = ORIENTED_EDGE('',*,*,#2522,.F.);
#2875 = ORIENTED_EDGE('',*,*,#2183,.F.);
#2876 = SURFACE_OF_LINEAR_EXTRUSION('',#2877,#2885);
#2877 = B_SPLINE_CURVE_WITH_KNOTS('',3,(#2878,#2879,#2880,#2881,#2882,
    #2883,#2884),.UNSPECIFIED.,.F.,.F.,(4,1,1,1,4),(0.,0.25,0.5,0.75,1.)
  ,.QUASI_UNIFORM_KNOTS.);
#2878 = CARTESIAN_POINT('',(-14.38739327782,-14.49224359436,
    3.800702200562));
#2879 = CARTESIAN_POINT('',(-14.68834833279,-14.49224359436,
    3.79707275696));
#2880 = CARTESIAN_POINT('',(-15.29665260219,-14.49224359436,
    3.811145570878));
#2881 = CARTESIAN_POINT('',(-16.14920792645,-14.49224359436,
    3.556320787655));
#2882 = CARTESIAN_POINT('',(-16.59451380957,-14.49224359436,
    3.089890149554));
#2883 = CARTESIAN_POINT('',(-16.55684608265,-14.49224359436,
    2.762676243998));
#2884 = CARTESIAN_POINT('',(-16.56759221171,-14.49224359436,
    2.59979314598));
#2885 = VECTOR('',#2886,1.);
#2886 = DIRECTION('',(0.,-1.,0.));
#2887 = ADVANCED_FACE('',(#2888),#2904,.T.);
#2888 = FACE_BOUND('',#2889,.T.);
#2889 = EDGE_LOOP('',(#2890,#2891,#2897,#2898));
#2890 = ORIENTED_EDGE('',*,*,#729,.T.);
#2891 = ORIENTED_EDGE('',*,*,#2892,.T.);
#2892 = EDGE_CURVE('',#730,#945,#2893,.T.);
#2893 = LINE('',#2894,#2895);
#2894 = CARTESIAN_POINT('',(-4.75,-8.235,-2.9));
#2895 = VECTOR('',#2896,1.);
#2896 = DIRECTION('',(1.,0.,0.));
#2897 = ORIENTED_EDGE('',*,*,#942,.F.);
#2898 = ORIENTED_EDGE('',*,*,#2899,.F.);
#2899 = EDGE_CURVE('',#722,#943,#2900,.T.);
#2900 = LINE('',#2901,#2902);
#2901 = CARTESIAN_POINT('',(-4.75,-9.435,-4.1));
#2902 = VECTOR('',#2903,1.);
#2903 = DIRECTION('',(1.,0.,0.));
#2904 = CYLINDRICAL_SURFACE('',#2905,1.2);
#2905 = AXIS2_PLACEMENT_3D('',#2906,#2907,#2908);
#2906 = CARTESIAN_POINT('',(-4.75,-9.435,-2.9));
#2907 = DIRECTION('',(1.,0.,0.));
#2908 = DIRECTION('',(0.,-1.,0.));
#2909 = ADVANCED_FACE('',(#2910),#2921,.T.);
#2910 = FACE_BOUND('',#2911,.F.);
#2911 = EDGE_LOOP('',(#2912,#2913,#2914,#2915));
#2912 = ORIENTED_EDGE('',*,*,#953,.F.);
#2913 = ORIENTED_EDGE('',*,*,#2899,.F.);
#2914 = ORIENTED_EDGE('',*,*,#721,.F.);
#2915 = ORIENTED_EDGE('',*,*,#2916,.F.);
#2916 = EDGE_CURVE('',#954,#714,#2917,.T.);
#2917 = LINE('',#2918,#2919);
#2918 = CARTESIAN_POINT('',(4.75,-9.435,-4.25));
#2919 = VECTOR('',#2920,1.);
#2920 = DIRECTION('',(-1.,0.,0.));
#2921 = PLANE('',#2922);
#2922 = AXIS2_PLACEMENT_3D('',#2923,#2924,#2925);
#2923 = CARTESIAN_POINT('',(-4.75,-9.435,-4.1));
#2924 = DIRECTION('',(0.,1.,0.));
#2925 = DIRECTION('',(1.,0.,0.));
#2926 = ADVANCED_FACE('',(#2927),#2938,.T.);
#2927 = FACE_BOUND('',#2928,.F.);
#2928 = EDGE_LOOP('',(#2929,#2930,#2931,#2932));
#2929 = ORIENTED_EDGE('',*,*,#961,.T.);
#2930 = ORIENTED_EDGE('',*,*,#2916,.T.);
#2931 = ORIENTED_EDGE('',*,*,#713,.T.);
#2932 = ORIENTED_EDGE('',*,*,#2933,.T.);
#2933 = EDGE_CURVE('',#706,#962,#2934,.T.);
#2934 = LINE('',#2935,#2936);
#2935 = CARTESIAN_POINT('',(-4.75,-13.935,-4.25));
#2936 = VECTOR('',#2937,1.);
#2937 = DIRECTION('',(1.,0.,0.));
#2938 = PLANE('',#2939);
#2939 = AXIS2_PLACEMENT_3D('',#2940,#2941,#2942);
#2940 = CARTESIAN_POINT('',(-4.75,0.,-4.25));
#2941 = DIRECTION('',(0.,0.,-1.));
#2942 = DIRECTION('',(-1.,0.,0.));
#2943 = ADVANCED_FACE('',(#2944),#2955,.T.);
#2944 = FACE_BOUND('',#2945,.F.);
#2945 = EDGE_LOOP('',(#2946,#2947,#2948,#2949));
#2946 = ORIENTED_EDGE('',*,*,#969,.F.);
#2947 = ORIENTED_EDGE('',*,*,#2933,.F.);
#2948 = ORIENTED_EDGE('',*,*,#705,.T.);
#2949 = ORIENTED_EDGE('',*,*,#2950,.T.);
#2950 = EDGE_CURVE('',#698,#970,#2951,.T.);
#2951 = LINE('',#2952,#2953);
#2952 = CARTESIAN_POINT('',(-4.75,-13.935,-4.1));
#2953 = VECTOR('',#2954,1.);
#2954 = DIRECTION('',(1.,0.,0.));
#2955 = PLANE('',#2956);
#2956 = AXIS2_PLACEMENT_3D('',#2957,#2958,#2959);
#2957 = CARTESIAN_POINT('',(4.75,-13.935,-4.1));
#2958 = DIRECTION('',(0.,-1.,0.));
#2959 = DIRECTION('',(-1.,0.,0.));
#2960 = ADVANCED_FACE('',(#2961),#2972,.T.);
#2961 = FACE_BOUND('',#2962,.F.);
#2962 = EDGE_LOOP('',(#2963,#2964,#2965,#2971));
#2963 = ORIENTED_EDGE('',*,*,#2950,.F.);
#2964 = ORIENTED_EDGE('',*,*,#695,.F.);
#2965 = ORIENTED_EDGE('',*,*,#2966,.T.);
#2966 = EDGE_CURVE('',#696,#978,#2967,.T.);
#2967 = LINE('',#2968,#2969);
#2968 = CARTESIAN_POINT('',(-4.75,-14.06198652782,-4.1));
#2969 = VECTOR('',#2970,1.);
#2970 = DIRECTION('',(1.,0.,0.));
#2971 = ORIENTED_EDGE('',*,*,#977,.T.);
#2972 = PLANE('',#2973);
#2973 = AXIS2_PLACEMENT_3D('',#2974,#2975,#2976);
#2974 = CARTESIAN_POINT('',(-4.75,-14.06198652782,-4.1));
#2975 = DIRECTION('',(0.,0.,-1.));
#2976 = DIRECTION('',(0.,1.,0.));
#2977 = ADVANCED_FACE('',(#2978),#2989,.T.);
#2978 = FACE_BOUND('',#2979,.F.);
#2979 = EDGE_LOOP('',(#2980,#2981,#2987,#2988));
#2980 = ORIENTED_EDGE('',*,*,#797,.F.);
#2981 = ORIENTED_EDGE('',*,*,#2982,.T.);
#2982 = EDGE_CURVE('',#790,#986,#2983,.T.);
#2983 = LINE('',#2984,#2985);
#2984 = CARTESIAN_POINT('',(-4.75,-14.06198652782,-3.9));
#2985 = VECTOR('',#2986,1.);
#2986 = DIRECTION('',(1.,0.,0.));
#2987 = ORIENTED_EDGE('',*,*,#985,.T.);
#2988 = ORIENTED_EDGE('',*,*,#2966,.F.);
#2989 = PLANE('',#2990);
#2990 = AXIS2_PLACEMENT_3D('',#2991,#2992,#2993);
#2991 = CARTESIAN_POINT('',(-4.75,-14.06198652782,-3.9));
#2992 = DIRECTION('',(0.,-1.,0.));
#2993 = DIRECTION('',(0.,0.,-1.));
#2994 = ADVANCED_FACE('',(#2995),#3006,.T.);
#2995 = FACE_BOUND('',#2996,.F.);
#2996 = EDGE_LOOP('',(#2997,#2998,#3004,#3005));
#2997 = ORIENTED_EDGE('',*,*,#789,.F.);
#2998 = ORIENTED_EDGE('',*,*,#2999,.T.);
#2999 = EDGE_CURVE('',#781,#994,#3000,.T.);
#3000 = LINE('',#3001,#3002);
#3001 = CARTESIAN_POINT('',(-4.75,-9.435,-3.9));
#3002 = VECTOR('',#3003,1.);
#3003 = DIRECTION('',(1.,0.,0.));
#3004 = ORIENTED_EDGE('',*,*,#993,.T.);
#3005 = ORIENTED_EDGE('',*,*,#2982,.F.);
#3006 = PLANE('',#3007);
#3007 = AXIS2_PLACEMENT_3D('',#3008,#3009,#3010);
#3008 = CARTESIAN_POINT('',(-4.75,-9.435,-3.9));
#3009 = DIRECTION('',(0.,0.,1.));
#3010 = DIRECTION('',(0.,-1.,0.));
#3011 = ADVANCED_FACE('',(#3012),#3023,.F.);
#3012 = FACE_BOUND('',#3013,.F.);
#3013 = EDGE_LOOP('',(#3014,#3015,#3021,#3022));
#3014 = ORIENTED_EDGE('',*,*,#780,.F.);
#3015 = ORIENTED_EDGE('',*,*,#3016,.T.);
#3016 = EDGE_CURVE('',#773,#1002,#3017,.T.);
#3017 = LINE('',#3018,#3019);
#3018 = CARTESIAN_POINT('',(-4.75,-8.435,-2.9));
#3019 = VECTOR('',#3020,1.);
#3020 = DIRECTION('',(1.,0.,0.));
#3021 = ORIENTED_EDGE('',*,*,#1001,.T.);
#3022 = ORIENTED_EDGE('',*,*,#2999,.F.);
#3023 = CYLINDRICAL_SURFACE('',#3024,1.);
#3024 = AXIS2_PLACEMENT_3D('',#3025,#3026,#3027);
#3025 = CARTESIAN_POINT('',(-4.75,-9.435,-2.9));
#3026 = DIRECTION('',(1.,0.,0.));
#3027 = DIRECTION('',(0.,-1.,0.));
#3028 = ADVANCED_FACE('',(#3029),#3040,.T.);
#3029 = FACE_BOUND('',#3030,.F.);
#3030 = EDGE_LOOP('',(#3031,#3032,#3038,#3039));
#3031 = ORIENTED_EDGE('',*,*,#772,.F.);
#3032 = ORIENTED_EDGE('',*,*,#3033,.T.);
#3033 = EDGE_CURVE('',#764,#1011,#3034,.T.);
#3034 = LINE('',#3035,#3036);
#3035 = CARTESIAN_POINT('',(-4.75,-8.435,-1.3));
#3036 = VECTOR('',#3037,1.);
#3037 = DIRECTION('',(1.,0.,0.));
#3038 = ORIENTED_EDGE('',*,*,#1010,.T.);
#3039 = ORIENTED_EDGE('',*,*,#3016,.F.);
#3040 = PLANE('',#3041);
#3041 = AXIS2_PLACEMENT_3D('',#3042,#3043,#3044);
#3042 = CARTESIAN_POINT('',(-4.75,-8.435,-1.3));
#3043 = DIRECTION('',(0.,-1.,0.));
#3044 = DIRECTION('',(0.,0.,-1.));
#3045 = ADVANCED_FACE('',(#3046),#3068,.F.);
#3046 = FACE_BOUND('',#3047,.F.);
#3047 = EDGE_LOOP('',(#3048,#3049,#3057,#3058,#3066,#3067));
#3048 = ORIENTED_EDGE('',*,*,#763,.F.);
#3049 = ORIENTED_EDGE('',*,*,#3050,.F.);
#3050 = EDGE_CURVE('',#394,#756,#3051,.T.);
#3051 = B_SPLINE_CURVE_WITH_KNOTS('',3,(#3052,#3053,#3054,#3055,#3056),
  .UNSPECIFIED.,.F.,.F.,(4,1,4),(0.,0.5,1.),.QUASI_UNIFORM_KNOTS.);
#3052 = CARTESIAN_POINT('',(-4.77917960675,-9.435,-0.3));
#3053 = CARTESIAN_POINT('',(-4.769552280812,-9.402708967141,-0.3));
#3054 = CARTESIAN_POINT('',(-4.754937688609,-9.336637438981,
    -0.303138937915));
#3055 = CARTESIAN_POINT('',(-4.75,-9.268897492956,-0.313284806112));
#3056 = CARTESIAN_POINT('',(-4.75,-9.235,-0.320204102887));
#3057 = ORIENTED_EDGE('',*,*,#393,.T.);
#3058 = ORIENTED_EDGE('',*,*,#3059,.F.);
#3059 = EDGE_CURVE('',#1019,#385,#3060,.T.);
#3060 = B_SPLINE_CURVE_WITH_KNOTS('',3,(#3061,#3062,#3063,#3064,#3065),
  .UNSPECIFIED.,.F.,.F.,(4,1,4),(0.,0.5,1.),.QUASI_UNIFORM_KNOTS.);
#3061 = CARTESIAN_POINT('',(4.75,-9.235,-0.320204102887));
#3062 = CARTESIAN_POINT('',(4.75,-9.26890849141,-0.313282561061));
#3063 = CARTESIAN_POINT('',(4.754940956504,-9.336659893643,
    -0.303136751959));
#3064 = CARTESIAN_POINT('',(4.769555488046,-9.402719724532,-0.3));
#3065 = CARTESIAN_POINT('',(4.77917960675,-9.435,-0.3));
#3066 = ORIENTED_EDGE('',*,*,#1018,.T.);
#3067 = ORIENTED_EDGE('',*,*,#3033,.F.);
#3068 = CYLINDRICAL_SURFACE('',#3069,1.);
#3069 = AXIS2_PLACEMENT_3D('',#3070,#3071,#3072);
#3070 = CARTESIAN_POINT('',(-4.75,-9.435,-1.3));
#3071 = DIRECTION('',(1.,0.,0.));
#3072 = DIRECTION('',(0.,-1.,0.));
#3073 = ADVANCED_FACE('',(#3074),#3094,.F.);
#3074 = FACE_BOUND('',#3075,.F.);
#3075 = EDGE_LOOP('',(#3076,#3077,#3085,#3086,#3092,#3093));
#3076 = ORIENTED_EDGE('',*,*,#755,.F.);
#3077 = ORIENTED_EDGE('',*,*,#3078,.T.);
#3078 = EDGE_CURVE('',#747,#141,#3079,.T.);
#3079 = B_SPLINE_CURVE_WITH_KNOTS('',3,(#3080,#3081,#3082,#3083,#3084),
  .UNSPECIFIED.,.F.,.F.,(4,1,4),(0.,0.5,1.),.QUASI_UNIFORM_KNOTS.);
#3080 = CARTESIAN_POINT('',(-4.75,-9.235,-0.11678404338));
#3081 = CARTESIAN_POINT('',(-4.75,-9.268885837177,-0.111056291487));
#3082 = CARTESIAN_POINT('',(-4.754932258843,-9.336596854348,
    -0.102621429215));
#3083 = CARTESIAN_POINT('',(-4.769546978547,-9.402691182804,-0.1));
#3084 = CARTESIAN_POINT('',(-4.77917960675,-9.435,-0.1));
#3085 = ORIENTED_EDGE('',*,*,#140,.T.);
#3086 = ORIENTED_EDGE('',*,*,#3087,.T.);
#3087 = EDGE_CURVE('',#133,#402,#3088,.T.);
#3088 = LINE('',#3089,#3090);
#3089 = CARTESIAN_POINT('',(-5.45,-9.935,-0.1));
#3090 = VECTOR('',#3091,1.);
#3091 = DIRECTION('',(0.,0.,-1.));
#3092 = ORIENTED_EDGE('',*,*,#401,.T.);
#3093 = ORIENTED_EDGE('',*,*,#3050,.T.);
#3094 = CYLINDRICAL_SURFACE('',#3095,0.7);
#3095 = AXIS2_PLACEMENT_3D('',#3096,#3097,#3098);
#3096 = CARTESIAN_POINT('',(-5.45,-9.235,14.09844));
#3097 = DIRECTION('',(0.,0.,-1.));
#3098 = DIRECTION('',(1.,0.,0.));
#3099 = ADVANCED_FACE('',(#3100),#3120,.T.);
#3100 = FACE_BOUND('',#3101,.T.);
#3101 = EDGE_LOOP('',(#3102,#3110,#3111,#3117,#3118,#3119));
#3102 = ORIENTED_EDGE('',*,*,#3103,.T.);
#3103 = EDGE_CURVE('',#150,#1028,#3104,.T.);
#3104 = B_SPLINE_CURVE_WITH_KNOTS('',3,(#3105,#3106,#3107,#3108,#3109),
  .UNSPECIFIED.,.F.,.F.,(4,1,4),(0.,0.5,1.),.QUASI_UNIFORM_KNOTS.);
#3105 = CARTESIAN_POINT('',(4.77917960675,-9.435,-0.1));
#3106 = CARTESIAN_POINT('',(4.769546978547,-9.402691182804,-0.1));
#3107 = CARTESIAN_POINT('',(4.754932258843,-9.336596854348,
    -0.102621429215));
#3108 = CARTESIAN_POINT('',(4.75,-9.268885837177,-0.111056291487));
#3109 = CARTESIAN_POINT('',(4.75,-9.235,-0.11678404338));
#3110 = ORIENTED_EDGE('',*,*,#1035,.F.);
#3111 = ORIENTED_EDGE('',*,*,#3112,.F.);
#3112 = EDGE_CURVE('',#739,#1036,#3113,.T.);
#3113 = LINE('',#3114,#3115);
#3114 = CARTESIAN_POINT('',(-4.75,-8.235,-1.3));
#3115 = VECTOR('',#3116,1.);
#3116 = DIRECTION('',(1.,0.,0.));
#3117 = ORIENTED_EDGE('',*,*,#746,.T.);
#3118 = ORIENTED_EDGE('',*,*,#3078,.T.);
#3119 = ORIENTED_EDGE('',*,*,#149,.F.);
#3120 = CYLINDRICAL_SURFACE('',#3121,1.2);
#3121 = AXIS2_PLACEMENT_3D('',#3122,#3123,#3124);
#3122 = CARTESIAN_POINT('',(-4.75,-9.435,-1.3));
#3123 = DIRECTION('',(1.,0.,0.));
#3124 = DIRECTION('',(0.,-1.,0.));
#3125 = ADVANCED_FACE('',(#3126),#3132,.T.);
#3126 = FACE_BOUND('',#3127,.F.);
#3127 = EDGE_LOOP('',(#3128,#3129,#3130,#3131));
#3128 = ORIENTED_EDGE('',*,*,#738,.F.);
#3129 = ORIENTED_EDGE('',*,*,#2892,.T.);
#3130 = ORIENTED_EDGE('',*,*,#1044,.T.);
#3131 = ORIENTED_EDGE('',*,*,#3112,.F.);
#3132 = PLANE('',#3133);
#3133 = AXIS2_PLACEMENT_3D('',#3134,#3135,#3136);
#3134 = CARTESIAN_POINT('',(-4.75,-8.235,-2.9));
#3135 = DIRECTION('',(0.,1.,0.));
#3136 = DIRECTION('',(0.,-0.,1.));
#3137 = ADVANCED_FACE('',(#3138),#3151,.F.);
#3138 = FACE_BOUND('',#3139,.F.);
#3139 = EDGE_LOOP('',(#3140,#3141,#3142,#3143,#3149,#3150));
#3140 = ORIENTED_EDGE('',*,*,#1027,.F.);
#3141 = ORIENTED_EDGE('',*,*,#3059,.T.);
#3142 = ORIENTED_EDGE('',*,*,#384,.T.);
#3143 = ORIENTED_EDGE('',*,*,#3144,.T.);
#3144 = EDGE_CURVE('',#377,#158,#3145,.T.);
#3145 = LINE('',#3146,#3147);
#3146 = CARTESIAN_POINT('',(5.45,-9.935,-0.3));
#3147 = VECTOR('',#3148,1.);
#3148 = DIRECTION('',(0.,0.,1.));
#3149 = ORIENTED_EDGE('',*,*,#157,.T.);
#3150 = ORIENTED_EDGE('',*,*,#3103,.T.);
#3151 = CYLINDRICAL_SURFACE('',#3152,0.7);
#3152 = AXIS2_PLACEMENT_3D('',#3153,#3154,#3155);
#3153 = CARTESIAN_POINT('',(5.45,-9.235,-14.39844));
#3154 = DIRECTION('',(0.,0.,1.));
#3155 = DIRECTION('',(-1.,0.,0.));
#3156 = ADVANCED_FACE('',(#3157),#3168,.T.);
#3157 = FACE_BOUND('',#3158,.F.);
#3158 = EDGE_LOOP('',(#3159,#3165,#3166,#3167));
#3159 = ORIENTED_EDGE('',*,*,#3160,.T.);
#3160 = EDGE_CURVE('',#368,#167,#3161,.T.);
#3161 = LINE('',#3162,#3163);
#3162 = CARTESIAN_POINT('',(8.55,-9.935,-0.3));
#3163 = VECTOR('',#3164,1.);
#3164 = DIRECTION('',(0.,0.,1.));
#3165 = ORIENTED_EDGE('',*,*,#166,.F.);
#3166 = ORIENTED_EDGE('',*,*,#3144,.F.);
#3167 = ORIENTED_EDGE('',*,*,#376,.T.);
#3168 = PLANE('',#3169);
#3169 = AXIS2_PLACEMENT_3D('',#3170,#3171,#3172);
#3170 = CARTESIAN_POINT('',(-10.75,-9.935,-0.3));
#3171 = DIRECTION('',(0.,1.,0.));
#3172 = DIRECTION('',(1.,0.,0.));
#3173 = ADVANCED_FACE('',(#3174),#3185,.T.);
#3174 = FACE_BOUND('',#3175,.F.);
#3175 = EDGE_LOOP('',(#3176,#3182,#3183,#3184));
#3176 = ORIENTED_EDGE('',*,*,#3177,.F.);
#3177 = EDGE_CURVE('',#411,#124,#3178,.T.);
#3178 = LINE('',#3179,#3180);
#3179 = CARTESIAN_POINT('',(-10.05,-9.935,-0.3));
#3180 = VECTOR('',#3181,1.);
#3181 = DIRECTION('',(0.,0.,1.));
#3182 = ORIENTED_EDGE('',*,*,#410,.T.);
#3183 = ORIENTED_EDGE('',*,*,#3087,.F.);
#3184 = ORIENTED_EDGE('',*,*,#132,.F.);
#3185 = PLANE('',#3186);
#3186 = AXIS2_PLACEMENT_3D('',#3187,#3188,#3189);
#3187 = CARTESIAN_POINT('',(-10.75,-9.935,-0.3));
#3188 = DIRECTION('',(0.,1.,0.));
#3189 = DIRECTION('',(1.,0.,0.));
#3190 = ADVANCED_FACE('',(#3191),#3202,.T.);
#3191 = FACE_BOUND('',#3192,.T.);
#3192 = EDGE_LOOP('',(#3193,#3199,#3200,#3201));
#3193 = ORIENTED_EDGE('',*,*,#3194,.F.);
#3194 = EDGE_CURVE('',#360,#175,#3195,.T.);
#3195 = LINE('',#3196,#3197);
#3196 = CARTESIAN_POINT('',(9.25,-10.635,-0.3));
#3197 = VECTOR('',#3198,1.);
#3198 = DIRECTION('',(0.,0.,1.));
#3199 = ORIENTED_EDGE('',*,*,#367,.F.);
#3200 = ORIENTED_EDGE('',*,*,#3160,.T.);
#3201 = ORIENTED_EDGE('',*,*,#174,.F.);
#3202 = CYLINDRICAL_SURFACE('',#3203,0.7);
#3203 = AXIS2_PLACEMENT_3D('',#3204,#3205,#3206);
#3204 = CARTESIAN_POINT('',(8.55,-10.635,-14.39844));
#3205 = DIRECTION('',(0.,0.,1.));
#3206 = DIRECTION('',(1.,0.,-0.));
#3207 = ADVANCED_FACE('',(#3208),#3214,.T.);
#3208 = FACE_BOUND('',#3209,.F.);
#3209 = EDGE_LOOP('',(#3210,#3211,#3212,#3213));
#3210 = ORIENTED_EDGE('',*,*,#40,.T.);
#3211 = ORIENTED_EDGE('',*,*,#183,.F.);
#3212 = ORIENTED_EDGE('',*,*,#3194,.F.);
#3213 = ORIENTED_EDGE('',*,*,#359,.T.);
#3214 = PLANE('',#3215);
#3215 = AXIS2_PLACEMENT_3D('',#3216,#3217,#3218);
#3216 = CARTESIAN_POINT('',(9.25,-9.935,-0.3));
#3217 = DIRECTION('',(1.,0.,0.));
#3218 = DIRECTION('',(0.,-1.,0.));
#3219 = ADVANCED_FACE('',(#3220),#3231,.T.);
#3220 = FACE_BOUND('',#3221,.T.);
#3221 = EDGE_LOOP('',(#3222,#3223,#3224,#3230));
#3222 = ORIENTED_EDGE('',*,*,#3177,.F.);
#3223 = ORIENTED_EDGE('',*,*,#418,.F.);
#3224 = ORIENTED_EDGE('',*,*,#3225,.T.);
#3225 = EDGE_CURVE('',#419,#116,#3226,.T.);
#3226 = LINE('',#3227,#3228);
#3227 = CARTESIAN_POINT('',(-10.75,-10.635,-0.3));
#3228 = VECTOR('',#3229,1.);
#3229 = DIRECTION('',(0.,0.,1.));
#3230 = ORIENTED_EDGE('',*,*,#123,.F.);
#3231 = CYLINDRICAL_SURFACE('',#3232,0.7);
#3232 = AXIS2_PLACEMENT_3D('',#3233,#3234,#3235);
#3233 = CARTESIAN_POINT('',(-10.05,-10.635,-14.39844));
#3234 = DIRECTION('',(0.,0.,1.));
#3235 = DIRECTION('',(0.,1.,0.));
#3236 = ADVANCED_FACE('',(#3237),#3248,.T.);
#3237 = FACE_BOUND('',#3238,.F.);
#3238 = EDGE_LOOP('',(#3239,#3245,#3246,#3247));
#3239 = ORIENTED_EDGE('',*,*,#3240,.F.);
#3240 = EDGE_CURVE('',#428,#107,#3241,.T.);
#3241 = LINE('',#3242,#3243);
#3242 = CARTESIAN_POINT('',(-10.75,-18.735,-0.3));
#3243 = VECTOR('',#3244,1.);
#3244 = DIRECTION('',(0.,0.,1.));
#3245 = ORIENTED_EDGE('',*,*,#427,.T.);
#3246 = ORIENTED_EDGE('',*,*,#3225,.T.);
#3247 = ORIENTED_EDGE('',*,*,#115,.F.);
#3248 = PLANE('',#3249);
#3249 = AXIS2_PLACEMENT_3D('',#3250,#3251,#3252);
#3250 = CARTESIAN_POINT('',(-10.75,-19.435,-0.3));
#3251 = DIRECTION('',(-1.,0.,0.));
#3252 = DIRECTION('',(0.,1.,0.));
#3253 = ADVANCED_FACE('',(#3254),#3260,.T.);
#3254 = FACE_BOUND('',#3255,.T.);
#3255 = EDGE_LOOP('',(#3256,#3257,#3258,#3259));
#3256 = ORIENTED_EDGE('',*,*,#3240,.F.);
#3257 = ORIENTED_EDGE('',*,*,#435,.F.);
#3258 = ORIENTED_EDGE('',*,*,#221,.T.);
#3259 = ORIENTED_EDGE('',*,*,#106,.F.);
#3260 = CYLINDRICAL_SURFACE('',#3261,0.7);
#3261 = AXIS2_PLACEMENT_3D('',#3262,#3263,#3264);
#3262 = CARTESIAN_POINT('',(-10.05,-18.735,-14.39844));
#3263 = DIRECTION('',(0.,0.,1.));
#3264 = DIRECTION('',(-1.,0.,0.));
#3265 = ADVANCED_FACE('',(#3266),#3284,.T.);
#3266 = FACE_BOUND('',#3267,.F.);
#3267 = EDGE_LOOP('',(#3268,#3269,#3277,#3283));
#3268 = ORIENTED_EDGE('',*,*,#334,.T.);
#3269 = ORIENTED_EDGE('',*,*,#3270,.T.);
#3270 = EDGE_CURVE('',#327,#3271,#3273,.T.);
#3271 = VERTEX_POINT('',#3272);
#3272 = CARTESIAN_POINT('',(3.472831320148,-17.935,-0.5));
#3273 = LINE('',#3274,#3275);
#3274 = CARTESIAN_POINT('',(3.472831320148,-17.935,-0.3));
#3275 = VECTOR('',#3276,1.);
#3276 = DIRECTION('',(0.,0.,-1.));
#3277 = ORIENTED_EDGE('',*,*,#3278,.T.);
#3278 = EDGE_CURVE('',#3271,#504,#3279,.T.);
#3279 = LINE('',#3280,#3281);
#3280 = CARTESIAN_POINT('',(3.472831320148,-17.935,-0.5));
#3281 = VECTOR('',#3282,1.);
#3282 = DIRECTION('',(0.,-1.,0.));
#3283 = ORIENTED_EDGE('',*,*,#503,.F.);
#3284 = PLANE('',#3285);
#3285 = AXIS2_PLACEMENT_3D('',#3286,#3287,#3288);
#3286 = CARTESIAN_POINT('',(3.472831320148,-14.435,-0.3));
#3287 = DIRECTION('',(1.,0.,0.));
#3288 = DIRECTION('',(0.,-1.,0.));
#3289 = ADVANCED_FACE('',(#3290),#3324,.T.);
#3290 = FACE_BOUND('',#3291,.F.);
#3291 = EDGE_LOOP('',(#3292,#3300,#3301,#3302,#3310,#3318));
#3292 = ORIENTED_EDGE('',*,*,#3293,.T.);
#3293 = EDGE_CURVE('',#3294,#3271,#3296,.T.);
#3294 = VERTEX_POINT('',#3295);
#3295 = CARTESIAN_POINT('',(2.15,-17.935,-0.5));
#3296 = LINE('',#3297,#3298);
#3297 = CARTESIAN_POINT('',(2.15,-17.935,-0.5));
#3298 = VECTOR('',#3299,1.);
#3299 = DIRECTION('',(1.,0.,0.));
#3300 = ORIENTED_EDGE('',*,*,#3270,.F.);
#3301 = ORIENTED_EDGE('',*,*,#326,.F.);
#3302 = ORIENTED_EDGE('',*,*,#3303,.T.);
#3303 = EDGE_CURVE('',#319,#3304,#3306,.T.);
#3304 = VERTEX_POINT('',#3305);
#3305 = CARTESIAN_POINT('',(9.15,-17.935,-1.3));
#3306 = LINE('',#3307,#3308);
#3307 = CARTESIAN_POINT('',(9.15,-17.935,-0.3));
#3308 = VECTOR('',#3309,1.);
#3309 = DIRECTION('',(0.,0.,-1.));
#3310 = ORIENTED_EDGE('',*,*,#3311,.T.);
#3311 = EDGE_CURVE('',#3304,#3312,#3314,.T.);
#3312 = VERTEX_POINT('',#3313);
#3313 = CARTESIAN_POINT('',(2.15,-17.935,-1.3));
#3314 = LINE('',#3315,#3316);
#3315 = CARTESIAN_POINT('',(9.15,-17.935,-1.3));
#3316 = VECTOR('',#3317,1.);
#3317 = DIRECTION('',(-1.,0.,0.));
#3318 = ORIENTED_EDGE('',*,*,#3319,.F.);
#3319 = EDGE_CURVE('',#3294,#3312,#3320,.T.);
#3320 = LINE('',#3321,#3322);
#3321 = CARTESIAN_POINT('',(2.15,-17.935,-0.5));
#3322 = VECTOR('',#3323,1.);
#3323 = DIRECTION('',(0.,0.,-1.));
#3324 = PLANE('',#3325);
#3325 = AXIS2_PLACEMENT_3D('',#3326,#3327,#3328);
#3326 = CARTESIAN_POINT('',(9.15,-17.935,-0.3));
#3327 = DIRECTION('',(0.,-1.,0.));
#3328 = DIRECTION('',(-1.,0.,0.));
#3329 = ADVANCED_FACE('',(#3330),#3382,.T.);
#3330 = FACE_BOUND('',#3331,.F.);
#3331 = EDGE_LOOP('',(#3332,#3333,#3341,#3349,#3357,#3365,#3373,#3379,
    #3380,#3381));
#3332 = ORIENTED_EDGE('',*,*,#3293,.F.);
#3333 = ORIENTED_EDGE('',*,*,#3334,.T.);
#3334 = EDGE_CURVE('',#3294,#3335,#3337,.T.);
#3335 = VERTEX_POINT('',#3336);
#3336 = CARTESIAN_POINT('',(2.15,-14.435,-0.5));
#3337 = LINE('',#3338,#3339);
#3338 = CARTESIAN_POINT('',(2.15,-17.935,-0.5));
#3339 = VECTOR('',#3340,1.);
#3340 = DIRECTION('',(0.,1.,0.));
#3341 = ORIENTED_EDGE('',*,*,#3342,.F.);
#3342 = EDGE_CURVE('',#3343,#3335,#3345,.T.);
#3343 = VERTEX_POINT('',#3344);
#3344 = CARTESIAN_POINT('',(-5.65,-14.435,-0.5));
#3345 = LINE('',#3346,#3347);
#3346 = CARTESIAN_POINT('',(-5.65,-14.435,-0.5));
#3347 = VECTOR('',#3348,1.);
#3348 = DIRECTION('',(1.,0.,0.));
#3349 = ORIENTED_EDGE('',*,*,#3350,.F.);
#3350 = EDGE_CURVE('',#3351,#3343,#3353,.T.);
#3351 = VERTEX_POINT('',#3352);
#3352 = CARTESIAN_POINT('',(-5.65,-10.77177447652,-0.5));
#3353 = LINE('',#3354,#3355);
#3354 = CARTESIAN_POINT('',(-5.65,-10.77177447652,-0.5));
#3355 = VECTOR('',#3356,1.);
#3356 = DIRECTION('',(0.,-1.,0.));
#3357 = ORIENTED_EDGE('',*,*,#3358,.F.);
#3358 = EDGE_CURVE('',#3359,#3351,#3361,.T.);
#3359 = VERTEX_POINT('',#3360);
#3360 = CARTESIAN_POINT('',(-10.65,-10.77177447652,-0.5));
#3361 = LINE('',#3362,#3363);
#3362 = CARTESIAN_POINT('',(-10.65,-10.77177447652,-0.5));
#3363 = VECTOR('',#3364,1.);
#3364 = DIRECTION('',(1.,0.,0.));
#3365 = ORIENTED_EDGE('',*,*,#3366,.F.);
#3366 = EDGE_CURVE('',#3367,#3359,#3369,.T.);
#3367 = VERTEX_POINT('',#3368);
#3368 = CARTESIAN_POINT('',(-10.65,-18.78052731748,-0.5));
#3369 = LINE('',#3370,#3371);
#3370 = CARTESIAN_POINT('',(-10.65,-18.78052731748,-0.5));
#3371 = VECTOR('',#3372,1.);
#3372 = DIRECTION('',(0.,1.,0.));
#3373 = ORIENTED_EDGE('',*,*,#3374,.F.);
#3374 = EDGE_CURVE('',#476,#3367,#3375,.T.);
#3375 = LINE('',#3376,#3377);
#3376 = CARTESIAN_POINT('',(-4.561989026495,-18.78052731748,-0.5));
#3377 = VECTOR('',#3378,1.);
#3378 = DIRECTION('',(-1.,0.,0.));
#3379 = ORIENTED_EDGE('',*,*,#475,.F.);
#3380 = ORIENTED_EDGE('',*,*,#511,.F.);
#3381 = ORIENTED_EDGE('',*,*,#3278,.F.);
#3382 = PLANE('',#3383);
#3383 = AXIS2_PLACEMENT_3D('',#3384,#3385,#3386);
#3384 = CARTESIAN_POINT('',(-4.75,0.,-0.5));
#3385 = DIRECTION('',(0.,0.,-1.));
#3386 = DIRECTION('',(-1.,0.,0.));
#3387 = ADVANCED_FACE('',(#3388),#3413,.T.);
#3388 = FACE_BOUND('',#3389,.F.);
#3389 = EDGE_LOOP('',(#3390,#3391,#3392,#3400,#3406,#3407));
#3390 = ORIENTED_EDGE('',*,*,#3334,.F.);
#3391 = ORIENTED_EDGE('',*,*,#3319,.T.);
#3392 = ORIENTED_EDGE('',*,*,#3393,.T.);
#3393 = EDGE_CURVE('',#3312,#3394,#3396,.T.);
#3394 = VERTEX_POINT('',#3395);
#3395 = CARTESIAN_POINT('',(2.15,-10.935,-1.3));
#3396 = LINE('',#3397,#3398);
#3397 = CARTESIAN_POINT('',(2.15,-17.935,-1.3));
#3398 = VECTOR('',#3399,1.);
#3399 = DIRECTION('',(0.,1.,0.));
#3400 = ORIENTED_EDGE('',*,*,#3401,.F.);
#3401 = EDGE_CURVE('',#303,#3394,#3402,.T.);
#3402 = LINE('',#3403,#3404);
#3403 = CARTESIAN_POINT('',(2.15,-10.935,-0.3));
#3404 = VECTOR('',#3405,1.);
#3405 = DIRECTION('',(0.,0.,-1.));
#3406 = ORIENTED_EDGE('',*,*,#302,.F.);
#3407 = ORIENTED_EDGE('',*,*,#3408,.T.);
#3408 = EDGE_CURVE('',#295,#3335,#3409,.T.);
#3409 = LINE('',#3410,#3411);
#3410 = CARTESIAN_POINT('',(2.15,-14.435,-0.3));
#3411 = VECTOR('',#3412,1.);
#3412 = DIRECTION('',(0.,0.,-1.));
#3413 = PLANE('',#3414);
#3414 = AXIS2_PLACEMENT_3D('',#3415,#3416,#3417);
#3415 = CARTESIAN_POINT('',(2.15,-17.935,-0.3));
#3416 = DIRECTION('',(-1.,0.,0.));
#3417 = DIRECTION('',(0.,1.,0.));
#3418 = ADVANCED_FACE('',(#3419),#3437,.T.);
#3419 = FACE_BOUND('',#3420,.F.);
#3420 = EDGE_LOOP('',(#3421,#3429,#3435,#3436));
#3421 = ORIENTED_EDGE('',*,*,#3422,.F.);
#3422 = EDGE_CURVE('',#3423,#3304,#3425,.T.);
#3423 = VERTEX_POINT('',#3424);
#3424 = CARTESIAN_POINT('',(9.15,-10.935,-1.3));
#3425 = LINE('',#3426,#3427);
#3426 = CARTESIAN_POINT('',(9.15,-10.935,-1.3));
#3427 = VECTOR('',#3428,1.);
#3428 = DIRECTION('',(0.,-1.,0.));
#3429 = ORIENTED_EDGE('',*,*,#3430,.F.);
#3430 = EDGE_CURVE('',#3394,#3423,#3431,.T.);
#3431 = LINE('',#3432,#3433);
#3432 = CARTESIAN_POINT('',(2.15,-10.935,-1.3));
#3433 = VECTOR('',#3434,1.);
#3434 = DIRECTION('',(1.,0.,0.));
#3435 = ORIENTED_EDGE('',*,*,#3393,.F.);
#3436 = ORIENTED_EDGE('',*,*,#3311,.F.);
#3437 = PLANE('',#3438);
#3438 = AXIS2_PLACEMENT_3D('',#3439,#3440,#3441);
#3439 = CARTESIAN_POINT('',(-4.75,0.,-1.3));
#3440 = DIRECTION('',(0.,0.,-1.));
#3441 = DIRECTION('',(-1.,0.,0.));
#3442 = ADVANCED_FACE('',(#3443),#3454,.T.);
#3443 = FACE_BOUND('',#3444,.F.);
#3444 = EDGE_LOOP('',(#3445,#3446,#3452,#3453));
#3445 = ORIENTED_EDGE('',*,*,#318,.F.);
#3446 = ORIENTED_EDGE('',*,*,#3447,.T.);
#3447 = EDGE_CURVE('',#311,#3423,#3448,.T.);
#3448 = LINE('',#3449,#3450);
#3449 = CARTESIAN_POINT('',(9.15,-10.935,-0.3));
#3450 = VECTOR('',#3451,1.);
#3451 = DIRECTION('',(0.,0.,-1.));
#3452 = ORIENTED_EDGE('',*,*,#3422,.T.);
#3453 = ORIENTED_EDGE('',*,*,#3303,.F.);
#3454 = PLANE('',#3455);
#3455 = AXIS2_PLACEMENT_3D('',#3456,#3457,#3458);
#3456 = CARTESIAN_POINT('',(9.15,-10.935,-0.3));
#3457 = DIRECTION('',(1.,0.,0.));
#3458 = DIRECTION('',(0.,-1.,0.));
#3459 = ADVANCED_FACE('',(#3460),#3466,.T.);
#3460 = FACE_BOUND('',#3461,.F.);
#3461 = EDGE_LOOP('',(#3462,#3463,#3464,#3465));
#3462 = ORIENTED_EDGE('',*,*,#310,.F.);
#3463 = ORIENTED_EDGE('',*,*,#3401,.T.);
#3464 = ORIENTED_EDGE('',*,*,#3430,.T.);
#3465 = ORIENTED_EDGE('',*,*,#3447,.F.);
#3466 = PLANE('',#3467);
#3467 = AXIS2_PLACEMENT_3D('',#3468,#3469,#3470);
#3468 = CARTESIAN_POINT('',(2.15,-10.935,-0.3));
#3469 = DIRECTION('',(0.,1.,0.));
#3470 = DIRECTION('',(1.,0.,0.));
#3471 = ADVANCED_FACE('',(#3472),#3483,.T.);
#3472 = FACE_BOUND('',#3473,.F.);
#3473 = EDGE_LOOP('',(#3474,#3475,#3481,#3482));
#3474 = ORIENTED_EDGE('',*,*,#294,.F.);
#3475 = ORIENTED_EDGE('',*,*,#3476,.T.);
#3476 = EDGE_CURVE('',#287,#3343,#3477,.T.);
#3477 = LINE('',#3478,#3479);
#3478 = CARTESIAN_POINT('',(-5.65,-14.435,-0.3));
#3479 = VECTOR('',#3480,1.);
#3480 = DIRECTION('',(0.,0.,-1.));
#3481 = ORIENTED_EDGE('',*,*,#3342,.T.);
#3482 = ORIENTED_EDGE('',*,*,#3408,.F.);
#3483 = PLANE('',#3484);
#3484 = AXIS2_PLACEMENT_3D('',#3485,#3486,#3487);
#3485 = CARTESIAN_POINT('',(-5.65,-14.435,-0.3));
#3486 = DIRECTION('',(0.,1.,0.));
#3487 = DIRECTION('',(1.,0.,0.));
#3488 = ADVANCED_FACE('',(#3489),#3500,.T.);
#3489 = FACE_BOUND('',#3490,.F.);
#3490 = EDGE_LOOP('',(#3491,#3492,#3498,#3499));
#3491 = ORIENTED_EDGE('',*,*,#286,.F.);
#3492 = ORIENTED_EDGE('',*,*,#3493,.T.);
#3493 = EDGE_CURVE('',#279,#3351,#3494,.T.);
#3494 = LINE('',#3495,#3496);
#3495 = CARTESIAN_POINT('',(-5.65,-10.77177447652,-0.3));
#3496 = VECTOR('',#3497,1.);
#3497 = DIRECTION('',(0.,0.,-1.));
#3498 = ORIENTED_EDGE('',*,*,#3350,.T.);
#3499 = ORIENTED_EDGE('',*,*,#3476,.F.);
#3500 = PLANE('',#3501);
#3501 = AXIS2_PLACEMENT_3D('',#3502,#3503,#3504);
#3502 = CARTESIAN_POINT('',(-5.65,-10.77177447652,-0.3));
#3503 = DIRECTION('',(1.,0.,0.));
#3504 = DIRECTION('',(0.,-1.,0.));
#3505 = ADVANCED_FACE('',(#3506),#3517,.T.);
#3506 = FACE_BOUND('',#3507,.F.);
#3507 = EDGE_LOOP('',(#3508,#3509,#3515,#3516));
#3508 = ORIENTED_EDGE('',*,*,#278,.F.);
#3509 = ORIENTED_EDGE('',*,*,#3510,.T.);
#3510 = EDGE_CURVE('',#271,#3359,#3511,.T.);
#3511 = LINE('',#3512,#3513);
#3512 = CARTESIAN_POINT('',(-10.65,-10.77177447652,-0.3));
#3513 = VECTOR('',#3514,1.);
#3514 = DIRECTION('',(0.,0.,-1.));
#3515 = ORIENTED_EDGE('',*,*,#3358,.T.);
#3516 = ORIENTED_EDGE('',*,*,#3493,.F.);
#3517 = PLANE('',#3518);
#3518 = AXIS2_PLACEMENT_3D('',#3519,#3520,#3521);
#3519 = CARTESIAN_POINT('',(-10.65,-10.77177447652,-0.3));
#3520 = DIRECTION('',(0.,1.,0.));
#3521 = DIRECTION('',(1.,0.,0.));
#3522 = ADVANCED_FACE('',(#3523),#3534,.T.);
#3523 = FACE_BOUND('',#3524,.F.);
#3524 = EDGE_LOOP('',(#3525,#3526,#3532,#3533));
#3525 = ORIENTED_EDGE('',*,*,#270,.F.);
#3526 = ORIENTED_EDGE('',*,*,#3527,.T.);
#3527 = EDGE_CURVE('',#263,#3367,#3528,.T.);
#3528 = LINE('',#3529,#3530);
#3529 = CARTESIAN_POINT('',(-10.65,-18.78052731748,-0.3));
#3530 = VECTOR('',#3531,1.);
#3531 = DIRECTION('',(0.,0.,-1.));
#3532 = ORIENTED_EDGE('',*,*,#3366,.T.);
#3533 = ORIENTED_EDGE('',*,*,#3510,.F.);
#3534 = PLANE('',#3535);
#3535 = AXIS2_PLACEMENT_3D('',#3536,#3537,#3538);
#3536 = CARTESIAN_POINT('',(-10.65,-18.78052731748,-0.3));
#3537 = DIRECTION('',(-1.,0.,0.));
#3538 = DIRECTION('',(0.,1.,0.));
#3539 = ADVANCED_FACE('',(#3540),#3546,.T.);
#3540 = FACE_BOUND('',#3541,.F.);
#3541 = EDGE_LOOP('',(#3542,#3543,#3544,#3545));
#3542 = ORIENTED_EDGE('',*,*,#262,.F.);
#3543 = ORIENTED_EDGE('',*,*,#483,.T.);
#3544 = ORIENTED_EDGE('',*,*,#3374,.T.);
#3545 = ORIENTED_EDGE('',*,*,#3527,.F.);
#3546 = PLANE('',#3547);
#3547 = AXIS2_PLACEMENT_3D('',#3548,#3549,#3550);
#3548 = CARTESIAN_POINT('',(-4.561989026495,-18.78052731748,-0.3));
#3549 = DIRECTION('',(0.,-1.,0.));
#3550 = DIRECTION('',(-1.,0.,0.));
#3551 = ORIENTED_CLOSED_SHELL('',*,#3552,.F.);
#3552 = CLOSED_SHELL('',(#3553,#3593,#3660,#3685,#3814,#3845,#3912,#3929
    ,#3946,#3963,#3980,#3997,#4014,#4026,#4043,#4060,#4077,#4094,#4111)
  );
#3553 = ADVANCED_FACE('',(#3554),#3588,.F.);
#3554 = FACE_BOUND('',#3555,.F.);
#3555 = EDGE_LOOP('',(#3556,#3566,#3574,#3582));
#3556 = ORIENTED_EDGE('',*,*,#3557,.F.);
#3557 = EDGE_CURVE('',#3558,#3560,#3562,.T.);
#3558 = VERTEX_POINT('',#3559);
#3559 = CARTESIAN_POINT('',(8.985,-16.515,2.));
#3560 = VERTEX_POINT('',#3561);
#3561 = CARTESIAN_POINT('',(-8.985,-16.515,2.));
#3562 = LINE('',#3563,#3564);
#3563 = CARTESIAN_POINT('',(8.985,-16.515,2.));
#3564 = VECTOR('',#3565,1.);
#3565 = DIRECTION('',(-1.,0.,0.));
#3566 = ORIENTED_EDGE('',*,*,#3567,.F.);
#3567 = EDGE_CURVE('',#3568,#3558,#3570,.T.);
#3568 = VERTEX_POINT('',#3569);
#3569 = CARTESIAN_POINT('',(8.985,-16.515,1.56));
#3570 = LINE('',#3571,#3572);
#3571 = CARTESIAN_POINT('',(8.985,-16.515,1.56));
#3572 = VECTOR('',#3573,1.);
#3573 = DIRECTION('',(0.,0.,1.));
#3574 = ORIENTED_EDGE('',*,*,#3575,.T.);
#3575 = EDGE_CURVE('',#3568,#3576,#3578,.T.);
#3576 = VERTEX_POINT('',#3577);
#3577 = CARTESIAN_POINT('',(-8.985,-16.515,1.56));
#3578 = LINE('',#3579,#3580);
#3579 = CARTESIAN_POINT('',(8.985,-16.515,1.56));
#3580 = VECTOR('',#3581,1.);
#3581 = DIRECTION('',(-1.,0.,0.));
#3582 = ORIENTED_EDGE('',*,*,#3583,.T.);
#3583 = EDGE_CURVE('',#3576,#3560,#3584,.T.);
#3584 = LINE('',#3585,#3586);
#3585 = CARTESIAN_POINT('',(-8.985,-16.515,1.56));
#3586 = VECTOR('',#3587,1.);
#3587 = DIRECTION('',(0.,0.,1.));
#3588 = PLANE('',#3589);
#3589 = AXIS2_PLACEMENT_3D('',#3590,#3591,#3592);
#3590 = CARTESIAN_POINT('',(8.985,-16.515,1.56));
#3591 = DIRECTION('',(0.,1.,0.));
#3592 = DIRECTION('',(-1.,0.,0.));
#3593 = ADVANCED_FACE('',(#3594),#3655,.F.);
#3594 = FACE_BOUND('',#3595,.F.);
#3595 = EDGE_LOOP('',(#3596,#3597,#3606,#3614,#3623,#3631,#3640,#3648));
#3596 = ORIENTED_EDGE('',*,*,#3557,.T.);
#3597 = ORIENTED_EDGE('',*,*,#3598,.F.);
#3598 = EDGE_CURVE('',#3599,#3560,#3601,.T.);
#3599 = VERTEX_POINT('',#3600);
#3600 = CARTESIAN_POINT('',(-14.185,-11.315,2.));
#3601 = CIRCLE('',#3602,5.2);
#3602 = AXIS2_PLACEMENT_3D('',#3603,#3604,#3605);
#3603 = CARTESIAN_POINT('',(-8.985,-11.315,2.));
#3604 = DIRECTION('',(0.,0.,1.));
#3605 = DIRECTION('',(-1.,0.,0.));
#3606 = ORIENTED_EDGE('',*,*,#3607,.T.);
#3607 = EDGE_CURVE('',#3599,#3608,#3610,.T.);
#3608 = VERTEX_POINT('',#3609);
#3609 = CARTESIAN_POINT('',(-14.185,11.315,2.));
#3610 = LINE('',#3611,#3612);
#3611 = CARTESIAN_POINT('',(-14.185,-11.315,2.));
#3612 = VECTOR('',#3613,1.);
#3613 = DIRECTION('',(0.,1.,0.));
#3614 = ORIENTED_EDGE('',*,*,#3615,.F.);
#3615 = EDGE_CURVE('',#3616,#3608,#3618,.T.);
#3616 = VERTEX_POINT('',#3617);
#3617 = CARTESIAN_POINT('',(-8.985,16.515,2.));
#3618 = CIRCLE('',#3619,5.2);
#3619 = AXIS2_PLACEMENT_3D('',#3620,#3621,#3622);
#3620 = CARTESIAN_POINT('',(-8.985,11.315,2.));
#3621 = DIRECTION('',(0.,-0.,1.));
#3622 = DIRECTION('',(0.,1.,0.));
#3623 = ORIENTED_EDGE('',*,*,#3624,.T.);
#3624 = EDGE_CURVE('',#3616,#3625,#3627,.T.);
#3625 = VERTEX_POINT('',#3626);
#3626 = CARTESIAN_POINT('',(8.985,16.515,2.));
#3627 = LINE('',#3628,#3629);
#3628 = CARTESIAN_POINT('',(-8.985,16.515,2.));
#3629 = VECTOR('',#3630,1.);
#3630 = DIRECTION('',(1.,0.,0.));
#3631 = ORIENTED_EDGE('',*,*,#3632,.F.);
#3632 = EDGE_CURVE('',#3633,#3625,#3635,.T.);
#3633 = VERTEX_POINT('',#3634);
#3634 = CARTESIAN_POINT('',(14.185,11.315,2.));
#3635 = CIRCLE('',#3636,5.2);
#3636 = AXIS2_PLACEMENT_3D('',#3637,#3638,#3639);
#3637 = CARTESIAN_POINT('',(8.985,11.315,2.));
#3638 = DIRECTION('',(0.,0.,1.));
#3639 = DIRECTION('',(1.,0.,-0.));
#3640 = ORIENTED_EDGE('',*,*,#3641,.T.);
#3641 = EDGE_CURVE('',#3633,#3642,#3644,.T.);
#3642 = VERTEX_POINT('',#3643);
#3643 = CARTESIAN_POINT('',(14.185,-11.315,2.));
#3644 = LINE('',#3645,#3646);
#3645 = CARTESIAN_POINT('',(14.185,11.315,2.));
#3646 = VECTOR('',#3647,1.);
#3647 = DIRECTION('',(0.,-1.,0.));
#3648 = ORIENTED_EDGE('',*,*,#3649,.F.);
#3649 = EDGE_CURVE('',#3558,#3642,#3650,.T.);
#3650 = CIRCLE('',#3651,5.2);
#3651 = AXIS2_PLACEMENT_3D('',#3652,#3653,#3654);
#3652 = CARTESIAN_POINT('',(8.985,-11.315,2.));
#3653 = DIRECTION('',(0.,0.,1.));
#3654 = DIRECTION('',(0.,-1.,0.));
#3655 = PLANE('',#3656);
#3656 = AXIS2_PLACEMENT_3D('',#3657,#3658,#3659);
#3657 = CARTESIAN_POINT('',(0.,0.,2.));
#3658 = DIRECTION('',(0.,0.,-1.));
#3659 = DIRECTION('',(1.,0.,0.));
#3660 = ADVANCED_FACE('',(#3661),#3680,.T.);
#3661 = FACE_BOUND('',#3662,.T.);
#3662 = EDGE_LOOP('',(#3663,#3671,#3678,#3679));
#3663 = ORIENTED_EDGE('',*,*,#3664,.F.);
#3664 = EDGE_CURVE('',#3665,#3599,#3667,.T.);
#3665 = VERTEX_POINT('',#3666);
#3666 = CARTESIAN_POINT('',(-14.185,-11.315,1.56));
#3667 = LINE('',#3668,#3669);
#3668 = CARTESIAN_POINT('',(-14.185,-11.315,1.56));
#3669 = VECTOR('',#3670,1.);
#3670 = DIRECTION('',(0.,1.2111523905E-14,1.));
#3671 = ORIENTED_EDGE('',*,*,#3672,.T.);
#3672 = EDGE_CURVE('',#3665,#3576,#3673,.T.);
#3673 = CIRCLE('',#3674,5.2);
#3674 = AXIS2_PLACEMENT_3D('',#3675,#3676,#3677);
#3675 = CARTESIAN_POINT('',(-8.985,-11.315,1.56));
#3676 = DIRECTION('',(0.,0.,1.));
#3677 = DIRECTION('',(-1.,0.,0.));
#3678 = ORIENTED_EDGE('',*,*,#3583,.T.);
#3679 = ORIENTED_EDGE('',*,*,#3598,.F.);
#3680 = CYLINDRICAL_SURFACE('',#3681,5.2);
#3681 = AXIS2_PLACEMENT_3D('',#3682,#3683,#3684);
#3682 = CARTESIAN_POINT('',(-8.985,-11.315,1.56));
#3683 = DIRECTION('',(0.,0.,1.));
#3684 = DIRECTION('',(1.,0.,-0.));
#3685 = ADVANCED_FACE('',(#3686,#3739),#3809,.F.);
#3686 = FACE_BOUND('',#3687,.F.);
#3687 = EDGE_LOOP('',(#3688,#3689,#3698,#3706,#3715,#3723,#3732,#3738));
#3688 = ORIENTED_EDGE('',*,*,#3575,.F.);
#3689 = ORIENTED_EDGE('',*,*,#3690,.T.);
#3690 = EDGE_CURVE('',#3568,#3691,#3693,.T.);
#3691 = VERTEX_POINT('',#3692);
#3692 = CARTESIAN_POINT('',(14.185,-11.315,1.56));
#3693 = CIRCLE('',#3694,5.2);
#3694 = AXIS2_PLACEMENT_3D('',#3695,#3696,#3697);
#3695 = CARTESIAN_POINT('',(8.985,-11.315,1.56));
#3696 = DIRECTION('',(0.,0.,1.));
#3697 = DIRECTION('',(0.,-1.,0.));
#3698 = ORIENTED_EDGE('',*,*,#3699,.F.);
#3699 = EDGE_CURVE('',#3700,#3691,#3702,.T.);
#3700 = VERTEX_POINT('',#3701);
#3701 = CARTESIAN_POINT('',(14.185,11.315,1.56));
#3702 = LINE('',#3703,#3704);
#3703 = CARTESIAN_POINT('',(14.185,11.315,1.56));
#3704 = VECTOR('',#3705,1.);
#3705 = DIRECTION('',(0.,-1.,0.));
#3706 = ORIENTED_EDGE('',*,*,#3707,.T.);
#3707 = EDGE_CURVE('',#3700,#3708,#3710,.T.);
#3708 = VERTEX_POINT('',#3709);
#3709 = CARTESIAN_POINT('',(8.985,16.515,1.56));
#3710 = CIRCLE('',#3711,5.2);
#3711 = AXIS2_PLACEMENT_3D('',#3712,#3713,#3714);
#3712 = CARTESIAN_POINT('',(8.985,11.315,1.56));
#3713 = DIRECTION('',(0.,0.,1.));
#3714 = DIRECTION('',(1.,0.,-0.));
#3715 = ORIENTED_EDGE('',*,*,#3716,.F.);
#3716 = EDGE_CURVE('',#3717,#3708,#3719,.T.);
#3717 = VERTEX_POINT('',#3718);
#3718 = CARTESIAN_POINT('',(-8.985,16.515,1.56));
#3719 = LINE('',#3720,#3721);
#3720 = CARTESIAN_POINT('',(-8.985,16.515,1.56));
#3721 = VECTOR('',#3722,1.);
#3722 = DIRECTION('',(1.,0.,0.));
#3723 = ORIENTED_EDGE('',*,*,#3724,.T.);
#3724 = EDGE_CURVE('',#3717,#3725,#3727,.T.);
#3725 = VERTEX_POINT('',#3726);
#3726 = CARTESIAN_POINT('',(-14.185,11.315,1.56));
#3727 = CIRCLE('',#3728,5.2);
#3728 = AXIS2_PLACEMENT_3D('',#3729,#3730,#3731);
#3729 = CARTESIAN_POINT('',(-8.985,11.315,1.56));
#3730 = DIRECTION('',(0.,-0.,1.));
#3731 = DIRECTION('',(0.,1.,0.));
#3732 = ORIENTED_EDGE('',*,*,#3733,.F.);
#3733 = EDGE_CURVE('',#3665,#3725,#3734,.T.);
#3734 = LINE('',#3735,#3736);
#3735 = CARTESIAN_POINT('',(-14.185,-11.315,1.56));
#3736 = VECTOR('',#3737,1.);
#3737 = DIRECTION('',(0.,1.,0.));
#3738 = ORIENTED_EDGE('',*,*,#3672,.T.);
#3739 = FACE_BOUND('',#3740,.F.);
#3740 = EDGE_LOOP('',(#3741,#3751,#3760,#3768,#3777,#3785,#3794,#3802));
#3741 = ORIENTED_EDGE('',*,*,#3742,.T.);
#3742 = EDGE_CURVE('',#3743,#3745,#3747,.T.);
#3743 = VERTEX_POINT('',#3744);
#3744 = CARTESIAN_POINT('',(-8.985,16.315,1.56));
#3745 = VERTEX_POINT('',#3746);
#3746 = CARTESIAN_POINT('',(8.985,16.315,1.56));
#3747 = LINE('',#3748,#3749);
#3748 = CARTESIAN_POINT('',(-8.985,16.315,1.56));
#3749 = VECTOR('',#3750,1.);
#3750 = DIRECTION('',(1.,0.,0.));
#3751 = ORIENTED_EDGE('',*,*,#3752,.T.);
#3752 = EDGE_CURVE('',#3745,#3753,#3755,.T.);
#3753 = VERTEX_POINT('',#3754);
#3754 = CARTESIAN_POINT('',(13.985,11.315,1.56));
#3755 = CIRCLE('',#3756,5.);
#3756 = AXIS2_PLACEMENT_3D('',#3757,#3758,#3759);
#3757 = CARTESIAN_POINT('',(8.985,11.315,1.56));
#3758 = DIRECTION('',(0.,0.,-1.));
#3759 = DIRECTION('',(0.,1.,0.));
#3760 = ORIENTED_EDGE('',*,*,#3761,.T.);
#3761 = EDGE_CURVE('',#3753,#3762,#3764,.T.);
#3762 = VERTEX_POINT('',#3763);
#3763 = CARTESIAN_POINT('',(13.985,-11.315,1.56));
#3764 = LINE('',#3765,#3766);
#3765 = CARTESIAN_POINT('',(13.985,11.315,1.56));
#3766 = VECTOR('',#3767,1.);
#3767 = DIRECTION('',(0.,-1.,0.));
#3768 = ORIENTED_EDGE('',*,*,#3769,.T.);
#3769 = EDGE_CURVE('',#3762,#3770,#3772,.T.);
#3770 = VERTEX_POINT('',#3771);
#3771 = CARTESIAN_POINT('',(8.985,-16.315,1.56));
#3772 = CIRCLE('',#3773,5.);
#3773 = AXIS2_PLACEMENT_3D('',#3774,#3775,#3776);
#3774 = CARTESIAN_POINT('',(8.985,-11.315,1.56));
#3775 = DIRECTION('',(0.,0.,-1.));
#3776 = DIRECTION('',(1.,0.,0.));
#3777 = ORIENTED_EDGE('',*,*,#3778,.T.);
#3778 = EDGE_CURVE('',#3770,#3779,#3781,.T.);
#3779 = VERTEX_POINT('',#3780);
#3780 = CARTESIAN_POINT('',(-8.985,-16.315,1.56));
#3781 = LINE('',#3782,#3783);
#3782 = CARTESIAN_POINT('',(8.985,-16.315,1.56));
#3783 = VECTOR('',#3784,1.);
#3784 = DIRECTION('',(-1.,0.,0.));
#3785 = ORIENTED_EDGE('',*,*,#3786,.T.);
#3786 = EDGE_CURVE('',#3779,#3787,#3789,.T.);
#3787 = VERTEX_POINT('',#3788);
#3788 = CARTESIAN_POINT('',(-13.985,-11.315,1.56));
#3789 = CIRCLE('',#3790,5.);
#3790 = AXIS2_PLACEMENT_3D('',#3791,#3792,#3793);
#3791 = CARTESIAN_POINT('',(-8.985,-11.315,1.56));
#3792 = DIRECTION('',(0.,0.,-1.));
#3793 = DIRECTION('',(0.,-1.,0.));
#3794 = ORIENTED_EDGE('',*,*,#3795,.T.);
#3795 = EDGE_CURVE('',#3787,#3796,#3798,.T.);
#3796 = VERTEX_POINT('',#3797);
#3797 = CARTESIAN_POINT('',(-13.985,11.315,1.56));
#3798 = LINE('',#3799,#3800);
#3799 = CARTESIAN_POINT('',(-13.985,-11.315,1.56));
#3800 = VECTOR('',#3801,1.);
#3801 = DIRECTION('',(0.,1.,0.));
#3802 = ORIENTED_EDGE('',*,*,#3803,.T.);
#3803 = EDGE_CURVE('',#3796,#3743,#3804,.T.);
#3804 = CIRCLE('',#3805,5.);
#3805 = AXIS2_PLACEMENT_3D('',#3806,#3807,#3808);
#3806 = CARTESIAN_POINT('',(-8.985,11.315,1.56));
#3807 = DIRECTION('',(0.,0.,-1.));
#3808 = DIRECTION('',(-1.,0.,0.));
#3809 = PLANE('',#3810);
#3810 = AXIS2_PLACEMENT_3D('',#3811,#3812,#3813);
#3811 = CARTESIAN_POINT('',(0.,0.,1.56));
#3812 = DIRECTION('',(0.,0.,1.));
#3813 = DIRECTION('',(1.,0.,-0.));
#3814 = ADVANCED_FACE('',(#3815),#3840,.F.);
#3815 = FACE_BOUND('',#3816,.F.);
#3816 = EDGE_LOOP('',(#3817,#3827,#3833,#3834));
#3817 = ORIENTED_EDGE('',*,*,#3818,.T.);
#3818 = EDGE_CURVE('',#3819,#3821,#3823,.T.);
#3819 = VERTEX_POINT('',#3820);
#3820 = CARTESIAN_POINT('',(-8.985,16.315,1.5));
#3821 = VERTEX_POINT('',#3822);
#3822 = CARTESIAN_POINT('',(8.985,16.315,1.5));
#3823 = LINE('',#3824,#3825);
#3824 = CARTESIAN_POINT('',(-8.985,16.315,1.5));
#3825 = VECTOR('',#3826,1.);
#3826 = DIRECTION('',(1.,0.,0.));
#3827 = ORIENTED_EDGE('',*,*,#3828,.T.);
#3828 = EDGE_CURVE('',#3821,#3745,#3829,.T.);
#3829 = LINE('',#3830,#3831);
#3830 = CARTESIAN_POINT('',(8.985,16.315,1.5));
#3831 = VECTOR('',#3832,1.);
#3832 = DIRECTION('',(0.,0.,1.));
#3833 = ORIENTED_EDGE('',*,*,#3742,.F.);
#3834 = ORIENTED_EDGE('',*,*,#3835,.F.);
#3835 = EDGE_CURVE('',#3819,#3743,#3836,.T.);
#3836 = LINE('',#3837,#3838);
#3837 = CARTESIAN_POINT('',(-8.985,16.315,1.5));
#3838 = VECTOR('',#3839,1.);
#3839 = DIRECTION('',(0.,0.,1.));
#3840 = PLANE('',#3841);
#3841 = AXIS2_PLACEMENT_3D('',#3842,#3843,#3844);
#3842 = CARTESIAN_POINT('',(-8.985,16.315,0.));
#3843 = DIRECTION('',(0.,-1.,0.));
#3844 = DIRECTION('',(1.,0.,0.));
#3845 = ADVANCED_FACE('',(#3846),#3907,.F.);
#3846 = FACE_BOUND('',#3847,.F.);
#3847 = EDGE_LOOP('',(#3848,#3849,#3858,#3866,#3875,#3883,#3892,#3900));
#3848 = ORIENTED_EDGE('',*,*,#3818,.F.);
#3849 = ORIENTED_EDGE('',*,*,#3850,.T.);
#3850 = EDGE_CURVE('',#3819,#3851,#3853,.T.);
#3851 = VERTEX_POINT('',#3852);
#3852 = CARTESIAN_POINT('',(-13.985,11.315,1.5));
#3853 = CIRCLE('',#3854,5.);
#3854 = AXIS2_PLACEMENT_3D('',#3855,#3856,#3857);
#3855 = CARTESIAN_POINT('',(-8.985,11.315,1.5));
#3856 = DIRECTION('',(0.,-0.,1.));
#3857 = DIRECTION('',(0.,1.,0.));
#3858 = ORIENTED_EDGE('',*,*,#3859,.F.);
#3859 = EDGE_CURVE('',#3860,#3851,#3862,.T.);
#3860 = VERTEX_POINT('',#3861);
#3861 = CARTESIAN_POINT('',(-13.985,-11.315,1.5));
#3862 = LINE('',#3863,#3864);
#3863 = CARTESIAN_POINT('',(-13.985,-11.315,1.5));
#3864 = VECTOR('',#3865,1.);
#3865 = DIRECTION('',(0.,1.,0.));
#3866 = ORIENTED_EDGE('',*,*,#3867,.T.);
#3867 = EDGE_CURVE('',#3860,#3868,#3870,.T.);
#3868 = VERTEX_POINT('',#3869);
#3869 = CARTESIAN_POINT('',(-8.985,-16.315,1.5));
#3870 = CIRCLE('',#3871,5.);
#3871 = AXIS2_PLACEMENT_3D('',#3872,#3873,#3874);
#3872 = CARTESIAN_POINT('',(-8.985,-11.315,1.5));
#3873 = DIRECTION('',(0.,0.,1.));
#3874 = DIRECTION('',(-1.,0.,0.));
#3875 = ORIENTED_EDGE('',*,*,#3876,.F.);
#3876 = EDGE_CURVE('',#3877,#3868,#3879,.T.);
#3877 = VERTEX_POINT('',#3878);
#3878 = CARTESIAN_POINT('',(8.985,-16.315,1.5));
#3879 = LINE('',#3880,#3881);
#3880 = CARTESIAN_POINT('',(8.985,-16.315,1.5));
#3881 = VECTOR('',#3882,1.);
#3882 = DIRECTION('',(-1.,0.,0.));
#3883 = ORIENTED_EDGE('',*,*,#3884,.T.);
#3884 = EDGE_CURVE('',#3877,#3885,#3887,.T.);
#3885 = VERTEX_POINT('',#3886);
#3886 = CARTESIAN_POINT('',(13.985,-11.315,1.5));
#3887 = CIRCLE('',#3888,5.);
#3888 = AXIS2_PLACEMENT_3D('',#3889,#3890,#3891);
#3889 = CARTESIAN_POINT('',(8.985,-11.315,1.5));
#3890 = DIRECTION('',(0.,0.,1.));
#3891 = DIRECTION('',(0.,-1.,0.));
#3892 = ORIENTED_EDGE('',*,*,#3893,.F.);
#3893 = EDGE_CURVE('',#3894,#3885,#3896,.T.);
#3894 = VERTEX_POINT('',#3895);
#3895 = CARTESIAN_POINT('',(13.985,11.315,1.5));
#3896 = LINE('',#3897,#3898);
#3897 = CARTESIAN_POINT('',(13.985,11.315,1.5));
#3898 = VECTOR('',#3899,1.);
#3899 = DIRECTION('',(0.,-1.,0.));
#3900 = ORIENTED_EDGE('',*,*,#3901,.T.);
#3901 = EDGE_CURVE('',#3894,#3821,#3902,.T.);
#3902 = CIRCLE('',#3903,5.);
#3903 = AXIS2_PLACEMENT_3D('',#3904,#3905,#3906);
#3904 = CARTESIAN_POINT('',(8.985,11.315,1.5));
#3905 = DIRECTION('',(0.,0.,1.));
#3906 = DIRECTION('',(1.,0.,-0.));
#3907 = PLANE('',#3908);
#3908 = AXIS2_PLACEMENT_3D('',#3909,#3910,#3911);
#3909 = CARTESIAN_POINT('',(0.,0.,1.5));
#3910 = DIRECTION('',(0.,0.,1.));
#3911 = DIRECTION('',(1.,0.,-0.));
#3912 = ADVANCED_FACE('',(#3913),#3924,.T.);
#3913 = FACE_BOUND('',#3914,.T.);
#3914 = EDGE_LOOP('',(#3915,#3921,#3922,#3923));
#3915 = ORIENTED_EDGE('',*,*,#3916,.T.);
#3916 = EDGE_CURVE('',#3851,#3796,#3917,.T.);
#3917 = LINE('',#3918,#3919);
#3918 = CARTESIAN_POINT('',(-13.985,11.315,1.5));
#3919 = VECTOR('',#3920,1.);
#3920 = DIRECTION('',(0.,0.,1.));
#3921 = ORIENTED_EDGE('',*,*,#3803,.T.);
#3922 = ORIENTED_EDGE('',*,*,#3835,.F.);
#3923 = ORIENTED_EDGE('',*,*,#3850,.T.);
#3924 = CYLINDRICAL_SURFACE('',#3925,5.);
#3925 = AXIS2_PLACEMENT_3D('',#3926,#3927,#3928);
#3926 = CARTESIAN_POINT('',(-8.985,11.315,0.));
#3927 = DIRECTION('',(0.,0.,1.));
#3928 = DIRECTION('',(1.,0.,-0.));
#3929 = ADVANCED_FACE('',(#3930),#3941,.F.);
#3930 = FACE_BOUND('',#3931,.F.);
#3931 = EDGE_LOOP('',(#3932,#3933,#3934,#3935));
#3932 = ORIENTED_EDGE('',*,*,#3859,.T.);
#3933 = ORIENTED_EDGE('',*,*,#3916,.T.);
#3934 = ORIENTED_EDGE('',*,*,#3795,.F.);
#3935 = ORIENTED_EDGE('',*,*,#3936,.F.);
#3936 = EDGE_CURVE('',#3860,#3787,#3937,.T.);
#3937 = LINE('',#3938,#3939);
#3938 = CARTESIAN_POINT('',(-13.985,-11.315,1.5));
#3939 = VECTOR('',#3940,1.);
#3940 = DIRECTION('',(0.,0.,1.));
#3941 = PLANE('',#3942);
#3942 = AXIS2_PLACEMENT_3D('',#3943,#3944,#3945);
#3943 = CARTESIAN_POINT('',(-13.985,-11.315,0.));
#3944 = DIRECTION('',(1.,0.,0.));
#3945 = DIRECTION('',(-0.,1.,0.));
#3946 = ADVANCED_FACE('',(#3947),#3958,.T.);
#3947 = FACE_BOUND('',#3948,.T.);
#3948 = EDGE_LOOP('',(#3949,#3955,#3956,#3957));
#3949 = ORIENTED_EDGE('',*,*,#3950,.T.);
#3950 = EDGE_CURVE('',#3868,#3779,#3951,.T.);
#3951 = LINE('',#3952,#3953);
#3952 = CARTESIAN_POINT('',(-8.985,-16.315,1.5));
#3953 = VECTOR('',#3954,1.);
#3954 = DIRECTION('',(2.960594732334E-14,0.,1.));
#3955 = ORIENTED_EDGE('',*,*,#3786,.T.);
#3956 = ORIENTED_EDGE('',*,*,#3936,.F.);
#3957 = ORIENTED_EDGE('',*,*,#3867,.T.);
#3958 = CYLINDRICAL_SURFACE('',#3959,5.);
#3959 = AXIS2_PLACEMENT_3D('',#3960,#3961,#3962);
#3960 = CARTESIAN_POINT('',(-8.985,-11.315,0.));
#3961 = DIRECTION('',(0.,0.,1.));
#3962 = DIRECTION('',(1.,0.,-0.));
#3963 = ADVANCED_FACE('',(#3964),#3975,.F.);
#3964 = FACE_BOUND('',#3965,.F.);
#3965 = EDGE_LOOP('',(#3966,#3967,#3968,#3969));
#3966 = ORIENTED_EDGE('',*,*,#3876,.T.);
#3967 = ORIENTED_EDGE('',*,*,#3950,.T.);
#3968 = ORIENTED_EDGE('',*,*,#3778,.F.);
#3969 = ORIENTED_EDGE('',*,*,#3970,.F.);
#3970 = EDGE_CURVE('',#3877,#3770,#3971,.T.);
#3971 = LINE('',#3972,#3973);
#3972 = CARTESIAN_POINT('',(8.985,-16.315,1.5));
#3973 = VECTOR('',#3974,1.);
#3974 = DIRECTION('',(0.,0.,1.));
#3975 = PLANE('',#3976);
#3976 = AXIS2_PLACEMENT_3D('',#3977,#3978,#3979);
#3977 = CARTESIAN_POINT('',(8.985,-16.315,0.));
#3978 = DIRECTION('',(0.,1.,0.));
#3979 = DIRECTION('',(-1.,0.,0.));
#3980 = ADVANCED_FACE('',(#3981),#3992,.T.);
#3981 = FACE_BOUND('',#3982,.T.);
#3982 = EDGE_LOOP('',(#3983,#3989,#3990,#3991));
#3983 = ORIENTED_EDGE('',*,*,#3984,.T.);
#3984 = EDGE_CURVE('',#3885,#3762,#3985,.T.);
#3985 = LINE('',#3986,#3987);
#3986 = CARTESIAN_POINT('',(13.985,-11.315,1.5));
#3987 = VECTOR('',#3988,1.);
#3988 = DIRECTION('',(0.,0.,1.));
#3989 = ORIENTED_EDGE('',*,*,#3769,.T.);
#3990 = ORIENTED_EDGE('',*,*,#3970,.F.);
#3991 = ORIENTED_EDGE('',*,*,#3884,.T.);
#3992 = CYLINDRICAL_SURFACE('',#3993,5.);
#3993 = AXIS2_PLACEMENT_3D('',#3994,#3995,#3996);
#3994 = CARTESIAN_POINT('',(8.985,-11.315,0.));
#3995 = DIRECTION('',(0.,0.,1.));
#3996 = DIRECTION('',(1.,0.,-0.));
#3997 = ADVANCED_FACE('',(#3998),#4009,.F.);
#3998 = FACE_BOUND('',#3999,.F.);
#3999 = EDGE_LOOP('',(#4000,#4001,#4002,#4003));
#4000 = ORIENTED_EDGE('',*,*,#3893,.T.);
#4001 = ORIENTED_EDGE('',*,*,#3984,.T.);
#4002 = ORIENTED_EDGE('',*,*,#3761,.F.);
#4003 = ORIENTED_EDGE('',*,*,#4004,.F.);
#4004 = EDGE_CURVE('',#3894,#3753,#4005,.T.);
#4005 = LINE('',#4006,#4007);
#4006 = CARTESIAN_POINT('',(13.985,11.315,1.5));
#4007 = VECTOR('',#4008,1.);
#4008 = DIRECTION('',(0.,0.,1.));
#4009 = PLANE('',#4010);
#4010 = AXIS2_PLACEMENT_3D('',#4011,#4012,#4013);
#4011 = CARTESIAN_POINT('',(13.985,11.315,0.));
#4012 = DIRECTION('',(-1.,0.,0.));
#4013 = DIRECTION('',(0.,-1.,0.));
#4014 = ADVANCED_FACE('',(#4015),#4021,.T.);
#4015 = FACE_BOUND('',#4016,.T.);
#4016 = EDGE_LOOP('',(#4017,#4018,#4019,#4020));
#4017 = ORIENTED_EDGE('',*,*,#3828,.T.);
#4018 = ORIENTED_EDGE('',*,*,#3752,.T.);
#4019 = ORIENTED_EDGE('',*,*,#4004,.F.);
#4020 = ORIENTED_EDGE('',*,*,#3901,.T.);
#4021 = CYLINDRICAL_SURFACE('',#4022,5.);
#4022 = AXIS2_PLACEMENT_3D('',#4023,#4024,#4025);
#4023 = CARTESIAN_POINT('',(8.985,11.315,0.));
#4024 = DIRECTION('',(0.,0.,1.));
#4025 = DIRECTION('',(1.,0.,-0.));
#4026 = ADVANCED_FACE('',(#4027),#4038,.T.);
#4027 = FACE_BOUND('',#4028,.T.);
#4028 = EDGE_LOOP('',(#4029,#4030,#4031,#4037));
#4029 = ORIENTED_EDGE('',*,*,#3567,.F.);
#4030 = ORIENTED_EDGE('',*,*,#3690,.T.);
#4031 = ORIENTED_EDGE('',*,*,#4032,.T.);
#4032 = EDGE_CURVE('',#3691,#3642,#4033,.T.);
#4033 = LINE('',#4034,#4035);
#4034 = CARTESIAN_POINT('',(14.185,-11.315,1.56));
#4035 = VECTOR('',#4036,1.);
#4036 = DIRECTION('',(0.,1.2111523905E-14,1.));
#4037 = ORIENTED_EDGE('',*,*,#3649,.F.);
#4038 = CYLINDRICAL_SURFACE('',#4039,5.2);
#4039 = AXIS2_PLACEMENT_3D('',#4040,#4041,#4042);
#4040 = CARTESIAN_POINT('',(8.985,-11.315,1.56));
#4041 = DIRECTION('',(0.,0.,1.));
#4042 = DIRECTION('',(1.,0.,-0.));
#4043 = ADVANCED_FACE('',(#4044),#4055,.F.);
#4044 = FACE_BOUND('',#4045,.F.);
#4045 = EDGE_LOOP('',(#4046,#4047,#4053,#4054));
#4046 = ORIENTED_EDGE('',*,*,#3641,.F.);
#4047 = ORIENTED_EDGE('',*,*,#4048,.F.);
#4048 = EDGE_CURVE('',#3700,#3633,#4049,.T.);
#4049 = LINE('',#4050,#4051);
#4050 = CARTESIAN_POINT('',(14.185,11.315,1.56));
#4051 = VECTOR('',#4052,1.);
#4052 = DIRECTION('',(0.,-1.2111523905E-14,1.));
#4053 = ORIENTED_EDGE('',*,*,#3699,.T.);
#4054 = ORIENTED_EDGE('',*,*,#4032,.T.);
#4055 = PLANE('',#4056);
#4056 = AXIS2_PLACEMENT_3D('',#4057,#4058,#4059);
#4057 = CARTESIAN_POINT('',(14.185,11.315,1.56));
#4058 = DIRECTION('',(-1.,0.,0.));
#4059 = DIRECTION('',(0.,-1.,0.));
#4060 = ADVANCED_FACE('',(#4061),#4072,.T.);
#4061 = FACE_BOUND('',#4062,.T.);
#4062 = EDGE_LOOP('',(#4063,#4064,#4065,#4071));
#4063 = ORIENTED_EDGE('',*,*,#4048,.F.);
#4064 = ORIENTED_EDGE('',*,*,#3707,.T.);
#4065 = ORIENTED_EDGE('',*,*,#4066,.T.);
#4066 = EDGE_CURVE('',#3708,#3625,#4067,.T.);
#4067 = LINE('',#4068,#4069);
#4068 = CARTESIAN_POINT('',(8.985,16.515,1.56));
#4069 = VECTOR('',#4070,1.);
#4070 = DIRECTION('',(0.,0.,1.));
#4071 = ORIENTED_EDGE('',*,*,#3632,.F.);
#4072 = CYLINDRICAL_SURFACE('',#4073,5.2);
#4073 = AXIS2_PLACEMENT_3D('',#4074,#4075,#4076);
#4074 = CARTESIAN_POINT('',(8.985,11.315,1.56));
#4075 = DIRECTION('',(0.,0.,1.));
#4076 = DIRECTION('',(1.,0.,-0.));
#4077 = ADVANCED_FACE('',(#4078),#4089,.F.);
#4078 = FACE_BOUND('',#4079,.F.);
#4079 = EDGE_LOOP('',(#4080,#4081,#4087,#4088));
#4080 = ORIENTED_EDGE('',*,*,#3624,.F.);
#4081 = ORIENTED_EDGE('',*,*,#4082,.F.);
#4082 = EDGE_CURVE('',#3717,#3616,#4083,.T.);
#4083 = LINE('',#4084,#4085);
#4084 = CARTESIAN_POINT('',(-8.985,16.515,1.56));
#4085 = VECTOR('',#4086,1.);
#4086 = DIRECTION('',(0.,0.,1.));
#4087 = ORIENTED_EDGE('',*,*,#3716,.T.);
#4088 = ORIENTED_EDGE('',*,*,#4066,.T.);
#4089 = PLANE('',#4090);
#4090 = AXIS2_PLACEMENT_3D('',#4091,#4092,#4093);
#4091 = CARTESIAN_POINT('',(-8.985,16.515,1.56));
#4092 = DIRECTION('',(0.,-1.,0.));
#4093 = DIRECTION('',(1.,0.,0.));
#4094 = ADVANCED_FACE('',(#4095),#4106,.T.);
#4095 = FACE_BOUND('',#4096,.T.);
#4096 = EDGE_LOOP('',(#4097,#4098,#4099,#4105));
#4097 = ORIENTED_EDGE('',*,*,#4082,.F.);
#4098 = ORIENTED_EDGE('',*,*,#3724,.T.);
#4099 = ORIENTED_EDGE('',*,*,#4100,.T.);
#4100 = EDGE_CURVE('',#3725,#3608,#4101,.T.);
#4101 = LINE('',#4102,#4103);
#4102 = CARTESIAN_POINT('',(-14.185,11.315,1.56));
#4103 = VECTOR('',#4104,1.);
#4104 = DIRECTION('',(0.,-1.2111523905E-14,1.));
#4105 = ORIENTED_EDGE('',*,*,#3615,.F.);
#4106 = CYLINDRICAL_SURFACE('',#4107,5.2);
#4107 = AXIS2_PLACEMENT_3D('',#4108,#4109,#4110);
#4108 = CARTESIAN_POINT('',(-8.985,11.315,1.56));
#4109 = DIRECTION('',(0.,0.,1.));
#4110 = DIRECTION('',(1.,0.,-0.));
#4111 = ADVANCED_FACE('',(#4112),#4118,.F.);
#4112 = FACE_BOUND('',#4113,.F.);
#4113 = EDGE_LOOP('',(#4114,#4115,#4116,#4117));
#4114 = ORIENTED_EDGE('',*,*,#3607,.F.);
#4115 = ORIENTED_EDGE('',*,*,#3664,.F.);
#4116 = ORIENTED_EDGE('',*,*,#3733,.T.);
#4117 = ORIENTED_EDGE('',*,*,#4100,.T.);
#4118 = PLANE('',#4119);
#4119 = AXIS2_PLACEMENT_3D('',#4120,#4121,#4122);
#4120 = CARTESIAN_POINT('',(-14.185,-11.315,1.56));
#4121 = DIRECTION('',(1.,0.,0.));
#4122 = DIRECTION('',(-0.,1.,0.));
#4123 = ( GEOMETRIC_REPRESENTATION_CONTEXT(3) 
GLOBAL_UNCERTAINTY_ASSIGNED_CONTEXT((#4127)) 
GLOBAL_UNIT_ASSIGNED_CONTEXT((#4124,#4125,#4126)) REPRESENTATION_CONTEXT
('Context #1','3D Context with UNIT and UNCERTAINTY') );
#4124 = ( LENGTH_UNIT() NAMED_UNIT(*) SI_UNIT(.MILLI.,.METRE.) );
#4125 = ( NAMED_UNIT(*) PLANE_ANGLE_UNIT() SI_UNIT($,.RADIAN.) );
#4126 = ( NAMED_UNIT(*) SI_UNIT($,.STERADIAN.) SOLID_ANGLE_UNIT() );
#4127 = UNCERTAINTY_MEASURE_WITH_UNIT(LENGTH_MEASURE(5.E-04),#4124,
  'distance_accuracy_value','confusion accuracy');
#4128 = PRODUCT_RELATED_PRODUCT_CATEGORY('part',$,(#7));
#4129 = MECHANICAL_DESIGN_GEOMETRIC_PRESENTATION_REPRESENTATION('',(
    #4130,#4141,#4149,#4156,#4163,#4170,#4177,#4184,#4191,#4198,#4205,
    #4212,#4219,#4226,#4233,#4240,#4247,#4254,#4261,#4269,#4276,#4283,
    #4290,#4297,#4304,#4311,#4318,#4325,#4332,#4339,#4346,#4353,#4360,
    #4367,#4374,#4381,#4388,#4395,#4402,#4409,#4416,#4424,#4431,#4438,
    #4445,#4452,#4459,#4466,#4473,#4480,#4487,#4494,#4501,#4508,#4515,
    #4522,#4529,#4536,#4543,#4550,#4557,#4564,#4571,#4578,#4585,#4592,
    #4599,#4606,#4613,#4620,#4627,#4634,#4641,#4648,#4655,#4662,#4669,
    #4676,#4683,#4690,#4697,#4704,#4711,#4718,#4725,#4732,#4739,#4746,
    #4753,#4760,#4767,#4774,#4781,#4788,#4795,#4802,#4809,#4816),#4123);
#4130 = STYLED_ITEM('color',(#4131),#15);
#4131 = PRESENTATION_STYLE_ASSIGNMENT((#4132,#4138));
#4132 = SURFACE_STYLE_USAGE(.BOTH.,#4133);
#4133 = SURFACE_SIDE_STYLE('',(#4134));
#4134 = SURFACE_STYLE_FILL_AREA(#4135);
#4135 = FILL_AREA_STYLE('',(#4136));
#4136 = FILL_AREA_STYLE_COLOUR('',#4137);
#4137 = COLOUR_RGB('',0.749019980889,0.588196870158,0.324565170404);
#4138 = CURVE_STYLE('',#4139,POSITIVE_LENGTH_MEASURE(0.1),#4140);
#4139 = DRAUGHTING_PRE_DEFINED_CURVE_FONT('continuous');
#4140 = COLOUR_RGB('',9.803921802644E-02,9.803921802644E-02,
  9.803921802644E-02);
#4141 = OVER_RIDING_STYLED_ITEM('overriding color',(#4142),#59,#4130);
#4142 = PRESENTATION_STYLE_ASSIGNMENT((#4143));
#4143 = SURFACE_STYLE_USAGE(.BOTH.,#4144);
#4144 = SURFACE_SIDE_STYLE('',(#4145));
#4145 = SURFACE_STYLE_FILL_AREA(#4146);
#4146 = FILL_AREA_STYLE('',(#4147));
#4147 = FILL_AREA_STYLE_COLOUR('',#4148);
#4148 = COLOUR_RGB('',0.237864081867,0.237864081867,0.237864081867);
#4149 = OVER_RIDING_STYLED_ITEM('overriding color',(#4150),#462,#4130);
#4150 = PRESENTATION_STYLE_ASSIGNMENT((#4151));
#4151 = SURFACE_STYLE_USAGE(.BOTH.,#4152);
#4152 = SURFACE_SIDE_STYLE('',(#4153));
#4153 = SURFACE_STYLE_FILL_AREA(#4154);
#4154 = FILL_AREA_STYLE('',(#4155));
#4155 = FILL_AREA_STYLE_COLOUR('',#4148);
#4156 = OVER_RIDING_STYLED_ITEM('overriding color',(#4157),#493,#4130);
#4157 = PRESENTATION_STYLE_ASSIGNMENT((#4158));
#4158 = SURFACE_STYLE_USAGE(.BOTH.,#4159);
#4159 = SURFACE_SIDE_STYLE('',(#4160));
#4160 = SURFACE_STYLE_FILL_AREA(#4161);
#4161 = FILL_AREA_STYLE('',(#4162));
#4162 = FILL_AREA_STYLE_COLOUR('',#4148);
#4163 = OVER_RIDING_STYLED_ITEM('overriding color',(#4164),#807,#4130);
#4164 = PRESENTATION_STYLE_ASSIGNMENT((#4165));
#4165 = SURFACE_STYLE_USAGE(.BOTH.,#4166);
#4166 = SURFACE_SIDE_STYLE('',(#4167));
#4167 = SURFACE_STYLE_FILL_AREA(#4168);
#4168 = FILL_AREA_STYLE('',(#4169));
#4169 = FILL_AREA_STYLE_COLOUR('',#4148);
#4170 = OVER_RIDING_STYLED_ITEM('overriding color',(#4171),#1088,#4130);
#4171 = PRESENTATION_STYLE_ASSIGNMENT((#4172));
#4172 = SURFACE_STYLE_USAGE(.BOTH.,#4173);
#4173 = SURFACE_SIDE_STYLE('',(#4174));
#4174 = SURFACE_STYLE_FILL_AREA(#4175);
#4175 = FILL_AREA_STYLE('',(#4176));
#4176 = FILL_AREA_STYLE_COLOUR('',#4148);
#4177 = OVER_RIDING_STYLED_ITEM('overriding color',(#4178),#1105,#4130);
#4178 = PRESENTATION_STYLE_ASSIGNMENT((#4179));
#4179 = SURFACE_STYLE_USAGE(.BOTH.,#4180);
#4180 = SURFACE_SIDE_STYLE('',(#4181));
#4181 = SURFACE_STYLE_FILL_AREA(#4182);
#4182 = FILL_AREA_STYLE('',(#4183));
#4183 = FILL_AREA_STYLE_COLOUR('',#4148);
#4184 = OVER_RIDING_STYLED_ITEM('overriding color',(#4185),#1154,#4130);
#4185 = PRESENTATION_STYLE_ASSIGNMENT((#4186));
#4186 = SURFACE_STYLE_USAGE(.BOTH.,#4187);
#4187 = SURFACE_SIDE_STYLE('',(#4188));
#4188 = SURFACE_STYLE_FILL_AREA(#4189);
#4189 = FILL_AREA_STYLE('',(#4190));
#4190 = FILL_AREA_STYLE_COLOUR('',#4148);
#4191 = OVER_RIDING_STYLED_ITEM('overriding color',(#4192),#1298,#4130);
#4192 = PRESENTATION_STYLE_ASSIGNMENT((#4193));
#4193 = SURFACE_STYLE_USAGE(.BOTH.,#4194);
#4194 = SURFACE_SIDE_STYLE('',(#4195));
#4195 = SURFACE_STYLE_FILL_AREA(#4196);
#4196 = FILL_AREA_STYLE('',(#4197));
#4197 = FILL_AREA_STYLE_COLOUR('',#4148);
#4198 = OVER_RIDING_STYLED_ITEM('overriding color',(#4199),#1338,#4130);
#4199 = PRESENTATION_STYLE_ASSIGNMENT((#4200));
#4200 = SURFACE_STYLE_USAGE(.BOTH.,#4201);
#4201 = SURFACE_SIDE_STYLE('',(#4202));
#4202 = SURFACE_STYLE_FILL_AREA(#4203);
#4203 = FILL_AREA_STYLE('',(#4204));
#4204 = FILL_AREA_STYLE_COLOUR('',#4148);
#4205 = OVER_RIDING_STYLED_ITEM('overriding color',(#4206),#1355,#4130);
#4206 = PRESENTATION_STYLE_ASSIGNMENT((#4207));
#4207 = SURFACE_STYLE_USAGE(.BOTH.,#4208);
#4208 = SURFACE_SIDE_STYLE('',(#4209));
#4209 = SURFACE_STYLE_FILL_AREA(#4210);
#4210 = FILL_AREA_STYLE('',(#4211));
#4211 = FILL_AREA_STYLE_COLOUR('',#4148);
#4212 = OVER_RIDING_STYLED_ITEM('overriding color',(#4213),#1367,#4130);
#4213 = PRESENTATION_STYLE_ASSIGNMENT((#4214));
#4214 = SURFACE_STYLE_USAGE(.BOTH.,#4215);
#4215 = SURFACE_SIDE_STYLE('',(#4216));
#4216 = SURFACE_STYLE_FILL_AREA(#4217);
#4217 = FILL_AREA_STYLE('',(#4218));
#4218 = FILL_AREA_STYLE_COLOUR('',#4148);
#4219 = OVER_RIDING_STYLED_ITEM('overriding color',(#4220),#1392,#4130);
#4220 = PRESENTATION_STYLE_ASSIGNMENT((#4221));
#4221 = SURFACE_STYLE_USAGE(.BOTH.,#4222);
#4222 = SURFACE_SIDE_STYLE('',(#4223));
#4223 = SURFACE_STYLE_FILL_AREA(#4224);
#4224 = FILL_AREA_STYLE('',(#4225));
#4225 = FILL_AREA_STYLE_COLOUR('',#4148);
#4226 = OVER_RIDING_STYLED_ITEM('overriding color',(#4227),#1416,#4130);
#4227 = PRESENTATION_STYLE_ASSIGNMENT((#4228));
#4228 = SURFACE_STYLE_USAGE(.BOTH.,#4229);
#4229 = SURFACE_SIDE_STYLE('',(#4230));
#4230 = SURFACE_STYLE_FILL_AREA(#4231);
#4231 = FILL_AREA_STYLE('',(#4232));
#4232 = FILL_AREA_STYLE_COLOUR('',#4148);
#4233 = OVER_RIDING_STYLED_ITEM('overriding color',(#4234),#1441,#4130);
#4234 = PRESENTATION_STYLE_ASSIGNMENT((#4235));
#4235 = SURFACE_STYLE_USAGE(.BOTH.,#4236);
#4236 = SURFACE_SIDE_STYLE('',(#4237));
#4237 = SURFACE_STYLE_FILL_AREA(#4238);
#4238 = FILL_AREA_STYLE('',(#4239));
#4239 = FILL_AREA_STYLE_COLOUR('',#4148);
#4240 = OVER_RIDING_STYLED_ITEM('overriding color',(#4241),#1465,#4130);
#4241 = PRESENTATION_STYLE_ASSIGNMENT((#4242));
#4242 = SURFACE_STYLE_USAGE(.BOTH.,#4243);
#4243 = SURFACE_SIDE_STYLE('',(#4244));
#4244 = SURFACE_STYLE_FILL_AREA(#4245);
#4245 = FILL_AREA_STYLE('',(#4246));
#4246 = FILL_AREA_STYLE_COLOUR('',#4148);
#4247 = OVER_RIDING_STYLED_ITEM('overriding color',(#4248),#1490,#4130);
#4248 = PRESENTATION_STYLE_ASSIGNMENT((#4249));
#4249 = SURFACE_STYLE_USAGE(.BOTH.,#4250);
#4250 = SURFACE_SIDE_STYLE('',(#4251));
#4251 = SURFACE_STYLE_FILL_AREA(#4252);
#4252 = FILL_AREA_STYLE('',(#4253));
#4253 = FILL_AREA_STYLE_COLOUR('',#4148);
#4254 = OVER_RIDING_STYLED_ITEM('overriding color',(#4255),#1514,#4130);
#4255 = PRESENTATION_STYLE_ASSIGNMENT((#4256));
#4256 = SURFACE_STYLE_USAGE(.BOTH.,#4257);
#4257 = SURFACE_SIDE_STYLE('',(#4258));
#4258 = SURFACE_STYLE_FILL_AREA(#4259);
#4259 = FILL_AREA_STYLE('',(#4260));
#4260 = FILL_AREA_STYLE_COLOUR('',#4148);
#4261 = OVER_RIDING_STYLED_ITEM('overriding color',(#4262),#1532,#4130);
#4262 = PRESENTATION_STYLE_ASSIGNMENT((#4263));
#4263 = SURFACE_STYLE_USAGE(.BOTH.,#4264);
#4264 = SURFACE_SIDE_STYLE('',(#4265));
#4265 = SURFACE_STYLE_FILL_AREA(#4266);
#4266 = FILL_AREA_STYLE('',(#4267));
#4267 = FILL_AREA_STYLE_COLOUR('',#4268);
#4268 = COLOUR_RGB('',0.839805848839,0.839805848839,0.839805848839);
#4269 = OVER_RIDING_STYLED_ITEM('overriding color',(#4270),#1618,#4130);
#4270 = PRESENTATION_STYLE_ASSIGNMENT((#4271));
#4271 = SURFACE_STYLE_USAGE(.BOTH.,#4272);
#4272 = SURFACE_SIDE_STYLE('',(#4273));
#4273 = SURFACE_STYLE_FILL_AREA(#4274);
#4274 = FILL_AREA_STYLE('',(#4275));
#4275 = FILL_AREA_STYLE_COLOUR('',#4268);
#4276 = OVER_RIDING_STYLED_ITEM('overriding color',(#4277),#1650,#4130);
#4277 = PRESENTATION_STYLE_ASSIGNMENT((#4278));
#4278 = SURFACE_STYLE_USAGE(.BOTH.,#4279);
#4279 = SURFACE_SIDE_STYLE('',(#4280));
#4280 = SURFACE_STYLE_FILL_AREA(#4281);
#4281 = FILL_AREA_STYLE('',(#4282));
#4282 = FILL_AREA_STYLE_COLOUR('',#4268);
#4283 = OVER_RIDING_STYLED_ITEM('overriding color',(#4284),#1716,#4130);
#4284 = PRESENTATION_STYLE_ASSIGNMENT((#4285));
#4285 = SURFACE_STYLE_USAGE(.BOTH.,#4286);
#4286 = SURFACE_SIDE_STYLE('',(#4287));
#4287 = SURFACE_STYLE_FILL_AREA(#4288);
#4288 = FILL_AREA_STYLE('',(#4289));
#4289 = FILL_AREA_STYLE_COLOUR('',#4268);
#4290 = OVER_RIDING_STYLED_ITEM('overriding color',(#4291),#1733,#4130);
#4291 = PRESENTATION_STYLE_ASSIGNMENT((#4292));
#4292 = SURFACE_STYLE_USAGE(.BOTH.,#4293);
#4293 = SURFACE_SIDE_STYLE('',(#4294));
#4294 = SURFACE_STYLE_FILL_AREA(#4295);
#4295 = FILL_AREA_STYLE('',(#4296));
#4296 = FILL_AREA_STYLE_COLOUR('',#4268);
#4297 = OVER_RIDING_STYLED_ITEM('overriding color',(#4298),#1750,#4130);
#4298 = PRESENTATION_STYLE_ASSIGNMENT((#4299));
#4299 = SURFACE_STYLE_USAGE(.BOTH.,#4300);
#4300 = SURFACE_SIDE_STYLE('',(#4301));
#4301 = SURFACE_STYLE_FILL_AREA(#4302);
#4302 = FILL_AREA_STYLE('',(#4303));
#4303 = FILL_AREA_STYLE_COLOUR('',#4268);
#4304 = OVER_RIDING_STYLED_ITEM('overriding color',(#4305),#1767,#4130);
#4305 = PRESENTATION_STYLE_ASSIGNMENT((#4306));
#4306 = SURFACE_STYLE_USAGE(.BOTH.,#4307);
#4307 = SURFACE_SIDE_STYLE('',(#4308));
#4308 = SURFACE_STYLE_FILL_AREA(#4309);
#4309 = FILL_AREA_STYLE('',(#4310));
#4310 = FILL_AREA_STYLE_COLOUR('',#4268);
#4311 = OVER_RIDING_STYLED_ITEM('overriding color',(#4312),#1784,#4130);
#4312 = PRESENTATION_STYLE_ASSIGNMENT((#4313));
#4313 = SURFACE_STYLE_USAGE(.BOTH.,#4314);
#4314 = SURFACE_SIDE_STYLE('',(#4315));
#4315 = SURFACE_STYLE_FILL_AREA(#4316);
#4316 = FILL_AREA_STYLE('',(#4317));
#4317 = FILL_AREA_STYLE_COLOUR('',#4268);
#4318 = OVER_RIDING_STYLED_ITEM('overriding color',(#4319),#1801,#4130);
#4319 = PRESENTATION_STYLE_ASSIGNMENT((#4320));
#4320 = SURFACE_STYLE_USAGE(.BOTH.,#4321);
#4321 = SURFACE_SIDE_STYLE('',(#4322));
#4322 = SURFACE_STYLE_FILL_AREA(#4323);
#4323 = FILL_AREA_STYLE('',(#4324));
#4324 = FILL_AREA_STYLE_COLOUR('',#4268);
#4325 = OVER_RIDING_STYLED_ITEM('overriding color',(#4326),#1818,#4130);
#4326 = PRESENTATION_STYLE_ASSIGNMENT((#4327));
#4327 = SURFACE_STYLE_USAGE(.BOTH.,#4328);
#4328 = SURFACE_SIDE_STYLE('',(#4329));
#4329 = SURFACE_STYLE_FILL_AREA(#4330);
#4330 = FILL_AREA_STYLE('',(#4331));
#4331 = FILL_AREA_STYLE_COLOUR('',#4268);
#4332 = OVER_RIDING_STYLED_ITEM('overriding color',(#4333),#1830,#4130);
#4333 = PRESENTATION_STYLE_ASSIGNMENT((#4334));
#4334 = SURFACE_STYLE_USAGE(.BOTH.,#4335);
#4335 = SURFACE_SIDE_STYLE('',(#4336));
#4336 = SURFACE_STYLE_FILL_AREA(#4337);
#4337 = FILL_AREA_STYLE('',(#4338));
#4338 = FILL_AREA_STYLE_COLOUR('',#4148);
#4339 = OVER_RIDING_STYLED_ITEM('overriding color',(#4340),#1855,#4130);
#4340 = PRESENTATION_STYLE_ASSIGNMENT((#4341));
#4341 = SURFACE_STYLE_USAGE(.BOTH.,#4342);
#4342 = SURFACE_SIDE_STYLE('',(#4343));
#4343 = SURFACE_STYLE_FILL_AREA(#4344);
#4344 = FILL_AREA_STYLE('',(#4345));
#4345 = FILL_AREA_STYLE_COLOUR('',#4148);
#4346 = OVER_RIDING_STYLED_ITEM('overriding color',(#4347),#1986,#4130);
#4347 = PRESENTATION_STYLE_ASSIGNMENT((#4348));
#4348 = SURFACE_STYLE_USAGE(.BOTH.,#4349);
#4349 = SURFACE_SIDE_STYLE('',(#4350));
#4350 = SURFACE_STYLE_FILL_AREA(#4351);
#4351 = FILL_AREA_STYLE('',(#4352));
#4352 = FILL_AREA_STYLE_COLOUR('',#4148);
#4353 = OVER_RIDING_STYLED_ITEM('overriding color',(#4354),#2008,#4130);
#4354 = PRESENTATION_STYLE_ASSIGNMENT((#4355));
#4355 = SURFACE_STYLE_USAGE(.BOTH.,#4356);
#4356 = SURFACE_SIDE_STYLE('',(#4357));
#4357 = SURFACE_STYLE_FILL_AREA(#4358);
#4358 = FILL_AREA_STYLE('',(#4359));
#4359 = FILL_AREA_STYLE_COLOUR('',#4148);
#4360 = OVER_RIDING_STYLED_ITEM('overriding color',(#4361),#2020,#4130);
#4361 = PRESENTATION_STYLE_ASSIGNMENT((#4362));
#4362 = SURFACE_STYLE_USAGE(.BOTH.,#4363);
#4363 = SURFACE_SIDE_STYLE('',(#4364));
#4364 = SURFACE_STYLE_FILL_AREA(#4365);
#4365 = FILL_AREA_STYLE('',(#4366));
#4366 = FILL_AREA_STYLE_COLOUR('',#4148);
#4367 = OVER_RIDING_STYLED_ITEM('overriding color',(#4368),#2037,#4130);
#4368 = PRESENTATION_STYLE_ASSIGNMENT((#4369));
#4369 = SURFACE_STYLE_USAGE(.BOTH.,#4370);
#4370 = SURFACE_SIDE_STYLE('',(#4371));
#4371 = SURFACE_STYLE_FILL_AREA(#4372);
#4372 = FILL_AREA_STYLE('',(#4373));
#4373 = FILL_AREA_STYLE_COLOUR('',#4148);
#4374 = OVER_RIDING_STYLED_ITEM('overriding color',(#4375),#2054,#4130);
#4375 = PRESENTATION_STYLE_ASSIGNMENT((#4376));
#4376 = SURFACE_STYLE_USAGE(.BOTH.,#4377);
#4377 = SURFACE_SIDE_STYLE('',(#4378));
#4378 = SURFACE_STYLE_FILL_AREA(#4379);
#4379 = FILL_AREA_STYLE('',(#4380));
#4380 = FILL_AREA_STYLE_COLOUR('',#4148);
#4381 = OVER_RIDING_STYLED_ITEM('overriding color',(#4382),#2071,#4130);
#4382 = PRESENTATION_STYLE_ASSIGNMENT((#4383));
#4383 = SURFACE_STYLE_USAGE(.BOTH.,#4384);
#4384 = SURFACE_SIDE_STYLE('',(#4385));
#4385 = SURFACE_STYLE_FILL_AREA(#4386);
#4386 = FILL_AREA_STYLE('',(#4387));
#4387 = FILL_AREA_STYLE_COLOUR('',#4148);
#4388 = OVER_RIDING_STYLED_ITEM('overriding color',(#4389),#2083,#4130);
#4389 = PRESENTATION_STYLE_ASSIGNMENT((#4390));
#4390 = SURFACE_STYLE_USAGE(.BOTH.,#4391);
#4391 = SURFACE_SIDE_STYLE('',(#4392));
#4392 = SURFACE_STYLE_FILL_AREA(#4393);
#4393 = FILL_AREA_STYLE('',(#4394));
#4394 = FILL_AREA_STYLE_COLOUR('',#4148);
#4395 = OVER_RIDING_STYLED_ITEM('overriding color',(#4396),#2115,#4130);
#4396 = PRESENTATION_STYLE_ASSIGNMENT((#4397));
#4397 = SURFACE_STYLE_USAGE(.BOTH.,#4398);
#4398 = SURFACE_SIDE_STYLE('',(#4399));
#4399 = SURFACE_STYLE_FILL_AREA(#4400);
#4400 = FILL_AREA_STYLE('',(#4401));
#4401 = FILL_AREA_STYLE_COLOUR('',#4148);
#4402 = OVER_RIDING_STYLED_ITEM('overriding color',(#4403),#2168,#4130);
#4403 = PRESENTATION_STYLE_ASSIGNMENT((#4404));
#4404 = SURFACE_STYLE_USAGE(.BOTH.,#4405);
#4405 = SURFACE_SIDE_STYLE('',(#4406));
#4406 = SURFACE_STYLE_FILL_AREA(#4407);
#4407 = FILL_AREA_STYLE('',(#4408));
#4408 = FILL_AREA_STYLE_COLOUR('',#4148);
#4409 = OVER_RIDING_STYLED_ITEM('overriding color',(#4410),#2306,#4130);
#4410 = PRESENTATION_STYLE_ASSIGNMENT((#4411));
#4411 = SURFACE_STYLE_USAGE(.BOTH.,#4412);
#4412 = SURFACE_SIDE_STYLE('',(#4413));
#4413 = SURFACE_STYLE_FILL_AREA(#4414);
#4414 = FILL_AREA_STYLE('',(#4415));
#4415 = FILL_AREA_STYLE_COLOUR('',#4148);
#4416 = OVER_RIDING_STYLED_ITEM('overriding color',(#4417),#2337,#4130);
#4417 = PRESENTATION_STYLE_ASSIGNMENT((#4418));
#4418 = SURFACE_STYLE_USAGE(.BOTH.,#4419);
#4419 = SURFACE_SIDE_STYLE('',(#4420));
#4420 = SURFACE_STYLE_FILL_AREA(#4421);
#4421 = FILL_AREA_STYLE('',(#4422));
#4422 = FILL_AREA_STYLE_COLOUR('',#4423);
#4423 = COLOUR_RGB('',0.422330106171,0.422330106171,0.422330106171);
#4424 = OVER_RIDING_STYLED_ITEM('overriding color',(#4425),#2404,#4130);
#4425 = PRESENTATION_STYLE_ASSIGNMENT((#4426));
#4426 = SURFACE_STYLE_USAGE(.BOTH.,#4427);
#4427 = SURFACE_SIDE_STYLE('',(#4428));
#4428 = SURFACE_STYLE_FILL_AREA(#4429);
#4429 = FILL_AREA_STYLE('',(#4430));
#4430 = FILL_AREA_STYLE_COLOUR('',#4148);
#4431 = OVER_RIDING_STYLED_ITEM('overriding color',(#4432),#2421,#4130);
#4432 = PRESENTATION_STYLE_ASSIGNMENT((#4433));
#4433 = SURFACE_STYLE_USAGE(.BOTH.,#4434);
#4434 = SURFACE_SIDE_STYLE('',(#4435));
#4435 = SURFACE_STYLE_FILL_AREA(#4436);
#4436 = FILL_AREA_STYLE('',(#4437));
#4437 = FILL_AREA_STYLE_COLOUR('',#4148);
#4438 = OVER_RIDING_STYLED_ITEM('overriding color',(#4439),#2438,#4130);
#4439 = PRESENTATION_STYLE_ASSIGNMENT((#4440));
#4440 = SURFACE_STYLE_USAGE(.BOTH.,#4441);
#4441 = SURFACE_SIDE_STYLE('',(#4442));
#4442 = SURFACE_STYLE_FILL_AREA(#4443);
#4443 = FILL_AREA_STYLE('',(#4444));
#4444 = FILL_AREA_STYLE_COLOUR('',#4148);
#4445 = OVER_RIDING_STYLED_ITEM('overriding color',(#4446),#2455,#4130);
#4446 = PRESENTATION_STYLE_ASSIGNMENT((#4447));
#4447 = SURFACE_STYLE_USAGE(.BOTH.,#4448);
#4448 = SURFACE_SIDE_STYLE('',(#4449));
#4449 = SURFACE_STYLE_FILL_AREA(#4450);
#4450 = FILL_AREA_STYLE('',(#4451));
#4451 = FILL_AREA_STYLE_COLOUR('',#4148);
#4452 = OVER_RIDING_STYLED_ITEM('overriding color',(#4453),#2472,#4130);
#4453 = PRESENTATION_STYLE_ASSIGNMENT((#4454));
#4454 = SURFACE_STYLE_USAGE(.BOTH.,#4455);
#4455 = SURFACE_SIDE_STYLE('',(#4456));
#4456 = SURFACE_STYLE_FILL_AREA(#4457);
#4457 = FILL_AREA_STYLE('',(#4458));
#4458 = FILL_AREA_STYLE_COLOUR('',#4148);
#4459 = OVER_RIDING_STYLED_ITEM('overriding color',(#4460),#2489,#4130);
#4460 = PRESENTATION_STYLE_ASSIGNMENT((#4461));
#4461 = SURFACE_STYLE_USAGE(.BOTH.,#4462);
#4462 = SURFACE_SIDE_STYLE('',(#4463));
#4463 = SURFACE_STYLE_FILL_AREA(#4464);
#4464 = FILL_AREA_STYLE('',(#4465));
#4465 = FILL_AREA_STYLE_COLOUR('',#4148);
#4466 = OVER_RIDING_STYLED_ITEM('overriding color',(#4467),#2506,#4130);
#4467 = PRESENTATION_STYLE_ASSIGNMENT((#4468));
#4468 = SURFACE_STYLE_USAGE(.BOTH.,#4469);
#4469 = SURFACE_SIDE_STYLE('',(#4470));
#4470 = SURFACE_STYLE_FILL_AREA(#4471);
#4471 = FILL_AREA_STYLE('',(#4472));
#4472 = FILL_AREA_STYLE_COLOUR('',#4148);
#4473 = OVER_RIDING_STYLED_ITEM('overriding color',(#4474),#2518,#4130);
#4474 = PRESENTATION_STYLE_ASSIGNMENT((#4475));
#4475 = SURFACE_STYLE_USAGE(.BOTH.,#4476);
#4476 = SURFACE_SIDE_STYLE('',(#4477));
#4477 = SURFACE_STYLE_FILL_AREA(#4478);
#4478 = FILL_AREA_STYLE('',(#4479));
#4479 = FILL_AREA_STYLE_COLOUR('',#4148);
#4480 = OVER_RIDING_STYLED_ITEM('overriding color',(#4481),#2571,#4130);
#4481 = PRESENTATION_STYLE_ASSIGNMENT((#4482));
#4482 = SURFACE_STYLE_USAGE(.BOTH.,#4483);
#4483 = SURFACE_SIDE_STYLE('',(#4484));
#4484 = SURFACE_STYLE_FILL_AREA(#4485);
#4485 = FILL_AREA_STYLE('',(#4486));
#4486 = FILL_AREA_STYLE_COLOUR('',#4148);
#4487 = OVER_RIDING_STYLED_ITEM('overriding color',(#4488),#2610,#4130);
#4488 = PRESENTATION_STYLE_ASSIGNMENT((#4489));
#4489 = SURFACE_STYLE_USAGE(.BOTH.,#4490);
#4490 = SURFACE_SIDE_STYLE('',(#4491));
#4491 = SURFACE_STYLE_FILL_AREA(#4492);
#4492 = FILL_AREA_STYLE('',(#4493));
#4493 = FILL_AREA_STYLE_COLOUR('',#4148);
#4494 = OVER_RIDING_STYLED_ITEM('overriding color',(#4495),#2649,#4130);
#4495 = PRESENTATION_STYLE_ASSIGNMENT((#4496));
#4496 = SURFACE_STYLE_USAGE(.BOTH.,#4497);
#4497 = SURFACE_SIDE_STYLE('',(#4498));
#4498 = SURFACE_STYLE_FILL_AREA(#4499);
#4499 = FILL_AREA_STYLE('',(#4500));
#4500 = FILL_AREA_STYLE_COLOUR('',#4148);
#4501 = OVER_RIDING_STYLED_ITEM('overriding color',(#4502),#2686,#4130);
#4502 = PRESENTATION_STYLE_ASSIGNMENT((#4503));
#4503 = SURFACE_STYLE_USAGE(.BOTH.,#4504);
#4504 = SURFACE_SIDE_STYLE('',(#4505));
#4505 = SURFACE_STYLE_FILL_AREA(#4506);
#4506 = FILL_AREA_STYLE('',(#4507));
#4507 = FILL_AREA_STYLE_COLOUR('',#4148);
#4508 = OVER_RIDING_STYLED_ITEM('overriding color',(#4509),#2725,#4130);
#4509 = PRESENTATION_STYLE_ASSIGNMENT((#4510));
#4510 = SURFACE_STYLE_USAGE(.BOTH.,#4511);
#4511 = SURFACE_SIDE_STYLE('',(#4512));
#4512 = SURFACE_STYLE_FILL_AREA(#4513);
#4513 = FILL_AREA_STYLE('',(#4514));
#4514 = FILL_AREA_STYLE_COLOUR('',#4148);
#4515 = OVER_RIDING_STYLED_ITEM('overriding color',(#4516),#2750,#4130);
#4516 = PRESENTATION_STYLE_ASSIGNMENT((#4517));
#4517 = SURFACE_STYLE_USAGE(.BOTH.,#4518);
#4518 = SURFACE_SIDE_STYLE('',(#4519));
#4519 = SURFACE_STYLE_FILL_AREA(#4520);
#4520 = FILL_AREA_STYLE('',(#4521));
#4521 = FILL_AREA_STYLE_COLOUR('',#4148);
#4522 = OVER_RIDING_STYLED_ITEM('overriding color',(#4523),#2767,#4130);
#4523 = PRESENTATION_STYLE_ASSIGNMENT((#4524));
#4524 = SURFACE_STYLE_USAGE(.BOTH.,#4525);
#4525 = SURFACE_SIDE_STYLE('',(#4526));
#4526 = SURFACE_STYLE_FILL_AREA(#4527);
#4527 = FILL_AREA_STYLE('',(#4528));
#4528 = FILL_AREA_STYLE_COLOUR('',#4148);
#4529 = OVER_RIDING_STYLED_ITEM('overriding color',(#4530),#2784,#4130);
#4530 = PRESENTATION_STYLE_ASSIGNMENT((#4531));
#4531 = SURFACE_STYLE_USAGE(.BOTH.,#4532);
#4532 = SURFACE_SIDE_STYLE('',(#4533));
#4533 = SURFACE_STYLE_FILL_AREA(#4534);
#4534 = FILL_AREA_STYLE('',(#4535));
#4535 = FILL_AREA_STYLE_COLOUR('',#4148);
#4536 = OVER_RIDING_STYLED_ITEM('overriding color',(#4537),#2801,#4130);
#4537 = PRESENTATION_STYLE_ASSIGNMENT((#4538));
#4538 = SURFACE_STYLE_USAGE(.BOTH.,#4539);
#4539 = SURFACE_SIDE_STYLE('',(#4540));
#4540 = SURFACE_STYLE_FILL_AREA(#4541);
#4541 = FILL_AREA_STYLE('',(#4542));
#4542 = FILL_AREA_STYLE_COLOUR('',#4148);
#4543 = OVER_RIDING_STYLED_ITEM('overriding color',(#4544),#2818,#4130);
#4544 = PRESENTATION_STYLE_ASSIGNMENT((#4545));
#4545 = SURFACE_STYLE_USAGE(.BOTH.,#4546);
#4546 = SURFACE_SIDE_STYLE('',(#4547));
#4547 = SURFACE_STYLE_FILL_AREA(#4548);
#4548 = FILL_AREA_STYLE('',(#4549));
#4549 = FILL_AREA_STYLE_COLOUR('',#4148);
#4550 = OVER_RIDING_STYLED_ITEM('overriding color',(#4551),#2835,#4130);
#4551 = PRESENTATION_STYLE_ASSIGNMENT((#4552));
#4552 = SURFACE_STYLE_USAGE(.BOTH.,#4553);
#4553 = SURFACE_SIDE_STYLE('',(#4554));
#4554 = SURFACE_STYLE_FILL_AREA(#4555);
#4555 = FILL_AREA_STYLE('',(#4556));
#4556 = FILL_AREA_STYLE_COLOUR('',#4148);
#4557 = OVER_RIDING_STYLED_ITEM('overriding color',(#4558),#2852,#4130);
#4558 = PRESENTATION_STYLE_ASSIGNMENT((#4559));
#4559 = SURFACE_STYLE_USAGE(.BOTH.,#4560);
#4560 = SURFACE_SIDE_STYLE('',(#4561));
#4561 = SURFACE_STYLE_FILL_AREA(#4562);
#4562 = FILL_AREA_STYLE('',(#4563));
#4563 = FILL_AREA_STYLE_COLOUR('',#4148);
#4564 = OVER_RIDING_STYLED_ITEM('overriding color',(#4565),#2869,#4130);
#4565 = PRESENTATION_STYLE_ASSIGNMENT((#4566));
#4566 = SURFACE_STYLE_USAGE(.BOTH.,#4567);
#4567 = SURFACE_SIDE_STYLE('',(#4568));
#4568 = SURFACE_STYLE_FILL_AREA(#4569);
#4569 = FILL_AREA_STYLE('',(#4570));
#4570 = FILL_AREA_STYLE_COLOUR('',#4148);
#4571 = OVER_RIDING_STYLED_ITEM('overriding color',(#4572),#2909,#4130);
#4572 = PRESENTATION_STYLE_ASSIGNMENT((#4573));
#4573 = SURFACE_STYLE_USAGE(.BOTH.,#4574);
#4574 = SURFACE_SIDE_STYLE('',(#4575));
#4575 = SURFACE_STYLE_FILL_AREA(#4576);
#4576 = FILL_AREA_STYLE('',(#4577));
#4577 = FILL_AREA_STYLE_COLOUR('',#4148);
#4578 = OVER_RIDING_STYLED_ITEM('overriding color',(#4579),#2926,#4130);
#4579 = PRESENTATION_STYLE_ASSIGNMENT((#4580));
#4580 = SURFACE_STYLE_USAGE(.BOTH.,#4581);
#4581 = SURFACE_SIDE_STYLE('',(#4582));
#4582 = SURFACE_STYLE_FILL_AREA(#4583);
#4583 = FILL_AREA_STYLE('',(#4584));
#4584 = FILL_AREA_STYLE_COLOUR('',#4423);
#4585 = OVER_RIDING_STYLED_ITEM('overriding color',(#4586),#2943,#4130);
#4586 = PRESENTATION_STYLE_ASSIGNMENT((#4587));
#4587 = SURFACE_STYLE_USAGE(.BOTH.,#4588);
#4588 = SURFACE_SIDE_STYLE('',(#4589));
#4589 = SURFACE_STYLE_FILL_AREA(#4590);
#4590 = FILL_AREA_STYLE('',(#4591));
#4591 = FILL_AREA_STYLE_COLOUR('',#4148);
#4592 = OVER_RIDING_STYLED_ITEM('overriding color',(#4593),#2977,#4130);
#4593 = PRESENTATION_STYLE_ASSIGNMENT((#4594));
#4594 = SURFACE_STYLE_USAGE(.BOTH.,#4595);
#4595 = SURFACE_SIDE_STYLE('',(#4596));
#4596 = SURFACE_STYLE_FILL_AREA(#4597);
#4597 = FILL_AREA_STYLE('',(#4598));
#4598 = FILL_AREA_STYLE_COLOUR('',#4148);
#4599 = OVER_RIDING_STYLED_ITEM('overriding color',(#4600),#3011,#4130);
#4600 = PRESENTATION_STYLE_ASSIGNMENT((#4601));
#4601 = SURFACE_STYLE_USAGE(.BOTH.,#4602);
#4602 = SURFACE_SIDE_STYLE('',(#4603));
#4603 = SURFACE_STYLE_FILL_AREA(#4604);
#4604 = FILL_AREA_STYLE('',(#4605));
#4605 = FILL_AREA_STYLE_COLOUR('',#4148);
#4606 = OVER_RIDING_STYLED_ITEM('overriding color',(#4607),#3265,#4130);
#4607 = PRESENTATION_STYLE_ASSIGNMENT((#4608));
#4608 = SURFACE_STYLE_USAGE(.BOTH.,#4609);
#4609 = SURFACE_SIDE_STYLE('',(#4610));
#4610 = SURFACE_STYLE_FILL_AREA(#4611);
#4611 = FILL_AREA_STYLE('',(#4612));
#4612 = FILL_AREA_STYLE_COLOUR('',#4148);
#4613 = OVER_RIDING_STYLED_ITEM('overriding color',(#4614),#3289,#4130);
#4614 = PRESENTATION_STYLE_ASSIGNMENT((#4615));
#4615 = SURFACE_STYLE_USAGE(.BOTH.,#4616);
#4616 = SURFACE_SIDE_STYLE('',(#4617));
#4617 = SURFACE_STYLE_FILL_AREA(#4618);
#4618 = FILL_AREA_STYLE('',(#4619));
#4619 = FILL_AREA_STYLE_COLOUR('',#4423);
#4620 = OVER_RIDING_STYLED_ITEM('overriding color',(#4621),#3329,#4130);
#4621 = PRESENTATION_STYLE_ASSIGNMENT((#4622));
#4622 = SURFACE_STYLE_USAGE(.BOTH.,#4623);
#4623 = SURFACE_SIDE_STYLE('',(#4624));
#4624 = SURFACE_STYLE_FILL_AREA(#4625);
#4625 = FILL_AREA_STYLE('',(#4626));
#4626 = FILL_AREA_STYLE_COLOUR('',#4423);
#4627 = OVER_RIDING_STYLED_ITEM('overriding color',(#4628),#3387,#4130);
#4628 = PRESENTATION_STYLE_ASSIGNMENT((#4629));
#4629 = SURFACE_STYLE_USAGE(.BOTH.,#4630);
#4630 = SURFACE_SIDE_STYLE('',(#4631));
#4631 = SURFACE_STYLE_FILL_AREA(#4632);
#4632 = FILL_AREA_STYLE('',(#4633));
#4633 = FILL_AREA_STYLE_COLOUR('',#4423);
#4634 = OVER_RIDING_STYLED_ITEM('overriding color',(#4635),#3418,#4130);
#4635 = PRESENTATION_STYLE_ASSIGNMENT((#4636));
#4636 = SURFACE_STYLE_USAGE(.BOTH.,#4637);
#4637 = SURFACE_SIDE_STYLE('',(#4638));
#4638 = SURFACE_STYLE_FILL_AREA(#4639);
#4639 = FILL_AREA_STYLE('',(#4640));
#4640 = FILL_AREA_STYLE_COLOUR('',#4423);
#4641 = OVER_RIDING_STYLED_ITEM('overriding color',(#4642),#3442,#4130);
#4642 = PRESENTATION_STYLE_ASSIGNMENT((#4643));
#4643 = SURFACE_STYLE_USAGE(.BOTH.,#4644);
#4644 = SURFACE_SIDE_STYLE('',(#4645));
#4645 = SURFACE_STYLE_FILL_AREA(#4646);
#4646 = FILL_AREA_STYLE('',(#4647));
#4647 = FILL_AREA_STYLE_COLOUR('',#4423);
#4648 = OVER_RIDING_STYLED_ITEM('overriding color',(#4649),#3459,#4130);
#4649 = PRESENTATION_STYLE_ASSIGNMENT((#4650));
#4650 = SURFACE_STYLE_USAGE(.BOTH.,#4651);
#4651 = SURFACE_SIDE_STYLE('',(#4652));
#4652 = SURFACE_STYLE_FILL_AREA(#4653);
#4653 = FILL_AREA_STYLE('',(#4654));
#4654 = FILL_AREA_STYLE_COLOUR('',#4423);
#4655 = OVER_RIDING_STYLED_ITEM('overriding color',(#4656),#3471,#4130);
#4656 = PRESENTATION_STYLE_ASSIGNMENT((#4657));
#4657 = SURFACE_STYLE_USAGE(.BOTH.,#4658);
#4658 = SURFACE_SIDE_STYLE('',(#4659));
#4659 = SURFACE_STYLE_FILL_AREA(#4660);
#4660 = FILL_AREA_STYLE('',(#4661));
#4661 = FILL_AREA_STYLE_COLOUR('',#4148);
#4662 = OVER_RIDING_STYLED_ITEM('overriding color',(#4663),#3488,#4130);
#4663 = PRESENTATION_STYLE_ASSIGNMENT((#4664));
#4664 = SURFACE_STYLE_USAGE(.BOTH.,#4665);
#4665 = SURFACE_SIDE_STYLE('',(#4666));
#4666 = SURFACE_STYLE_FILL_AREA(#4667);
#4667 = FILL_AREA_STYLE('',(#4668));
#4668 = FILL_AREA_STYLE_COLOUR('',#4148);
#4669 = OVER_RIDING_STYLED_ITEM('overriding color',(#4670),#3505,#4130);
#4670 = PRESENTATION_STYLE_ASSIGNMENT((#4671));
#4671 = SURFACE_STYLE_USAGE(.BOTH.,#4672);
#4672 = SURFACE_SIDE_STYLE('',(#4673));
#4673 = SURFACE_STYLE_FILL_AREA(#4674);
#4674 = FILL_AREA_STYLE('',(#4675));
#4675 = FILL_AREA_STYLE_COLOUR('',#4148);
#4676 = OVER_RIDING_STYLED_ITEM('overriding color',(#4677),#3522,#4130);
#4677 = PRESENTATION_STYLE_ASSIGNMENT((#4678));
#4678 = SURFACE_STYLE_USAGE(.BOTH.,#4679);
#4679 = SURFACE_SIDE_STYLE('',(#4680));
#4680 = SURFACE_STYLE_FILL_AREA(#4681);
#4681 = FILL_AREA_STYLE('',(#4682));
#4682 = FILL_AREA_STYLE_COLOUR('',#4148);
#4683 = OVER_RIDING_STYLED_ITEM('overriding color',(#4684),#3539,#4130);
#4684 = PRESENTATION_STYLE_ASSIGNMENT((#4685));
#4685 = SURFACE_STYLE_USAGE(.BOTH.,#4686);
#4686 = SURFACE_SIDE_STYLE('',(#4687));
#4687 = SURFACE_STYLE_FILL_AREA(#4688);
#4688 = FILL_AREA_STYLE('',(#4689));
#4689 = FILL_AREA_STYLE_COLOUR('',#4148);
#4690 = OVER_RIDING_STYLED_ITEM('overriding color',(#4691),#3553,#4130);
#4691 = PRESENTATION_STYLE_ASSIGNMENT((#4692));
#4692 = SURFACE_STYLE_USAGE(.BOTH.,#4693);
#4693 = SURFACE_SIDE_STYLE('',(#4694));
#4694 = SURFACE_STYLE_FILL_AREA(#4695);
#4695 = FILL_AREA_STYLE('',(#4696));
#4696 = FILL_AREA_STYLE_COLOUR('',#4148);
#4697 = OVER_RIDING_STYLED_ITEM('overriding color',(#4698),#3593,#4130);
#4698 = PRESENTATION_STYLE_ASSIGNMENT((#4699));
#4699 = SURFACE_STYLE_USAGE(.BOTH.,#4700);
#4700 = SURFACE_SIDE_STYLE('',(#4701));
#4701 = SURFACE_STYLE_FILL_AREA(#4702);
#4702 = FILL_AREA_STYLE('',(#4703));
#4703 = FILL_AREA_STYLE_COLOUR('',#4148);
#4704 = OVER_RIDING_STYLED_ITEM('overriding color',(#4705),#3660,#4130);
#4705 = PRESENTATION_STYLE_ASSIGNMENT((#4706));
#4706 = SURFACE_STYLE_USAGE(.BOTH.,#4707);
#4707 = SURFACE_SIDE_STYLE('',(#4708));
#4708 = SURFACE_STYLE_FILL_AREA(#4709);
#4709 = FILL_AREA_STYLE('',(#4710));
#4710 = FILL_AREA_STYLE_COLOUR('',#4148);
#4711 = OVER_RIDING_STYLED_ITEM('overriding color',(#4712),#3685,#4130);
#4712 = PRESENTATION_STYLE_ASSIGNMENT((#4713));
#4713 = SURFACE_STYLE_USAGE(.BOTH.,#4714);
#4714 = SURFACE_SIDE_STYLE('',(#4715));
#4715 = SURFACE_STYLE_FILL_AREA(#4716);
#4716 = FILL_AREA_STYLE('',(#4717));
#4717 = FILL_AREA_STYLE_COLOUR('',#4268);
#4718 = OVER_RIDING_STYLED_ITEM('overriding color',(#4719),#3814,#4130);
#4719 = PRESENTATION_STYLE_ASSIGNMENT((#4720));
#4720 = SURFACE_STYLE_USAGE(.BOTH.,#4721);
#4721 = SURFACE_SIDE_STYLE('',(#4722));
#4722 = SURFACE_STYLE_FILL_AREA(#4723);
#4723 = FILL_AREA_STYLE('',(#4724));
#4724 = FILL_AREA_STYLE_COLOUR('',#4148);
#4725 = OVER_RIDING_STYLED_ITEM('overriding color',(#4726),#3845,#4130);
#4726 = PRESENTATION_STYLE_ASSIGNMENT((#4727));
#4727 = SURFACE_STYLE_USAGE(.BOTH.,#4728);
#4728 = SURFACE_SIDE_STYLE('',(#4729));
#4729 = SURFACE_STYLE_FILL_AREA(#4730);
#4730 = FILL_AREA_STYLE('',(#4731));
#4731 = FILL_AREA_STYLE_COLOUR('',#4148);
#4732 = OVER_RIDING_STYLED_ITEM('overriding color',(#4733),#3912,#4130);
#4733 = PRESENTATION_STYLE_ASSIGNMENT((#4734));
#4734 = SURFACE_STYLE_USAGE(.BOTH.,#4735);
#4735 = SURFACE_SIDE_STYLE('',(#4736));
#4736 = SURFACE_STYLE_FILL_AREA(#4737);
#4737 = FILL_AREA_STYLE('',(#4738));
#4738 = FILL_AREA_STYLE_COLOUR('',#4148);
#4739 = OVER_RIDING_STYLED_ITEM('overriding color',(#4740),#3929,#4130);
#4740 = PRESENTATION_STYLE_ASSIGNMENT((#4741));
#4741 = SURFACE_STYLE_USAGE(.BOTH.,#4742);
#4742 = SURFACE_SIDE_STYLE('',(#4743));
#4743 = SURFACE_STYLE_FILL_AREA(#4744);
#4744 = FILL_AREA_STYLE('',(#4745));
#4745 = FILL_AREA_STYLE_COLOUR('',#4148);
#4746 = OVER_RIDING_STYLED_ITEM('overriding color',(#4747),#3946,#4130);
#4747 = PRESENTATION_STYLE_ASSIGNMENT((#4748));
#4748 = SURFACE_STYLE_USAGE(.BOTH.,#4749);
#4749 = SURFACE_SIDE_STYLE('',(#4750));
#4750 = SURFACE_STYLE_FILL_AREA(#4751);
#4751 = FILL_AREA_STYLE('',(#4752));
#4752 = FILL_AREA_STYLE_COLOUR('',#4148);
#4753 = OVER_RIDING_STYLED_ITEM('overriding color',(#4754),#3963,#4130);
#4754 = PRESENTATION_STYLE_ASSIGNMENT((#4755));
#4755 = SURFACE_STYLE_USAGE(.BOTH.,#4756);
#4756 = SURFACE_SIDE_STYLE('',(#4757));
#4757 = SURFACE_STYLE_FILL_AREA(#4758);
#4758 = FILL_AREA_STYLE('',(#4759));
#4759 = FILL_AREA_STYLE_COLOUR('',#4148);
#4760 = OVER_RIDING_STYLED_ITEM('overriding color',(#4761),#3980,#4130);
#4761 = PRESENTATION_STYLE_ASSIGNMENT((#4762));
#4762 = SURFACE_STYLE_USAGE(.BOTH.,#4763);
#4763 = SURFACE_SIDE_STYLE('',(#4764));
#4764 = SURFACE_STYLE_FILL_AREA(#4765);
#4765 = FILL_AREA_STYLE('',(#4766));
#4766 = FILL_AREA_STYLE_COLOUR('',#4148);
#4767 = OVER_RIDING_STYLED_ITEM('overriding color',(#4768),#3997,#4130);
#4768 = PRESENTATION_STYLE_ASSIGNMENT((#4769));
#4769 = SURFACE_STYLE_USAGE(.BOTH.,#4770);
#4770 = SURFACE_SIDE_STYLE('',(#4771));
#4771 = SURFACE_STYLE_FILL_AREA(#4772);
#4772 = FILL_AREA_STYLE('',(#4773));
#4773 = FILL_AREA_STYLE_COLOUR('',#4148);
#4774 = OVER_RIDING_STYLED_ITEM('overriding color',(#4775),#4014,#4130);
#4775 = PRESENTATION_STYLE_ASSIGNMENT((#4776));
#4776 = SURFACE_STYLE_USAGE(.BOTH.,#4777);
#4777 = SURFACE_SIDE_STYLE('',(#4778));
#4778 = SURFACE_STYLE_FILL_AREA(#4779);
#4779 = FILL_AREA_STYLE('',(#4780));
#4780 = FILL_AREA_STYLE_COLOUR('',#4148);
#4781 = OVER_RIDING_STYLED_ITEM('overriding color',(#4782),#4026,#4130);
#4782 = PRESENTATION_STYLE_ASSIGNMENT((#4783));
#4783 = SURFACE_STYLE_USAGE(.BOTH.,#4784);
#4784 = SURFACE_SIDE_STYLE('',(#4785));
#4785 = SURFACE_STYLE_FILL_AREA(#4786);
#4786 = FILL_AREA_STYLE('',(#4787));
#4787 = FILL_AREA_STYLE_COLOUR('',#4148);
#4788 = OVER_RIDING_STYLED_ITEM('overriding color',(#4789),#4043,#4130);
#4789 = PRESENTATION_STYLE_ASSIGNMENT((#4790));
#4790 = SURFACE_STYLE_USAGE(.BOTH.,#4791);
#4791 = SURFACE_SIDE_STYLE('',(#4792));
#4792 = SURFACE_STYLE_FILL_AREA(#4793);
#4793 = FILL_AREA_STYLE('',(#4794));
#4794 = FILL_AREA_STYLE_COLOUR('',#4148);
#4795 = OVER_RIDING_STYLED_ITEM('overriding color',(#4796),#4060,#4130);
#4796 = PRESENTATION_STYLE_ASSIGNMENT((#4797));
#4797 = SURFACE_STYLE_USAGE(.BOTH.,#4798);
#4798 = SURFACE_SIDE_STYLE('',(#4799));
#4799 = SURFACE_STYLE_FILL_AREA(#4800);
#4800 = FILL_AREA_STYLE('',(#4801));
#4801 = FILL_AREA_STYLE_COLOUR('',#4148);
#4802 = OVER_RIDING_STYLED_ITEM('overriding color',(#4803),#4077,#4130);
#4803 = PRESENTATION_STYLE_ASSIGNMENT((#4804));
#4804 = SURFACE_STYLE_USAGE(.BOTH.,#4805);
#4805 = SURFACE_SIDE_STYLE('',(#4806));
#4806 = SURFACE_STYLE_FILL_AREA(#4807);
#4807 = FILL_AREA_STYLE('',(#4808));
#4808 = FILL_AREA_STYLE_COLOUR('',#4148);
#4809 = OVER_RIDING_STYLED_ITEM('overriding color',(#4810),#4094,#4130);
#4810 = PRESENTATION_STYLE_ASSIGNMENT((#4811));
#4811 = SURFACE_STYLE_USAGE(.BOTH.,#4812);
#4812 = SURFACE_SIDE_STYLE('',(#4813));
#4813 = SURFACE_STYLE_FILL_AREA(#4814);
#4814 = FILL_AREA_STYLE('',(#4815));
#4815 = FILL_AREA_STYLE_COLOUR('',#4148);
#4816 = OVER_RIDING_STYLED_ITEM('overriding color',(#4817),#4111,#4130);
#4817 = PRESENTATION_STYLE_ASSIGNMENT((#4818));
#4818 = SURFACE_STYLE_USAGE(.BOTH.,#4819);
#4819 = SURFACE_SIDE_STYLE('',(#4820));
#4820 = SURFACE_STYLE_FILL_AREA(#4821);
#4821 = FILL_AREA_STYLE('',(#4822));
#4822 = FILL_AREA_STYLE_COLOUR('',#4148);
ENDSEC;
END-ISO-10303-21;
