ISO-10303-21;
HEADER;
FILE_DESCRIPTION(('KiCad electronic assembly'),'2;1');
FILE_NAME('BH1750.step','2025-11-16T10:09:25',('Pcbnew'),('Kicad'),
  'Open CASCADE STEP processor 7.9','KiCad to STEP converter','Unknown'
  );
FILE_SCHEMA(('AUTOMOTIVE_DESIGN { 1 0 10303 214 1 1 1 1 }'));
ENDSEC;
DATA;
#1 = APPLICATION_PROTOCOL_DEFINITION('international standard',
  'automotive_design',2000,#2);
#2 = APPLICATION_CONTEXT(
  'core data for automotive mechanical design processes');
#3 = SHAPE_DEFINITION_REPRESENTATION(#4,#10);
#4 = PRODUCT_DEFINITION_SHAPE('','',#5);
#5 = PRODUCT_DEFINITION('design','',#6,#9);
#6 = PRODUCT_DEFINITION_FORMATION('','',#7);
#7 = PRODUCT('BH1750 1','BH1750 1','',(#8));
#8 = PRODUCT_CONTEXT('',#2,'mechanical');
#9 = PRODUCT_DEFINITION_CONTEXT('part definition',#2,'design');
#10 = SHAPE_REPRESENTATION('',(#11,#15,#19,#23,#27,#31,#35,#39,#43,#47,
    #51,#55,#59),#63);
#11 = AXIS2_PLACEMENT_3D('',#12,#13,#14);
#12 = CARTESIAN_POINT('',(0.,0.,0.));
#13 = DIRECTION('',(0.,0.,1.));
#14 = DIRECTION('',(1.,0.,-0.));
#15 = AXIS2_PLACEMENT_3D('',#16,#17,#18);
#16 = CARTESIAN_POINT('',(0.,0.,1.595));
#17 = DIRECTION('',(1.224646799147E-16,1.,1.110223024625E-16));
#18 = DIRECTION('',(-1.,1.224646799147E-16,0.));
#19 = AXIS2_PLACEMENT_3D('',#20,#21,#22);
#20 = CARTESIAN_POINT('',(-0.762,3.048,-8.5E-02));
#21 = DIRECTION('',(1.224646799147E-16,-1.359631073447E-32,-1.));
#22 = DIRECTION('',(1.110223024625E-16,1.,0.));
#23 = AXIS2_PLACEMENT_3D('',#24,#25,#26);
#24 = CARTESIAN_POINT('',(0.762,3.048,-8.5E-02));
#25 = DIRECTION('',(-1.224646799147E-16,-1.359631073447E-32,-1.));
#26 = DIRECTION('',(1.110223024625E-16,-1.,0.));
#27 = AXIS2_PLACEMENT_3D('',#28,#29,#30);
#28 = CARTESIAN_POINT('',(2.286,3.0715,-8.5E-02));
#29 = DIRECTION('',(-1.224646799147E-16,-1.359631073447E-32,-1.));
#30 = DIRECTION('',(1.110223024625E-16,-1.,0.));
#31 = AXIS2_PLACEMENT_3D('',#32,#33,#34);
#32 = CARTESIAN_POINT('',(-3.81,-0.254,-8.5E-02));
#33 = DIRECTION('',(1.224646799147E-16,-1.359631073447E-32,-1.));
#34 = DIRECTION('',(1.110223024625E-16,1.,0.));
#35 = AXIS2_PLACEMENT_3D('',#36,#37,#38);
#36 = CARTESIAN_POINT('',(2.324541027178E-16,-0.54,-8.5E-02));
#37 = DIRECTION('',(-2.22044604925E-16,-1.,-1.110223024625E-16));
#38 = DIRECTION('',(-1.,2.22044604925E-16,-1.224646799147E-16));
#39 = AXIS2_PLACEMENT_3D('',#40,#41,#42);
#40 = CARTESIAN_POINT('',(-2.286,3.048,-8.5E-02));
#41 = DIRECTION('',(1.224646799147E-16,-1.359631073447E-32,-1.));
#42 = DIRECTION('',(1.110223024625E-16,1.,0.));
#43 = AXIS2_PLACEMENT_3D('',#44,#45,#46);
#44 = CARTESIAN_POINT('',(-3.81,3.048,-8.5E-02));
#45 = DIRECTION('',(-1.224646799147E-16,-1.359631073447E-32,-1.));
#46 = DIRECTION('',(1.110223024625E-16,-1.,0.));
#47 = AXIS2_PLACEMENT_3D('',#48,#49,#50);
#48 = CARTESIAN_POINT('',(0.,0.,0.));
#49 = DIRECTION('',(0.,0.,1.));
#50 = DIRECTION('',(1.,0.,-0.));
#51 = AXIS2_PLACEMENT_3D('',#52,#53,#54);
#52 = CARTESIAN_POINT('',(0.,0.,0.));
#53 = DIRECTION('',(0.,0.,1.));
#54 = DIRECTION('',(1.,0.,-0.));
#55 = AXIS2_PLACEMENT_3D('',#56,#57,#58);
#56 = CARTESIAN_POINT('',(0.,0.,0.));
#57 = DIRECTION('',(0.,0.,1.));
#58 = DIRECTION('',(1.,0.,-0.));
#59 = AXIS2_PLACEMENT_3D('',#60,#61,#62);
#60 = CARTESIAN_POINT('',(0.,0.,0.));
#61 = DIRECTION('',(0.,0.,1.));
#62 = DIRECTION('',(1.,0.,-0.));
#63 = ( GEOMETRIC_REPRESENTATION_CONTEXT(3) 
GLOBAL_UNCERTAINTY_ASSIGNED_CONTEXT((#67)) GLOBAL_UNIT_ASSIGNED_CONTEXT(
(#64,#65,#66)) REPRESENTATION_CONTEXT('Context #1',
  '3D Context with UNIT and UNCERTAINTY') );
#64 = ( LENGTH_UNIT() NAMED_UNIT(*) SI_UNIT(.MILLI.,.METRE.) );
#65 = ( NAMED_UNIT(*) PLANE_ANGLE_UNIT() SI_UNIT($,.RADIAN.) );
#66 = ( NAMED_UNIT(*) SI_UNIT($,.STERADIAN.) SOLID_ANGLE_UNIT() );
#67 = UNCERTAINTY_MEASURE_WITH_UNIT(LENGTH_MEASURE(1.E-07),#64,
  'distance_accuracy_value','confusion accuracy');
#68 = PRODUCT_RELATED_PRODUCT_CATEGORY('part',$,(#7));
#69 = SHAPE_DEFINITION_REPRESENTATION(#70,#76);
#70 = PRODUCT_DEFINITION_SHAPE('','',#71);
#71 = PRODUCT_DEFINITION('design','',#72,#75);
#72 = PRODUCT_DEFINITION_FORMATION('','',#73);
#73 = PRODUCT('BH1750FVI-TR','BH1750FVI-TR','',(#74));
#74 = PRODUCT_CONTEXT('',#2,'mechanical');
#75 = PRODUCT_DEFINITION_CONTEXT('part definition',#2,'design');
#76 = SHAPE_REPRESENTATION('',(#11,#77,#359,#2240,#2522,#2804,#3086,
    #3368,#3650),#4328);
#77 = MANIFOLD_SOLID_BREP('',#78);
#78 = CLOSED_SHELL('',(#79,#119,#150,#181,#212,#243,#274,#305,#327,#343)
  );
#79 = ADVANCED_FACE('',(#80),#114,.T.);
#80 = FACE_BOUND('',#81,.T.);
#81 = EDGE_LOOP('',(#82,#92,#100,#108));
#82 = ORIENTED_EDGE('',*,*,#83,.F.);
#83 = EDGE_CURVE('',#84,#86,#88,.T.);
#84 = VERTEX_POINT('',#85);
#85 = CARTESIAN_POINT('',(1.3,0.,-0.39));
#86 = VERTEX_POINT('',#87);
#87 = CARTESIAN_POINT('',(1.3,0.,-0.4));
#88 = LINE('',#89,#90);
#89 = CARTESIAN_POINT('',(1.3,0.,-0.4));
#90 = VECTOR('',#91,1.);
#91 = DIRECTION('',(-0.,-0.,-1.));
#92 = ORIENTED_EDGE('',*,*,#93,.F.);
#93 = EDGE_CURVE('',#94,#84,#96,.T.);
#94 = VERTEX_POINT('',#95);
#95 = CARTESIAN_POINT('',(1.3,0.195,-0.39));
#96 = LINE('',#97,#98);
#97 = CARTESIAN_POINT('',(1.3,0.195,-0.39));
#98 = VECTOR('',#99,1.);
#99 = DIRECTION('',(0.,-1.,0.));
#100 = ORIENTED_EDGE('',*,*,#101,.T.);
#101 = EDGE_CURVE('',#94,#102,#104,.T.);
#102 = VERTEX_POINT('',#103);
#103 = CARTESIAN_POINT('',(1.3,0.195,-0.4));
#104 = LINE('',#105,#106);
#105 = CARTESIAN_POINT('',(1.3,0.195,-0.4));
#106 = VECTOR('',#107,1.);
#107 = DIRECTION('',(-0.,-0.,-1.));
#108 = ORIENTED_EDGE('',*,*,#109,.T.);
#109 = EDGE_CURVE('',#102,#86,#110,.T.);
#110 = LINE('',#111,#112);
#111 = CARTESIAN_POINT('',(1.3,0.195,-0.4));
#112 = VECTOR('',#113,1.);
#113 = DIRECTION('',(0.,-1.,0.));
#114 = PLANE('',#115);
#115 = AXIS2_PLACEMENT_3D('',#116,#117,#118);
#116 = CARTESIAN_POINT('',(1.3,0.195,-0.4));
#117 = DIRECTION('',(-1.,0.,0.));
#118 = DIRECTION('',(0.,0.,1.));
#119 = ADVANCED_FACE('',(#120),#145,.T.);
#120 = FACE_BOUND('',#121,.T.);
#121 = EDGE_LOOP('',(#122,#130,#138,#144));
#122 = ORIENTED_EDGE('',*,*,#123,.F.);
#123 = EDGE_CURVE('',#124,#84,#126,.T.);
#124 = VERTEX_POINT('',#125);
#125 = CARTESIAN_POINT('',(1.5,0.,-0.39));
#126 = LINE('',#127,#128);
#127 = CARTESIAN_POINT('',(1.3,0.,-0.39));
#128 = VECTOR('',#129,1.);
#129 = DIRECTION('',(-1.,-0.,2.168404344971E-15));
#130 = ORIENTED_EDGE('',*,*,#131,.F.);
#131 = EDGE_CURVE('',#132,#124,#134,.T.);
#132 = VERTEX_POINT('',#133);
#133 = CARTESIAN_POINT('',(1.5,0.195,-0.39));
#134 = LINE('',#135,#136);
#135 = CARTESIAN_POINT('',(1.5,0.195,-0.39));
#136 = VECTOR('',#137,1.);
#137 = DIRECTION('',(0.,-1.,0.));
#138 = ORIENTED_EDGE('',*,*,#139,.T.);
#139 = EDGE_CURVE('',#132,#94,#140,.T.);
#140 = LINE('',#141,#142);
#141 = CARTESIAN_POINT('',(1.3,0.195,-0.39));
#142 = VECTOR('',#143,1.);
#143 = DIRECTION('',(-1.,-0.,2.168404344971E-15));
#144 = ORIENTED_EDGE('',*,*,#93,.T.);
#145 = PLANE('',#146);
#146 = AXIS2_PLACEMENT_3D('',#147,#148,#149);
#147 = CARTESIAN_POINT('',(1.3,0.195,-0.39));
#148 = DIRECTION('',(2.168404344971E-15,0.,1.));
#149 = DIRECTION('',(1.,0.,-2.168404344971E-15));
#150 = ADVANCED_FACE('',(#151),#176,.T.);
#151 = FACE_BOUND('',#152,.T.);
#152 = EDGE_LOOP('',(#153,#161,#169,#175));
#153 = ORIENTED_EDGE('',*,*,#154,.F.);
#154 = EDGE_CURVE('',#155,#124,#157,.T.);
#155 = VERTEX_POINT('',#156);
#156 = CARTESIAN_POINT('',(1.5,0.,-0.61));
#157 = LINE('',#158,#159);
#158 = CARTESIAN_POINT('',(1.5,0.,-0.39));
#159 = VECTOR('',#160,1.);
#160 = DIRECTION('',(-0.,-0.,1.));
#161 = ORIENTED_EDGE('',*,*,#162,.F.);
#162 = EDGE_CURVE('',#163,#155,#165,.T.);
#163 = VERTEX_POINT('',#164);
#164 = CARTESIAN_POINT('',(1.5,0.195,-0.61));
#165 = LINE('',#166,#167);
#166 = CARTESIAN_POINT('',(1.5,0.195,-0.61));
#167 = VECTOR('',#168,1.);
#168 = DIRECTION('',(0.,-1.,0.));
#169 = ORIENTED_EDGE('',*,*,#170,.T.);
#170 = EDGE_CURVE('',#163,#132,#171,.T.);
#171 = LINE('',#172,#173);
#172 = CARTESIAN_POINT('',(1.5,0.195,-0.39));
#173 = VECTOR('',#174,1.);
#174 = DIRECTION('',(-0.,-0.,1.));
#175 = ORIENTED_EDGE('',*,*,#131,.T.);
#176 = PLANE('',#177);
#177 = AXIS2_PLACEMENT_3D('',#178,#179,#180);
#178 = CARTESIAN_POINT('',(1.5,0.195,-0.39));
#179 = DIRECTION('',(1.,0.,0.));
#180 = DIRECTION('',(0.,0.,-1.));
#181 = ADVANCED_FACE('',(#182),#207,.T.);
#182 = FACE_BOUND('',#183,.T.);
#183 = EDGE_LOOP('',(#184,#192,#200,#206));
#184 = ORIENTED_EDGE('',*,*,#185,.F.);
#185 = EDGE_CURVE('',#186,#155,#188,.T.);
#186 = VERTEX_POINT('',#187);
#187 = CARTESIAN_POINT('',(1.3,0.,-0.61));
#188 = LINE('',#189,#190);
#189 = CARTESIAN_POINT('',(1.5,0.,-0.61));
#190 = VECTOR('',#191,1.);
#191 = DIRECTION('',(1.,-0.,2.168404344971E-15));
#192 = ORIENTED_EDGE('',*,*,#193,.F.);
#193 = EDGE_CURVE('',#194,#186,#196,.T.);
#194 = VERTEX_POINT('',#195);
#195 = CARTESIAN_POINT('',(1.3,0.195,-0.61));
#196 = LINE('',#197,#198);
#197 = CARTESIAN_POINT('',(1.3,0.195,-0.61));
#198 = VECTOR('',#199,1.);
#199 = DIRECTION('',(0.,-1.,0.));
#200 = ORIENTED_EDGE('',*,*,#201,.T.);
#201 = EDGE_CURVE('',#194,#163,#202,.T.);
#202 = LINE('',#203,#204);
#203 = CARTESIAN_POINT('',(1.5,0.195,-0.61));
#204 = VECTOR('',#205,1.);
#205 = DIRECTION('',(1.,-0.,2.168404344971E-15));
#206 = ORIENTED_EDGE('',*,*,#162,.T.);
#207 = PLANE('',#208);
#208 = AXIS2_PLACEMENT_3D('',#209,#210,#211);
#209 = CARTESIAN_POINT('',(1.5,0.195,-0.61));
#210 = DIRECTION('',(2.168404344971E-15,0.,-1.));
#211 = DIRECTION('',(-1.,0.,-2.168404344971E-15));
#212 = ADVANCED_FACE('',(#213),#238,.T.);
#213 = FACE_BOUND('',#214,.T.);
#214 = EDGE_LOOP('',(#215,#223,#231,#237));
#215 = ORIENTED_EDGE('',*,*,#216,.F.);
#216 = EDGE_CURVE('',#217,#186,#219,.T.);
#217 = VERTEX_POINT('',#218);
#218 = CARTESIAN_POINT('',(1.3,0.,-0.6));
#219 = LINE('',#220,#221);
#220 = CARTESIAN_POINT('',(1.3,0.,-0.61));
#221 = VECTOR('',#222,1.);
#222 = DIRECTION('',(-0.,-0.,-1.));
#223 = ORIENTED_EDGE('',*,*,#224,.F.);
#224 = EDGE_CURVE('',#225,#217,#227,.T.);
#225 = VERTEX_POINT('',#226);
#226 = CARTESIAN_POINT('',(1.3,0.195,-0.6));
#227 = LINE('',#228,#229);
#228 = CARTESIAN_POINT('',(1.3,0.195,-0.6));
#229 = VECTOR('',#230,1.);
#230 = DIRECTION('',(0.,-1.,0.));
#231 = ORIENTED_EDGE('',*,*,#232,.T.);
#232 = EDGE_CURVE('',#225,#194,#233,.T.);
#233 = LINE('',#234,#235);
#234 = CARTESIAN_POINT('',(1.3,0.195,-0.61));
#235 = VECTOR('',#236,1.);
#236 = DIRECTION('',(-0.,-0.,-1.));
#237 = ORIENTED_EDGE('',*,*,#193,.T.);
#238 = PLANE('',#239);
#239 = AXIS2_PLACEMENT_3D('',#240,#241,#242);
#240 = CARTESIAN_POINT('',(1.3,0.195,-0.61));
#241 = DIRECTION('',(-1.,0.,0.));
#242 = DIRECTION('',(0.,0.,1.));
#243 = ADVANCED_FACE('',(#244),#269,.T.);
#244 = FACE_BOUND('',#245,.T.);
#245 = EDGE_LOOP('',(#246,#254,#262,#268));
#246 = ORIENTED_EDGE('',*,*,#247,.F.);
#247 = EDGE_CURVE('',#248,#217,#250,.T.);
#248 = VERTEX_POINT('',#249);
#249 = CARTESIAN_POINT('',(1.25,0.,-0.6));
#250 = LINE('',#251,#252);
#251 = CARTESIAN_POINT('',(1.3,0.,-0.6));
#252 = VECTOR('',#253,1.);
#253 = DIRECTION('',(1.,-0.,4.336808689942E-15));
#254 = ORIENTED_EDGE('',*,*,#255,.F.);
#255 = EDGE_CURVE('',#256,#248,#258,.T.);
#256 = VERTEX_POINT('',#257);
#257 = CARTESIAN_POINT('',(1.25,0.195,-0.6));
#258 = LINE('',#259,#260);
#259 = CARTESIAN_POINT('',(1.25,0.195,-0.6));
#260 = VECTOR('',#261,1.);
#261 = DIRECTION('',(0.,-1.,0.));
#262 = ORIENTED_EDGE('',*,*,#263,.T.);
#263 = EDGE_CURVE('',#256,#225,#264,.T.);
#264 = LINE('',#265,#266);
#265 = CARTESIAN_POINT('',(1.3,0.195,-0.6));
#266 = VECTOR('',#267,1.);
#267 = DIRECTION('',(1.,-0.,4.336808689942E-15));
#268 = ORIENTED_EDGE('',*,*,#224,.T.);
#269 = PLANE('',#270);
#270 = AXIS2_PLACEMENT_3D('',#271,#272,#273);
#271 = CARTESIAN_POINT('',(1.3,0.195,-0.6));
#272 = DIRECTION('',(4.336808689942E-15,0.,-1.));
#273 = DIRECTION('',(-1.,0.,-4.336808689942E-15));
#274 = ADVANCED_FACE('',(#275),#300,.T.);
#275 = FACE_BOUND('',#276,.T.);
#276 = EDGE_LOOP('',(#277,#285,#293,#299));
#277 = ORIENTED_EDGE('',*,*,#278,.F.);
#278 = EDGE_CURVE('',#279,#248,#281,.T.);
#279 = VERTEX_POINT('',#280);
#280 = CARTESIAN_POINT('',(1.25,0.,-0.4));
#281 = LINE('',#282,#283);
#282 = CARTESIAN_POINT('',(1.25,0.,-0.6));
#283 = VECTOR('',#284,1.);
#284 = DIRECTION('',(-0.,-0.,-1.));
#285 = ORIENTED_EDGE('',*,*,#286,.F.);
#286 = EDGE_CURVE('',#287,#279,#289,.T.);
#287 = VERTEX_POINT('',#288);
#288 = CARTESIAN_POINT('',(1.25,0.195,-0.4));
#289 = LINE('',#290,#291);
#290 = CARTESIAN_POINT('',(1.25,0.195,-0.4));
#291 = VECTOR('',#292,1.);
#292 = DIRECTION('',(0.,-1.,0.));
#293 = ORIENTED_EDGE('',*,*,#294,.T.);
#294 = EDGE_CURVE('',#287,#256,#295,.T.);
#295 = LINE('',#296,#297);
#296 = CARTESIAN_POINT('',(1.25,0.195,-0.6));
#297 = VECTOR('',#298,1.);
#298 = DIRECTION('',(-0.,-0.,-1.));
#299 = ORIENTED_EDGE('',*,*,#255,.T.);
#300 = PLANE('',#301);
#301 = AXIS2_PLACEMENT_3D('',#302,#303,#304);
#302 = CARTESIAN_POINT('',(1.25,0.195,-0.6));
#303 = DIRECTION('',(-1.,0.,0.));
#304 = DIRECTION('',(0.,0.,1.));
#305 = ADVANCED_FACE('',(#306),#322,.T.);
#306 = FACE_BOUND('',#307,.T.);
#307 = EDGE_LOOP('',(#308,#314,#315,#321));
#308 = ORIENTED_EDGE('',*,*,#309,.F.);
#309 = EDGE_CURVE('',#86,#279,#310,.T.);
#310 = LINE('',#311,#312);
#311 = CARTESIAN_POINT('',(1.25,0.,-0.4));
#312 = VECTOR('',#313,1.);
#313 = DIRECTION('',(-1.,-0.,8.673617379884E-15));
#314 = ORIENTED_EDGE('',*,*,#109,.F.);
#315 = ORIENTED_EDGE('',*,*,#316,.T.);
#316 = EDGE_CURVE('',#102,#287,#317,.T.);
#317 = LINE('',#318,#319);
#318 = CARTESIAN_POINT('',(1.25,0.195,-0.4));
#319 = VECTOR('',#320,1.);
#320 = DIRECTION('',(-1.,-0.,8.673617379884E-15));
#321 = ORIENTED_EDGE('',*,*,#286,.T.);
#322 = PLANE('',#323);
#323 = AXIS2_PLACEMENT_3D('',#324,#325,#326);
#324 = CARTESIAN_POINT('',(1.25,0.195,-0.4));
#325 = DIRECTION('',(8.673617379884E-15,0.,1.));
#326 = DIRECTION('',(1.,0.,-8.673617379884E-15));
#327 = ADVANCED_FACE('',(#328),#338,.T.);
#328 = FACE_BOUND('',#329,.T.);
#329 = EDGE_LOOP('',(#330,#331,#332,#333,#334,#335,#336,#337));
#330 = ORIENTED_EDGE('',*,*,#101,.F.);
#331 = ORIENTED_EDGE('',*,*,#139,.F.);
#332 = ORIENTED_EDGE('',*,*,#170,.F.);
#333 = ORIENTED_EDGE('',*,*,#201,.F.);
#334 = ORIENTED_EDGE('',*,*,#232,.F.);
#335 = ORIENTED_EDGE('',*,*,#263,.F.);
#336 = ORIENTED_EDGE('',*,*,#294,.F.);
#337 = ORIENTED_EDGE('',*,*,#316,.F.);
#338 = PLANE('',#339);
#339 = AXIS2_PLACEMENT_3D('',#340,#341,#342);
#340 = CARTESIAN_POINT('',(0.,0.195,0.));
#341 = DIRECTION('',(-0.,1.,0.));
#342 = DIRECTION('',(0.,0.,1.));
#343 = ADVANCED_FACE('',(#344),#354,.F.);
#344 = FACE_BOUND('',#345,.T.);
#345 = EDGE_LOOP('',(#346,#347,#348,#349,#350,#351,#352,#353));
#346 = ORIENTED_EDGE('',*,*,#83,.T.);
#347 = ORIENTED_EDGE('',*,*,#309,.T.);
#348 = ORIENTED_EDGE('',*,*,#278,.T.);
#349 = ORIENTED_EDGE('',*,*,#247,.T.);
#350 = ORIENTED_EDGE('',*,*,#216,.T.);
#351 = ORIENTED_EDGE('',*,*,#185,.T.);
#352 = ORIENTED_EDGE('',*,*,#154,.T.);
#353 = ORIENTED_EDGE('',*,*,#123,.T.);
#354 = PLANE('',#355);
#355 = AXIS2_PLACEMENT_3D('',#356,#357,#358);
#356 = CARTESIAN_POINT('',(0.,0.,0.));
#357 = DIRECTION('',(-0.,1.,0.));
#358 = DIRECTION('',(0.,0.,1.));
#359 = MANIFOLD_SOLID_BREP('',#360);
#360 = CLOSED_SHELL('',(#361,#401,#441,#481,#512,#552,#592,#632,#672,
    #703,#743,#774,#908,#939,#979,#1010,#1034,#1065,#1183,#1235,#1281,
    #1326,#1365,#1382,#1394,#1425,#1449,#1473,#1490,#1514,#1538,#1555,
    #1579,#1603,#1627,#1651,#1668,#1692,#1716,#1733,#1750,#1778,#1809,
    #1826,#1843,#1855,#1886,#1903,#1920,#1932,#1963,#1980,#1997,#2009,
    #2040,#2057,#2074,#2086,#2117,#2134,#2151,#2163,#2194,#2211,#2228));
#361 = ADVANCED_FACE('',(#362),#396,.F.);
#362 = FACE_BOUND('',#363,.T.);
#363 = EDGE_LOOP('',(#364,#374,#382,#390));
#364 = ORIENTED_EDGE('',*,*,#365,.F.);
#365 = EDGE_CURVE('',#366,#368,#370,.T.);
#366 = VERTEX_POINT('',#367);
#367 = CARTESIAN_POINT('',(1.3,0.195,1.E-01));
#368 = VERTEX_POINT('',#369);
#369 = CARTESIAN_POINT('',(1.3,0.,1.E-01));
#370 = LINE('',#371,#372);
#371 = CARTESIAN_POINT('',(1.3,0.195,1.E-01));
#372 = VECTOR('',#373,1.);
#373 = DIRECTION('',(-0.,-1.,-0.));
#374 = ORIENTED_EDGE('',*,*,#375,.F.);
#375 = EDGE_CURVE('',#376,#366,#378,.T.);
#376 = VERTEX_POINT('',#377);
#377 = CARTESIAN_POINT('',(1.3,0.195,0.4));
#378 = LINE('',#379,#380);
#379 = CARTESIAN_POINT('',(1.3,0.195,0.8));
#380 = VECTOR('',#381,1.);
#381 = DIRECTION('',(0.,0.,-1.));
#382 = ORIENTED_EDGE('',*,*,#383,.T.);
#383 = EDGE_CURVE('',#376,#384,#386,.T.);
#384 = VERTEX_POINT('',#385);
#385 = CARTESIAN_POINT('',(1.3,0.,0.4));
#386 = LINE('',#387,#388);
#387 = CARTESIAN_POINT('',(1.3,0.195,0.4));
#388 = VECTOR('',#389,1.);
#389 = DIRECTION('',(-0.,-1.,-0.));
#390 = ORIENTED_EDGE('',*,*,#391,.T.);
#391 = EDGE_CURVE('',#384,#368,#392,.T.);
#392 = LINE('',#393,#394);
#393 = CARTESIAN_POINT('',(1.3,0.,0.8));
#394 = VECTOR('',#395,1.);
#395 = DIRECTION('',(0.,0.,-1.));
#396 = PLANE('',#397);
#397 = AXIS2_PLACEMENT_3D('',#398,#399,#400);
#398 = CARTESIAN_POINT('',(1.3,0.195,0.8));
#399 = DIRECTION('',(-1.,0.,0.));
#400 = DIRECTION('',(0.,0.,1.));
#401 = ADVANCED_FACE('',(#402),#436,.F.);
#402 = FACE_BOUND('',#403,.T.);
#403 = EDGE_LOOP('',(#404,#414,#422,#430));
#404 = ORIENTED_EDGE('',*,*,#405,.F.);
#405 = EDGE_CURVE('',#406,#408,#410,.T.);
#406 = VERTEX_POINT('',#407);
#407 = CARTESIAN_POINT('',(1.3,0.195,-0.4));
#408 = VERTEX_POINT('',#409);
#409 = CARTESIAN_POINT('',(1.3,0.,-0.4));
#410 = LINE('',#411,#412);
#411 = CARTESIAN_POINT('',(1.3,0.195,-0.4));
#412 = VECTOR('',#413,1.);
#413 = DIRECTION('',(-0.,-1.,-0.));
#414 = ORIENTED_EDGE('',*,*,#415,.F.);
#415 = EDGE_CURVE('',#416,#406,#418,.T.);
#416 = VERTEX_POINT('',#417);
#417 = CARTESIAN_POINT('',(1.3,0.195,-1.E-01));
#418 = LINE('',#419,#420);
#419 = CARTESIAN_POINT('',(1.3,0.195,0.8));
#420 = VECTOR('',#421,1.);
#421 = DIRECTION('',(0.,0.,-1.));
#422 = ORIENTED_EDGE('',*,*,#423,.T.);
#423 = EDGE_CURVE('',#416,#424,#426,.T.);
#424 = VERTEX_POINT('',#425);
#425 = CARTESIAN_POINT('',(1.3,0.,-1.E-01));
#426 = LINE('',#427,#428);
#427 = CARTESIAN_POINT('',(1.3,0.195,-1.E-01));
#428 = VECTOR('',#429,1.);
#429 = DIRECTION('',(-0.,-1.,-0.));
#430 = ORIENTED_EDGE('',*,*,#431,.T.);
#431 = EDGE_CURVE('',#424,#408,#432,.T.);
#432 = LINE('',#433,#434);
#433 = CARTESIAN_POINT('',(1.3,0.,0.8));
#434 = VECTOR('',#435,1.);
#435 = DIRECTION('',(0.,0.,-1.));
#436 = PLANE('',#437);
#437 = AXIS2_PLACEMENT_3D('',#438,#439,#440);
#438 = CARTESIAN_POINT('',(1.3,0.195,0.8));
#439 = DIRECTION('',(-1.,0.,0.));
#440 = DIRECTION('',(0.,0.,1.));
#441 = ADVANCED_FACE('',(#442),#476,.F.);
#442 = FACE_BOUND('',#443,.T.);
#443 = EDGE_LOOP('',(#444,#454,#462,#470));
#444 = ORIENTED_EDGE('',*,*,#445,.F.);
#445 = EDGE_CURVE('',#446,#448,#450,.T.);
#446 = VERTEX_POINT('',#447);
#447 = CARTESIAN_POINT('',(1.3,0.195,-0.8));
#448 = VERTEX_POINT('',#449);
#449 = CARTESIAN_POINT('',(1.3,0.,-0.8));
#450 = LINE('',#451,#452);
#451 = CARTESIAN_POINT('',(1.3,0.195,-0.8));
#452 = VECTOR('',#453,1.);
#453 = DIRECTION('',(-0.,-1.,-0.));
#454 = ORIENTED_EDGE('',*,*,#455,.F.);
#455 = EDGE_CURVE('',#456,#446,#458,.T.);
#456 = VERTEX_POINT('',#457);
#457 = CARTESIAN_POINT('',(1.3,0.195,-0.6));
#458 = LINE('',#459,#460);
#459 = CARTESIAN_POINT('',(1.3,0.195,0.8));
#460 = VECTOR('',#461,1.);
#461 = DIRECTION('',(0.,0.,-1.));
#462 = ORIENTED_EDGE('',*,*,#463,.T.);
#463 = EDGE_CURVE('',#456,#464,#466,.T.);
#464 = VERTEX_POINT('',#465);
#465 = CARTESIAN_POINT('',(1.3,0.,-0.6));
#466 = LINE('',#467,#468);
#467 = CARTESIAN_POINT('',(1.3,0.195,-0.6));
#468 = VECTOR('',#469,1.);
#469 = DIRECTION('',(-0.,-1.,-0.));
#470 = ORIENTED_EDGE('',*,*,#471,.T.);
#471 = EDGE_CURVE('',#464,#448,#472,.T.);
#472 = LINE('',#473,#474);
#473 = CARTESIAN_POINT('',(1.3,0.,0.8));
#474 = VECTOR('',#475,1.);
#475 = DIRECTION('',(0.,0.,-1.));
#476 = PLANE('',#477);
#477 = AXIS2_PLACEMENT_3D('',#478,#479,#480);
#478 = CARTESIAN_POINT('',(1.3,0.195,0.8));
#479 = DIRECTION('',(-1.,0.,0.));
#480 = DIRECTION('',(0.,0.,1.));
#481 = ADVANCED_FACE('',(#482),#507,.F.);
#482 = FACE_BOUND('',#483,.T.);
#483 = EDGE_LOOP('',(#484,#492,#500,#506));
#484 = ORIENTED_EDGE('',*,*,#485,.T.);
#485 = EDGE_CURVE('',#448,#486,#488,.T.);
#486 = VERTEX_POINT('',#487);
#487 = CARTESIAN_POINT('',(0.3,0.,-0.8));
#488 = LINE('',#489,#490);
#489 = CARTESIAN_POINT('',(-1.3,0.,-0.8));
#490 = VECTOR('',#491,1.);
#491 = DIRECTION('',(-1.,-0.,-0.));
#492 = ORIENTED_EDGE('',*,*,#493,.F.);
#493 = EDGE_CURVE('',#494,#486,#496,.T.);
#494 = VERTEX_POINT('',#495);
#495 = CARTESIAN_POINT('',(0.3,0.195,-0.8));
#496 = LINE('',#497,#498);
#497 = CARTESIAN_POINT('',(0.3,0.195,-0.8));
#498 = VECTOR('',#499,1.);
#499 = DIRECTION('',(-0.,-1.,-0.));
#500 = ORIENTED_EDGE('',*,*,#501,.F.);
#501 = EDGE_CURVE('',#446,#494,#502,.T.);
#502 = LINE('',#503,#504);
#503 = CARTESIAN_POINT('',(-1.3,0.195,-0.8));
#504 = VECTOR('',#505,1.);
#505 = DIRECTION('',(-1.,-0.,-0.));
#506 = ORIENTED_EDGE('',*,*,#445,.T.);
#507 = PLANE('',#508);
#508 = AXIS2_PLACEMENT_3D('',#509,#510,#511);
#509 = CARTESIAN_POINT('',(-1.3,0.195,-0.8));
#510 = DIRECTION('',(0.,0.,1.));
#511 = DIRECTION('',(1.,0.,-0.));
#512 = ADVANCED_FACE('',(#513),#547,.F.);
#513 = FACE_BOUND('',#514,.T.);
#514 = EDGE_LOOP('',(#515,#525,#533,#541));
#515 = ORIENTED_EDGE('',*,*,#516,.F.);
#516 = EDGE_CURVE('',#517,#519,#521,.T.);
#517 = VERTEX_POINT('',#518);
#518 = CARTESIAN_POINT('',(0.15,0.195,-0.8));
#519 = VERTEX_POINT('',#520);
#520 = CARTESIAN_POINT('',(-0.15,0.195,-0.8));
#521 = LINE('',#522,#523);
#522 = CARTESIAN_POINT('',(-1.3,0.195,-0.8));
#523 = VECTOR('',#524,1.);
#524 = DIRECTION('',(-1.,-0.,-0.));
#525 = ORIENTED_EDGE('',*,*,#526,.T.);
#526 = EDGE_CURVE('',#517,#527,#529,.T.);
#527 = VERTEX_POINT('',#528);
#528 = CARTESIAN_POINT('',(0.15,0.,-0.8));
#529 = LINE('',#530,#531);
#530 = CARTESIAN_POINT('',(0.15,0.195,-0.8));
#531 = VECTOR('',#532,1.);
#532 = DIRECTION('',(-0.,-1.,-0.));
#533 = ORIENTED_EDGE('',*,*,#534,.T.);
#534 = EDGE_CURVE('',#527,#535,#537,.T.);
#535 = VERTEX_POINT('',#536);
#536 = CARTESIAN_POINT('',(-0.15,-0.,-0.8));
#537 = LINE('',#538,#539);
#538 = CARTESIAN_POINT('',(-1.3,0.,-0.8));
#539 = VECTOR('',#540,1.);
#540 = DIRECTION('',(-1.,-0.,-0.));
#541 = ORIENTED_EDGE('',*,*,#542,.F.);
#542 = EDGE_CURVE('',#519,#535,#543,.T.);
#543 = LINE('',#544,#545);
#544 = CARTESIAN_POINT('',(-0.15,0.195,-0.8));
#545 = VECTOR('',#546,1.);
#546 = DIRECTION('',(-0.,-1.,-0.));
#547 = PLANE('',#548);
#548 = AXIS2_PLACEMENT_3D('',#549,#550,#551);
#549 = CARTESIAN_POINT('',(-1.3,0.195,-0.8));
#550 = DIRECTION('',(0.,0.,1.));
#551 = DIRECTION('',(1.,0.,-0.));
#552 = ADVANCED_FACE('',(#553),#587,.F.);
#553 = FACE_BOUND('',#554,.T.);
#554 = EDGE_LOOP('',(#555,#565,#573,#581));
#555 = ORIENTED_EDGE('',*,*,#556,.F.);
#556 = EDGE_CURVE('',#557,#559,#561,.T.);
#557 = VERTEX_POINT('',#558);
#558 = CARTESIAN_POINT('',(-1.3,0.195,1.E-01));
#559 = VERTEX_POINT('',#560);
#560 = CARTESIAN_POINT('',(-1.3,0.195,0.4));
#561 = LINE('',#562,#563);
#562 = CARTESIAN_POINT('',(-1.3,0.195,0.8));
#563 = VECTOR('',#564,1.);
#564 = DIRECTION('',(-0.,-0.,1.));
#565 = ORIENTED_EDGE('',*,*,#566,.T.);
#566 = EDGE_CURVE('',#557,#567,#569,.T.);
#567 = VERTEX_POINT('',#568);
#568 = CARTESIAN_POINT('',(-1.3,0.,1.E-01));
#569 = LINE('',#570,#571);
#570 = CARTESIAN_POINT('',(-1.3,0.195,1.E-01));
#571 = VECTOR('',#572,1.);
#572 = DIRECTION('',(-0.,-1.,-0.));
#573 = ORIENTED_EDGE('',*,*,#574,.T.);
#574 = EDGE_CURVE('',#567,#575,#577,.T.);
#575 = VERTEX_POINT('',#576);
#576 = CARTESIAN_POINT('',(-1.3,0.,0.4));
#577 = LINE('',#578,#579);
#578 = CARTESIAN_POINT('',(-1.3,0.,0.8));
#579 = VECTOR('',#580,1.);
#580 = DIRECTION('',(-0.,-0.,1.));
#581 = ORIENTED_EDGE('',*,*,#582,.F.);
#582 = EDGE_CURVE('',#559,#575,#583,.T.);
#583 = LINE('',#584,#585);
#584 = CARTESIAN_POINT('',(-1.3,0.195,0.4));
#585 = VECTOR('',#586,1.);
#586 = DIRECTION('',(-0.,-1.,-0.));
#587 = PLANE('',#588);
#588 = AXIS2_PLACEMENT_3D('',#589,#590,#591);
#589 = CARTESIAN_POINT('',(-1.3,0.195,0.8));
#590 = DIRECTION('',(1.,-0.,0.));
#591 = DIRECTION('',(0.,0.,-1.));
#592 = ADVANCED_FACE('',(#593),#627,.F.);
#593 = FACE_BOUND('',#594,.T.);
#594 = EDGE_LOOP('',(#595,#605,#613,#621));
#595 = ORIENTED_EDGE('',*,*,#596,.T.);
#596 = EDGE_CURVE('',#597,#599,#601,.T.);
#597 = VERTEX_POINT('',#598);
#598 = CARTESIAN_POINT('',(-1.3,-0.,-0.4));
#599 = VERTEX_POINT('',#600);
#600 = CARTESIAN_POINT('',(-1.3,-0.,-0.1));
#601 = LINE('',#602,#603);
#602 = CARTESIAN_POINT('',(-1.3,0.,0.8));
#603 = VECTOR('',#604,1.);
#604 = DIRECTION('',(-0.,-0.,1.));
#605 = ORIENTED_EDGE('',*,*,#606,.F.);
#606 = EDGE_CURVE('',#607,#599,#609,.T.);
#607 = VERTEX_POINT('',#608);
#608 = CARTESIAN_POINT('',(-1.3,0.195,-0.1));
#609 = LINE('',#610,#611);
#610 = CARTESIAN_POINT('',(-1.3,0.195,-0.1));
#611 = VECTOR('',#612,1.);
#612 = DIRECTION('',(-0.,-1.,-0.));
#613 = ORIENTED_EDGE('',*,*,#614,.F.);
#614 = EDGE_CURVE('',#615,#607,#617,.T.);
#615 = VERTEX_POINT('',#616);
#616 = CARTESIAN_POINT('',(-1.3,0.195,-0.4));
#617 = LINE('',#618,#619);
#618 = CARTESIAN_POINT('',(-1.3,0.195,0.8));
#619 = VECTOR('',#620,1.);
#620 = DIRECTION('',(-0.,-0.,1.));
#621 = ORIENTED_EDGE('',*,*,#622,.T.);
#622 = EDGE_CURVE('',#615,#597,#623,.T.);
#623 = LINE('',#624,#625);
#624 = CARTESIAN_POINT('',(-1.3,0.195,-0.4));
#625 = VECTOR('',#626,1.);
#626 = DIRECTION('',(-0.,-1.,-0.));
#627 = PLANE('',#628);
#628 = AXIS2_PLACEMENT_3D('',#629,#630,#631);
#629 = CARTESIAN_POINT('',(-1.3,0.195,0.8));
#630 = DIRECTION('',(1.,-0.,0.));
#631 = DIRECTION('',(0.,0.,-1.));
#632 = ADVANCED_FACE('',(#633),#667,.F.);
#633 = FACE_BOUND('',#634,.T.);
#634 = EDGE_LOOP('',(#635,#645,#653,#661));
#635 = ORIENTED_EDGE('',*,*,#636,.F.);
#636 = EDGE_CURVE('',#637,#639,#641,.T.);
#637 = VERTEX_POINT('',#638);
#638 = CARTESIAN_POINT('',(-1.3,0.195,0.8));
#639 = VERTEX_POINT('',#640);
#640 = CARTESIAN_POINT('',(-1.3,0.,0.8));
#641 = LINE('',#642,#643);
#642 = CARTESIAN_POINT('',(-1.3,0.195,0.8));
#643 = VECTOR('',#644,1.);
#644 = DIRECTION('',(-0.,-1.,-0.));
#645 = ORIENTED_EDGE('',*,*,#646,.F.);
#646 = EDGE_CURVE('',#647,#637,#649,.T.);
#647 = VERTEX_POINT('',#648);
#648 = CARTESIAN_POINT('',(-1.3,0.195,0.6));
#649 = LINE('',#650,#651);
#650 = CARTESIAN_POINT('',(-1.3,0.195,0.8));
#651 = VECTOR('',#652,1.);
#652 = DIRECTION('',(-0.,-0.,1.));
#653 = ORIENTED_EDGE('',*,*,#654,.T.);
#654 = EDGE_CURVE('',#647,#655,#657,.T.);
#655 = VERTEX_POINT('',#656);
#656 = CARTESIAN_POINT('',(-1.3,0.,0.6));
#657 = LINE('',#658,#659);
#658 = CARTESIAN_POINT('',(-1.3,0.195,0.6));
#659 = VECTOR('',#660,1.);
#660 = DIRECTION('',(-0.,-1.,-0.));
#661 = ORIENTED_EDGE('',*,*,#662,.T.);
#662 = EDGE_CURVE('',#655,#639,#663,.T.);
#663 = LINE('',#664,#665);
#664 = CARTESIAN_POINT('',(-1.3,0.,0.8));
#665 = VECTOR('',#666,1.);
#666 = DIRECTION('',(-0.,-0.,1.));
#667 = PLANE('',#668);
#668 = AXIS2_PLACEMENT_3D('',#669,#670,#671);
#669 = CARTESIAN_POINT('',(-1.3,0.195,0.8));
#670 = DIRECTION('',(1.,-0.,0.));
#671 = DIRECTION('',(0.,0.,-1.));
#672 = ADVANCED_FACE('',(#673),#698,.F.);
#673 = FACE_BOUND('',#674,.T.);
#674 = EDGE_LOOP('',(#675,#683,#691,#697));
#675 = ORIENTED_EDGE('',*,*,#676,.T.);
#676 = EDGE_CURVE('',#639,#677,#679,.T.);
#677 = VERTEX_POINT('',#678);
#678 = CARTESIAN_POINT('',(-0.3,0.,0.8));
#679 = LINE('',#680,#681);
#680 = CARTESIAN_POINT('',(-1.3,0.,0.8));
#681 = VECTOR('',#682,1.);
#682 = DIRECTION('',(1.,0.,0.));
#683 = ORIENTED_EDGE('',*,*,#684,.F.);
#684 = EDGE_CURVE('',#685,#677,#687,.T.);
#685 = VERTEX_POINT('',#686);
#686 = CARTESIAN_POINT('',(-0.3,0.195,0.8));
#687 = LINE('',#688,#689);
#688 = CARTESIAN_POINT('',(-0.3,0.195,0.8));
#689 = VECTOR('',#690,1.);
#690 = DIRECTION('',(-0.,-1.,-0.));
#691 = ORIENTED_EDGE('',*,*,#692,.F.);
#692 = EDGE_CURVE('',#637,#685,#693,.T.);
#693 = LINE('',#694,#695);
#694 = CARTESIAN_POINT('',(-1.3,0.195,0.8));
#695 = VECTOR('',#696,1.);
#696 = DIRECTION('',(1.,0.,0.));
#697 = ORIENTED_EDGE('',*,*,#636,.T.);
#698 = PLANE('',#699);
#699 = AXIS2_PLACEMENT_3D('',#700,#701,#702);
#700 = CARTESIAN_POINT('',(-1.3,0.195,0.8));
#701 = DIRECTION('',(0.,0.,-1.));
#702 = DIRECTION('',(-1.,0.,-0.));
#703 = ADVANCED_FACE('',(#704),#738,.F.);
#704 = FACE_BOUND('',#705,.T.);
#705 = EDGE_LOOP('',(#706,#716,#724,#732));
#706 = ORIENTED_EDGE('',*,*,#707,.F.);
#707 = EDGE_CURVE('',#708,#710,#712,.T.);
#708 = VERTEX_POINT('',#709);
#709 = CARTESIAN_POINT('',(-0.15,0.195,0.8));
#710 = VERTEX_POINT('',#711);
#711 = CARTESIAN_POINT('',(0.15,0.195,0.8));
#712 = LINE('',#713,#714);
#713 = CARTESIAN_POINT('',(-1.3,0.195,0.8));
#714 = VECTOR('',#715,1.);
#715 = DIRECTION('',(1.,0.,0.));
#716 = ORIENTED_EDGE('',*,*,#717,.T.);
#717 = EDGE_CURVE('',#708,#718,#720,.T.);
#718 = VERTEX_POINT('',#719);
#719 = CARTESIAN_POINT('',(-0.15,0.,0.8));
#720 = LINE('',#721,#722);
#721 = CARTESIAN_POINT('',(-0.15,0.195,0.8));
#722 = VECTOR('',#723,1.);
#723 = DIRECTION('',(-0.,-1.,-0.));
#724 = ORIENTED_EDGE('',*,*,#725,.T.);
#725 = EDGE_CURVE('',#718,#726,#728,.T.);
#726 = VERTEX_POINT('',#727);
#727 = CARTESIAN_POINT('',(0.15,0.,0.8));
#728 = LINE('',#729,#730);
#729 = CARTESIAN_POINT('',(-1.3,0.,0.8));
#730 = VECTOR('',#731,1.);
#731 = DIRECTION('',(1.,0.,0.));
#732 = ORIENTED_EDGE('',*,*,#733,.F.);
#733 = EDGE_CURVE('',#710,#726,#734,.T.);
#734 = LINE('',#735,#736);
#735 = CARTESIAN_POINT('',(0.15,0.195,0.8));
#736 = VECTOR('',#737,1.);
#737 = DIRECTION('',(-0.,-1.,-0.));
#738 = PLANE('',#739);
#739 = AXIS2_PLACEMENT_3D('',#740,#741,#742);
#740 = CARTESIAN_POINT('',(-1.3,0.195,0.8));
#741 = DIRECTION('',(0.,0.,-1.));
#742 = DIRECTION('',(-1.,0.,-0.));
#743 = ADVANCED_FACE('',(#744),#769,.T.);
#744 = FACE_BOUND('',#745,.T.);
#745 = EDGE_LOOP('',(#746,#754,#762,#768));
#746 = ORIENTED_EDGE('',*,*,#747,.F.);
#747 = EDGE_CURVE('',#748,#527,#750,.T.);
#748 = VERTEX_POINT('',#749);
#749 = CARTESIAN_POINT('',(0.15,0.,-0.6));
#750 = LINE('',#751,#752);
#751 = CARTESIAN_POINT('',(0.15,0.,-0.6));
#752 = VECTOR('',#753,1.);
#753 = DIRECTION('',(-1.355252715607E-16,0.,-1.));
#754 = ORIENTED_EDGE('',*,*,#755,.F.);
#755 = EDGE_CURVE('',#756,#748,#758,.T.);
#756 = VERTEX_POINT('',#757);
#757 = CARTESIAN_POINT('',(-0.15,-0.,-0.6));
#758 = LINE('',#759,#760);
#759 = CARTESIAN_POINT('',(-0.15,-0.,-0.6));
#760 = VECTOR('',#761,1.);
#761 = DIRECTION('',(1.,0.,0.));
#762 = ORIENTED_EDGE('',*,*,#763,.F.);
#763 = EDGE_CURVE('',#535,#756,#764,.T.);
#764 = LINE('',#765,#766);
#765 = CARTESIAN_POINT('',(-0.15,-0.,-0.6));
#766 = VECTOR('',#767,1.);
#767 = DIRECTION('',(-1.355252715607E-16,-0.,1.));
#768 = ORIENTED_EDGE('',*,*,#534,.F.);
#769 = PLANE('',#770);
#770 = AXIS2_PLACEMENT_3D('',#771,#772,#773);
#771 = CARTESIAN_POINT('',(0.,0.,0.));
#772 = DIRECTION('',(0.,-1.,0.));
#773 = DIRECTION('',(0.,-0.,-1.));
#774 = ADVANCED_FACE('',(#775),#903,.T.);
#775 = FACE_BOUND('',#776,.T.);
#776 = EDGE_LOOP('',(#777,#785,#793,#799,#800,#808,#816,#822,#823,#831,
    #839,#847,#855,#863,#871,#879,#887,#895,#901,#902));
#777 = ORIENTED_EDGE('',*,*,#778,.F.);
#778 = EDGE_CURVE('',#779,#655,#781,.T.);
#779 = VERTEX_POINT('',#780);
#780 = CARTESIAN_POINT('',(-1.25,0.,0.6));
#781 = LINE('',#782,#783);
#782 = CARTESIAN_POINT('',(-1.25,0.,0.6));
#783 = VECTOR('',#784,1.);
#784 = DIRECTION('',(-1.,0.,-1.301042606983E-14));
#785 = ORIENTED_EDGE('',*,*,#786,.F.);
#786 = EDGE_CURVE('',#787,#779,#789,.T.);
#787 = VERTEX_POINT('',#788);
#788 = CARTESIAN_POINT('',(-1.25,0.,0.4));
#789 = LINE('',#790,#791);
#790 = CARTESIAN_POINT('',(-1.25,0.,0.4));
#791 = VECTOR('',#792,1.);
#792 = DIRECTION('',(1.084202172486E-15,0.,1.));
#793 = ORIENTED_EDGE('',*,*,#794,.F.);
#794 = EDGE_CURVE('',#575,#787,#795,.T.);
#795 = LINE('',#796,#797);
#796 = CARTESIAN_POINT('',(-1.3,0.,0.4));
#797 = VECTOR('',#798,1.);
#798 = DIRECTION('',(1.,0.,3.252606517457E-15));
#799 = ORIENTED_EDGE('',*,*,#574,.F.);
#800 = ORIENTED_EDGE('',*,*,#801,.F.);
#801 = EDGE_CURVE('',#802,#567,#804,.T.);
#802 = VERTEX_POINT('',#803);
#803 = CARTESIAN_POINT('',(-1.25,0.,0.1));
#804 = LINE('',#805,#806);
#805 = CARTESIAN_POINT('',(-1.25,0.,0.1));
#806 = VECTOR('',#807,1.);
#807 = DIRECTION('',(-1.,0.,-1.301042606983E-14));
#808 = ORIENTED_EDGE('',*,*,#809,.F.);
#809 = EDGE_CURVE('',#810,#802,#812,.T.);
#810 = VERTEX_POINT('',#811);
#811 = CARTESIAN_POINT('',(-1.25,-0.,-1.E-01));
#812 = LINE('',#813,#814);
#813 = CARTESIAN_POINT('',(-1.25,-0.,-1.E-01));
#814 = VECTOR('',#815,1.);
#815 = DIRECTION('',(1.084202172486E-15,0.,1.));
#816 = ORIENTED_EDGE('',*,*,#817,.F.);
#817 = EDGE_CURVE('',#599,#810,#818,.T.);
#818 = LINE('',#819,#820);
#819 = CARTESIAN_POINT('',(-1.3,-0.,-0.1));
#820 = VECTOR('',#821,1.);
#821 = DIRECTION('',(1.,0.,5.421010862428E-15));
#822 = ORIENTED_EDGE('',*,*,#596,.F.);
#823 = ORIENTED_EDGE('',*,*,#824,.F.);
#824 = EDGE_CURVE('',#825,#597,#827,.T.);
#825 = VERTEX_POINT('',#826);
#826 = CARTESIAN_POINT('',(-1.25,-0.,-0.4));
#827 = LINE('',#828,#829);
#828 = CARTESIAN_POINT('',(-1.25,-0.,-0.4));
#829 = VECTOR('',#830,1.);
#830 = DIRECTION('',(-1.,0.,-6.505213034913E-15));
#831 = ORIENTED_EDGE('',*,*,#832,.F.);
#832 = EDGE_CURVE('',#833,#825,#835,.T.);
#833 = VERTEX_POINT('',#834);
#834 = CARTESIAN_POINT('',(-1.25,-0.,-0.65));
#835 = LINE('',#836,#837);
#836 = CARTESIAN_POINT('',(-1.25,-0.,-0.65));
#837 = VECTOR('',#838,1.);
#838 = DIRECTION('',(0.,0.,1.));
#839 = ORIENTED_EDGE('',*,*,#840,.F.);
#840 = EDGE_CURVE('',#841,#833,#843,.T.);
#841 = VERTEX_POINT('',#842);
#842 = CARTESIAN_POINT('',(-1.3,-0.,-0.65));
#843 = LINE('',#844,#845);
#844 = CARTESIAN_POINT('',(-1.3,-0.,-0.65));
#845 = VECTOR('',#846,1.);
#846 = DIRECTION('',(1.,0.,-8.673617379884E-15));
#847 = ORIENTED_EDGE('',*,*,#848,.F.);
#848 = EDGE_CURVE('',#849,#841,#851,.T.);
#849 = VERTEX_POINT('',#850);
#850 = CARTESIAN_POINT('',(-1.3,0.,-0.8));
#851 = LINE('',#852,#853);
#852 = CARTESIAN_POINT('',(-1.3,0.,0.8));
#853 = VECTOR('',#854,1.);
#854 = DIRECTION('',(-0.,-0.,1.));
#855 = ORIENTED_EDGE('',*,*,#856,.F.);
#856 = EDGE_CURVE('',#857,#849,#859,.T.);
#857 = VERTEX_POINT('',#858);
#858 = CARTESIAN_POINT('',(-0.3,-0.,-0.8));
#859 = LINE('',#860,#861);
#860 = CARTESIAN_POINT('',(-1.3,0.,-0.8));
#861 = VECTOR('',#862,1.);
#862 = DIRECTION('',(-1.,-0.,-0.));
#863 = ORIENTED_EDGE('',*,*,#864,.F.);
#864 = EDGE_CURVE('',#865,#857,#867,.T.);
#865 = VERTEX_POINT('',#866);
#866 = CARTESIAN_POINT('',(-0.3,-0.,-0.6));
#867 = LINE('',#868,#869);
#868 = CARTESIAN_POINT('',(-0.3,-0.,-0.6));
#869 = VECTOR('',#870,1.);
#870 = DIRECTION('',(2.710505431214E-16,0.,-1.));
#871 = ORIENTED_EDGE('',*,*,#872,.F.);
#872 = EDGE_CURVE('',#873,#865,#875,.T.);
#873 = VERTEX_POINT('',#874);
#874 = CARTESIAN_POINT('',(-0.75,-0.,-0.6));
#875 = LINE('',#876,#877);
#876 = CARTESIAN_POINT('',(-0.75,-0.,-0.6));
#877 = VECTOR('',#878,1.);
#878 = DIRECTION('',(1.,0.,-2.409338161079E-16));
#879 = ORIENTED_EDGE('',*,*,#880,.F.);
#880 = EDGE_CURVE('',#881,#873,#883,.T.);
#881 = VERTEX_POINT('',#882);
#882 = CARTESIAN_POINT('',(-0.75,0.,0.6));
#883 = LINE('',#884,#885);
#884 = CARTESIAN_POINT('',(-0.75,-0.,-0.6));
#885 = VECTOR('',#886,1.);
#886 = DIRECTION('',(-0.,-0.,-1.));
#887 = ORIENTED_EDGE('',*,*,#888,.F.);
#888 = EDGE_CURVE('',#889,#881,#891,.T.);
#889 = VERTEX_POINT('',#890);
#890 = CARTESIAN_POINT('',(-0.3,0.,0.6));
#891 = LINE('',#892,#893);
#892 = CARTESIAN_POINT('',(-0.75,0.,0.6));
#893 = VECTOR('',#894,1.);
#894 = DIRECTION('',(-1.,-0.,-0.));
#895 = ORIENTED_EDGE('',*,*,#896,.F.);
#896 = EDGE_CURVE('',#677,#889,#897,.T.);
#897 = LINE('',#898,#899);
#898 = CARTESIAN_POINT('',(-0.3,0.,0.8));
#899 = VECTOR('',#900,1.);
#900 = DIRECTION('',(0.,0.,-1.));
#901 = ORIENTED_EDGE('',*,*,#676,.F.);
#902 = ORIENTED_EDGE('',*,*,#662,.F.);
#903 = PLANE('',#904);
#904 = AXIS2_PLACEMENT_3D('',#905,#906,#907);
#905 = CARTESIAN_POINT('',(0.,0.,0.));
#906 = DIRECTION('',(0.,-1.,0.));
#907 = DIRECTION('',(0.,-0.,-1.));
#908 = ADVANCED_FACE('',(#909),#934,.T.);
#909 = FACE_BOUND('',#910,.T.);
#910 = EDGE_LOOP('',(#911,#919,#927,#933));
#911 = ORIENTED_EDGE('',*,*,#912,.F.);
#912 = EDGE_CURVE('',#913,#718,#915,.T.);
#913 = VERTEX_POINT('',#914);
#914 = CARTESIAN_POINT('',(-0.15,0.,0.6));
#915 = LINE('',#916,#917);
#916 = CARTESIAN_POINT('',(-0.15,0.,0.8));
#917 = VECTOR('',#918,1.);
#918 = DIRECTION('',(-4.065758146821E-16,-0.,1.));
#919 = ORIENTED_EDGE('',*,*,#920,.F.);
#920 = EDGE_CURVE('',#921,#913,#923,.T.);
#921 = VERTEX_POINT('',#922);
#922 = CARTESIAN_POINT('',(0.15,0.,0.6));
#923 = LINE('',#924,#925);
#924 = CARTESIAN_POINT('',(-0.15,0.,0.6));
#925 = VECTOR('',#926,1.);
#926 = DIRECTION('',(-1.,-0.,-0.));
#927 = ORIENTED_EDGE('',*,*,#928,.F.);
#928 = EDGE_CURVE('',#726,#921,#929,.T.);
#929 = LINE('',#930,#931);
#930 = CARTESIAN_POINT('',(0.15,0.,0.8));
#931 = VECTOR('',#932,1.);
#932 = DIRECTION('',(-4.065758146821E-16,0.,-1.));
#933 = ORIENTED_EDGE('',*,*,#725,.F.);
#934 = PLANE('',#935);
#935 = AXIS2_PLACEMENT_3D('',#936,#937,#938);
#936 = CARTESIAN_POINT('',(0.,0.,0.));
#937 = DIRECTION('',(0.,-1.,0.));
#938 = DIRECTION('',(0.,-0.,-1.));
#939 = ADVANCED_FACE('',(#940),#974,.F.);
#940 = FACE_BOUND('',#941,.T.);
#941 = EDGE_LOOP('',(#942,#952,#960,#968));
#942 = ORIENTED_EDGE('',*,*,#943,.T.);
#943 = EDGE_CURVE('',#944,#946,#948,.T.);
#944 = VERTEX_POINT('',#945);
#945 = CARTESIAN_POINT('',(1.3,0.,0.8));
#946 = VERTEX_POINT('',#947);
#947 = CARTESIAN_POINT('',(1.3,0.,0.6));
#948 = LINE('',#949,#950);
#949 = CARTESIAN_POINT('',(1.3,0.,0.8));
#950 = VECTOR('',#951,1.);
#951 = DIRECTION('',(0.,0.,-1.));
#952 = ORIENTED_EDGE('',*,*,#953,.F.);
#953 = EDGE_CURVE('',#954,#946,#956,.T.);
#954 = VERTEX_POINT('',#955);
#955 = CARTESIAN_POINT('',(1.3,0.195,0.6));
#956 = LINE('',#957,#958);
#957 = CARTESIAN_POINT('',(1.3,0.195,0.6));
#958 = VECTOR('',#959,1.);
#959 = DIRECTION('',(-0.,-1.,-0.));
#960 = ORIENTED_EDGE('',*,*,#961,.F.);
#961 = EDGE_CURVE('',#962,#954,#964,.T.);
#962 = VERTEX_POINT('',#963);
#963 = CARTESIAN_POINT('',(1.3,0.195,0.8));
#964 = LINE('',#965,#966);
#965 = CARTESIAN_POINT('',(1.3,0.195,0.8));
#966 = VECTOR('',#967,1.);
#967 = DIRECTION('',(0.,0.,-1.));
#968 = ORIENTED_EDGE('',*,*,#969,.T.);
#969 = EDGE_CURVE('',#962,#944,#970,.T.);
#970 = LINE('',#971,#972);
#971 = CARTESIAN_POINT('',(1.3,0.195,0.8));
#972 = VECTOR('',#973,1.);
#973 = DIRECTION('',(-0.,-1.,-0.));
#974 = PLANE('',#975);
#975 = AXIS2_PLACEMENT_3D('',#976,#977,#978);
#976 = CARTESIAN_POINT('',(1.3,0.195,0.8));
#977 = DIRECTION('',(-1.,0.,0.));
#978 = DIRECTION('',(0.,0.,1.));
#979 = ADVANCED_FACE('',(#980),#1005,.F.);
#980 = FACE_BOUND('',#981,.T.);
#981 = EDGE_LOOP('',(#982,#992,#998,#999));
#982 = ORIENTED_EDGE('',*,*,#983,.F.);
#983 = EDGE_CURVE('',#984,#986,#988,.T.);
#984 = VERTEX_POINT('',#985);
#985 = CARTESIAN_POINT('',(-0.3,0.195,-0.8));
#986 = VERTEX_POINT('',#987);
#987 = CARTESIAN_POINT('',(-1.3,0.195,-0.8));
#988 = LINE('',#989,#990);
#989 = CARTESIAN_POINT('',(-1.3,0.195,-0.8));
#990 = VECTOR('',#991,1.);
#991 = DIRECTION('',(-1.,-0.,-0.));
#992 = ORIENTED_EDGE('',*,*,#993,.T.);
#993 = EDGE_CURVE('',#984,#857,#994,.T.);
#994 = LINE('',#995,#996);
#995 = CARTESIAN_POINT('',(-0.3,0.195,-0.8));
#996 = VECTOR('',#997,1.);
#997 = DIRECTION('',(-0.,-1.,-0.));
#998 = ORIENTED_EDGE('',*,*,#856,.T.);
#999 = ORIENTED_EDGE('',*,*,#1000,.F.);
#1000 = EDGE_CURVE('',#986,#849,#1001,.T.);
#1001 = LINE('',#1002,#1003);
#1002 = CARTESIAN_POINT('',(-1.3,0.195,-0.8));
#1003 = VECTOR('',#1004,1.);
#1004 = DIRECTION('',(-0.,-1.,-0.));
#1005 = PLANE('',#1006);
#1006 = AXIS2_PLACEMENT_3D('',#1007,#1008,#1009);
#1007 = CARTESIAN_POINT('',(-1.3,0.195,-0.8));
#1008 = DIRECTION('',(0.,0.,1.));
#1009 = DIRECTION('',(1.,0.,-0.));
#1010 = ADVANCED_FACE('',(#1011),#1029,.F.);
#1011 = FACE_BOUND('',#1012,.T.);
#1012 = EDGE_LOOP('',(#1013,#1014,#1022,#1028));
#1013 = ORIENTED_EDGE('',*,*,#848,.T.);
#1014 = ORIENTED_EDGE('',*,*,#1015,.F.);
#1015 = EDGE_CURVE('',#1016,#841,#1018,.T.);
#1016 = VERTEX_POINT('',#1017);
#1017 = CARTESIAN_POINT('',(-1.3,0.195,-0.65));
#1018 = LINE('',#1019,#1020);
#1019 = CARTESIAN_POINT('',(-1.3,0.195,-0.65));
#1020 = VECTOR('',#1021,1.);
#1021 = DIRECTION('',(-0.,-1.,-0.));
#1022 = ORIENTED_EDGE('',*,*,#1023,.F.);
#1023 = EDGE_CURVE('',#986,#1016,#1024,.T.);
#1024 = LINE('',#1025,#1026);
#1025 = CARTESIAN_POINT('',(-1.3,0.195,0.8));
#1026 = VECTOR('',#1027,1.);
#1027 = DIRECTION('',(-0.,-0.,1.));
#1028 = ORIENTED_EDGE('',*,*,#1000,.T.);
#1029 = PLANE('',#1030);
#1030 = AXIS2_PLACEMENT_3D('',#1031,#1032,#1033);
#1031 = CARTESIAN_POINT('',(-1.3,0.195,0.8));
#1032 = DIRECTION('',(1.,-0.,0.));
#1033 = DIRECTION('',(0.,0.,-1.));
#1034 = ADVANCED_FACE('',(#1035),#1060,.F.);
#1035 = FACE_BOUND('',#1036,.T.);
#1036 = EDGE_LOOP('',(#1037,#1045,#1053,#1059));
#1037 = ORIENTED_EDGE('',*,*,#1038,.F.);
#1038 = EDGE_CURVE('',#1039,#962,#1041,.T.);
#1039 = VERTEX_POINT('',#1040);
#1040 = CARTESIAN_POINT('',(0.3,0.195,0.8));
#1041 = LINE('',#1042,#1043);
#1042 = CARTESIAN_POINT('',(-1.3,0.195,0.8));
#1043 = VECTOR('',#1044,1.);
#1044 = DIRECTION('',(1.,0.,0.));
#1045 = ORIENTED_EDGE('',*,*,#1046,.T.);
#1046 = EDGE_CURVE('',#1039,#1047,#1049,.T.);
#1047 = VERTEX_POINT('',#1048);
#1048 = CARTESIAN_POINT('',(0.3,0.,0.8));
#1049 = LINE('',#1050,#1051);
#1050 = CARTESIAN_POINT('',(0.3,0.195,0.8));
#1051 = VECTOR('',#1052,1.);
#1052 = DIRECTION('',(-0.,-1.,-0.));
#1053 = ORIENTED_EDGE('',*,*,#1054,.T.);
#1054 = EDGE_CURVE('',#1047,#944,#1055,.T.);
#1055 = LINE('',#1056,#1057);
#1056 = CARTESIAN_POINT('',(-1.3,0.,0.8));
#1057 = VECTOR('',#1058,1.);
#1058 = DIRECTION('',(1.,0.,0.));
#1059 = ORIENTED_EDGE('',*,*,#969,.F.);
#1060 = PLANE('',#1061);
#1061 = AXIS2_PLACEMENT_3D('',#1062,#1063,#1064);
#1062 = CARTESIAN_POINT('',(-1.3,0.195,0.8));
#1063 = DIRECTION('',(0.,0.,-1.));
#1064 = DIRECTION('',(-1.,0.,-0.));
#1065 = ADVANCED_FACE('',(#1066),#1178,.T.);
#1066 = FACE_BOUND('',#1067,.T.);
#1067 = EDGE_LOOP('',(#1068,#1076,#1084,#1090,#1091,#1092,#1100,#1108,
    #1116,#1124,#1130,#1131,#1132,#1140,#1148,#1154,#1155,#1163,#1171,
    #1177));
#1068 = ORIENTED_EDGE('',*,*,#1069,.F.);
#1069 = EDGE_CURVE('',#1070,#384,#1072,.T.);
#1070 = VERTEX_POINT('',#1071);
#1071 = CARTESIAN_POINT('',(1.25,0.,0.4));
#1072 = LINE('',#1073,#1074);
#1073 = CARTESIAN_POINT('',(1.3,0.,0.4));
#1074 = VECTOR('',#1075,1.);
#1075 = DIRECTION('',(1.,-0.,6.505213034913E-15));
#1076 = ORIENTED_EDGE('',*,*,#1077,.F.);
#1077 = EDGE_CURVE('',#1078,#1070,#1080,.T.);
#1078 = VERTEX_POINT('',#1079);
#1079 = CARTESIAN_POINT('',(1.25,0.,0.6));
#1080 = LINE('',#1081,#1082);
#1081 = CARTESIAN_POINT('',(1.25,0.,0.4));
#1082 = VECTOR('',#1083,1.);
#1083 = DIRECTION('',(-0.,-0.,-1.));
#1084 = ORIENTED_EDGE('',*,*,#1085,.F.);
#1085 = EDGE_CURVE('',#946,#1078,#1086,.T.);
#1086 = LINE('',#1087,#1088);
#1087 = CARTESIAN_POINT('',(1.25,0.,0.6));
#1088 = VECTOR('',#1089,1.);
#1089 = DIRECTION('',(-1.,-0.,4.336808689942E-15));
#1090 = ORIENTED_EDGE('',*,*,#943,.F.);
#1091 = ORIENTED_EDGE('',*,*,#1054,.F.);
#1092 = ORIENTED_EDGE('',*,*,#1093,.F.);
#1093 = EDGE_CURVE('',#1094,#1047,#1096,.T.);
#1094 = VERTEX_POINT('',#1095);
#1095 = CARTESIAN_POINT('',(0.3,0.,0.6));
#1096 = LINE('',#1097,#1098);
#1097 = CARTESIAN_POINT('',(0.3,0.,0.8));
#1098 = VECTOR('',#1099,1.);
#1099 = DIRECTION('',(-0.,-0.,1.));
#1100 = ORIENTED_EDGE('',*,*,#1101,.F.);
#1101 = EDGE_CURVE('',#1102,#1094,#1104,.T.);
#1102 = VERTEX_POINT('',#1103);
#1103 = CARTESIAN_POINT('',(0.75,0.,0.6));
#1104 = LINE('',#1105,#1106);
#1105 = CARTESIAN_POINT('',(0.3,0.,0.6));
#1106 = VECTOR('',#1107,1.);
#1107 = DIRECTION('',(-1.,-0.,-0.));
#1108 = ORIENTED_EDGE('',*,*,#1109,.F.);
#1109 = EDGE_CURVE('',#1110,#1102,#1112,.T.);
#1110 = VERTEX_POINT('',#1111);
#1111 = CARTESIAN_POINT('',(0.75,0.,-0.6));
#1112 = LINE('',#1113,#1114);
#1113 = CARTESIAN_POINT('',(0.75,0.,-0.6));
#1114 = VECTOR('',#1115,1.);
#1115 = DIRECTION('',(0.,0.,1.));
#1116 = ORIENTED_EDGE('',*,*,#1117,.F.);
#1117 = EDGE_CURVE('',#1118,#1110,#1120,.T.);
#1118 = VERTEX_POINT('',#1119);
#1119 = CARTESIAN_POINT('',(0.3,0.,-0.6));
#1120 = LINE('',#1121,#1122);
#1121 = CARTESIAN_POINT('',(0.3,0.,-0.6));
#1122 = VECTOR('',#1123,1.);
#1123 = DIRECTION('',(1.,0.,2.409338161079E-16));
#1124 = ORIENTED_EDGE('',*,*,#1125,.F.);
#1125 = EDGE_CURVE('',#486,#1118,#1126,.T.);
#1126 = LINE('',#1127,#1128);
#1127 = CARTESIAN_POINT('',(0.3,0.,-0.6));
#1128 = VECTOR('',#1129,1.);
#1129 = DIRECTION('',(2.710505431214E-16,-0.,1.));
#1130 = ORIENTED_EDGE('',*,*,#485,.F.);
#1131 = ORIENTED_EDGE('',*,*,#471,.F.);
#1132 = ORIENTED_EDGE('',*,*,#1133,.F.);
#1133 = EDGE_CURVE('',#1134,#464,#1136,.T.);
#1134 = VERTEX_POINT('',#1135);
#1135 = CARTESIAN_POINT('',(1.25,0.,-0.6));
#1136 = LINE('',#1137,#1138);
#1137 = CARTESIAN_POINT('',(1.3,0.,-0.6));
#1138 = VECTOR('',#1139,1.);
#1139 = DIRECTION('',(1.,-0.,4.336808689942E-15));
#1140 = ORIENTED_EDGE('',*,*,#1141,.F.);
#1141 = EDGE_CURVE('',#1142,#1134,#1144,.T.);
#1142 = VERTEX_POINT('',#1143);
#1143 = CARTESIAN_POINT('',(1.25,0.,-0.4));
#1144 = LINE('',#1145,#1146);
#1145 = CARTESIAN_POINT('',(1.25,0.,-0.6));
#1146 = VECTOR('',#1147,1.);
#1147 = DIRECTION('',(-0.,-0.,-1.));
#1148 = ORIENTED_EDGE('',*,*,#1149,.F.);
#1149 = EDGE_CURVE('',#408,#1142,#1150,.T.);
#1150 = LINE('',#1151,#1152);
#1151 = CARTESIAN_POINT('',(1.25,0.,-0.4));
#1152 = VECTOR('',#1153,1.);
#1153 = DIRECTION('',(-1.,-0.,8.673617379884E-15));
#1154 = ORIENTED_EDGE('',*,*,#431,.F.);
#1155 = ORIENTED_EDGE('',*,*,#1156,.F.);
#1156 = EDGE_CURVE('',#1157,#424,#1159,.T.);
#1157 = VERTEX_POINT('',#1158);
#1158 = CARTESIAN_POINT('',(1.25,0.,-0.1));
#1159 = LINE('',#1160,#1161);
#1160 = CARTESIAN_POINT('',(1.3,0.,-1.E-01));
#1161 = VECTOR('',#1162,1.);
#1162 = DIRECTION('',(1.,-0.,3.794707603699E-15));
#1163 = ORIENTED_EDGE('',*,*,#1164,.F.);
#1164 = EDGE_CURVE('',#1165,#1157,#1167,.T.);
#1165 = VERTEX_POINT('',#1166);
#1166 = CARTESIAN_POINT('',(1.25,0.,0.1));
#1167 = LINE('',#1168,#1169);
#1168 = CARTESIAN_POINT('',(1.25,0.,-0.1));
#1169 = VECTOR('',#1170,1.);
#1170 = DIRECTION('',(-0.,-0.,-1.));
#1171 = ORIENTED_EDGE('',*,*,#1172,.F.);
#1172 = EDGE_CURVE('',#368,#1165,#1173,.T.);
#1173 = LINE('',#1174,#1175);
#1174 = CARTESIAN_POINT('',(1.25,0.,0.1));
#1175 = VECTOR('',#1176,1.);
#1176 = DIRECTION('',(-1.,-0.,3.794707603699E-15));
#1177 = ORIENTED_EDGE('',*,*,#391,.F.);
#1178 = PLANE('',#1179);
#1179 = AXIS2_PLACEMENT_3D('',#1180,#1181,#1182);
#1180 = CARTESIAN_POINT('',(0.,0.,0.));
#1181 = DIRECTION('',(0.,-1.,0.));
#1182 = DIRECTION('',(0.,-0.,-1.));
#1183 = ADVANCED_FACE('',(#1184),#1230,.T.);
#1184 = FACE_BOUND('',#1185,.T.);
#1185 = EDGE_LOOP('',(#1186,#1194,#1202,#1208,#1209,#1215,#1216,#1222,
    #1223,#1229));
#1186 = ORIENTED_EDGE('',*,*,#1187,.F.);
#1187 = EDGE_CURVE('',#1188,#637,#1190,.T.);
#1188 = VERTEX_POINT('',#1189);
#1189 = CARTESIAN_POINT('',(-1.275721895872,0.4725,0.775721895872));
#1190 = LINE('',#1191,#1192);
#1191 = CARTESIAN_POINT('',(-1.3,0.195,0.8));
#1192 = VECTOR('',#1193,1.);
#1193 = DIRECTION('',(-8.682659386425E-02,-0.992432509139,
    8.682659386425E-02));
#1194 = ORIENTED_EDGE('',*,*,#1195,.F.);
#1195 = EDGE_CURVE('',#1196,#1188,#1198,.T.);
#1196 = VERTEX_POINT('',#1197);
#1197 = CARTESIAN_POINT('',(-1.275721895872,0.4725,-0.775721895872));
#1198 = LINE('',#1199,#1200);
#1199 = CARTESIAN_POINT('',(-1.275721895872,0.4725,-0.8));
#1200 = VECTOR('',#1201,1.);
#1201 = DIRECTION('',(-0.,-0.,1.));
#1202 = ORIENTED_EDGE('',*,*,#1203,.T.);
#1203 = EDGE_CURVE('',#1196,#986,#1204,.T.);
#1204 = LINE('',#1205,#1206);
#1205 = CARTESIAN_POINT('',(-1.3,0.195,-0.8));
#1206 = VECTOR('',#1207,1.);
#1207 = DIRECTION('',(-8.682659386425E-02,-0.992432509139,
    -8.682659386425E-02));
#1208 = ORIENTED_EDGE('',*,*,#1023,.T.);
#1209 = ORIENTED_EDGE('',*,*,#1210,.T.);
#1210 = EDGE_CURVE('',#1016,#615,#1211,.T.);
#1211 = LINE('',#1212,#1213);
#1212 = CARTESIAN_POINT('',(-1.3,0.195,0.8));
#1213 = VECTOR('',#1214,1.);
#1214 = DIRECTION('',(-0.,-0.,1.));
#1215 = ORIENTED_EDGE('',*,*,#614,.T.);
#1216 = ORIENTED_EDGE('',*,*,#1217,.T.);
#1217 = EDGE_CURVE('',#607,#557,#1218,.T.);
#1218 = LINE('',#1219,#1220);
#1219 = CARTESIAN_POINT('',(-1.3,0.195,0.8));
#1220 = VECTOR('',#1221,1.);
#1221 = DIRECTION('',(-0.,-0.,1.));
#1222 = ORIENTED_EDGE('',*,*,#556,.T.);
#1223 = ORIENTED_EDGE('',*,*,#1224,.T.);
#1224 = EDGE_CURVE('',#559,#647,#1225,.T.);
#1225 = LINE('',#1226,#1227);
#1226 = CARTESIAN_POINT('',(-1.3,0.195,0.8));
#1227 = VECTOR('',#1228,1.);
#1228 = DIRECTION('',(-0.,-0.,1.));
#1229 = ORIENTED_EDGE('',*,*,#646,.T.);
#1230 = PLANE('',#1231);
#1231 = AXIS2_PLACEMENT_3D('',#1232,#1233,#1234);
#1232 = CARTESIAN_POINT('',(-1.3,0.195,-0.8));
#1233 = DIRECTION('',(-0.996194698092,8.715574274766E-02,0.));
#1234 = DIRECTION('',(-8.715574274766E-02,-0.996194698092,0.));
#1235 = ADVANCED_FACE('',(#1236),#1276,.T.);
#1236 = FACE_BOUND('',#1237,.T.);
#1237 = EDGE_LOOP('',(#1238,#1239,#1247,#1255,#1261,#1262,#1268,#1269,
    #1275));
#1238 = ORIENTED_EDGE('',*,*,#1203,.F.);
#1239 = ORIENTED_EDGE('',*,*,#1240,.T.);
#1240 = EDGE_CURVE('',#1196,#1241,#1243,.T.);
#1241 = VERTEX_POINT('',#1242);
#1242 = CARTESIAN_POINT('',(-1.174720155863,0.75,-0.751443791743));
#1243 = LINE('',#1244,#1245);
#1244 = CARTESIAN_POINT('',(-1.065708567218,1.049506878261,
    -0.725240335247));
#1245 = VECTOR('',#1246,1.);
#1246 = DIRECTION('',(0.34087013187,0.936532990279,8.193601966741E-02));
#1247 = ORIENTED_EDGE('',*,*,#1248,.T.);
#1248 = EDGE_CURVE('',#1241,#1249,#1251,.T.);
#1249 = VERTEX_POINT('',#1250);
#1250 = CARTESIAN_POINT('',(1.251443791743,0.75,-0.751443791743));
#1251 = LINE('',#1252,#1253);
#1252 = CARTESIAN_POINT('',(1.3,0.75,-0.751443791743));
#1253 = VECTOR('',#1254,1.);
#1254 = DIRECTION('',(1.,-0.,-0.));
#1255 = ORIENTED_EDGE('',*,*,#1256,.T.);
#1256 = EDGE_CURVE('',#1249,#446,#1257,.T.);
#1257 = LINE('',#1258,#1259);
#1258 = CARTESIAN_POINT('',(1.3,0.195,-0.8));
#1259 = VECTOR('',#1260,1.);
#1260 = DIRECTION('',(8.682659386425E-02,-0.992432509139,
    -8.682659386425E-02));
#1261 = ORIENTED_EDGE('',*,*,#501,.T.);
#1262 = ORIENTED_EDGE('',*,*,#1263,.F.);
#1263 = EDGE_CURVE('',#517,#494,#1264,.T.);
#1264 = LINE('',#1265,#1266);
#1265 = CARTESIAN_POINT('',(0.3,0.195,-0.8));
#1266 = VECTOR('',#1267,1.);
#1267 = DIRECTION('',(1.,-0.,-0.));
#1268 = ORIENTED_EDGE('',*,*,#516,.T.);
#1269 = ORIENTED_EDGE('',*,*,#1270,.F.);
#1270 = EDGE_CURVE('',#984,#519,#1271,.T.);
#1271 = LINE('',#1272,#1273);
#1272 = CARTESIAN_POINT('',(-0.3,0.195,-0.8));
#1273 = VECTOR('',#1274,1.);
#1274 = DIRECTION('',(1.,0.,0.));
#1275 = ORIENTED_EDGE('',*,*,#983,.T.);
#1276 = PLANE('',#1277);
#1277 = AXIS2_PLACEMENT_3D('',#1278,#1279,#1280);
#1278 = CARTESIAN_POINT('',(1.3,0.195,-0.8));
#1279 = DIRECTION('',(0.,8.715574274766E-02,-0.996194698092));
#1280 = DIRECTION('',(0.,0.996194698092,8.715574274766E-02));
#1281 = ADVANCED_FACE('',(#1282),#1321,.T.);
#1282 = FACE_BOUND('',#1283,.T.);
#1283 = EDGE_LOOP('',(#1284,#1285,#1293,#1299,#1300,#1306,#1307,#1313,
    #1314,#1320));
#1284 = ORIENTED_EDGE('',*,*,#1256,.F.);
#1285 = ORIENTED_EDGE('',*,*,#1286,.T.);
#1286 = EDGE_CURVE('',#1249,#1287,#1289,.T.);
#1287 = VERTEX_POINT('',#1288);
#1288 = CARTESIAN_POINT('',(1.251443791743,0.75,0.751443791743));
#1289 = LINE('',#1290,#1291);
#1290 = CARTESIAN_POINT('',(1.251443791743,0.75,0.8));
#1291 = VECTOR('',#1292,1.);
#1292 = DIRECTION('',(-0.,-0.,1.));
#1293 = ORIENTED_EDGE('',*,*,#1294,.T.);
#1294 = EDGE_CURVE('',#1287,#962,#1295,.T.);
#1295 = LINE('',#1296,#1297);
#1296 = CARTESIAN_POINT('',(1.3,0.195,0.8));
#1297 = VECTOR('',#1298,1.);
#1298 = DIRECTION('',(8.682659386425E-02,-0.992432509139,
    8.682659386425E-02));
#1299 = ORIENTED_EDGE('',*,*,#961,.T.);
#1300 = ORIENTED_EDGE('',*,*,#1301,.T.);
#1301 = EDGE_CURVE('',#954,#376,#1302,.T.);
#1302 = LINE('',#1303,#1304);
#1303 = CARTESIAN_POINT('',(1.3,0.195,0.8));
#1304 = VECTOR('',#1305,1.);
#1305 = DIRECTION('',(0.,0.,-1.));
#1306 = ORIENTED_EDGE('',*,*,#375,.T.);
#1307 = ORIENTED_EDGE('',*,*,#1308,.T.);
#1308 = EDGE_CURVE('',#366,#416,#1309,.T.);
#1309 = LINE('',#1310,#1311);
#1310 = CARTESIAN_POINT('',(1.3,0.195,0.8));
#1311 = VECTOR('',#1312,1.);
#1312 = DIRECTION('',(0.,0.,-1.));
#1313 = ORIENTED_EDGE('',*,*,#415,.T.);
#1314 = ORIENTED_EDGE('',*,*,#1315,.T.);
#1315 = EDGE_CURVE('',#406,#456,#1316,.T.);
#1316 = LINE('',#1317,#1318);
#1317 = CARTESIAN_POINT('',(1.3,0.195,0.8));
#1318 = VECTOR('',#1319,1.);
#1319 = DIRECTION('',(0.,0.,-1.));
#1320 = ORIENTED_EDGE('',*,*,#455,.T.);
#1321 = PLANE('',#1322);
#1322 = AXIS2_PLACEMENT_3D('',#1323,#1324,#1325);
#1323 = CARTESIAN_POINT('',(1.3,0.195,0.8));
#1324 = DIRECTION('',(0.996194698092,8.715574274766E-02,0.));
#1325 = DIRECTION('',(-8.715574274766E-02,0.996194698092,0.));
#1326 = ADVANCED_FACE('',(#1327),#1360,.T.);
#1327 = FACE_BOUND('',#1328,.T.);
#1328 = EDGE_LOOP('',(#1329,#1337,#1343,#1344,#1345,#1351,#1352,#1358,
    #1359));
#1329 = ORIENTED_EDGE('',*,*,#1330,.T.);
#1330 = EDGE_CURVE('',#1287,#1331,#1333,.T.);
#1331 = VERTEX_POINT('',#1332);
#1332 = CARTESIAN_POINT('',(-1.174720155863,0.75,0.751443791743));
#1333 = LINE('',#1334,#1335);
#1334 = CARTESIAN_POINT('',(-1.3,0.75,0.751443791743));
#1335 = VECTOR('',#1336,1.);
#1336 = DIRECTION('',(-1.,-0.,0.));
#1337 = ORIENTED_EDGE('',*,*,#1338,.T.);
#1338 = EDGE_CURVE('',#1331,#1188,#1339,.T.);
#1339 = LINE('',#1340,#1341);
#1340 = CARTESIAN_POINT('',(-1.3678089289,0.21949295613,0.797857144002)
  );
#1341 = VECTOR('',#1342,1.);
#1342 = DIRECTION('',(-0.34087013187,-0.936532990279,8.193601966741E-02)
  );
#1343 = ORIENTED_EDGE('',*,*,#1187,.T.);
#1344 = ORIENTED_EDGE('',*,*,#692,.T.);
#1345 = ORIENTED_EDGE('',*,*,#1346,.F.);
#1346 = EDGE_CURVE('',#708,#685,#1347,.T.);
#1347 = LINE('',#1348,#1349);
#1348 = CARTESIAN_POINT('',(-0.3,0.195,0.8));
#1349 = VECTOR('',#1350,1.);
#1350 = DIRECTION('',(-1.,-0.,-0.));
#1351 = ORIENTED_EDGE('',*,*,#707,.T.);
#1352 = ORIENTED_EDGE('',*,*,#1353,.F.);
#1353 = EDGE_CURVE('',#1039,#710,#1354,.T.);
#1354 = LINE('',#1355,#1356);
#1355 = CARTESIAN_POINT('',(0.3,0.195,0.8));
#1356 = VECTOR('',#1357,1.);
#1357 = DIRECTION('',(-1.,0.,0.));
#1358 = ORIENTED_EDGE('',*,*,#1038,.T.);
#1359 = ORIENTED_EDGE('',*,*,#1294,.F.);
#1360 = PLANE('',#1361);
#1361 = AXIS2_PLACEMENT_3D('',#1362,#1363,#1364);
#1362 = CARTESIAN_POINT('',(-1.3,0.195,0.8));
#1363 = DIRECTION('',(0.,8.715574274766E-02,0.996194698092));
#1364 = DIRECTION('',(0.,-0.996194698092,8.715574274766E-02));
#1365 = ADVANCED_FACE('',(#1366),#1377,.F.);
#1366 = FACE_BOUND('',#1367,.T.);
#1367 = EDGE_LOOP('',(#1368,#1369,#1375,#1376));
#1368 = ORIENTED_EDGE('',*,*,#1248,.F.);
#1369 = ORIENTED_EDGE('',*,*,#1370,.T.);
#1370 = EDGE_CURVE('',#1241,#1331,#1371,.T.);
#1371 = LINE('',#1372,#1373);
#1372 = CARTESIAN_POINT('',(-1.174720155863,0.75,0.));
#1373 = VECTOR('',#1374,1.);
#1374 = DIRECTION('',(0.,0.,1.));
#1375 = ORIENTED_EDGE('',*,*,#1330,.F.);
#1376 = ORIENTED_EDGE('',*,*,#1286,.F.);
#1377 = PLANE('',#1378);
#1378 = AXIS2_PLACEMENT_3D('',#1379,#1380,#1381);
#1379 = CARTESIAN_POINT('',(0.,0.75,0.));
#1380 = DIRECTION('',(0.,-1.,0.));
#1381 = DIRECTION('',(0.,-0.,-1.));
#1382 = ADVANCED_FACE('',(#1383),#1389,.F.);
#1383 = FACE_BOUND('',#1384,.T.);
#1384 = EDGE_LOOP('',(#1385,#1386,#1387,#1388));
#1385 = ORIENTED_EDGE('',*,*,#1195,.T.);
#1386 = ORIENTED_EDGE('',*,*,#1338,.F.);
#1387 = ORIENTED_EDGE('',*,*,#1370,.F.);
#1388 = ORIENTED_EDGE('',*,*,#1240,.F.);
#1389 = PLANE('',#1390);
#1390 = AXIS2_PLACEMENT_3D('',#1391,#1392,#1393);
#1391 = CARTESIAN_POINT('',(-1.275721895872,0.4725,-0.8));
#1392 = DIRECTION('',(0.939692620786,-0.342020143326,0.));
#1393 = DIRECTION('',(0.342020143326,0.939692620786,0.));
#1394 = ADVANCED_FACE('',(#1395),#1420,.F.);
#1395 = FACE_BOUND('',#1396,.T.);
#1396 = EDGE_LOOP('',(#1397,#1398,#1406,#1414));
#1397 = ORIENTED_EDGE('',*,*,#1101,.T.);
#1398 = ORIENTED_EDGE('',*,*,#1399,.F.);
#1399 = EDGE_CURVE('',#1400,#1094,#1402,.T.);
#1400 = VERTEX_POINT('',#1401);
#1401 = CARTESIAN_POINT('',(0.3,0.195,0.6));
#1402 = LINE('',#1403,#1404);
#1403 = CARTESIAN_POINT('',(0.3,0.195,0.6));
#1404 = VECTOR('',#1405,1.);
#1405 = DIRECTION('',(-0.,-1.,-0.));
#1406 = ORIENTED_EDGE('',*,*,#1407,.F.);
#1407 = EDGE_CURVE('',#1408,#1400,#1410,.T.);
#1408 = VERTEX_POINT('',#1409);
#1409 = CARTESIAN_POINT('',(0.75,0.195,0.6));
#1410 = LINE('',#1411,#1412);
#1411 = CARTESIAN_POINT('',(0.3,0.195,0.6));
#1412 = VECTOR('',#1413,1.);
#1413 = DIRECTION('',(-1.,-0.,-0.));
#1414 = ORIENTED_EDGE('',*,*,#1415,.T.);
#1415 = EDGE_CURVE('',#1408,#1102,#1416,.T.);
#1416 = LINE('',#1417,#1418);
#1417 = CARTESIAN_POINT('',(0.75,0.195,0.6));
#1418 = VECTOR('',#1419,1.);
#1419 = DIRECTION('',(-0.,-1.,-0.));
#1420 = PLANE('',#1421);
#1421 = AXIS2_PLACEMENT_3D('',#1422,#1423,#1424);
#1422 = CARTESIAN_POINT('',(0.3,0.195,0.6));
#1423 = DIRECTION('',(0.,0.,1.));
#1424 = DIRECTION('',(1.,0.,-0.));
#1425 = ADVANCED_FACE('',(#1426),#1444,.F.);
#1426 = FACE_BOUND('',#1427,.T.);
#1427 = EDGE_LOOP('',(#1428,#1429,#1430,#1438));
#1428 = ORIENTED_EDGE('',*,*,#1109,.T.);
#1429 = ORIENTED_EDGE('',*,*,#1415,.F.);
#1430 = ORIENTED_EDGE('',*,*,#1431,.F.);
#1431 = EDGE_CURVE('',#1432,#1408,#1434,.T.);
#1432 = VERTEX_POINT('',#1433);
#1433 = CARTESIAN_POINT('',(0.75,0.195,-0.6));
#1434 = LINE('',#1435,#1436);
#1435 = CARTESIAN_POINT('',(0.75,0.195,-0.6));
#1436 = VECTOR('',#1437,1.);
#1437 = DIRECTION('',(0.,0.,1.));
#1438 = ORIENTED_EDGE('',*,*,#1439,.T.);
#1439 = EDGE_CURVE('',#1432,#1110,#1440,.T.);
#1440 = LINE('',#1441,#1442);
#1441 = CARTESIAN_POINT('',(0.75,0.195,-0.6));
#1442 = VECTOR('',#1443,1.);
#1443 = DIRECTION('',(-0.,-1.,-0.));
#1444 = PLANE('',#1445);
#1445 = AXIS2_PLACEMENT_3D('',#1446,#1447,#1448);
#1446 = CARTESIAN_POINT('',(0.75,0.195,-0.6));
#1447 = DIRECTION('',(1.,0.,0.));
#1448 = DIRECTION('',(0.,0.,-1.));
#1449 = ADVANCED_FACE('',(#1450),#1468,.F.);
#1450 = FACE_BOUND('',#1451,.T.);
#1451 = EDGE_LOOP('',(#1452,#1453,#1454,#1462));
#1452 = ORIENTED_EDGE('',*,*,#1117,.T.);
#1453 = ORIENTED_EDGE('',*,*,#1439,.F.);
#1454 = ORIENTED_EDGE('',*,*,#1455,.F.);
#1455 = EDGE_CURVE('',#1456,#1432,#1458,.T.);
#1456 = VERTEX_POINT('',#1457);
#1457 = CARTESIAN_POINT('',(0.3,0.195,-0.6));
#1458 = LINE('',#1459,#1460);
#1459 = CARTESIAN_POINT('',(0.3,0.195,-0.6));
#1460 = VECTOR('',#1461,1.);
#1461 = DIRECTION('',(1.,0.,2.409338161079E-16));
#1462 = ORIENTED_EDGE('',*,*,#1463,.T.);
#1463 = EDGE_CURVE('',#1456,#1118,#1464,.T.);
#1464 = LINE('',#1465,#1466);
#1465 = CARTESIAN_POINT('',(0.3,0.195,-0.6));
#1466 = VECTOR('',#1467,1.);
#1467 = DIRECTION('',(-0.,-1.,-0.));
#1468 = PLANE('',#1469);
#1469 = AXIS2_PLACEMENT_3D('',#1470,#1471,#1472);
#1470 = CARTESIAN_POINT('',(0.3,0.195,-0.6));
#1471 = DIRECTION('',(2.409338161079E-16,0.,-1.));
#1472 = DIRECTION('',(-1.,0.,-2.409338161079E-16));
#1473 = ADVANCED_FACE('',(#1474),#1485,.F.);
#1474 = FACE_BOUND('',#1475,.T.);
#1475 = EDGE_LOOP('',(#1476,#1477,#1478,#1484));
#1476 = ORIENTED_EDGE('',*,*,#1125,.T.);
#1477 = ORIENTED_EDGE('',*,*,#1463,.F.);
#1478 = ORIENTED_EDGE('',*,*,#1479,.F.);
#1479 = EDGE_CURVE('',#494,#1456,#1480,.T.);
#1480 = LINE('',#1481,#1482);
#1481 = CARTESIAN_POINT('',(0.3,0.195,-0.6));
#1482 = VECTOR('',#1483,1.);
#1483 = DIRECTION('',(2.710505431214E-16,-0.,1.));
#1484 = ORIENTED_EDGE('',*,*,#493,.T.);
#1485 = PLANE('',#1486);
#1486 = AXIS2_PLACEMENT_3D('',#1487,#1488,#1489);
#1487 = CARTESIAN_POINT('',(0.3,0.195,-0.6));
#1488 = DIRECTION('',(1.,0.,-2.710505431214E-16));
#1489 = DIRECTION('',(-2.710505431214E-16,0.,-1.));
#1490 = ADVANCED_FACE('',(#1491),#1509,.F.);
#1491 = FACE_BOUND('',#1492,.T.);
#1492 = EDGE_LOOP('',(#1493,#1494,#1495,#1503));
#1493 = ORIENTED_EDGE('',*,*,#747,.T.);
#1494 = ORIENTED_EDGE('',*,*,#526,.F.);
#1495 = ORIENTED_EDGE('',*,*,#1496,.F.);
#1496 = EDGE_CURVE('',#1497,#517,#1499,.T.);
#1497 = VERTEX_POINT('',#1498);
#1498 = CARTESIAN_POINT('',(0.15,0.195,-0.6));
#1499 = LINE('',#1500,#1501);
#1500 = CARTESIAN_POINT('',(0.15,0.195,-0.6));
#1501 = VECTOR('',#1502,1.);
#1502 = DIRECTION('',(-1.355252715607E-16,0.,-1.));
#1503 = ORIENTED_EDGE('',*,*,#1504,.T.);
#1504 = EDGE_CURVE('',#1497,#748,#1505,.T.);
#1505 = LINE('',#1506,#1507);
#1506 = CARTESIAN_POINT('',(0.15,0.195,-0.6));
#1507 = VECTOR('',#1508,1.);
#1508 = DIRECTION('',(-0.,-1.,-0.));
#1509 = PLANE('',#1510);
#1510 = AXIS2_PLACEMENT_3D('',#1511,#1512,#1513);
#1511 = CARTESIAN_POINT('',(0.15,0.195,-0.6));
#1512 = DIRECTION('',(-1.,0.,1.355252715607E-16));
#1513 = DIRECTION('',(1.355252715607E-16,0.,1.));
#1514 = ADVANCED_FACE('',(#1515),#1533,.F.);
#1515 = FACE_BOUND('',#1516,.T.);
#1516 = EDGE_LOOP('',(#1517,#1518,#1519,#1527));
#1517 = ORIENTED_EDGE('',*,*,#755,.T.);
#1518 = ORIENTED_EDGE('',*,*,#1504,.F.);
#1519 = ORIENTED_EDGE('',*,*,#1520,.F.);
#1520 = EDGE_CURVE('',#1521,#1497,#1523,.T.);
#1521 = VERTEX_POINT('',#1522);
#1522 = CARTESIAN_POINT('',(-0.15,0.195,-0.6));
#1523 = LINE('',#1524,#1525);
#1524 = CARTESIAN_POINT('',(-0.15,0.195,-0.6));
#1525 = VECTOR('',#1526,1.);
#1526 = DIRECTION('',(1.,0.,0.));
#1527 = ORIENTED_EDGE('',*,*,#1528,.T.);
#1528 = EDGE_CURVE('',#1521,#756,#1529,.T.);
#1529 = LINE('',#1530,#1531);
#1530 = CARTESIAN_POINT('',(-0.15,0.195,-0.6));
#1531 = VECTOR('',#1532,1.);
#1532 = DIRECTION('',(-0.,-1.,-0.));
#1533 = PLANE('',#1534);
#1534 = AXIS2_PLACEMENT_3D('',#1535,#1536,#1537);
#1535 = CARTESIAN_POINT('',(-0.15,0.195,-0.6));
#1536 = DIRECTION('',(0.,0.,-1.));
#1537 = DIRECTION('',(-1.,0.,-0.));
#1538 = ADVANCED_FACE('',(#1539),#1550,.F.);
#1539 = FACE_BOUND('',#1540,.T.);
#1540 = EDGE_LOOP('',(#1541,#1542,#1543,#1549));
#1541 = ORIENTED_EDGE('',*,*,#763,.T.);
#1542 = ORIENTED_EDGE('',*,*,#1528,.F.);
#1543 = ORIENTED_EDGE('',*,*,#1544,.F.);
#1544 = EDGE_CURVE('',#519,#1521,#1545,.T.);
#1545 = LINE('',#1546,#1547);
#1546 = CARTESIAN_POINT('',(-0.15,0.195,-0.6));
#1547 = VECTOR('',#1548,1.);
#1548 = DIRECTION('',(-1.355252715607E-16,-0.,1.));
#1549 = ORIENTED_EDGE('',*,*,#542,.T.);
#1550 = PLANE('',#1551);
#1551 = AXIS2_PLACEMENT_3D('',#1552,#1553,#1554);
#1552 = CARTESIAN_POINT('',(-0.15,0.195,-0.6));
#1553 = DIRECTION('',(1.,-0.,1.355252715607E-16));
#1554 = DIRECTION('',(1.355252715607E-16,0.,-1.));
#1555 = ADVANCED_FACE('',(#1556),#1574,.F.);
#1556 = FACE_BOUND('',#1557,.T.);
#1557 = EDGE_LOOP('',(#1558,#1559,#1560,#1568));
#1558 = ORIENTED_EDGE('',*,*,#864,.T.);
#1559 = ORIENTED_EDGE('',*,*,#993,.F.);
#1560 = ORIENTED_EDGE('',*,*,#1561,.F.);
#1561 = EDGE_CURVE('',#1562,#984,#1564,.T.);
#1562 = VERTEX_POINT('',#1563);
#1563 = CARTESIAN_POINT('',(-0.3,0.195,-0.6));
#1564 = LINE('',#1565,#1566);
#1565 = CARTESIAN_POINT('',(-0.3,0.195,-0.6));
#1566 = VECTOR('',#1567,1.);
#1567 = DIRECTION('',(2.710505431214E-16,0.,-1.));
#1568 = ORIENTED_EDGE('',*,*,#1569,.T.);
#1569 = EDGE_CURVE('',#1562,#865,#1570,.T.);
#1570 = LINE('',#1571,#1572);
#1571 = CARTESIAN_POINT('',(-0.3,0.195,-0.6));
#1572 = VECTOR('',#1573,1.);
#1573 = DIRECTION('',(-0.,-1.,-0.));
#1574 = PLANE('',#1575);
#1575 = AXIS2_PLACEMENT_3D('',#1576,#1577,#1578);
#1576 = CARTESIAN_POINT('',(-0.3,0.195,-0.6));
#1577 = DIRECTION('',(-1.,0.,-2.710505431214E-16));
#1578 = DIRECTION('',(-2.710505431214E-16,0.,1.));
#1579 = ADVANCED_FACE('',(#1580),#1598,.F.);
#1580 = FACE_BOUND('',#1581,.T.);
#1581 = EDGE_LOOP('',(#1582,#1583,#1584,#1592));
#1582 = ORIENTED_EDGE('',*,*,#872,.T.);
#1583 = ORIENTED_EDGE('',*,*,#1569,.F.);
#1584 = ORIENTED_EDGE('',*,*,#1585,.F.);
#1585 = EDGE_CURVE('',#1586,#1562,#1588,.T.);
#1586 = VERTEX_POINT('',#1587);
#1587 = CARTESIAN_POINT('',(-0.75,0.195,-0.6));
#1588 = LINE('',#1589,#1590);
#1589 = CARTESIAN_POINT('',(-0.75,0.195,-0.6));
#1590 = VECTOR('',#1591,1.);
#1591 = DIRECTION('',(1.,0.,-2.409338161079E-16));
#1592 = ORIENTED_EDGE('',*,*,#1593,.T.);
#1593 = EDGE_CURVE('',#1586,#873,#1594,.T.);
#1594 = LINE('',#1595,#1596);
#1595 = CARTESIAN_POINT('',(-0.75,0.195,-0.6));
#1596 = VECTOR('',#1597,1.);
#1597 = DIRECTION('',(-0.,-1.,-0.));
#1598 = PLANE('',#1599);
#1599 = AXIS2_PLACEMENT_3D('',#1600,#1601,#1602);
#1600 = CARTESIAN_POINT('',(-0.75,0.195,-0.6));
#1601 = DIRECTION('',(-2.409338161079E-16,0.,-1.));
#1602 = DIRECTION('',(-1.,0.,2.409338161079E-16));
#1603 = ADVANCED_FACE('',(#1604),#1622,.F.);
#1604 = FACE_BOUND('',#1605,.T.);
#1605 = EDGE_LOOP('',(#1606,#1607,#1608,#1616));
#1606 = ORIENTED_EDGE('',*,*,#880,.T.);
#1607 = ORIENTED_EDGE('',*,*,#1593,.F.);
#1608 = ORIENTED_EDGE('',*,*,#1609,.F.);
#1609 = EDGE_CURVE('',#1610,#1586,#1612,.T.);
#1610 = VERTEX_POINT('',#1611);
#1611 = CARTESIAN_POINT('',(-0.75,0.195,0.6));
#1612 = LINE('',#1613,#1614);
#1613 = CARTESIAN_POINT('',(-0.75,0.195,-0.6));
#1614 = VECTOR('',#1615,1.);
#1615 = DIRECTION('',(-0.,-0.,-1.));
#1616 = ORIENTED_EDGE('',*,*,#1617,.T.);
#1617 = EDGE_CURVE('',#1610,#881,#1618,.T.);
#1618 = LINE('',#1619,#1620);
#1619 = CARTESIAN_POINT('',(-0.75,0.195,0.6));
#1620 = VECTOR('',#1621,1.);
#1621 = DIRECTION('',(-0.,-1.,-0.));
#1622 = PLANE('',#1623);
#1623 = AXIS2_PLACEMENT_3D('',#1624,#1625,#1626);
#1624 = CARTESIAN_POINT('',(-0.75,0.195,-0.6));
#1625 = DIRECTION('',(-1.,0.,0.));
#1626 = DIRECTION('',(0.,0.,1.));
#1627 = ADVANCED_FACE('',(#1628),#1646,.F.);
#1628 = FACE_BOUND('',#1629,.T.);
#1629 = EDGE_LOOP('',(#1630,#1631,#1632,#1640));
#1630 = ORIENTED_EDGE('',*,*,#888,.T.);
#1631 = ORIENTED_EDGE('',*,*,#1617,.F.);
#1632 = ORIENTED_EDGE('',*,*,#1633,.F.);
#1633 = EDGE_CURVE('',#1634,#1610,#1636,.T.);
#1634 = VERTEX_POINT('',#1635);
#1635 = CARTESIAN_POINT('',(-0.3,0.195,0.6));
#1636 = LINE('',#1637,#1638);
#1637 = CARTESIAN_POINT('',(-0.75,0.195,0.6));
#1638 = VECTOR('',#1639,1.);
#1639 = DIRECTION('',(-1.,-0.,-0.));
#1640 = ORIENTED_EDGE('',*,*,#1641,.T.);
#1641 = EDGE_CURVE('',#1634,#889,#1642,.T.);
#1642 = LINE('',#1643,#1644);
#1643 = CARTESIAN_POINT('',(-0.3,0.195,0.6));
#1644 = VECTOR('',#1645,1.);
#1645 = DIRECTION('',(-0.,-1.,-0.));
#1646 = PLANE('',#1647);
#1647 = AXIS2_PLACEMENT_3D('',#1648,#1649,#1650);
#1648 = CARTESIAN_POINT('',(-0.75,0.195,0.6));
#1649 = DIRECTION('',(0.,0.,1.));
#1650 = DIRECTION('',(1.,0.,-0.));
#1651 = ADVANCED_FACE('',(#1652),#1663,.F.);
#1652 = FACE_BOUND('',#1653,.T.);
#1653 = EDGE_LOOP('',(#1654,#1655,#1656,#1662));
#1654 = ORIENTED_EDGE('',*,*,#896,.T.);
#1655 = ORIENTED_EDGE('',*,*,#1641,.F.);
#1656 = ORIENTED_EDGE('',*,*,#1657,.F.);
#1657 = EDGE_CURVE('',#685,#1634,#1658,.T.);
#1658 = LINE('',#1659,#1660);
#1659 = CARTESIAN_POINT('',(-0.3,0.195,0.8));
#1660 = VECTOR('',#1661,1.);
#1661 = DIRECTION('',(0.,0.,-1.));
#1662 = ORIENTED_EDGE('',*,*,#684,.T.);
#1663 = PLANE('',#1664);
#1664 = AXIS2_PLACEMENT_3D('',#1665,#1666,#1667);
#1665 = CARTESIAN_POINT('',(-0.3,0.195,0.8));
#1666 = DIRECTION('',(-1.,0.,0.));
#1667 = DIRECTION('',(0.,0.,1.));
#1668 = ADVANCED_FACE('',(#1669),#1687,.F.);
#1669 = FACE_BOUND('',#1670,.T.);
#1670 = EDGE_LOOP('',(#1671,#1672,#1673,#1681));
#1671 = ORIENTED_EDGE('',*,*,#912,.T.);
#1672 = ORIENTED_EDGE('',*,*,#717,.F.);
#1673 = ORIENTED_EDGE('',*,*,#1674,.F.);
#1674 = EDGE_CURVE('',#1675,#708,#1677,.T.);
#1675 = VERTEX_POINT('',#1676);
#1676 = CARTESIAN_POINT('',(-0.15,0.195,0.6));
#1677 = LINE('',#1678,#1679);
#1678 = CARTESIAN_POINT('',(-0.15,0.195,0.8));
#1679 = VECTOR('',#1680,1.);
#1680 = DIRECTION('',(-4.065758146821E-16,-0.,1.));
#1681 = ORIENTED_EDGE('',*,*,#1682,.T.);
#1682 = EDGE_CURVE('',#1675,#913,#1683,.T.);
#1683 = LINE('',#1684,#1685);
#1684 = CARTESIAN_POINT('',(-0.15,0.195,0.6));
#1685 = VECTOR('',#1686,1.);
#1686 = DIRECTION('',(-0.,-1.,-0.));
#1687 = PLANE('',#1688);
#1688 = AXIS2_PLACEMENT_3D('',#1689,#1690,#1691);
#1689 = CARTESIAN_POINT('',(-0.15,0.195,0.8));
#1690 = DIRECTION('',(1.,-0.,4.065758146821E-16));
#1691 = DIRECTION('',(4.065758146821E-16,0.,-1.));
#1692 = ADVANCED_FACE('',(#1693),#1711,.F.);
#1693 = FACE_BOUND('',#1694,.T.);
#1694 = EDGE_LOOP('',(#1695,#1696,#1697,#1705));
#1695 = ORIENTED_EDGE('',*,*,#920,.T.);
#1696 = ORIENTED_EDGE('',*,*,#1682,.F.);
#1697 = ORIENTED_EDGE('',*,*,#1698,.F.);
#1698 = EDGE_CURVE('',#1699,#1675,#1701,.T.);
#1699 = VERTEX_POINT('',#1700);
#1700 = CARTESIAN_POINT('',(0.15,0.195,0.6));
#1701 = LINE('',#1702,#1703);
#1702 = CARTESIAN_POINT('',(-0.15,0.195,0.6));
#1703 = VECTOR('',#1704,1.);
#1704 = DIRECTION('',(-1.,-0.,-0.));
#1705 = ORIENTED_EDGE('',*,*,#1706,.T.);
#1706 = EDGE_CURVE('',#1699,#921,#1707,.T.);
#1707 = LINE('',#1708,#1709);
#1708 = CARTESIAN_POINT('',(0.15,0.195,0.6));
#1709 = VECTOR('',#1710,1.);
#1710 = DIRECTION('',(-0.,-1.,-0.));
#1711 = PLANE('',#1712);
#1712 = AXIS2_PLACEMENT_3D('',#1713,#1714,#1715);
#1713 = CARTESIAN_POINT('',(-0.15,0.195,0.6));
#1714 = DIRECTION('',(0.,0.,1.));
#1715 = DIRECTION('',(1.,0.,-0.));
#1716 = ADVANCED_FACE('',(#1717),#1728,.F.);
#1717 = FACE_BOUND('',#1718,.T.);
#1718 = EDGE_LOOP('',(#1719,#1720,#1721,#1727));
#1719 = ORIENTED_EDGE('',*,*,#928,.T.);
#1720 = ORIENTED_EDGE('',*,*,#1706,.F.);
#1721 = ORIENTED_EDGE('',*,*,#1722,.F.);
#1722 = EDGE_CURVE('',#710,#1699,#1723,.T.);
#1723 = LINE('',#1724,#1725);
#1724 = CARTESIAN_POINT('',(0.15,0.195,0.8));
#1725 = VECTOR('',#1726,1.);
#1726 = DIRECTION('',(-4.065758146821E-16,0.,-1.));
#1727 = ORIENTED_EDGE('',*,*,#733,.T.);
#1728 = PLANE('',#1729);
#1729 = AXIS2_PLACEMENT_3D('',#1730,#1731,#1732);
#1730 = CARTESIAN_POINT('',(0.15,0.195,0.8));
#1731 = DIRECTION('',(-1.,0.,4.065758146821E-16));
#1732 = DIRECTION('',(4.065758146821E-16,0.,1.));
#1733 = ADVANCED_FACE('',(#1734),#1745,.F.);
#1734 = FACE_BOUND('',#1735,.T.);
#1735 = EDGE_LOOP('',(#1736,#1737,#1738,#1744));
#1736 = ORIENTED_EDGE('',*,*,#1093,.T.);
#1737 = ORIENTED_EDGE('',*,*,#1046,.F.);
#1738 = ORIENTED_EDGE('',*,*,#1739,.F.);
#1739 = EDGE_CURVE('',#1400,#1039,#1740,.T.);
#1740 = LINE('',#1741,#1742);
#1741 = CARTESIAN_POINT('',(0.3,0.195,0.8));
#1742 = VECTOR('',#1743,1.);
#1743 = DIRECTION('',(-0.,-0.,1.));
#1744 = ORIENTED_EDGE('',*,*,#1399,.T.);
#1745 = PLANE('',#1746);
#1746 = AXIS2_PLACEMENT_3D('',#1747,#1748,#1749);
#1747 = CARTESIAN_POINT('',(0.3,0.195,0.8));
#1748 = DIRECTION('',(1.,-0.,0.));
#1749 = DIRECTION('',(0.,0.,-1.));
#1750 = ADVANCED_FACE('',(#1751),#1773,.T.);
#1751 = FACE_BOUND('',#1752,.T.);
#1752 = EDGE_LOOP('',(#1753,#1754,#1755,#1756,#1757,#1758,#1759,#1760,
    #1761,#1762,#1763,#1764,#1765,#1766,#1767,#1768,#1769,#1770,#1771,
    #1772));
#1753 = ORIENTED_EDGE('',*,*,#1407,.T.);
#1754 = ORIENTED_EDGE('',*,*,#1739,.T.);
#1755 = ORIENTED_EDGE('',*,*,#1353,.T.);
#1756 = ORIENTED_EDGE('',*,*,#1722,.T.);
#1757 = ORIENTED_EDGE('',*,*,#1698,.T.);
#1758 = ORIENTED_EDGE('',*,*,#1674,.T.);
#1759 = ORIENTED_EDGE('',*,*,#1346,.T.);
#1760 = ORIENTED_EDGE('',*,*,#1657,.T.);
#1761 = ORIENTED_EDGE('',*,*,#1633,.T.);
#1762 = ORIENTED_EDGE('',*,*,#1609,.T.);
#1763 = ORIENTED_EDGE('',*,*,#1585,.T.);
#1764 = ORIENTED_EDGE('',*,*,#1561,.T.);
#1765 = ORIENTED_EDGE('',*,*,#1270,.T.);
#1766 = ORIENTED_EDGE('',*,*,#1544,.T.);
#1767 = ORIENTED_EDGE('',*,*,#1520,.T.);
#1768 = ORIENTED_EDGE('',*,*,#1496,.T.);
#1769 = ORIENTED_EDGE('',*,*,#1263,.T.);
#1770 = ORIENTED_EDGE('',*,*,#1479,.T.);
#1771 = ORIENTED_EDGE('',*,*,#1455,.T.);
#1772 = ORIENTED_EDGE('',*,*,#1431,.T.);
#1773 = PLANE('',#1774);
#1774 = AXIS2_PLACEMENT_3D('',#1775,#1776,#1777);
#1775 = CARTESIAN_POINT('',(0.,0.195,0.));
#1776 = DIRECTION('',(0.,-1.,0.));
#1777 = DIRECTION('',(0.,-0.,-1.));
#1778 = ADVANCED_FACE('',(#1779),#1804,.F.);
#1779 = FACE_BOUND('',#1780,.T.);
#1780 = EDGE_LOOP('',(#1781,#1789,#1797,#1803));
#1781 = ORIENTED_EDGE('',*,*,#1782,.T.);
#1782 = EDGE_CURVE('',#406,#1783,#1785,.T.);
#1783 = VERTEX_POINT('',#1784);
#1784 = CARTESIAN_POINT('',(1.25,0.195,-0.4));
#1785 = LINE('',#1786,#1787);
#1786 = CARTESIAN_POINT('',(1.25,0.195,-0.4));
#1787 = VECTOR('',#1788,1.);
#1788 = DIRECTION('',(-1.,-0.,8.673617379884E-15));
#1789 = ORIENTED_EDGE('',*,*,#1790,.T.);
#1790 = EDGE_CURVE('',#1783,#1791,#1793,.T.);
#1791 = VERTEX_POINT('',#1792);
#1792 = CARTESIAN_POINT('',(1.25,0.195,-0.6));
#1793 = LINE('',#1794,#1795);
#1794 = CARTESIAN_POINT('',(1.25,0.195,-0.6));
#1795 = VECTOR('',#1796,1.);
#1796 = DIRECTION('',(-0.,-0.,-1.));
#1797 = ORIENTED_EDGE('',*,*,#1798,.T.);
#1798 = EDGE_CURVE('',#1791,#456,#1799,.T.);
#1799 = LINE('',#1800,#1801);
#1800 = CARTESIAN_POINT('',(1.3,0.195,-0.6));
#1801 = VECTOR('',#1802,1.);
#1802 = DIRECTION('',(1.,-0.,4.336808689942E-15));
#1803 = ORIENTED_EDGE('',*,*,#1315,.F.);
#1804 = PLANE('',#1805);
#1805 = AXIS2_PLACEMENT_3D('',#1806,#1807,#1808);
#1806 = CARTESIAN_POINT('',(0.,0.195,0.));
#1807 = DIRECTION('',(-0.,1.,0.));
#1808 = DIRECTION('',(0.,0.,1.));
#1809 = ADVANCED_FACE('',(#1810),#1821,.F.);
#1810 = FACE_BOUND('',#1811,.T.);
#1811 = EDGE_LOOP('',(#1812,#1813,#1814,#1815));
#1812 = ORIENTED_EDGE('',*,*,#1133,.T.);
#1813 = ORIENTED_EDGE('',*,*,#463,.F.);
#1814 = ORIENTED_EDGE('',*,*,#1798,.F.);
#1815 = ORIENTED_EDGE('',*,*,#1816,.T.);
#1816 = EDGE_CURVE('',#1791,#1134,#1817,.T.);
#1817 = LINE('',#1818,#1819);
#1818 = CARTESIAN_POINT('',(1.25,0.195,-0.6));
#1819 = VECTOR('',#1820,1.);
#1820 = DIRECTION('',(-0.,-1.,-0.));
#1821 = PLANE('',#1822);
#1822 = AXIS2_PLACEMENT_3D('',#1823,#1824,#1825);
#1823 = CARTESIAN_POINT('',(1.3,0.195,-0.6));
#1824 = DIRECTION('',(4.336808689942E-15,0.,-1.));
#1825 = DIRECTION('',(-1.,0.,-4.336808689942E-15));
#1826 = ADVANCED_FACE('',(#1827),#1838,.F.);
#1827 = FACE_BOUND('',#1828,.T.);
#1828 = EDGE_LOOP('',(#1829,#1830,#1831,#1832));
#1829 = ORIENTED_EDGE('',*,*,#1141,.T.);
#1830 = ORIENTED_EDGE('',*,*,#1816,.F.);
#1831 = ORIENTED_EDGE('',*,*,#1790,.F.);
#1832 = ORIENTED_EDGE('',*,*,#1833,.T.);
#1833 = EDGE_CURVE('',#1783,#1142,#1834,.T.);
#1834 = LINE('',#1835,#1836);
#1835 = CARTESIAN_POINT('',(1.25,0.195,-0.4));
#1836 = VECTOR('',#1837,1.);
#1837 = DIRECTION('',(-0.,-1.,-0.));
#1838 = PLANE('',#1839);
#1839 = AXIS2_PLACEMENT_3D('',#1840,#1841,#1842);
#1840 = CARTESIAN_POINT('',(1.25,0.195,-0.6));
#1841 = DIRECTION('',(-1.,0.,0.));
#1842 = DIRECTION('',(0.,0.,1.));
#1843 = ADVANCED_FACE('',(#1844),#1850,.F.);
#1844 = FACE_BOUND('',#1845,.T.);
#1845 = EDGE_LOOP('',(#1846,#1847,#1848,#1849));
#1846 = ORIENTED_EDGE('',*,*,#1149,.T.);
#1847 = ORIENTED_EDGE('',*,*,#1833,.F.);
#1848 = ORIENTED_EDGE('',*,*,#1782,.F.);
#1849 = ORIENTED_EDGE('',*,*,#405,.T.);
#1850 = PLANE('',#1851);
#1851 = AXIS2_PLACEMENT_3D('',#1852,#1853,#1854);
#1852 = CARTESIAN_POINT('',(1.25,0.195,-0.4));
#1853 = DIRECTION('',(8.673617379884E-15,-0.,1.));
#1854 = DIRECTION('',(1.,0.,-8.673617379884E-15));
#1855 = ADVANCED_FACE('',(#1856),#1881,.F.);
#1856 = FACE_BOUND('',#1857,.T.);
#1857 = EDGE_LOOP('',(#1858,#1866,#1874,#1880));
#1858 = ORIENTED_EDGE('',*,*,#1859,.T.);
#1859 = EDGE_CURVE('',#366,#1860,#1862,.T.);
#1860 = VERTEX_POINT('',#1861);
#1861 = CARTESIAN_POINT('',(1.25,0.195,0.1));
#1862 = LINE('',#1863,#1864);
#1863 = CARTESIAN_POINT('',(1.25,0.195,0.1));
#1864 = VECTOR('',#1865,1.);
#1865 = DIRECTION('',(-1.,-0.,3.794707603699E-15));
#1866 = ORIENTED_EDGE('',*,*,#1867,.T.);
#1867 = EDGE_CURVE('',#1860,#1868,#1870,.T.);
#1868 = VERTEX_POINT('',#1869);
#1869 = CARTESIAN_POINT('',(1.25,0.195,-0.1));
#1870 = LINE('',#1871,#1872);
#1871 = CARTESIAN_POINT('',(1.25,0.195,-0.1));
#1872 = VECTOR('',#1873,1.);
#1873 = DIRECTION('',(-0.,-0.,-1.));
#1874 = ORIENTED_EDGE('',*,*,#1875,.T.);
#1875 = EDGE_CURVE('',#1868,#416,#1876,.T.);
#1876 = LINE('',#1877,#1878);
#1877 = CARTESIAN_POINT('',(1.3,0.195,-1.E-01));
#1878 = VECTOR('',#1879,1.);
#1879 = DIRECTION('',(1.,-0.,3.794707603699E-15));
#1880 = ORIENTED_EDGE('',*,*,#1308,.F.);
#1881 = PLANE('',#1882);
#1882 = AXIS2_PLACEMENT_3D('',#1883,#1884,#1885);
#1883 = CARTESIAN_POINT('',(0.,0.195,0.));
#1884 = DIRECTION('',(-0.,1.,0.));
#1885 = DIRECTION('',(0.,0.,1.));
#1886 = ADVANCED_FACE('',(#1887),#1898,.F.);
#1887 = FACE_BOUND('',#1888,.T.);
#1888 = EDGE_LOOP('',(#1889,#1890,#1891,#1892));
#1889 = ORIENTED_EDGE('',*,*,#1156,.T.);
#1890 = ORIENTED_EDGE('',*,*,#423,.F.);
#1891 = ORIENTED_EDGE('',*,*,#1875,.F.);
#1892 = ORIENTED_EDGE('',*,*,#1893,.T.);
#1893 = EDGE_CURVE('',#1868,#1157,#1894,.T.);
#1894 = LINE('',#1895,#1896);
#1895 = CARTESIAN_POINT('',(1.25,0.195,-0.1));
#1896 = VECTOR('',#1897,1.);
#1897 = DIRECTION('',(-0.,-1.,-0.));
#1898 = PLANE('',#1899);
#1899 = AXIS2_PLACEMENT_3D('',#1900,#1901,#1902);
#1900 = CARTESIAN_POINT('',(1.3,0.195,-1.E-01));
#1901 = DIRECTION('',(3.794707603699E-15,0.,-1.));
#1902 = DIRECTION('',(-1.,0.,-3.794707603699E-15));
#1903 = ADVANCED_FACE('',(#1904),#1915,.F.);
#1904 = FACE_BOUND('',#1905,.T.);
#1905 = EDGE_LOOP('',(#1906,#1907,#1908,#1909));
#1906 = ORIENTED_EDGE('',*,*,#1164,.T.);
#1907 = ORIENTED_EDGE('',*,*,#1893,.F.);
#1908 = ORIENTED_EDGE('',*,*,#1867,.F.);
#1909 = ORIENTED_EDGE('',*,*,#1910,.T.);
#1910 = EDGE_CURVE('',#1860,#1165,#1911,.T.);
#1911 = LINE('',#1912,#1913);
#1912 = CARTESIAN_POINT('',(1.25,0.195,0.1));
#1913 = VECTOR('',#1914,1.);
#1914 = DIRECTION('',(-0.,-1.,-0.));
#1915 = PLANE('',#1916);
#1916 = AXIS2_PLACEMENT_3D('',#1917,#1918,#1919);
#1917 = CARTESIAN_POINT('',(1.25,0.195,-0.1));
#1918 = DIRECTION('',(-1.,0.,0.));
#1919 = DIRECTION('',(0.,0.,1.));
#1920 = ADVANCED_FACE('',(#1921),#1927,.F.);
#1921 = FACE_BOUND('',#1922,.T.);
#1922 = EDGE_LOOP('',(#1923,#1924,#1925,#1926));
#1923 = ORIENTED_EDGE('',*,*,#1172,.T.);
#1924 = ORIENTED_EDGE('',*,*,#1910,.F.);
#1925 = ORIENTED_EDGE('',*,*,#1859,.F.);
#1926 = ORIENTED_EDGE('',*,*,#365,.T.);
#1927 = PLANE('',#1928);
#1928 = AXIS2_PLACEMENT_3D('',#1929,#1930,#1931);
#1929 = CARTESIAN_POINT('',(1.25,0.195,0.1));
#1930 = DIRECTION('',(3.794707603699E-15,-0.,1.));
#1931 = DIRECTION('',(1.,0.,-3.794707603699E-15));
#1932 = ADVANCED_FACE('',(#1933),#1958,.F.);
#1933 = FACE_BOUND('',#1934,.T.);
#1934 = EDGE_LOOP('',(#1935,#1943,#1951,#1957));
#1935 = ORIENTED_EDGE('',*,*,#1936,.T.);
#1936 = EDGE_CURVE('',#954,#1937,#1939,.T.);
#1937 = VERTEX_POINT('',#1938);
#1938 = CARTESIAN_POINT('',(1.25,0.195,0.6));
#1939 = LINE('',#1940,#1941);
#1940 = CARTESIAN_POINT('',(1.25,0.195,0.6));
#1941 = VECTOR('',#1942,1.);
#1942 = DIRECTION('',(-1.,-0.,4.336808689942E-15));
#1943 = ORIENTED_EDGE('',*,*,#1944,.T.);
#1944 = EDGE_CURVE('',#1937,#1945,#1947,.T.);
#1945 = VERTEX_POINT('',#1946);
#1946 = CARTESIAN_POINT('',(1.25,0.195,0.4));
#1947 = LINE('',#1948,#1949);
#1948 = CARTESIAN_POINT('',(1.25,0.195,0.4));
#1949 = VECTOR('',#1950,1.);
#1950 = DIRECTION('',(-0.,-0.,-1.));
#1951 = ORIENTED_EDGE('',*,*,#1952,.T.);
#1952 = EDGE_CURVE('',#1945,#376,#1953,.T.);
#1953 = LINE('',#1954,#1955);
#1954 = CARTESIAN_POINT('',(1.3,0.195,0.4));
#1955 = VECTOR('',#1956,1.);
#1956 = DIRECTION('',(1.,-0.,6.505213034913E-15));
#1957 = ORIENTED_EDGE('',*,*,#1301,.F.);
#1958 = PLANE('',#1959);
#1959 = AXIS2_PLACEMENT_3D('',#1960,#1961,#1962);
#1960 = CARTESIAN_POINT('',(0.,0.195,0.));
#1961 = DIRECTION('',(-0.,1.,0.));
#1962 = DIRECTION('',(0.,0.,1.));
#1963 = ADVANCED_FACE('',(#1964),#1975,.F.);
#1964 = FACE_BOUND('',#1965,.T.);
#1965 = EDGE_LOOP('',(#1966,#1967,#1968,#1969));
#1966 = ORIENTED_EDGE('',*,*,#1069,.T.);
#1967 = ORIENTED_EDGE('',*,*,#383,.F.);
#1968 = ORIENTED_EDGE('',*,*,#1952,.F.);
#1969 = ORIENTED_EDGE('',*,*,#1970,.T.);
#1970 = EDGE_CURVE('',#1945,#1070,#1971,.T.);
#1971 = LINE('',#1972,#1973);
#1972 = CARTESIAN_POINT('',(1.25,0.195,0.4));
#1973 = VECTOR('',#1974,1.);
#1974 = DIRECTION('',(-0.,-1.,-0.));
#1975 = PLANE('',#1976);
#1976 = AXIS2_PLACEMENT_3D('',#1977,#1978,#1979);
#1977 = CARTESIAN_POINT('',(1.3,0.195,0.4));
#1978 = DIRECTION('',(6.505213034913E-15,0.,-1.));
#1979 = DIRECTION('',(-1.,0.,-6.505213034913E-15));
#1980 = ADVANCED_FACE('',(#1981),#1992,.F.);
#1981 = FACE_BOUND('',#1982,.T.);
#1982 = EDGE_LOOP('',(#1983,#1984,#1985,#1986));
#1983 = ORIENTED_EDGE('',*,*,#1077,.T.);
#1984 = ORIENTED_EDGE('',*,*,#1970,.F.);
#1985 = ORIENTED_EDGE('',*,*,#1944,.F.);
#1986 = ORIENTED_EDGE('',*,*,#1987,.T.);
#1987 = EDGE_CURVE('',#1937,#1078,#1988,.T.);
#1988 = LINE('',#1989,#1990);
#1989 = CARTESIAN_POINT('',(1.25,0.195,0.6));
#1990 = VECTOR('',#1991,1.);
#1991 = DIRECTION('',(-0.,-1.,-0.));
#1992 = PLANE('',#1993);
#1993 = AXIS2_PLACEMENT_3D('',#1994,#1995,#1996);
#1994 = CARTESIAN_POINT('',(1.25,0.195,0.4));
#1995 = DIRECTION('',(-1.,0.,0.));
#1996 = DIRECTION('',(0.,0.,1.));
#1997 = ADVANCED_FACE('',(#1998),#2004,.F.);
#1998 = FACE_BOUND('',#1999,.T.);
#1999 = EDGE_LOOP('',(#2000,#2001,#2002,#2003));
#2000 = ORIENTED_EDGE('',*,*,#1085,.T.);
#2001 = ORIENTED_EDGE('',*,*,#1987,.F.);
#2002 = ORIENTED_EDGE('',*,*,#1936,.F.);
#2003 = ORIENTED_EDGE('',*,*,#953,.T.);
#2004 = PLANE('',#2005);
#2005 = AXIS2_PLACEMENT_3D('',#2006,#2007,#2008);
#2006 = CARTESIAN_POINT('',(1.25,0.195,0.6));
#2007 = DIRECTION('',(4.336808689942E-15,-0.,1.));
#2008 = DIRECTION('',(1.,0.,-4.336808689942E-15));
#2009 = ADVANCED_FACE('',(#2010),#2035,.T.);
#2010 = FACE_BOUND('',#2011,.T.);
#2011 = EDGE_LOOP('',(#2012,#2013,#2021,#2029));
#2012 = ORIENTED_EDGE('',*,*,#1210,.F.);
#2013 = ORIENTED_EDGE('',*,*,#2014,.T.);
#2014 = EDGE_CURVE('',#1016,#2015,#2017,.T.);
#2015 = VERTEX_POINT('',#2016);
#2016 = CARTESIAN_POINT('',(-1.25,0.195,-0.65));
#2017 = LINE('',#2018,#2019);
#2018 = CARTESIAN_POINT('',(-1.3,0.195,-0.65));
#2019 = VECTOR('',#2020,1.);
#2020 = DIRECTION('',(1.,0.,-8.673617379884E-15));
#2021 = ORIENTED_EDGE('',*,*,#2022,.T.);
#2022 = EDGE_CURVE('',#2015,#2023,#2025,.T.);
#2023 = VERTEX_POINT('',#2024);
#2024 = CARTESIAN_POINT('',(-1.25,0.195,-0.4));
#2025 = LINE('',#2026,#2027);
#2026 = CARTESIAN_POINT('',(-1.25,0.195,-0.65));
#2027 = VECTOR('',#2028,1.);
#2028 = DIRECTION('',(0.,0.,1.));
#2029 = ORIENTED_EDGE('',*,*,#2030,.T.);
#2030 = EDGE_CURVE('',#2023,#615,#2031,.T.);
#2031 = LINE('',#2032,#2033);
#2032 = CARTESIAN_POINT('',(-1.25,0.195,-0.4));
#2033 = VECTOR('',#2034,1.);
#2034 = DIRECTION('',(-1.,0.,-6.505213034913E-15));
#2035 = PLANE('',#2036);
#2036 = AXIS2_PLACEMENT_3D('',#2037,#2038,#2039);
#2037 = CARTESIAN_POINT('',(0.,0.195,0.));
#2038 = DIRECTION('',(0.,-1.,0.));
#2039 = DIRECTION('',(0.,0.,-1.));
#2040 = ADVANCED_FACE('',(#2041),#2052,.F.);
#2041 = FACE_BOUND('',#2042,.T.);
#2042 = EDGE_LOOP('',(#2043,#2044,#2045,#2046));
#2043 = ORIENTED_EDGE('',*,*,#824,.T.);
#2044 = ORIENTED_EDGE('',*,*,#622,.F.);
#2045 = ORIENTED_EDGE('',*,*,#2030,.F.);
#2046 = ORIENTED_EDGE('',*,*,#2047,.T.);
#2047 = EDGE_CURVE('',#2023,#825,#2048,.T.);
#2048 = LINE('',#2049,#2050);
#2049 = CARTESIAN_POINT('',(-1.25,0.195,-0.4));
#2050 = VECTOR('',#2051,1.);
#2051 = DIRECTION('',(-0.,-1.,-0.));
#2052 = PLANE('',#2053);
#2053 = AXIS2_PLACEMENT_3D('',#2054,#2055,#2056);
#2054 = CARTESIAN_POINT('',(-1.25,0.195,-0.4));
#2055 = DIRECTION('',(-6.505213034913E-15,0.,1.));
#2056 = DIRECTION('',(1.,0.,6.505213034913E-15));
#2057 = ADVANCED_FACE('',(#2058),#2069,.F.);
#2058 = FACE_BOUND('',#2059,.T.);
#2059 = EDGE_LOOP('',(#2060,#2061,#2062,#2063));
#2060 = ORIENTED_EDGE('',*,*,#832,.T.);
#2061 = ORIENTED_EDGE('',*,*,#2047,.F.);
#2062 = ORIENTED_EDGE('',*,*,#2022,.F.);
#2063 = ORIENTED_EDGE('',*,*,#2064,.T.);
#2064 = EDGE_CURVE('',#2015,#833,#2065,.T.);
#2065 = LINE('',#2066,#2067);
#2066 = CARTESIAN_POINT('',(-1.25,0.195,-0.65));
#2067 = VECTOR('',#2068,1.);
#2068 = DIRECTION('',(-0.,-1.,-0.));
#2069 = PLANE('',#2070);
#2070 = AXIS2_PLACEMENT_3D('',#2071,#2072,#2073);
#2071 = CARTESIAN_POINT('',(-1.25,0.195,-0.65));
#2072 = DIRECTION('',(1.,0.,0.));
#2073 = DIRECTION('',(0.,0.,-1.));
#2074 = ADVANCED_FACE('',(#2075),#2081,.F.);
#2075 = FACE_BOUND('',#2076,.T.);
#2076 = EDGE_LOOP('',(#2077,#2078,#2079,#2080));
#2077 = ORIENTED_EDGE('',*,*,#840,.T.);
#2078 = ORIENTED_EDGE('',*,*,#2064,.F.);
#2079 = ORIENTED_EDGE('',*,*,#2014,.F.);
#2080 = ORIENTED_EDGE('',*,*,#1015,.T.);
#2081 = PLANE('',#2082);
#2082 = AXIS2_PLACEMENT_3D('',#2083,#2084,#2085);
#2083 = CARTESIAN_POINT('',(-1.3,0.195,-0.65));
#2084 = DIRECTION('',(-8.673617379884E-15,0.,-1.));
#2085 = DIRECTION('',(-1.,0.,8.673617379884E-15));
#2086 = ADVANCED_FACE('',(#2087),#2112,.F.);
#2087 = FACE_BOUND('',#2088,.T.);
#2088 = EDGE_LOOP('',(#2089,#2097,#2105,#2111));
#2089 = ORIENTED_EDGE('',*,*,#2090,.T.);
#2090 = EDGE_CURVE('',#607,#2091,#2093,.T.);
#2091 = VERTEX_POINT('',#2092);
#2092 = CARTESIAN_POINT('',(-1.25,0.195,-1.E-01));
#2093 = LINE('',#2094,#2095);
#2094 = CARTESIAN_POINT('',(-1.3,0.195,-0.1));
#2095 = VECTOR('',#2096,1.);
#2096 = DIRECTION('',(1.,0.,5.421010862428E-15));
#2097 = ORIENTED_EDGE('',*,*,#2098,.T.);
#2098 = EDGE_CURVE('',#2091,#2099,#2101,.T.);
#2099 = VERTEX_POINT('',#2100);
#2100 = CARTESIAN_POINT('',(-1.25,0.195,0.1));
#2101 = LINE('',#2102,#2103);
#2102 = CARTESIAN_POINT('',(-1.25,0.195,-1.E-01));
#2103 = VECTOR('',#2104,1.);
#2104 = DIRECTION('',(1.084202172486E-15,0.,1.));
#2105 = ORIENTED_EDGE('',*,*,#2106,.T.);
#2106 = EDGE_CURVE('',#2099,#557,#2107,.T.);
#2107 = LINE('',#2108,#2109);
#2108 = CARTESIAN_POINT('',(-1.25,0.195,0.1));
#2109 = VECTOR('',#2110,1.);
#2110 = DIRECTION('',(-1.,0.,-1.301042606983E-14));
#2111 = ORIENTED_EDGE('',*,*,#1217,.F.);
#2112 = PLANE('',#2113);
#2113 = AXIS2_PLACEMENT_3D('',#2114,#2115,#2116);
#2114 = CARTESIAN_POINT('',(0.,0.195,0.));
#2115 = DIRECTION('',(0.,1.,-0.));
#2116 = DIRECTION('',(0.,0.,1.));
#2117 = ADVANCED_FACE('',(#2118),#2129,.F.);
#2118 = FACE_BOUND('',#2119,.T.);
#2119 = EDGE_LOOP('',(#2120,#2121,#2122,#2123));
#2120 = ORIENTED_EDGE('',*,*,#801,.T.);
#2121 = ORIENTED_EDGE('',*,*,#566,.F.);
#2122 = ORIENTED_EDGE('',*,*,#2106,.F.);
#2123 = ORIENTED_EDGE('',*,*,#2124,.T.);
#2124 = EDGE_CURVE('',#2099,#802,#2125,.T.);
#2125 = LINE('',#2126,#2127);
#2126 = CARTESIAN_POINT('',(-1.25,0.195,0.1));
#2127 = VECTOR('',#2128,1.);
#2128 = DIRECTION('',(-0.,-1.,-0.));
#2129 = PLANE('',#2130);
#2130 = AXIS2_PLACEMENT_3D('',#2131,#2132,#2133);
#2131 = CARTESIAN_POINT('',(-1.25,0.195,0.1));
#2132 = DIRECTION('',(-1.301042606983E-14,0.,1.));
#2133 = DIRECTION('',(1.,0.,1.301042606983E-14));
#2134 = ADVANCED_FACE('',(#2135),#2146,.F.);
#2135 = FACE_BOUND('',#2136,.T.);
#2136 = EDGE_LOOP('',(#2137,#2138,#2139,#2140));
#2137 = ORIENTED_EDGE('',*,*,#809,.T.);
#2138 = ORIENTED_EDGE('',*,*,#2124,.F.);
#2139 = ORIENTED_EDGE('',*,*,#2098,.F.);
#2140 = ORIENTED_EDGE('',*,*,#2141,.T.);
#2141 = EDGE_CURVE('',#2091,#810,#2142,.T.);
#2142 = LINE('',#2143,#2144);
#2143 = CARTESIAN_POINT('',(-1.25,0.195,-1.E-01));
#2144 = VECTOR('',#2145,1.);
#2145 = DIRECTION('',(-0.,-1.,-0.));
#2146 = PLANE('',#2147);
#2147 = AXIS2_PLACEMENT_3D('',#2148,#2149,#2150);
#2148 = CARTESIAN_POINT('',(-1.25,0.195,-1.E-01));
#2149 = DIRECTION('',(1.,0.,-1.084202172486E-15));
#2150 = DIRECTION('',(-1.084202172486E-15,0.,-1.));
#2151 = ADVANCED_FACE('',(#2152),#2158,.F.);
#2152 = FACE_BOUND('',#2153,.T.);
#2153 = EDGE_LOOP('',(#2154,#2155,#2156,#2157));
#2154 = ORIENTED_EDGE('',*,*,#817,.T.);
#2155 = ORIENTED_EDGE('',*,*,#2141,.F.);
#2156 = ORIENTED_EDGE('',*,*,#2090,.F.);
#2157 = ORIENTED_EDGE('',*,*,#606,.T.);
#2158 = PLANE('',#2159);
#2159 = AXIS2_PLACEMENT_3D('',#2160,#2161,#2162);
#2160 = CARTESIAN_POINT('',(-1.3,0.195,-0.1));
#2161 = DIRECTION('',(5.421010862428E-15,0.,-1.));
#2162 = DIRECTION('',(-1.,0.,-5.421010862428E-15));
#2163 = ADVANCED_FACE('',(#2164),#2189,.F.);
#2164 = FACE_BOUND('',#2165,.T.);
#2165 = EDGE_LOOP('',(#2166,#2174,#2182,#2188));
#2166 = ORIENTED_EDGE('',*,*,#2167,.T.);
#2167 = EDGE_CURVE('',#559,#2168,#2170,.T.);
#2168 = VERTEX_POINT('',#2169);
#2169 = CARTESIAN_POINT('',(-1.25,0.195,0.4));
#2170 = LINE('',#2171,#2172);
#2171 = CARTESIAN_POINT('',(-1.3,0.195,0.4));
#2172 = VECTOR('',#2173,1.);
#2173 = DIRECTION('',(1.,0.,3.252606517457E-15));
#2174 = ORIENTED_EDGE('',*,*,#2175,.T.);
#2175 = EDGE_CURVE('',#2168,#2176,#2178,.T.);
#2176 = VERTEX_POINT('',#2177);
#2177 = CARTESIAN_POINT('',(-1.25,0.195,0.6));
#2178 = LINE('',#2179,#2180);
#2179 = CARTESIAN_POINT('',(-1.25,0.195,0.4));
#2180 = VECTOR('',#2181,1.);
#2181 = DIRECTION('',(1.084202172486E-15,0.,1.));
#2182 = ORIENTED_EDGE('',*,*,#2183,.T.);
#2183 = EDGE_CURVE('',#2176,#647,#2184,.T.);
#2184 = LINE('',#2185,#2186);
#2185 = CARTESIAN_POINT('',(-1.25,0.195,0.6));
#2186 = VECTOR('',#2187,1.);
#2187 = DIRECTION('',(-1.,0.,-1.301042606983E-14));
#2188 = ORIENTED_EDGE('',*,*,#1224,.F.);
#2189 = PLANE('',#2190);
#2190 = AXIS2_PLACEMENT_3D('',#2191,#2192,#2193);
#2191 = CARTESIAN_POINT('',(0.,0.195,0.));
#2192 = DIRECTION('',(0.,1.,-0.));
#2193 = DIRECTION('',(0.,0.,1.));
#2194 = ADVANCED_FACE('',(#2195),#2206,.F.);
#2195 = FACE_BOUND('',#2196,.T.);
#2196 = EDGE_LOOP('',(#2197,#2198,#2199,#2200));
#2197 = ORIENTED_EDGE('',*,*,#778,.T.);
#2198 = ORIENTED_EDGE('',*,*,#654,.F.);
#2199 = ORIENTED_EDGE('',*,*,#2183,.F.);
#2200 = ORIENTED_EDGE('',*,*,#2201,.T.);
#2201 = EDGE_CURVE('',#2176,#779,#2202,.T.);
#2202 = LINE('',#2203,#2204);
#2203 = CARTESIAN_POINT('',(-1.25,0.195,0.6));
#2204 = VECTOR('',#2205,1.);
#2205 = DIRECTION('',(-0.,-1.,-0.));
#2206 = PLANE('',#2207);
#2207 = AXIS2_PLACEMENT_3D('',#2208,#2209,#2210);
#2208 = CARTESIAN_POINT('',(-1.25,0.195,0.6));
#2209 = DIRECTION('',(-1.301042606983E-14,0.,1.));
#2210 = DIRECTION('',(1.,0.,1.301042606983E-14));
#2211 = ADVANCED_FACE('',(#2212),#2223,.F.);
#2212 = FACE_BOUND('',#2213,.T.);
#2213 = EDGE_LOOP('',(#2214,#2215,#2216,#2217));
#2214 = ORIENTED_EDGE('',*,*,#786,.T.);
#2215 = ORIENTED_EDGE('',*,*,#2201,.F.);
#2216 = ORIENTED_EDGE('',*,*,#2175,.F.);
#2217 = ORIENTED_EDGE('',*,*,#2218,.T.);
#2218 = EDGE_CURVE('',#2168,#787,#2219,.T.);
#2219 = LINE('',#2220,#2221);
#2220 = CARTESIAN_POINT('',(-1.25,0.195,0.4));
#2221 = VECTOR('',#2222,1.);
#2222 = DIRECTION('',(-0.,-1.,-0.));
#2223 = PLANE('',#2224);
#2224 = AXIS2_PLACEMENT_3D('',#2225,#2226,#2227);
#2225 = CARTESIAN_POINT('',(-1.25,0.195,0.4));
#2226 = DIRECTION('',(1.,0.,-1.084202172486E-15));
#2227 = DIRECTION('',(-1.084202172486E-15,0.,-1.));
#2228 = ADVANCED_FACE('',(#2229),#2235,.F.);
#2229 = FACE_BOUND('',#2230,.T.);
#2230 = EDGE_LOOP('',(#2231,#2232,#2233,#2234));
#2231 = ORIENTED_EDGE('',*,*,#794,.T.);
#2232 = ORIENTED_EDGE('',*,*,#2218,.F.);
#2233 = ORIENTED_EDGE('',*,*,#2167,.F.);
#2234 = ORIENTED_EDGE('',*,*,#582,.T.);
#2235 = PLANE('',#2236);
#2236 = AXIS2_PLACEMENT_3D('',#2237,#2238,#2239);
#2237 = CARTESIAN_POINT('',(-1.3,0.195,0.4));
#2238 = DIRECTION('',(3.252606517457E-15,0.,-1.));
#2239 = DIRECTION('',(-1.,0.,-3.252606517457E-15));
#2240 = MANIFOLD_SOLID_BREP('',#2241);
#2241 = CLOSED_SHELL('',(#2242,#2282,#2313,#2344,#2375,#2406,#2437,#2468
    ,#2490,#2506));
#2242 = ADVANCED_FACE('',(#2243),#2277,.T.);
#2243 = FACE_BOUND('',#2244,.T.);
#2244 = EDGE_LOOP('',(#2245,#2255,#2263,#2271));
#2245 = ORIENTED_EDGE('',*,*,#2246,.F.);
#2246 = EDGE_CURVE('',#2247,#2249,#2251,.T.);
#2247 = VERTEX_POINT('',#2248);
#2248 = CARTESIAN_POINT('',(-1.3,-0.,-0.39));
#2249 = VERTEX_POINT('',#2250);
#2250 = CARTESIAN_POINT('',(-1.5,-0.,-0.39));
#2251 = LINE('',#2252,#2253);
#2252 = CARTESIAN_POINT('',(-1.3,-0.,-0.39));
#2253 = VECTOR('',#2254,1.);
#2254 = DIRECTION('',(-1.,0.,-2.710505431214E-16));
#2255 = ORIENTED_EDGE('',*,*,#2256,.F.);
#2256 = EDGE_CURVE('',#2257,#2247,#2259,.T.);
#2257 = VERTEX_POINT('',#2258);
#2258 = CARTESIAN_POINT('',(-1.3,0.195,-0.39));
#2259 = LINE('',#2260,#2261);
#2260 = CARTESIAN_POINT('',(-1.3,0.195,-0.39));
#2261 = VECTOR('',#2262,1.);
#2262 = DIRECTION('',(0.,-1.,0.));
#2263 = ORIENTED_EDGE('',*,*,#2264,.T.);
#2264 = EDGE_CURVE('',#2257,#2265,#2267,.T.);
#2265 = VERTEX_POINT('',#2266);
#2266 = CARTESIAN_POINT('',(-1.5,0.195,-0.39));
#2267 = LINE('',#2268,#2269);
#2268 = CARTESIAN_POINT('',(-1.3,0.195,-0.39));
#2269 = VECTOR('',#2270,1.);
#2270 = DIRECTION('',(-1.,0.,-2.710505431214E-16));
#2271 = ORIENTED_EDGE('',*,*,#2272,.T.);
#2272 = EDGE_CURVE('',#2265,#2249,#2273,.T.);
#2273 = LINE('',#2274,#2275);
#2274 = CARTESIAN_POINT('',(-1.5,0.195,-0.39));
#2275 = VECTOR('',#2276,1.);
#2276 = DIRECTION('',(0.,-1.,0.));
#2277 = PLANE('',#2278);
#2278 = AXIS2_PLACEMENT_3D('',#2279,#2280,#2281);
#2279 = CARTESIAN_POINT('',(-1.3,0.195,-0.39));
#2280 = DIRECTION('',(-2.710505431214E-16,0.,1.));
#2281 = DIRECTION('',(1.,0.,2.710505431214E-16));
#2282 = ADVANCED_FACE('',(#2283),#2308,.T.);
#2283 = FACE_BOUND('',#2284,.T.);
#2284 = EDGE_LOOP('',(#2285,#2293,#2301,#2307));
#2285 = ORIENTED_EDGE('',*,*,#2286,.F.);
#2286 = EDGE_CURVE('',#2287,#2247,#2289,.T.);
#2287 = VERTEX_POINT('',#2288);
#2288 = CARTESIAN_POINT('',(-1.3,-0.,-0.4));
#2289 = LINE('',#2290,#2291);
#2290 = CARTESIAN_POINT('',(-1.3,-0.,-0.4));
#2291 = VECTOR('',#2292,1.);
#2292 = DIRECTION('',(0.,0.,1.));
#2293 = ORIENTED_EDGE('',*,*,#2294,.F.);
#2294 = EDGE_CURVE('',#2295,#2287,#2297,.T.);
#2295 = VERTEX_POINT('',#2296);
#2296 = CARTESIAN_POINT('',(-1.3,0.195,-0.4));
#2297 = LINE('',#2298,#2299);
#2298 = CARTESIAN_POINT('',(-1.3,0.195,-0.4));
#2299 = VECTOR('',#2300,1.);
#2300 = DIRECTION('',(0.,-1.,0.));
#2301 = ORIENTED_EDGE('',*,*,#2302,.T.);
#2302 = EDGE_CURVE('',#2295,#2257,#2303,.T.);
#2303 = LINE('',#2304,#2305);
#2304 = CARTESIAN_POINT('',(-1.3,0.195,-0.4));
#2305 = VECTOR('',#2306,1.);
#2306 = DIRECTION('',(0.,0.,1.));
#2307 = ORIENTED_EDGE('',*,*,#2256,.T.);
#2308 = PLANE('',#2309);
#2309 = AXIS2_PLACEMENT_3D('',#2310,#2311,#2312);
#2310 = CARTESIAN_POINT('',(-1.3,0.195,-0.4));
#2311 = DIRECTION('',(1.,0.,-0.));
#2312 = DIRECTION('',(-0.,0.,-1.));
#2313 = ADVANCED_FACE('',(#2314),#2339,.T.);
#2314 = FACE_BOUND('',#2315,.T.);
#2315 = EDGE_LOOP('',(#2316,#2324,#2332,#2338));
#2316 = ORIENTED_EDGE('',*,*,#2317,.F.);
#2317 = EDGE_CURVE('',#2318,#2287,#2320,.T.);
#2318 = VERTEX_POINT('',#2319);
#2319 = CARTESIAN_POINT('',(-1.25,-0.,-0.4));
#2320 = LINE('',#2321,#2322);
#2321 = CARTESIAN_POINT('',(-1.25,-0.,-0.4));
#2322 = VECTOR('',#2323,1.);
#2323 = DIRECTION('',(-1.,0.,-6.505213034913E-15));
#2324 = ORIENTED_EDGE('',*,*,#2325,.F.);
#2325 = EDGE_CURVE('',#2326,#2318,#2328,.T.);
#2326 = VERTEX_POINT('',#2327);
#2327 = CARTESIAN_POINT('',(-1.25,0.195,-0.4));
#2328 = LINE('',#2329,#2330);
#2329 = CARTESIAN_POINT('',(-1.25,0.195,-0.4));
#2330 = VECTOR('',#2331,1.);
#2331 = DIRECTION('',(0.,-1.,0.));
#2332 = ORIENTED_EDGE('',*,*,#2333,.T.);
#2333 = EDGE_CURVE('',#2326,#2295,#2334,.T.);
#2334 = LINE('',#2335,#2336);
#2335 = CARTESIAN_POINT('',(-1.25,0.195,-0.4));
#2336 = VECTOR('',#2337,1.);
#2337 = DIRECTION('',(-1.,0.,-6.505213034913E-15));
#2338 = ORIENTED_EDGE('',*,*,#2294,.T.);
#2339 = PLANE('',#2340);
#2340 = AXIS2_PLACEMENT_3D('',#2341,#2342,#2343);
#2341 = CARTESIAN_POINT('',(-1.25,0.195,-0.4));
#2342 = DIRECTION('',(-6.505213034913E-15,0.,1.));
#2343 = DIRECTION('',(1.,0.,6.505213034913E-15));
#2344 = ADVANCED_FACE('',(#2345),#2370,.T.);
#2345 = FACE_BOUND('',#2346,.T.);
#2346 = EDGE_LOOP('',(#2347,#2355,#2363,#2369));
#2347 = ORIENTED_EDGE('',*,*,#2348,.F.);
#2348 = EDGE_CURVE('',#2349,#2318,#2351,.T.);
#2349 = VERTEX_POINT('',#2350);
#2350 = CARTESIAN_POINT('',(-1.25,-0.,-0.65));
#2351 = LINE('',#2352,#2353);
#2352 = CARTESIAN_POINT('',(-1.25,-0.,-0.65));
#2353 = VECTOR('',#2354,1.);
#2354 = DIRECTION('',(0.,0.,1.));
#2355 = ORIENTED_EDGE('',*,*,#2356,.F.);
#2356 = EDGE_CURVE('',#2357,#2349,#2359,.T.);
#2357 = VERTEX_POINT('',#2358);
#2358 = CARTESIAN_POINT('',(-1.25,0.195,-0.65));
#2359 = LINE('',#2360,#2361);
#2360 = CARTESIAN_POINT('',(-1.25,0.195,-0.65));
#2361 = VECTOR('',#2362,1.);
#2362 = DIRECTION('',(0.,-1.,0.));
#2363 = ORIENTED_EDGE('',*,*,#2364,.T.);
#2364 = EDGE_CURVE('',#2357,#2326,#2365,.T.);
#2365 = LINE('',#2366,#2367);
#2366 = CARTESIAN_POINT('',(-1.25,0.195,-0.65));
#2367 = VECTOR('',#2368,1.);
#2368 = DIRECTION('',(0.,0.,1.));
#2369 = ORIENTED_EDGE('',*,*,#2325,.T.);
#2370 = PLANE('',#2371);
#2371 = AXIS2_PLACEMENT_3D('',#2372,#2373,#2374);
#2372 = CARTESIAN_POINT('',(-1.25,0.195,-0.65));
#2373 = DIRECTION('',(1.,0.,-0.));
#2374 = DIRECTION('',(-0.,0.,-1.));
#2375 = ADVANCED_FACE('',(#2376),#2401,.T.);
#2376 = FACE_BOUND('',#2377,.T.);
#2377 = EDGE_LOOP('',(#2378,#2386,#2394,#2400));
#2378 = ORIENTED_EDGE('',*,*,#2379,.F.);
#2379 = EDGE_CURVE('',#2380,#2349,#2382,.T.);
#2380 = VERTEX_POINT('',#2381);
#2381 = CARTESIAN_POINT('',(-1.3,-0.,-0.65));
#2382 = LINE('',#2383,#2384);
#2383 = CARTESIAN_POINT('',(-1.3,-0.,-0.65));
#2384 = VECTOR('',#2385,1.);
#2385 = DIRECTION('',(1.,0.,-8.673617379884E-15));
#2386 = ORIENTED_EDGE('',*,*,#2387,.F.);
#2387 = EDGE_CURVE('',#2388,#2380,#2390,.T.);
#2388 = VERTEX_POINT('',#2389);
#2389 = CARTESIAN_POINT('',(-1.3,0.195,-0.65));
#2390 = LINE('',#2391,#2392);
#2391 = CARTESIAN_POINT('',(-1.3,0.195,-0.65));
#2392 = VECTOR('',#2393,1.);
#2393 = DIRECTION('',(0.,-1.,0.));
#2394 = ORIENTED_EDGE('',*,*,#2395,.T.);
#2395 = EDGE_CURVE('',#2388,#2357,#2396,.T.);
#2396 = LINE('',#2397,#2398);
#2397 = CARTESIAN_POINT('',(-1.3,0.195,-0.65));
#2398 = VECTOR('',#2399,1.);
#2399 = DIRECTION('',(1.,0.,-8.673617379884E-15));
#2400 = ORIENTED_EDGE('',*,*,#2356,.T.);
#2401 = PLANE('',#2402);
#2402 = AXIS2_PLACEMENT_3D('',#2403,#2404,#2405);
#2403 = CARTESIAN_POINT('',(-1.3,0.195,-0.65));
#2404 = DIRECTION('',(-8.673617379884E-15,0.,-1.));
#2405 = DIRECTION('',(-1.,0.,8.673617379884E-15));
#2406 = ADVANCED_FACE('',(#2407),#2432,.T.);
#2407 = FACE_BOUND('',#2408,.T.);
#2408 = EDGE_LOOP('',(#2409,#2417,#2425,#2431));
#2409 = ORIENTED_EDGE('',*,*,#2410,.F.);
#2410 = EDGE_CURVE('',#2411,#2380,#2413,.T.);
#2411 = VERTEX_POINT('',#2412);
#2412 = CARTESIAN_POINT('',(-1.3,-0.,-0.66));
#2413 = LINE('',#2414,#2415);
#2414 = CARTESIAN_POINT('',(-1.3,-0.,-0.66));
#2415 = VECTOR('',#2416,1.);
#2416 = DIRECTION('',(0.,0.,1.));
#2417 = ORIENTED_EDGE('',*,*,#2418,.F.);
#2418 = EDGE_CURVE('',#2419,#2411,#2421,.T.);
#2419 = VERTEX_POINT('',#2420);
#2420 = CARTESIAN_POINT('',(-1.3,0.195,-0.66));
#2421 = LINE('',#2422,#2423);
#2422 = CARTESIAN_POINT('',(-1.3,0.195,-0.66));
#2423 = VECTOR('',#2424,1.);
#2424 = DIRECTION('',(0.,-1.,0.));
#2425 = ORIENTED_EDGE('',*,*,#2426,.T.);
#2426 = EDGE_CURVE('',#2419,#2388,#2427,.T.);
#2427 = LINE('',#2428,#2429);
#2428 = CARTESIAN_POINT('',(-1.3,0.195,-0.66));
#2429 = VECTOR('',#2430,1.);
#2430 = DIRECTION('',(0.,0.,1.));
#2431 = ORIENTED_EDGE('',*,*,#2387,.T.);
#2432 = PLANE('',#2433);
#2433 = AXIS2_PLACEMENT_3D('',#2434,#2435,#2436);
#2434 = CARTESIAN_POINT('',(-1.3,0.195,-0.66));
#2435 = DIRECTION('',(1.,0.,-0.));
#2436 = DIRECTION('',(-0.,0.,-1.));
#2437 = ADVANCED_FACE('',(#2438),#2463,.T.);
#2438 = FACE_BOUND('',#2439,.T.);
#2439 = EDGE_LOOP('',(#2440,#2448,#2456,#2462));
#2440 = ORIENTED_EDGE('',*,*,#2441,.F.);
#2441 = EDGE_CURVE('',#2442,#2411,#2444,.T.);
#2442 = VERTEX_POINT('',#2443);
#2443 = CARTESIAN_POINT('',(-1.5,-0.,-0.66));
#2444 = LINE('',#2445,#2446);
#2445 = CARTESIAN_POINT('',(-1.5,-0.,-0.66));
#2446 = VECTOR('',#2447,1.);
#2447 = DIRECTION('',(1.,0.,0.));
#2448 = ORIENTED_EDGE('',*,*,#2449,.F.);
#2449 = EDGE_CURVE('',#2450,#2442,#2452,.T.);
#2450 = VERTEX_POINT('',#2451);
#2451 = CARTESIAN_POINT('',(-1.5,0.195,-0.66));
#2452 = LINE('',#2453,#2454);
#2453 = CARTESIAN_POINT('',(-1.5,0.195,-0.66));
#2454 = VECTOR('',#2455,1.);
#2455 = DIRECTION('',(0.,-1.,0.));
#2456 = ORIENTED_EDGE('',*,*,#2457,.T.);
#2457 = EDGE_CURVE('',#2450,#2419,#2458,.T.);
#2458 = LINE('',#2459,#2460);
#2459 = CARTESIAN_POINT('',(-1.5,0.195,-0.66));
#2460 = VECTOR('',#2461,1.);
#2461 = DIRECTION('',(1.,0.,0.));
#2462 = ORIENTED_EDGE('',*,*,#2418,.T.);
#2463 = PLANE('',#2464);
#2464 = AXIS2_PLACEMENT_3D('',#2465,#2466,#2467);
#2465 = CARTESIAN_POINT('',(-1.5,0.195,-0.66));
#2466 = DIRECTION('',(0.,0.,-1.));
#2467 = DIRECTION('',(-1.,0.,-0.));
#2468 = ADVANCED_FACE('',(#2469),#2485,.T.);
#2469 = FACE_BOUND('',#2470,.T.);
#2470 = EDGE_LOOP('',(#2471,#2477,#2478,#2484));
#2471 = ORIENTED_EDGE('',*,*,#2472,.F.);
#2472 = EDGE_CURVE('',#2249,#2442,#2473,.T.);
#2473 = LINE('',#2474,#2475);
#2474 = CARTESIAN_POINT('',(-1.5,-0.,-0.39));
#2475 = VECTOR('',#2476,1.);
#2476 = DIRECTION('',(0.,0.,-1.));
#2477 = ORIENTED_EDGE('',*,*,#2272,.F.);
#2478 = ORIENTED_EDGE('',*,*,#2479,.T.);
#2479 = EDGE_CURVE('',#2265,#2450,#2480,.T.);
#2480 = LINE('',#2481,#2482);
#2481 = CARTESIAN_POINT('',(-1.5,0.195,-0.39));
#2482 = VECTOR('',#2483,1.);
#2483 = DIRECTION('',(0.,0.,-1.));
#2484 = ORIENTED_EDGE('',*,*,#2449,.T.);
#2485 = PLANE('',#2486);
#2486 = AXIS2_PLACEMENT_3D('',#2487,#2488,#2489);
#2487 = CARTESIAN_POINT('',(-1.5,0.195,-0.39));
#2488 = DIRECTION('',(-1.,0.,-0.));
#2489 = DIRECTION('',(0.,0.,1.));
#2490 = ADVANCED_FACE('',(#2491),#2501,.F.);
#2491 = FACE_BOUND('',#2492,.T.);
#2492 = EDGE_LOOP('',(#2493,#2494,#2495,#2496,#2497,#2498,#2499,#2500));
#2493 = ORIENTED_EDGE('',*,*,#2264,.F.);
#2494 = ORIENTED_EDGE('',*,*,#2302,.F.);
#2495 = ORIENTED_EDGE('',*,*,#2333,.F.);
#2496 = ORIENTED_EDGE('',*,*,#2364,.F.);
#2497 = ORIENTED_EDGE('',*,*,#2395,.F.);
#2498 = ORIENTED_EDGE('',*,*,#2426,.F.);
#2499 = ORIENTED_EDGE('',*,*,#2457,.F.);
#2500 = ORIENTED_EDGE('',*,*,#2479,.F.);
#2501 = PLANE('',#2502);
#2502 = AXIS2_PLACEMENT_3D('',#2503,#2504,#2505);
#2503 = CARTESIAN_POINT('',(0.,0.195,0.));
#2504 = DIRECTION('',(0.,-1.,0.));
#2505 = DIRECTION('',(0.,0.,-1.));
#2506 = ADVANCED_FACE('',(#2507),#2517,.T.);
#2507 = FACE_BOUND('',#2508,.T.);
#2508 = EDGE_LOOP('',(#2509,#2510,#2511,#2512,#2513,#2514,#2515,#2516));
#2509 = ORIENTED_EDGE('',*,*,#2246,.T.);
#2510 = ORIENTED_EDGE('',*,*,#2472,.T.);
#2511 = ORIENTED_EDGE('',*,*,#2441,.T.);
#2512 = ORIENTED_EDGE('',*,*,#2410,.T.);
#2513 = ORIENTED_EDGE('',*,*,#2379,.T.);
#2514 = ORIENTED_EDGE('',*,*,#2348,.T.);
#2515 = ORIENTED_EDGE('',*,*,#2317,.T.);
#2516 = ORIENTED_EDGE('',*,*,#2286,.T.);
#2517 = PLANE('',#2518);
#2518 = AXIS2_PLACEMENT_3D('',#2519,#2520,#2521);
#2519 = CARTESIAN_POINT('',(0.,0.,0.));
#2520 = DIRECTION('',(0.,-1.,0.));
#2521 = DIRECTION('',(0.,0.,-1.));
#2522 = MANIFOLD_SOLID_BREP('',#2523);
#2523 = CLOSED_SHELL('',(#2524,#2564,#2595,#2626,#2657,#2688,#2719,#2750
    ,#2772,#2788));
#2524 = ADVANCED_FACE('',(#2525),#2559,.T.);
#2525 = FACE_BOUND('',#2526,.T.);
#2526 = EDGE_LOOP('',(#2527,#2537,#2545,#2553));
#2527 = ORIENTED_EDGE('',*,*,#2528,.F.);
#2528 = EDGE_CURVE('',#2529,#2531,#2533,.T.);
#2529 = VERTEX_POINT('',#2530);
#2530 = CARTESIAN_POINT('',(-1.25,0.,0.6));
#2531 = VERTEX_POINT('',#2532);
#2532 = CARTESIAN_POINT('',(-1.3,0.,0.6));
#2533 = LINE('',#2534,#2535);
#2534 = CARTESIAN_POINT('',(-1.25,0.,0.6));
#2535 = VECTOR('',#2536,1.);
#2536 = DIRECTION('',(-1.,0.,-1.301042606983E-14));
#2537 = ORIENTED_EDGE('',*,*,#2538,.F.);
#2538 = EDGE_CURVE('',#2539,#2529,#2541,.T.);
#2539 = VERTEX_POINT('',#2540);
#2540 = CARTESIAN_POINT('',(-1.25,0.195,0.6));
#2541 = LINE('',#2542,#2543);
#2542 = CARTESIAN_POINT('',(-1.25,0.195,0.6));
#2543 = VECTOR('',#2544,1.);
#2544 = DIRECTION('',(0.,-1.,0.));
#2545 = ORIENTED_EDGE('',*,*,#2546,.T.);
#2546 = EDGE_CURVE('',#2539,#2547,#2549,.T.);
#2547 = VERTEX_POINT('',#2548);
#2548 = CARTESIAN_POINT('',(-1.3,0.195,0.6));
#2549 = LINE('',#2550,#2551);
#2550 = CARTESIAN_POINT('',(-1.25,0.195,0.6));
#2551 = VECTOR('',#2552,1.);
#2552 = DIRECTION('',(-1.,0.,-1.301042606983E-14));
#2553 = ORIENTED_EDGE('',*,*,#2554,.T.);
#2554 = EDGE_CURVE('',#2547,#2531,#2555,.T.);
#2555 = LINE('',#2556,#2557);
#2556 = CARTESIAN_POINT('',(-1.3,0.195,0.6));
#2557 = VECTOR('',#2558,1.);
#2558 = DIRECTION('',(0.,-1.,0.));
#2559 = PLANE('',#2560);
#2560 = AXIS2_PLACEMENT_3D('',#2561,#2562,#2563);
#2561 = CARTESIAN_POINT('',(-1.25,0.195,0.6));
#2562 = DIRECTION('',(-1.301042606983E-14,0.,1.));
#2563 = DIRECTION('',(1.,0.,1.301042606983E-14));
#2564 = ADVANCED_FACE('',(#2565),#2590,.T.);
#2565 = FACE_BOUND('',#2566,.T.);
#2566 = EDGE_LOOP('',(#2567,#2575,#2583,#2589));
#2567 = ORIENTED_EDGE('',*,*,#2568,.F.);
#2568 = EDGE_CURVE('',#2569,#2529,#2571,.T.);
#2569 = VERTEX_POINT('',#2570);
#2570 = CARTESIAN_POINT('',(-1.25,0.,0.4));
#2571 = LINE('',#2572,#2573);
#2572 = CARTESIAN_POINT('',(-1.25,0.,0.4));
#2573 = VECTOR('',#2574,1.);
#2574 = DIRECTION('',(1.084202172486E-15,0.,1.));
#2575 = ORIENTED_EDGE('',*,*,#2576,.F.);
#2576 = EDGE_CURVE('',#2577,#2569,#2579,.T.);
#2577 = VERTEX_POINT('',#2578);
#2578 = CARTESIAN_POINT('',(-1.25,0.195,0.4));
#2579 = LINE('',#2580,#2581);
#2580 = CARTESIAN_POINT('',(-1.25,0.195,0.4));
#2581 = VECTOR('',#2582,1.);
#2582 = DIRECTION('',(0.,-1.,0.));
#2583 = ORIENTED_EDGE('',*,*,#2584,.T.);
#2584 = EDGE_CURVE('',#2577,#2539,#2585,.T.);
#2585 = LINE('',#2586,#2587);
#2586 = CARTESIAN_POINT('',(-1.25,0.195,0.4));
#2587 = VECTOR('',#2588,1.);
#2588 = DIRECTION('',(1.084202172486E-15,0.,1.));
#2589 = ORIENTED_EDGE('',*,*,#2538,.T.);
#2590 = PLANE('',#2591);
#2591 = AXIS2_PLACEMENT_3D('',#2592,#2593,#2594);
#2592 = CARTESIAN_POINT('',(-1.25,0.195,0.4));
#2593 = DIRECTION('',(1.,0.,-1.084202172486E-15));
#2594 = DIRECTION('',(-1.084202172486E-15,0.,-1.));
#2595 = ADVANCED_FACE('',(#2596),#2621,.T.);
#2596 = FACE_BOUND('',#2597,.T.);
#2597 = EDGE_LOOP('',(#2598,#2606,#2614,#2620));
#2598 = ORIENTED_EDGE('',*,*,#2599,.F.);
#2599 = EDGE_CURVE('',#2600,#2569,#2602,.T.);
#2600 = VERTEX_POINT('',#2601);
#2601 = CARTESIAN_POINT('',(-1.3,0.,0.4));
#2602 = LINE('',#2603,#2604);
#2603 = CARTESIAN_POINT('',(-1.3,0.,0.4));
#2604 = VECTOR('',#2605,1.);
#2605 = DIRECTION('',(1.,0.,3.252606517457E-15));
#2606 = ORIENTED_EDGE('',*,*,#2607,.F.);
#2607 = EDGE_CURVE('',#2608,#2600,#2610,.T.);
#2608 = VERTEX_POINT('',#2609);
#2609 = CARTESIAN_POINT('',(-1.3,0.195,0.4));
#2610 = LINE('',#2611,#2612);
#2611 = CARTESIAN_POINT('',(-1.3,0.195,0.4));
#2612 = VECTOR('',#2613,1.);
#2613 = DIRECTION('',(0.,-1.,0.));
#2614 = ORIENTED_EDGE('',*,*,#2615,.T.);
#2615 = EDGE_CURVE('',#2608,#2577,#2616,.T.);
#2616 = LINE('',#2617,#2618);
#2617 = CARTESIAN_POINT('',(-1.3,0.195,0.4));
#2618 = VECTOR('',#2619,1.);
#2619 = DIRECTION('',(1.,0.,3.252606517457E-15));
#2620 = ORIENTED_EDGE('',*,*,#2576,.T.);
#2621 = PLANE('',#2622);
#2622 = AXIS2_PLACEMENT_3D('',#2623,#2624,#2625);
#2623 = CARTESIAN_POINT('',(-1.3,0.195,0.4));
#2624 = DIRECTION('',(3.252606517457E-15,0.,-1.));
#2625 = DIRECTION('',(-1.,0.,-3.252606517457E-15));
#2626 = ADVANCED_FACE('',(#2627),#2652,.T.);
#2627 = FACE_BOUND('',#2628,.T.);
#2628 = EDGE_LOOP('',(#2629,#2637,#2645,#2651));
#2629 = ORIENTED_EDGE('',*,*,#2630,.F.);
#2630 = EDGE_CURVE('',#2631,#2600,#2633,.T.);
#2631 = VERTEX_POINT('',#2632);
#2632 = CARTESIAN_POINT('',(-1.3,0.,0.39));
#2633 = LINE('',#2634,#2635);
#2634 = CARTESIAN_POINT('',(-1.3,0.,0.39));
#2635 = VECTOR('',#2636,1.);
#2636 = DIRECTION('',(0.,0.,1.));
#2637 = ORIENTED_EDGE('',*,*,#2638,.F.);
#2638 = EDGE_CURVE('',#2639,#2631,#2641,.T.);
#2639 = VERTEX_POINT('',#2640);
#2640 = CARTESIAN_POINT('',(-1.3,0.195,0.39));
#2641 = LINE('',#2642,#2643);
#2642 = CARTESIAN_POINT('',(-1.3,0.195,0.39));
#2643 = VECTOR('',#2644,1.);
#2644 = DIRECTION('',(0.,-1.,0.));
#2645 = ORIENTED_EDGE('',*,*,#2646,.T.);
#2646 = EDGE_CURVE('',#2639,#2608,#2647,.T.);
#2647 = LINE('',#2648,#2649);
#2648 = CARTESIAN_POINT('',(-1.3,0.195,0.39));
#2649 = VECTOR('',#2650,1.);
#2650 = DIRECTION('',(0.,0.,1.));
#2651 = ORIENTED_EDGE('',*,*,#2607,.T.);
#2652 = PLANE('',#2653);
#2653 = AXIS2_PLACEMENT_3D('',#2654,#2655,#2656);
#2654 = CARTESIAN_POINT('',(-1.3,0.195,0.39));
#2655 = DIRECTION('',(1.,0.,-0.));
#2656 = DIRECTION('',(-0.,0.,-1.));
#2657 = ADVANCED_FACE('',(#2658),#2683,.T.);
#2658 = FACE_BOUND('',#2659,.T.);
#2659 = EDGE_LOOP('',(#2660,#2668,#2676,#2682));
#2660 = ORIENTED_EDGE('',*,*,#2661,.F.);
#2661 = EDGE_CURVE('',#2662,#2631,#2664,.T.);
#2662 = VERTEX_POINT('',#2663);
#2663 = CARTESIAN_POINT('',(-1.5,0.,0.39));
#2664 = LINE('',#2665,#2666);
#2665 = CARTESIAN_POINT('',(-1.5,0.,0.39));
#2666 = VECTOR('',#2667,1.);
#2667 = DIRECTION('',(1.,0.,0.));
#2668 = ORIENTED_EDGE('',*,*,#2669,.F.);
#2669 = EDGE_CURVE('',#2670,#2662,#2672,.T.);
#2670 = VERTEX_POINT('',#2671);
#2671 = CARTESIAN_POINT('',(-1.5,0.195,0.39));
#2672 = LINE('',#2673,#2674);
#2673 = CARTESIAN_POINT('',(-1.5,0.195,0.39));
#2674 = VECTOR('',#2675,1.);
#2675 = DIRECTION('',(0.,-1.,0.));
#2676 = ORIENTED_EDGE('',*,*,#2677,.T.);
#2677 = EDGE_CURVE('',#2670,#2639,#2678,.T.);
#2678 = LINE('',#2679,#2680);
#2679 = CARTESIAN_POINT('',(-1.5,0.195,0.39));
#2680 = VECTOR('',#2681,1.);
#2681 = DIRECTION('',(1.,0.,0.));
#2682 = ORIENTED_EDGE('',*,*,#2638,.T.);
#2683 = PLANE('',#2684);
#2684 = AXIS2_PLACEMENT_3D('',#2685,#2686,#2687);
#2685 = CARTESIAN_POINT('',(-1.5,0.195,0.39));
#2686 = DIRECTION('',(0.,0.,-1.));
#2687 = DIRECTION('',(-1.,0.,-0.));
#2688 = ADVANCED_FACE('',(#2689),#2714,.T.);
#2689 = FACE_BOUND('',#2690,.T.);
#2690 = EDGE_LOOP('',(#2691,#2699,#2707,#2713));
#2691 = ORIENTED_EDGE('',*,*,#2692,.F.);
#2692 = EDGE_CURVE('',#2693,#2662,#2695,.T.);
#2693 = VERTEX_POINT('',#2694);
#2694 = CARTESIAN_POINT('',(-1.5,0.,0.61));
#2695 = LINE('',#2696,#2697);
#2696 = CARTESIAN_POINT('',(-1.5,0.,0.61));
#2697 = VECTOR('',#2698,1.);
#2698 = DIRECTION('',(0.,0.,-1.));
#2699 = ORIENTED_EDGE('',*,*,#2700,.F.);
#2700 = EDGE_CURVE('',#2701,#2693,#2703,.T.);
#2701 = VERTEX_POINT('',#2702);
#2702 = CARTESIAN_POINT('',(-1.5,0.195,0.61));
#2703 = LINE('',#2704,#2705);
#2704 = CARTESIAN_POINT('',(-1.5,0.195,0.61));
#2705 = VECTOR('',#2706,1.);
#2706 = DIRECTION('',(0.,-1.,0.));
#2707 = ORIENTED_EDGE('',*,*,#2708,.T.);
#2708 = EDGE_CURVE('',#2701,#2670,#2709,.T.);
#2709 = LINE('',#2710,#2711);
#2710 = CARTESIAN_POINT('',(-1.5,0.195,0.61));
#2711 = VECTOR('',#2712,1.);
#2712 = DIRECTION('',(0.,0.,-1.));
#2713 = ORIENTED_EDGE('',*,*,#2669,.T.);
#2714 = PLANE('',#2715);
#2715 = AXIS2_PLACEMENT_3D('',#2716,#2717,#2718);
#2716 = CARTESIAN_POINT('',(-1.5,0.195,0.61));
#2717 = DIRECTION('',(-1.,0.,-0.));
#2718 = DIRECTION('',(0.,0.,1.));
#2719 = ADVANCED_FACE('',(#2720),#2745,.T.);
#2720 = FACE_BOUND('',#2721,.T.);
#2721 = EDGE_LOOP('',(#2722,#2730,#2738,#2744));
#2722 = ORIENTED_EDGE('',*,*,#2723,.F.);
#2723 = EDGE_CURVE('',#2724,#2693,#2726,.T.);
#2724 = VERTEX_POINT('',#2725);
#2725 = CARTESIAN_POINT('',(-1.3,0.,0.61));
#2726 = LINE('',#2727,#2728);
#2727 = CARTESIAN_POINT('',(-1.3,0.,0.61));
#2728 = VECTOR('',#2729,1.);
#2729 = DIRECTION('',(-1.,0.,0.));
#2730 = ORIENTED_EDGE('',*,*,#2731,.F.);
#2731 = EDGE_CURVE('',#2732,#2724,#2734,.T.);
#2732 = VERTEX_POINT('',#2733);
#2733 = CARTESIAN_POINT('',(-1.3,0.195,0.61));
#2734 = LINE('',#2735,#2736);
#2735 = CARTESIAN_POINT('',(-1.3,0.195,0.61));
#2736 = VECTOR('',#2737,1.);
#2737 = DIRECTION('',(0.,-1.,0.));
#2738 = ORIENTED_EDGE('',*,*,#2739,.T.);
#2739 = EDGE_CURVE('',#2732,#2701,#2740,.T.);
#2740 = LINE('',#2741,#2742);
#2741 = CARTESIAN_POINT('',(-1.3,0.195,0.61));
#2742 = VECTOR('',#2743,1.);
#2743 = DIRECTION('',(-1.,0.,0.));
#2744 = ORIENTED_EDGE('',*,*,#2700,.T.);
#2745 = PLANE('',#2746);
#2746 = AXIS2_PLACEMENT_3D('',#2747,#2748,#2749);
#2747 = CARTESIAN_POINT('',(-1.3,0.195,0.61));
#2748 = DIRECTION('',(0.,0.,1.));
#2749 = DIRECTION('',(1.,0.,-0.));
#2750 = ADVANCED_FACE('',(#2751),#2767,.T.);
#2751 = FACE_BOUND('',#2752,.T.);
#2752 = EDGE_LOOP('',(#2753,#2759,#2760,#2766));
#2753 = ORIENTED_EDGE('',*,*,#2754,.F.);
#2754 = EDGE_CURVE('',#2531,#2724,#2755,.T.);
#2755 = LINE('',#2756,#2757);
#2756 = CARTESIAN_POINT('',(-1.3,0.,0.6));
#2757 = VECTOR('',#2758,1.);
#2758 = DIRECTION('',(0.,0.,1.));
#2759 = ORIENTED_EDGE('',*,*,#2554,.F.);
#2760 = ORIENTED_EDGE('',*,*,#2761,.T.);
#2761 = EDGE_CURVE('',#2547,#2732,#2762,.T.);
#2762 = LINE('',#2763,#2764);
#2763 = CARTESIAN_POINT('',(-1.3,0.195,0.6));
#2764 = VECTOR('',#2765,1.);
#2765 = DIRECTION('',(0.,0.,1.));
#2766 = ORIENTED_EDGE('',*,*,#2731,.T.);
#2767 = PLANE('',#2768);
#2768 = AXIS2_PLACEMENT_3D('',#2769,#2770,#2771);
#2769 = CARTESIAN_POINT('',(-1.3,0.195,0.6));
#2770 = DIRECTION('',(1.,0.,-0.));
#2771 = DIRECTION('',(-0.,0.,-1.));
#2772 = ADVANCED_FACE('',(#2773),#2783,.T.);
#2773 = FACE_BOUND('',#2774,.T.);
#2774 = EDGE_LOOP('',(#2775,#2776,#2777,#2778,#2779,#2780,#2781,#2782));
#2775 = ORIENTED_EDGE('',*,*,#2546,.F.);
#2776 = ORIENTED_EDGE('',*,*,#2584,.F.);
#2777 = ORIENTED_EDGE('',*,*,#2615,.F.);
#2778 = ORIENTED_EDGE('',*,*,#2646,.F.);
#2779 = ORIENTED_EDGE('',*,*,#2677,.F.);
#2780 = ORIENTED_EDGE('',*,*,#2708,.F.);
#2781 = ORIENTED_EDGE('',*,*,#2739,.F.);
#2782 = ORIENTED_EDGE('',*,*,#2761,.F.);
#2783 = PLANE('',#2784);
#2784 = AXIS2_PLACEMENT_3D('',#2785,#2786,#2787);
#2785 = CARTESIAN_POINT('',(0.,0.195,0.));
#2786 = DIRECTION('',(0.,1.,-0.));
#2787 = DIRECTION('',(0.,0.,1.));
#2788 = ADVANCED_FACE('',(#2789),#2799,.F.);
#2789 = FACE_BOUND('',#2790,.T.);
#2790 = EDGE_LOOP('',(#2791,#2792,#2793,#2794,#2795,#2796,#2797,#2798));
#2791 = ORIENTED_EDGE('',*,*,#2528,.T.);
#2792 = ORIENTED_EDGE('',*,*,#2754,.T.);
#2793 = ORIENTED_EDGE('',*,*,#2723,.T.);
#2794 = ORIENTED_EDGE('',*,*,#2692,.T.);
#2795 = ORIENTED_EDGE('',*,*,#2661,.T.);
#2796 = ORIENTED_EDGE('',*,*,#2630,.T.);
#2797 = ORIENTED_EDGE('',*,*,#2599,.T.);
#2798 = ORIENTED_EDGE('',*,*,#2568,.T.);
#2799 = PLANE('',#2800);
#2800 = AXIS2_PLACEMENT_3D('',#2801,#2802,#2803);
#2801 = CARTESIAN_POINT('',(0.,0.,0.));
#2802 = DIRECTION('',(0.,1.,-0.));
#2803 = DIRECTION('',(0.,0.,1.));
#2804 = MANIFOLD_SOLID_BREP('',#2805);
#2805 = CLOSED_SHELL('',(#2806,#2846,#2877,#2908,#2939,#2970,#3001,#3032
    ,#3054,#3070));
#2806 = ADVANCED_FACE('',(#2807),#2841,.T.);
#2807 = FACE_BOUND('',#2808,.T.);
#2808 = EDGE_LOOP('',(#2809,#2819,#2827,#2835));
#2809 = ORIENTED_EDGE('',*,*,#2810,.F.);
#2810 = EDGE_CURVE('',#2811,#2813,#2815,.T.);
#2811 = VERTEX_POINT('',#2812);
#2812 = CARTESIAN_POINT('',(-1.25,0.,0.1));
#2813 = VERTEX_POINT('',#2814);
#2814 = CARTESIAN_POINT('',(-1.3,0.,1.E-01));
#2815 = LINE('',#2816,#2817);
#2816 = CARTESIAN_POINT('',(-1.25,0.,0.1));
#2817 = VECTOR('',#2818,1.);
#2818 = DIRECTION('',(-1.,0.,-1.301042606983E-14));
#2819 = ORIENTED_EDGE('',*,*,#2820,.F.);
#2820 = EDGE_CURVE('',#2821,#2811,#2823,.T.);
#2821 = VERTEX_POINT('',#2822);
#2822 = CARTESIAN_POINT('',(-1.25,0.195,0.1));
#2823 = LINE('',#2824,#2825);
#2824 = CARTESIAN_POINT('',(-1.25,0.195,0.1));
#2825 = VECTOR('',#2826,1.);
#2826 = DIRECTION('',(0.,-1.,0.));
#2827 = ORIENTED_EDGE('',*,*,#2828,.T.);
#2828 = EDGE_CURVE('',#2821,#2829,#2831,.T.);
#2829 = VERTEX_POINT('',#2830);
#2830 = CARTESIAN_POINT('',(-1.3,0.195,1.E-01));
#2831 = LINE('',#2832,#2833);
#2832 = CARTESIAN_POINT('',(-1.25,0.195,0.1));
#2833 = VECTOR('',#2834,1.);
#2834 = DIRECTION('',(-1.,0.,-1.301042606983E-14));
#2835 = ORIENTED_EDGE('',*,*,#2836,.T.);
#2836 = EDGE_CURVE('',#2829,#2813,#2837,.T.);
#2837 = LINE('',#2838,#2839);
#2838 = CARTESIAN_POINT('',(-1.3,0.195,1.E-01));
#2839 = VECTOR('',#2840,1.);
#2840 = DIRECTION('',(0.,-1.,0.));
#2841 = PLANE('',#2842);
#2842 = AXIS2_PLACEMENT_3D('',#2843,#2844,#2845);
#2843 = CARTESIAN_POINT('',(-1.25,0.195,0.1));
#2844 = DIRECTION('',(-1.301042606983E-14,0.,1.));
#2845 = DIRECTION('',(1.,0.,1.301042606983E-14));
#2846 = ADVANCED_FACE('',(#2847),#2872,.T.);
#2847 = FACE_BOUND('',#2848,.T.);
#2848 = EDGE_LOOP('',(#2849,#2857,#2865,#2871));
#2849 = ORIENTED_EDGE('',*,*,#2850,.F.);
#2850 = EDGE_CURVE('',#2851,#2811,#2853,.T.);
#2851 = VERTEX_POINT('',#2852);
#2852 = CARTESIAN_POINT('',(-1.25,-0.,-1.E-01));
#2853 = LINE('',#2854,#2855);
#2854 = CARTESIAN_POINT('',(-1.25,-0.,-1.E-01));
#2855 = VECTOR('',#2856,1.);
#2856 = DIRECTION('',(1.084202172486E-15,0.,1.));
#2857 = ORIENTED_EDGE('',*,*,#2858,.F.);
#2858 = EDGE_CURVE('',#2859,#2851,#2861,.T.);
#2859 = VERTEX_POINT('',#2860);
#2860 = CARTESIAN_POINT('',(-1.25,0.195,-1.E-01));
#2861 = LINE('',#2862,#2863);
#2862 = CARTESIAN_POINT('',(-1.25,0.195,-1.E-01));
#2863 = VECTOR('',#2864,1.);
#2864 = DIRECTION('',(0.,-1.,0.));
#2865 = ORIENTED_EDGE('',*,*,#2866,.T.);
#2866 = EDGE_CURVE('',#2859,#2821,#2867,.T.);
#2867 = LINE('',#2868,#2869);
#2868 = CARTESIAN_POINT('',(-1.25,0.195,-1.E-01));
#2869 = VECTOR('',#2870,1.);
#2870 = DIRECTION('',(1.084202172486E-15,0.,1.));
#2871 = ORIENTED_EDGE('',*,*,#2820,.T.);
#2872 = PLANE('',#2873);
#2873 = AXIS2_PLACEMENT_3D('',#2874,#2875,#2876);
#2874 = CARTESIAN_POINT('',(-1.25,0.195,-1.E-01));
#2875 = DIRECTION('',(1.,0.,-1.084202172486E-15));
#2876 = DIRECTION('',(-1.084202172486E-15,0.,-1.));
#2877 = ADVANCED_FACE('',(#2878),#2903,.T.);
#2878 = FACE_BOUND('',#2879,.T.);
#2879 = EDGE_LOOP('',(#2880,#2888,#2896,#2902));
#2880 = ORIENTED_EDGE('',*,*,#2881,.F.);
#2881 = EDGE_CURVE('',#2882,#2851,#2884,.T.);
#2882 = VERTEX_POINT('',#2883);
#2883 = CARTESIAN_POINT('',(-1.3,-0.,-0.1));
#2884 = LINE('',#2885,#2886);
#2885 = CARTESIAN_POINT('',(-1.3,-0.,-0.1));
#2886 = VECTOR('',#2887,1.);
#2887 = DIRECTION('',(1.,0.,5.421010862428E-15));
#2888 = ORIENTED_EDGE('',*,*,#2889,.F.);
#2889 = EDGE_CURVE('',#2890,#2882,#2892,.T.);
#2890 = VERTEX_POINT('',#2891);
#2891 = CARTESIAN_POINT('',(-1.3,0.195,-0.1));
#2892 = LINE('',#2893,#2894);
#2893 = CARTESIAN_POINT('',(-1.3,0.195,-0.1));
#2894 = VECTOR('',#2895,1.);
#2895 = DIRECTION('',(0.,-1.,0.));
#2896 = ORIENTED_EDGE('',*,*,#2897,.T.);
#2897 = EDGE_CURVE('',#2890,#2859,#2898,.T.);
#2898 = LINE('',#2899,#2900);
#2899 = CARTESIAN_POINT('',(-1.3,0.195,-0.1));
#2900 = VECTOR('',#2901,1.);
#2901 = DIRECTION('',(1.,0.,5.421010862428E-15));
#2902 = ORIENTED_EDGE('',*,*,#2858,.T.);
#2903 = PLANE('',#2904);
#2904 = AXIS2_PLACEMENT_3D('',#2905,#2906,#2907);
#2905 = CARTESIAN_POINT('',(-1.3,0.195,-0.1));
#2906 = DIRECTION('',(5.421010862428E-15,0.,-1.));
#2907 = DIRECTION('',(-1.,0.,-5.421010862428E-15));
#2908 = ADVANCED_FACE('',(#2909),#2934,.T.);
#2909 = FACE_BOUND('',#2910,.T.);
#2910 = EDGE_LOOP('',(#2911,#2919,#2927,#2933));
#2911 = ORIENTED_EDGE('',*,*,#2912,.F.);
#2912 = EDGE_CURVE('',#2913,#2882,#2915,.T.);
#2913 = VERTEX_POINT('',#2914);
#2914 = CARTESIAN_POINT('',(-1.3,-0.,-0.11));
#2915 = LINE('',#2916,#2917);
#2916 = CARTESIAN_POINT('',(-1.3,-0.,-0.11));
#2917 = VECTOR('',#2918,1.);
#2918 = DIRECTION('',(0.,0.,1.));
#2919 = ORIENTED_EDGE('',*,*,#2920,.F.);
#2920 = EDGE_CURVE('',#2921,#2913,#2923,.T.);
#2921 = VERTEX_POINT('',#2922);
#2922 = CARTESIAN_POINT('',(-1.3,0.195,-0.11));
#2923 = LINE('',#2924,#2925);
#2924 = CARTESIAN_POINT('',(-1.3,0.195,-0.11));
#2925 = VECTOR('',#2926,1.);
#2926 = DIRECTION('',(0.,-1.,0.));
#2927 = ORIENTED_EDGE('',*,*,#2928,.T.);
#2928 = EDGE_CURVE('',#2921,#2890,#2929,.T.);
#2929 = LINE('',#2930,#2931);
#2930 = CARTESIAN_POINT('',(-1.3,0.195,-0.11));
#2931 = VECTOR('',#2932,1.);
#2932 = DIRECTION('',(0.,0.,1.));
#2933 = ORIENTED_EDGE('',*,*,#2889,.T.);
#2934 = PLANE('',#2935);
#2935 = AXIS2_PLACEMENT_3D('',#2936,#2937,#2938);
#2936 = CARTESIAN_POINT('',(-1.3,0.195,-0.11));
#2937 = DIRECTION('',(1.,0.,-0.));
#2938 = DIRECTION('',(-0.,0.,-1.));
#2939 = ADVANCED_FACE('',(#2940),#2965,.T.);
#2940 = FACE_BOUND('',#2941,.T.);
#2941 = EDGE_LOOP('',(#2942,#2950,#2958,#2964));
#2942 = ORIENTED_EDGE('',*,*,#2943,.F.);
#2943 = EDGE_CURVE('',#2944,#2913,#2946,.T.);
#2944 = VERTEX_POINT('',#2945);
#2945 = CARTESIAN_POINT('',(-1.5,-0.,-0.11));
#2946 = LINE('',#2947,#2948);
#2947 = CARTESIAN_POINT('',(-1.5,-0.,-0.11));
#2948 = VECTOR('',#2949,1.);
#2949 = DIRECTION('',(1.,0.,0.));
#2950 = ORIENTED_EDGE('',*,*,#2951,.F.);
#2951 = EDGE_CURVE('',#2952,#2944,#2954,.T.);
#2952 = VERTEX_POINT('',#2953);
#2953 = CARTESIAN_POINT('',(-1.5,0.195,-0.11));
#2954 = LINE('',#2955,#2956);
#2955 = CARTESIAN_POINT('',(-1.5,0.195,-0.11));
#2956 = VECTOR('',#2957,1.);
#2957 = DIRECTION('',(0.,-1.,0.));
#2958 = ORIENTED_EDGE('',*,*,#2959,.T.);
#2959 = EDGE_CURVE('',#2952,#2921,#2960,.T.);
#2960 = LINE('',#2961,#2962);
#2961 = CARTESIAN_POINT('',(-1.5,0.195,-0.11));
#2962 = VECTOR('',#2963,1.);
#2963 = DIRECTION('',(1.,0.,0.));
#2964 = ORIENTED_EDGE('',*,*,#2920,.T.);
#2965 = PLANE('',#2966);
#2966 = AXIS2_PLACEMENT_3D('',#2967,#2968,#2969);
#2967 = CARTESIAN_POINT('',(-1.5,0.195,-0.11));
#2968 = DIRECTION('',(0.,0.,-1.));
#2969 = DIRECTION('',(-1.,0.,-0.));
#2970 = ADVANCED_FACE('',(#2971),#2996,.T.);
#2971 = FACE_BOUND('',#2972,.T.);
#2972 = EDGE_LOOP('',(#2973,#2981,#2989,#2995));
#2973 = ORIENTED_EDGE('',*,*,#2974,.F.);
#2974 = EDGE_CURVE('',#2975,#2944,#2977,.T.);
#2975 = VERTEX_POINT('',#2976);
#2976 = CARTESIAN_POINT('',(-1.5,0.,0.11));
#2977 = LINE('',#2978,#2979);
#2978 = CARTESIAN_POINT('',(-1.5,0.,0.11));
#2979 = VECTOR('',#2980,1.);
#2980 = DIRECTION('',(0.,-0.,-1.));
#2981 = ORIENTED_EDGE('',*,*,#2982,.F.);
#2982 = EDGE_CURVE('',#2983,#2975,#2985,.T.);
#2983 = VERTEX_POINT('',#2984);
#2984 = CARTESIAN_POINT('',(-1.5,0.195,0.11));
#2985 = LINE('',#2986,#2987);
#2986 = CARTESIAN_POINT('',(-1.5,0.195,0.11));
#2987 = VECTOR('',#2988,1.);
#2988 = DIRECTION('',(0.,-1.,0.));
#2989 = ORIENTED_EDGE('',*,*,#2990,.T.);
#2990 = EDGE_CURVE('',#2983,#2952,#2991,.T.);
#2991 = LINE('',#2992,#2993);
#2992 = CARTESIAN_POINT('',(-1.5,0.195,0.11));
#2993 = VECTOR('',#2994,1.);
#2994 = DIRECTION('',(0.,-0.,-1.));
#2995 = ORIENTED_EDGE('',*,*,#2951,.T.);
#2996 = PLANE('',#2997);
#2997 = AXIS2_PLACEMENT_3D('',#2998,#2999,#3000);
#2998 = CARTESIAN_POINT('',(-1.5,0.195,0.11));
#2999 = DIRECTION('',(-1.,-0.,0.));
#3000 = DIRECTION('',(0.,0.,1.));
#3001 = ADVANCED_FACE('',(#3002),#3027,.T.);
#3002 = FACE_BOUND('',#3003,.T.);
#3003 = EDGE_LOOP('',(#3004,#3012,#3020,#3026));
#3004 = ORIENTED_EDGE('',*,*,#3005,.F.);
#3005 = EDGE_CURVE('',#3006,#2975,#3008,.T.);
#3006 = VERTEX_POINT('',#3007);
#3007 = CARTESIAN_POINT('',(-1.3,0.,0.11));
#3008 = LINE('',#3009,#3010);
#3009 = CARTESIAN_POINT('',(-1.3,0.,0.11));
#3010 = VECTOR('',#3011,1.);
#3011 = DIRECTION('',(-1.,0.,0.));
#3012 = ORIENTED_EDGE('',*,*,#3013,.F.);
#3013 = EDGE_CURVE('',#3014,#3006,#3016,.T.);
#3014 = VERTEX_POINT('',#3015);
#3015 = CARTESIAN_POINT('',(-1.3,0.195,0.11));
#3016 = LINE('',#3017,#3018);
#3017 = CARTESIAN_POINT('',(-1.3,0.195,0.11));
#3018 = VECTOR('',#3019,1.);
#3019 = DIRECTION('',(0.,-1.,0.));
#3020 = ORIENTED_EDGE('',*,*,#3021,.T.);
#3021 = EDGE_CURVE('',#3014,#2983,#3022,.T.);
#3022 = LINE('',#3023,#3024);
#3023 = CARTESIAN_POINT('',(-1.3,0.195,0.11));
#3024 = VECTOR('',#3025,1.);
#3025 = DIRECTION('',(-1.,0.,0.));
#3026 = ORIENTED_EDGE('',*,*,#2982,.T.);
#3027 = PLANE('',#3028);
#3028 = AXIS2_PLACEMENT_3D('',#3029,#3030,#3031);
#3029 = CARTESIAN_POINT('',(-1.3,0.195,0.11));
#3030 = DIRECTION('',(0.,0.,1.));
#3031 = DIRECTION('',(1.,0.,-0.));
#3032 = ADVANCED_FACE('',(#3033),#3049,.T.);
#3033 = FACE_BOUND('',#3034,.T.);
#3034 = EDGE_LOOP('',(#3035,#3041,#3042,#3048));
#3035 = ORIENTED_EDGE('',*,*,#3036,.F.);
#3036 = EDGE_CURVE('',#2813,#3006,#3037,.T.);
#3037 = LINE('',#3038,#3039);
#3038 = CARTESIAN_POINT('',(-1.3,0.,1.E-01));
#3039 = VECTOR('',#3040,1.);
#3040 = DIRECTION('',(0.,0.,1.));
#3041 = ORIENTED_EDGE('',*,*,#2836,.F.);
#3042 = ORIENTED_EDGE('',*,*,#3043,.T.);
#3043 = EDGE_CURVE('',#2829,#3014,#3044,.T.);
#3044 = LINE('',#3045,#3046);
#3045 = CARTESIAN_POINT('',(-1.3,0.195,1.E-01));
#3046 = VECTOR('',#3047,1.);
#3047 = DIRECTION('',(0.,0.,1.));
#3048 = ORIENTED_EDGE('',*,*,#3013,.T.);
#3049 = PLANE('',#3050);
#3050 = AXIS2_PLACEMENT_3D('',#3051,#3052,#3053);
#3051 = CARTESIAN_POINT('',(-1.3,0.195,1.E-01));
#3052 = DIRECTION('',(1.,0.,-0.));
#3053 = DIRECTION('',(-0.,0.,-1.));
#3054 = ADVANCED_FACE('',(#3055),#3065,.T.);
#3055 = FACE_BOUND('',#3056,.T.);
#3056 = EDGE_LOOP('',(#3057,#3058,#3059,#3060,#3061,#3062,#3063,#3064));
#3057 = ORIENTED_EDGE('',*,*,#2828,.F.);
#3058 = ORIENTED_EDGE('',*,*,#2866,.F.);
#3059 = ORIENTED_EDGE('',*,*,#2897,.F.);
#3060 = ORIENTED_EDGE('',*,*,#2928,.F.);
#3061 = ORIENTED_EDGE('',*,*,#2959,.F.);
#3062 = ORIENTED_EDGE('',*,*,#2990,.F.);
#3063 = ORIENTED_EDGE('',*,*,#3021,.F.);
#3064 = ORIENTED_EDGE('',*,*,#3043,.F.);
#3065 = PLANE('',#3066);
#3066 = AXIS2_PLACEMENT_3D('',#3067,#3068,#3069);
#3067 = CARTESIAN_POINT('',(0.,0.195,0.));
#3068 = DIRECTION('',(0.,1.,-0.));
#3069 = DIRECTION('',(0.,0.,1.));
#3070 = ADVANCED_FACE('',(#3071),#3081,.F.);
#3071 = FACE_BOUND('',#3072,.T.);
#3072 = EDGE_LOOP('',(#3073,#3074,#3075,#3076,#3077,#3078,#3079,#3080));
#3073 = ORIENTED_EDGE('',*,*,#2810,.T.);
#3074 = ORIENTED_EDGE('',*,*,#3036,.T.);
#3075 = ORIENTED_EDGE('',*,*,#3005,.T.);
#3076 = ORIENTED_EDGE('',*,*,#2974,.T.);
#3077 = ORIENTED_EDGE('',*,*,#2943,.T.);
#3078 = ORIENTED_EDGE('',*,*,#2912,.T.);
#3079 = ORIENTED_EDGE('',*,*,#2881,.T.);
#3080 = ORIENTED_EDGE('',*,*,#2850,.T.);
#3081 = PLANE('',#3082);
#3082 = AXIS2_PLACEMENT_3D('',#3083,#3084,#3085);
#3083 = CARTESIAN_POINT('',(0.,0.,0.));
#3084 = DIRECTION('',(0.,1.,-0.));
#3085 = DIRECTION('',(0.,0.,1.));
#3086 = MANIFOLD_SOLID_BREP('',#3087);
#3087 = CLOSED_SHELL('',(#3088,#3128,#3159,#3190,#3221,#3252,#3283,#3314
    ,#3336,#3352));
#3088 = ADVANCED_FACE('',(#3089),#3123,.T.);
#3089 = FACE_BOUND('',#3090,.T.);
#3090 = EDGE_LOOP('',(#3091,#3101,#3109,#3117));
#3091 = ORIENTED_EDGE('',*,*,#3092,.F.);
#3092 = EDGE_CURVE('',#3093,#3095,#3097,.T.);
#3093 = VERTEX_POINT('',#3094);
#3094 = CARTESIAN_POINT('',(1.3,0.,0.61));
#3095 = VERTEX_POINT('',#3096);
#3096 = CARTESIAN_POINT('',(1.3,0.,0.6));
#3097 = LINE('',#3098,#3099);
#3098 = CARTESIAN_POINT('',(1.3,0.,0.6));
#3099 = VECTOR('',#3100,1.);
#3100 = DIRECTION('',(-0.,-0.,-1.));
#3101 = ORIENTED_EDGE('',*,*,#3102,.F.);
#3102 = EDGE_CURVE('',#3103,#3093,#3105,.T.);
#3103 = VERTEX_POINT('',#3104);
#3104 = CARTESIAN_POINT('',(1.3,0.195,0.61));
#3105 = LINE('',#3106,#3107);
#3106 = CARTESIAN_POINT('',(1.3,0.195,0.61));
#3107 = VECTOR('',#3108,1.);
#3108 = DIRECTION('',(0.,-1.,0.));
#3109 = ORIENTED_EDGE('',*,*,#3110,.T.);
#3110 = EDGE_CURVE('',#3103,#3111,#3113,.T.);
#3111 = VERTEX_POINT('',#3112);
#3112 = CARTESIAN_POINT('',(1.3,0.195,0.6));
#3113 = LINE('',#3114,#3115);
#3114 = CARTESIAN_POINT('',(1.3,0.195,0.6));
#3115 = VECTOR('',#3116,1.);
#3116 = DIRECTION('',(-0.,-0.,-1.));
#3117 = ORIENTED_EDGE('',*,*,#3118,.T.);
#3118 = EDGE_CURVE('',#3111,#3095,#3119,.T.);
#3119 = LINE('',#3120,#3121);
#3120 = CARTESIAN_POINT('',(1.3,0.195,0.6));
#3121 = VECTOR('',#3122,1.);
#3122 = DIRECTION('',(0.,-1.,0.));
#3123 = PLANE('',#3124);
#3124 = AXIS2_PLACEMENT_3D('',#3125,#3126,#3127);
#3125 = CARTESIAN_POINT('',(1.3,0.195,0.6));
#3126 = DIRECTION('',(-1.,0.,0.));
#3127 = DIRECTION('',(0.,0.,1.));
#3128 = ADVANCED_FACE('',(#3129),#3154,.T.);
#3129 = FACE_BOUND('',#3130,.T.);
#3130 = EDGE_LOOP('',(#3131,#3139,#3147,#3153));
#3131 = ORIENTED_EDGE('',*,*,#3132,.F.);
#3132 = EDGE_CURVE('',#3133,#3093,#3135,.T.);
#3133 = VERTEX_POINT('',#3134);
#3134 = CARTESIAN_POINT('',(1.5,0.,0.61));
#3135 = LINE('',#3136,#3137);
#3136 = CARTESIAN_POINT('',(1.3,0.,0.61));
#3137 = VECTOR('',#3138,1.);
#3138 = DIRECTION('',(-1.,-0.,2.168404344971E-15));
#3139 = ORIENTED_EDGE('',*,*,#3140,.F.);
#3140 = EDGE_CURVE('',#3141,#3133,#3143,.T.);
#3141 = VERTEX_POINT('',#3142);
#3142 = CARTESIAN_POINT('',(1.5,0.195,0.61));
#3143 = LINE('',#3144,#3145);
#3144 = CARTESIAN_POINT('',(1.5,0.195,0.61));
#3145 = VECTOR('',#3146,1.);
#3146 = DIRECTION('',(0.,-1.,0.));
#3147 = ORIENTED_EDGE('',*,*,#3148,.T.);
#3148 = EDGE_CURVE('',#3141,#3103,#3149,.T.);
#3149 = LINE('',#3150,#3151);
#3150 = CARTESIAN_POINT('',(1.3,0.195,0.61));
#3151 = VECTOR('',#3152,1.);
#3152 = DIRECTION('',(-1.,-0.,2.168404344971E-15));
#3153 = ORIENTED_EDGE('',*,*,#3102,.T.);
#3154 = PLANE('',#3155);
#3155 = AXIS2_PLACEMENT_3D('',#3156,#3157,#3158);
#3156 = CARTESIAN_POINT('',(1.3,0.195,0.61));
#3157 = DIRECTION('',(2.168404344971E-15,0.,1.));
#3158 = DIRECTION('',(1.,0.,-2.168404344971E-15));
#3159 = ADVANCED_FACE('',(#3160),#3185,.T.);
#3160 = FACE_BOUND('',#3161,.T.);
#3161 = EDGE_LOOP('',(#3162,#3170,#3178,#3184));
#3162 = ORIENTED_EDGE('',*,*,#3163,.F.);
#3163 = EDGE_CURVE('',#3164,#3133,#3166,.T.);
#3164 = VERTEX_POINT('',#3165);
#3165 = CARTESIAN_POINT('',(1.5,0.,0.39));
#3166 = LINE('',#3167,#3168);
#3167 = CARTESIAN_POINT('',(1.5,0.,0.61));
#3168 = VECTOR('',#3169,1.);
#3169 = DIRECTION('',(-0.,-0.,1.));
#3170 = ORIENTED_EDGE('',*,*,#3171,.F.);
#3171 = EDGE_CURVE('',#3172,#3164,#3174,.T.);
#3172 = VERTEX_POINT('',#3173);
#3173 = CARTESIAN_POINT('',(1.5,0.195,0.39));
#3174 = LINE('',#3175,#3176);
#3175 = CARTESIAN_POINT('',(1.5,0.195,0.39));
#3176 = VECTOR('',#3177,1.);
#3177 = DIRECTION('',(0.,-1.,0.));
#3178 = ORIENTED_EDGE('',*,*,#3179,.T.);
#3179 = EDGE_CURVE('',#3172,#3141,#3180,.T.);
#3180 = LINE('',#3181,#3182);
#3181 = CARTESIAN_POINT('',(1.5,0.195,0.61));
#3182 = VECTOR('',#3183,1.);
#3183 = DIRECTION('',(-0.,-0.,1.));
#3184 = ORIENTED_EDGE('',*,*,#3140,.T.);
#3185 = PLANE('',#3186);
#3186 = AXIS2_PLACEMENT_3D('',#3187,#3188,#3189);
#3187 = CARTESIAN_POINT('',(1.5,0.195,0.61));
#3188 = DIRECTION('',(1.,0.,0.));
#3189 = DIRECTION('',(0.,0.,-1.));
#3190 = ADVANCED_FACE('',(#3191),#3216,.T.);
#3191 = FACE_BOUND('',#3192,.T.);
#3192 = EDGE_LOOP('',(#3193,#3201,#3209,#3215));
#3193 = ORIENTED_EDGE('',*,*,#3194,.F.);
#3194 = EDGE_CURVE('',#3195,#3164,#3197,.T.);
#3195 = VERTEX_POINT('',#3196);
#3196 = CARTESIAN_POINT('',(1.3,0.,0.39));
#3197 = LINE('',#3198,#3199);
#3198 = CARTESIAN_POINT('',(1.5,0.,0.39));
#3199 = VECTOR('',#3200,1.);
#3200 = DIRECTION('',(1.,-0.,2.168404344971E-15));
#3201 = ORIENTED_EDGE('',*,*,#3202,.F.);
#3202 = EDGE_CURVE('',#3203,#3195,#3205,.T.);
#3203 = VERTEX_POINT('',#3204);
#3204 = CARTESIAN_POINT('',(1.3,0.195,0.39));
#3205 = LINE('',#3206,#3207);
#3206 = CARTESIAN_POINT('',(1.3,0.195,0.39));
#3207 = VECTOR('',#3208,1.);
#3208 = DIRECTION('',(0.,-1.,0.));
#3209 = ORIENTED_EDGE('',*,*,#3210,.T.);
#3210 = EDGE_CURVE('',#3203,#3172,#3211,.T.);
#3211 = LINE('',#3212,#3213);
#3212 = CARTESIAN_POINT('',(1.5,0.195,0.39));
#3213 = VECTOR('',#3214,1.);
#3214 = DIRECTION('',(1.,-0.,2.168404344971E-15));
#3215 = ORIENTED_EDGE('',*,*,#3171,.T.);
#3216 = PLANE('',#3217);
#3217 = AXIS2_PLACEMENT_3D('',#3218,#3219,#3220);
#3218 = CARTESIAN_POINT('',(1.5,0.195,0.39));
#3219 = DIRECTION('',(2.168404344971E-15,0.,-1.));
#3220 = DIRECTION('',(-1.,0.,-2.168404344971E-15));
#3221 = ADVANCED_FACE('',(#3222),#3247,.T.);
#3222 = FACE_BOUND('',#3223,.T.);
#3223 = EDGE_LOOP('',(#3224,#3232,#3240,#3246));
#3224 = ORIENTED_EDGE('',*,*,#3225,.F.);
#3225 = EDGE_CURVE('',#3226,#3195,#3228,.T.);
#3226 = VERTEX_POINT('',#3227);
#3227 = CARTESIAN_POINT('',(1.3,0.,0.4));
#3228 = LINE('',#3229,#3230);
#3229 = CARTESIAN_POINT('',(1.3,0.,0.39));
#3230 = VECTOR('',#3231,1.);
#3231 = DIRECTION('',(-0.,-0.,-1.));
#3232 = ORIENTED_EDGE('',*,*,#3233,.F.);
#3233 = EDGE_CURVE('',#3234,#3226,#3236,.T.);
#3234 = VERTEX_POINT('',#3235);
#3235 = CARTESIAN_POINT('',(1.3,0.195,0.4));
#3236 = LINE('',#3237,#3238);
#3237 = CARTESIAN_POINT('',(1.3,0.195,0.4));
#3238 = VECTOR('',#3239,1.);
#3239 = DIRECTION('',(0.,-1.,0.));
#3240 = ORIENTED_EDGE('',*,*,#3241,.T.);
#3241 = EDGE_CURVE('',#3234,#3203,#3242,.T.);
#3242 = LINE('',#3243,#3244);
#3243 = CARTESIAN_POINT('',(1.3,0.195,0.39));
#3244 = VECTOR('',#3245,1.);
#3245 = DIRECTION('',(-0.,-0.,-1.));
#3246 = ORIENTED_EDGE('',*,*,#3202,.T.);
#3247 = PLANE('',#3248);
#3248 = AXIS2_PLACEMENT_3D('',#3249,#3250,#3251);
#3249 = CARTESIAN_POINT('',(1.3,0.195,0.39));
#3250 = DIRECTION('',(-1.,0.,0.));
#3251 = DIRECTION('',(0.,0.,1.));
#3252 = ADVANCED_FACE('',(#3253),#3278,.T.);
#3253 = FACE_BOUND('',#3254,.T.);
#3254 = EDGE_LOOP('',(#3255,#3263,#3271,#3277));
#3255 = ORIENTED_EDGE('',*,*,#3256,.F.);
#3256 = EDGE_CURVE('',#3257,#3226,#3259,.T.);
#3257 = VERTEX_POINT('',#3258);
#3258 = CARTESIAN_POINT('',(1.25,0.,0.4));
#3259 = LINE('',#3260,#3261);
#3260 = CARTESIAN_POINT('',(1.3,0.,0.4));
#3261 = VECTOR('',#3262,1.);
#3262 = DIRECTION('',(1.,-0.,6.505213034913E-15));
#3263 = ORIENTED_EDGE('',*,*,#3264,.F.);
#3264 = EDGE_CURVE('',#3265,#3257,#3267,.T.);
#3265 = VERTEX_POINT('',#3266);
#3266 = CARTESIAN_POINT('',(1.25,0.195,0.4));
#3267 = LINE('',#3268,#3269);
#3268 = CARTESIAN_POINT('',(1.25,0.195,0.4));
#3269 = VECTOR('',#3270,1.);
#3270 = DIRECTION('',(0.,-1.,0.));
#3271 = ORIENTED_EDGE('',*,*,#3272,.T.);
#3272 = EDGE_CURVE('',#3265,#3234,#3273,.T.);
#3273 = LINE('',#3274,#3275);
#3274 = CARTESIAN_POINT('',(1.3,0.195,0.4));
#3275 = VECTOR('',#3276,1.);
#3276 = DIRECTION('',(1.,-0.,6.505213034913E-15));
#3277 = ORIENTED_EDGE('',*,*,#3233,.T.);
#3278 = PLANE('',#3279);
#3279 = AXIS2_PLACEMENT_3D('',#3280,#3281,#3282);
#3280 = CARTESIAN_POINT('',(1.3,0.195,0.4));
#3281 = DIRECTION('',(6.505213034913E-15,0.,-1.));
#3282 = DIRECTION('',(-1.,0.,-6.505213034913E-15));
#3283 = ADVANCED_FACE('',(#3284),#3309,.T.);
#3284 = FACE_BOUND('',#3285,.T.);
#3285 = EDGE_LOOP('',(#3286,#3294,#3302,#3308));
#3286 = ORIENTED_EDGE('',*,*,#3287,.F.);
#3287 = EDGE_CURVE('',#3288,#3257,#3290,.T.);
#3288 = VERTEX_POINT('',#3289);
#3289 = CARTESIAN_POINT('',(1.25,0.,0.6));
#3290 = LINE('',#3291,#3292);
#3291 = CARTESIAN_POINT('',(1.25,0.,0.4));
#3292 = VECTOR('',#3293,1.);
#3293 = DIRECTION('',(-0.,-0.,-1.));
#3294 = ORIENTED_EDGE('',*,*,#3295,.F.);
#3295 = EDGE_CURVE('',#3296,#3288,#3298,.T.);
#3296 = VERTEX_POINT('',#3297);
#3297 = CARTESIAN_POINT('',(1.25,0.195,0.6));
#3298 = LINE('',#3299,#3300);
#3299 = CARTESIAN_POINT('',(1.25,0.195,0.6));
#3300 = VECTOR('',#3301,1.);
#3301 = DIRECTION('',(0.,-1.,0.));
#3302 = ORIENTED_EDGE('',*,*,#3303,.T.);
#3303 = EDGE_CURVE('',#3296,#3265,#3304,.T.);
#3304 = LINE('',#3305,#3306);
#3305 = CARTESIAN_POINT('',(1.25,0.195,0.4));
#3306 = VECTOR('',#3307,1.);
#3307 = DIRECTION('',(-0.,-0.,-1.));
#3308 = ORIENTED_EDGE('',*,*,#3264,.T.);
#3309 = PLANE('',#3310);
#3310 = AXIS2_PLACEMENT_3D('',#3311,#3312,#3313);
#3311 = CARTESIAN_POINT('',(1.25,0.195,0.4));
#3312 = DIRECTION('',(-1.,0.,0.));
#3313 = DIRECTION('',(0.,0.,1.));
#3314 = ADVANCED_FACE('',(#3315),#3331,.T.);
#3315 = FACE_BOUND('',#3316,.T.);
#3316 = EDGE_LOOP('',(#3317,#3323,#3324,#3330));
#3317 = ORIENTED_EDGE('',*,*,#3318,.F.);
#3318 = EDGE_CURVE('',#3095,#3288,#3319,.T.);
#3319 = LINE('',#3320,#3321);
#3320 = CARTESIAN_POINT('',(1.25,0.,0.6));
#3321 = VECTOR('',#3322,1.);
#3322 = DIRECTION('',(-1.,-0.,4.336808689942E-15));
#3323 = ORIENTED_EDGE('',*,*,#3118,.F.);
#3324 = ORIENTED_EDGE('',*,*,#3325,.T.);
#3325 = EDGE_CURVE('',#3111,#3296,#3326,.T.);
#3326 = LINE('',#3327,#3328);
#3327 = CARTESIAN_POINT('',(1.25,0.195,0.6));
#3328 = VECTOR('',#3329,1.);
#3329 = DIRECTION('',(-1.,-0.,4.336808689942E-15));
#3330 = ORIENTED_EDGE('',*,*,#3295,.T.);
#3331 = PLANE('',#3332);
#3332 = AXIS2_PLACEMENT_3D('',#3333,#3334,#3335);
#3333 = CARTESIAN_POINT('',(1.25,0.195,0.6));
#3334 = DIRECTION('',(4.336808689942E-15,0.,1.));
#3335 = DIRECTION('',(1.,0.,-4.336808689942E-15));
#3336 = ADVANCED_FACE('',(#3337),#3347,.T.);
#3337 = FACE_BOUND('',#3338,.T.);
#3338 = EDGE_LOOP('',(#3339,#3340,#3341,#3342,#3343,#3344,#3345,#3346));
#3339 = ORIENTED_EDGE('',*,*,#3110,.F.);
#3340 = ORIENTED_EDGE('',*,*,#3148,.F.);
#3341 = ORIENTED_EDGE('',*,*,#3179,.F.);
#3342 = ORIENTED_EDGE('',*,*,#3210,.F.);
#3343 = ORIENTED_EDGE('',*,*,#3241,.F.);
#3344 = ORIENTED_EDGE('',*,*,#3272,.F.);
#3345 = ORIENTED_EDGE('',*,*,#3303,.F.);
#3346 = ORIENTED_EDGE('',*,*,#3325,.F.);
#3347 = PLANE('',#3348);
#3348 = AXIS2_PLACEMENT_3D('',#3349,#3350,#3351);
#3349 = CARTESIAN_POINT('',(0.,0.195,0.));
#3350 = DIRECTION('',(-0.,1.,0.));
#3351 = DIRECTION('',(0.,0.,1.));
#3352 = ADVANCED_FACE('',(#3353),#3363,.F.);
#3353 = FACE_BOUND('',#3354,.T.);
#3354 = EDGE_LOOP('',(#3355,#3356,#3357,#3358,#3359,#3360,#3361,#3362));
#3355 = ORIENTED_EDGE('',*,*,#3092,.T.);
#3356 = ORIENTED_EDGE('',*,*,#3318,.T.);
#3357 = ORIENTED_EDGE('',*,*,#3287,.T.);
#3358 = ORIENTED_EDGE('',*,*,#3256,.T.);
#3359 = ORIENTED_EDGE('',*,*,#3225,.T.);
#3360 = ORIENTED_EDGE('',*,*,#3194,.T.);
#3361 = ORIENTED_EDGE('',*,*,#3163,.T.);
#3362 = ORIENTED_EDGE('',*,*,#3132,.T.);
#3363 = PLANE('',#3364);
#3364 = AXIS2_PLACEMENT_3D('',#3365,#3366,#3367);
#3365 = CARTESIAN_POINT('',(0.,0.,0.));
#3366 = DIRECTION('',(-0.,1.,0.));
#3367 = DIRECTION('',(0.,0.,1.));
#3368 = MANIFOLD_SOLID_BREP('',#3369);
#3369 = CLOSED_SHELL('',(#3370,#3410,#3441,#3472,#3503,#3534,#3565,#3596
    ,#3618,#3634));
#3370 = ADVANCED_FACE('',(#3371),#3405,.T.);
#3371 = FACE_BOUND('',#3372,.T.);
#3372 = EDGE_LOOP('',(#3373,#3383,#3391,#3399));
#3373 = ORIENTED_EDGE('',*,*,#3374,.F.);
#3374 = EDGE_CURVE('',#3375,#3377,#3379,.T.);
#3375 = VERTEX_POINT('',#3376);
#3376 = CARTESIAN_POINT('',(1.3,0.,0.11));
#3377 = VERTEX_POINT('',#3378);
#3378 = CARTESIAN_POINT('',(1.3,0.,1.E-01));
#3379 = LINE('',#3380,#3381);
#3380 = CARTESIAN_POINT('',(1.3,0.,1.E-01));
#3381 = VECTOR('',#3382,1.);
#3382 = DIRECTION('',(-0.,-0.,-1.));
#3383 = ORIENTED_EDGE('',*,*,#3384,.F.);
#3384 = EDGE_CURVE('',#3385,#3375,#3387,.T.);
#3385 = VERTEX_POINT('',#3386);
#3386 = CARTESIAN_POINT('',(1.3,0.195,0.11));
#3387 = LINE('',#3388,#3389);
#3388 = CARTESIAN_POINT('',(1.3,0.195,0.11));
#3389 = VECTOR('',#3390,1.);
#3390 = DIRECTION('',(0.,-1.,0.));
#3391 = ORIENTED_EDGE('',*,*,#3392,.T.);
#3392 = EDGE_CURVE('',#3385,#3393,#3395,.T.);
#3393 = VERTEX_POINT('',#3394);
#3394 = CARTESIAN_POINT('',(1.3,0.195,1.E-01));
#3395 = LINE('',#3396,#3397);
#3396 = CARTESIAN_POINT('',(1.3,0.195,1.E-01));
#3397 = VECTOR('',#3398,1.);
#3398 = DIRECTION('',(-0.,-0.,-1.));
#3399 = ORIENTED_EDGE('',*,*,#3400,.T.);
#3400 = EDGE_CURVE('',#3393,#3377,#3401,.T.);
#3401 = LINE('',#3402,#3403);
#3402 = CARTESIAN_POINT('',(1.3,0.195,1.E-01));
#3403 = VECTOR('',#3404,1.);
#3404 = DIRECTION('',(0.,-1.,0.));
#3405 = PLANE('',#3406);
#3406 = AXIS2_PLACEMENT_3D('',#3407,#3408,#3409);
#3407 = CARTESIAN_POINT('',(1.3,0.195,1.E-01));
#3408 = DIRECTION('',(-1.,0.,0.));
#3409 = DIRECTION('',(0.,0.,1.));
#3410 = ADVANCED_FACE('',(#3411),#3436,.T.);
#3411 = FACE_BOUND('',#3412,.T.);
#3412 = EDGE_LOOP('',(#3413,#3421,#3429,#3435));
#3413 = ORIENTED_EDGE('',*,*,#3414,.F.);
#3414 = EDGE_CURVE('',#3415,#3375,#3417,.T.);
#3415 = VERTEX_POINT('',#3416);
#3416 = CARTESIAN_POINT('',(1.5,0.,0.11));
#3417 = LINE('',#3418,#3419);
#3418 = CARTESIAN_POINT('',(1.3,0.,0.11));
#3419 = VECTOR('',#3420,1.);
#3420 = DIRECTION('',(-1.,-0.,2.168404344971E-15));
#3421 = ORIENTED_EDGE('',*,*,#3422,.F.);
#3422 = EDGE_CURVE('',#3423,#3415,#3425,.T.);
#3423 = VERTEX_POINT('',#3424);
#3424 = CARTESIAN_POINT('',(1.5,0.195,0.11));
#3425 = LINE('',#3426,#3427);
#3426 = CARTESIAN_POINT('',(1.5,0.195,0.11));
#3427 = VECTOR('',#3428,1.);
#3428 = DIRECTION('',(0.,-1.,0.));
#3429 = ORIENTED_EDGE('',*,*,#3430,.T.);
#3430 = EDGE_CURVE('',#3423,#3385,#3431,.T.);
#3431 = LINE('',#3432,#3433);
#3432 = CARTESIAN_POINT('',(1.3,0.195,0.11));
#3433 = VECTOR('',#3434,1.);
#3434 = DIRECTION('',(-1.,-0.,2.168404344971E-15));
#3435 = ORIENTED_EDGE('',*,*,#3384,.T.);
#3436 = PLANE('',#3437);
#3437 = AXIS2_PLACEMENT_3D('',#3438,#3439,#3440);
#3438 = CARTESIAN_POINT('',(1.3,0.195,0.11));
#3439 = DIRECTION('',(2.168404344971E-15,0.,1.));
#3440 = DIRECTION('',(1.,0.,-2.168404344971E-15));
#3441 = ADVANCED_FACE('',(#3442),#3467,.T.);
#3442 = FACE_BOUND('',#3443,.T.);
#3443 = EDGE_LOOP('',(#3444,#3452,#3460,#3466));
#3444 = ORIENTED_EDGE('',*,*,#3445,.F.);
#3445 = EDGE_CURVE('',#3446,#3415,#3448,.T.);
#3446 = VERTEX_POINT('',#3447);
#3447 = CARTESIAN_POINT('',(1.5,0.,-0.11));
#3448 = LINE('',#3449,#3450);
#3449 = CARTESIAN_POINT('',(1.5,0.,0.11));
#3450 = VECTOR('',#3451,1.);
#3451 = DIRECTION('',(-0.,-0.,1.));
#3452 = ORIENTED_EDGE('',*,*,#3453,.F.);
#3453 = EDGE_CURVE('',#3454,#3446,#3456,.T.);
#3454 = VERTEX_POINT('',#3455);
#3455 = CARTESIAN_POINT('',(1.5,0.195,-0.11));
#3456 = LINE('',#3457,#3458);
#3457 = CARTESIAN_POINT('',(1.5,0.195,-0.11));
#3458 = VECTOR('',#3459,1.);
#3459 = DIRECTION('',(0.,-1.,0.));
#3460 = ORIENTED_EDGE('',*,*,#3461,.T.);
#3461 = EDGE_CURVE('',#3454,#3423,#3462,.T.);
#3462 = LINE('',#3463,#3464);
#3463 = CARTESIAN_POINT('',(1.5,0.195,0.11));
#3464 = VECTOR('',#3465,1.);
#3465 = DIRECTION('',(-0.,-0.,1.));
#3466 = ORIENTED_EDGE('',*,*,#3422,.T.);
#3467 = PLANE('',#3468);
#3468 = AXIS2_PLACEMENT_3D('',#3469,#3470,#3471);
#3469 = CARTESIAN_POINT('',(1.5,0.195,0.11));
#3470 = DIRECTION('',(1.,0.,0.));
#3471 = DIRECTION('',(0.,0.,-1.));
#3472 = ADVANCED_FACE('',(#3473),#3498,.T.);
#3473 = FACE_BOUND('',#3474,.T.);
#3474 = EDGE_LOOP('',(#3475,#3483,#3491,#3497));
#3475 = ORIENTED_EDGE('',*,*,#3476,.F.);
#3476 = EDGE_CURVE('',#3477,#3446,#3479,.T.);
#3477 = VERTEX_POINT('',#3478);
#3478 = CARTESIAN_POINT('',(1.3,0.,-0.11));
#3479 = LINE('',#3480,#3481);
#3480 = CARTESIAN_POINT('',(1.5,0.,-0.11));
#3481 = VECTOR('',#3482,1.);
#3482 = DIRECTION('',(1.,-0.,2.168404344971E-15));
#3483 = ORIENTED_EDGE('',*,*,#3484,.F.);
#3484 = EDGE_CURVE('',#3485,#3477,#3487,.T.);
#3485 = VERTEX_POINT('',#3486);
#3486 = CARTESIAN_POINT('',(1.3,0.195,-0.11));
#3487 = LINE('',#3488,#3489);
#3488 = CARTESIAN_POINT('',(1.3,0.195,-0.11));
#3489 = VECTOR('',#3490,1.);
#3490 = DIRECTION('',(0.,-1.,0.));
#3491 = ORIENTED_EDGE('',*,*,#3492,.T.);
#3492 = EDGE_CURVE('',#3485,#3454,#3493,.T.);
#3493 = LINE('',#3494,#3495);
#3494 = CARTESIAN_POINT('',(1.5,0.195,-0.11));
#3495 = VECTOR('',#3496,1.);
#3496 = DIRECTION('',(1.,-0.,2.168404344971E-15));
#3497 = ORIENTED_EDGE('',*,*,#3453,.T.);
#3498 = PLANE('',#3499);
#3499 = AXIS2_PLACEMENT_3D('',#3500,#3501,#3502);
#3500 = CARTESIAN_POINT('',(1.5,0.195,-0.11));
#3501 = DIRECTION('',(2.168404344971E-15,0.,-1.));
#3502 = DIRECTION('',(-1.,0.,-2.168404344971E-15));
#3503 = ADVANCED_FACE('',(#3504),#3529,.T.);
#3504 = FACE_BOUND('',#3505,.T.);
#3505 = EDGE_LOOP('',(#3506,#3514,#3522,#3528));
#3506 = ORIENTED_EDGE('',*,*,#3507,.F.);
#3507 = EDGE_CURVE('',#3508,#3477,#3510,.T.);
#3508 = VERTEX_POINT('',#3509);
#3509 = CARTESIAN_POINT('',(1.3,0.,-1.E-01));
#3510 = LINE('',#3511,#3512);
#3511 = CARTESIAN_POINT('',(1.3,0.,-0.11));
#3512 = VECTOR('',#3513,1.);
#3513 = DIRECTION('',(-0.,-0.,-1.));
#3514 = ORIENTED_EDGE('',*,*,#3515,.F.);
#3515 = EDGE_CURVE('',#3516,#3508,#3518,.T.);
#3516 = VERTEX_POINT('',#3517);
#3517 = CARTESIAN_POINT('',(1.3,0.195,-1.E-01));
#3518 = LINE('',#3519,#3520);
#3519 = CARTESIAN_POINT('',(1.3,0.195,-1.E-01));
#3520 = VECTOR('',#3521,1.);
#3521 = DIRECTION('',(0.,-1.,0.));
#3522 = ORIENTED_EDGE('',*,*,#3523,.T.);
#3523 = EDGE_CURVE('',#3516,#3485,#3524,.T.);
#3524 = LINE('',#3525,#3526);
#3525 = CARTESIAN_POINT('',(1.3,0.195,-0.11));
#3526 = VECTOR('',#3527,1.);
#3527 = DIRECTION('',(-0.,-0.,-1.));
#3528 = ORIENTED_EDGE('',*,*,#3484,.T.);
#3529 = PLANE('',#3530);
#3530 = AXIS2_PLACEMENT_3D('',#3531,#3532,#3533);
#3531 = CARTESIAN_POINT('',(1.3,0.195,-0.11));
#3532 = DIRECTION('',(-1.,0.,0.));
#3533 = DIRECTION('',(0.,0.,1.));
#3534 = ADVANCED_FACE('',(#3535),#3560,.T.);
#3535 = FACE_BOUND('',#3536,.T.);
#3536 = EDGE_LOOP('',(#3537,#3545,#3553,#3559));
#3537 = ORIENTED_EDGE('',*,*,#3538,.F.);
#3538 = EDGE_CURVE('',#3539,#3508,#3541,.T.);
#3539 = VERTEX_POINT('',#3540);
#3540 = CARTESIAN_POINT('',(1.25,0.,-0.1));
#3541 = LINE('',#3542,#3543);
#3542 = CARTESIAN_POINT('',(1.3,0.,-1.E-01));
#3543 = VECTOR('',#3544,1.);
#3544 = DIRECTION('',(1.,-0.,3.794707603699E-15));
#3545 = ORIENTED_EDGE('',*,*,#3546,.F.);
#3546 = EDGE_CURVE('',#3547,#3539,#3549,.T.);
#3547 = VERTEX_POINT('',#3548);
#3548 = CARTESIAN_POINT('',(1.25,0.195,-0.1));
#3549 = LINE('',#3550,#3551);
#3550 = CARTESIAN_POINT('',(1.25,0.195,-0.1));
#3551 = VECTOR('',#3552,1.);
#3552 = DIRECTION('',(0.,-1.,0.));
#3553 = ORIENTED_EDGE('',*,*,#3554,.T.);
#3554 = EDGE_CURVE('',#3547,#3516,#3555,.T.);
#3555 = LINE('',#3556,#3557);
#3556 = CARTESIAN_POINT('',(1.3,0.195,-1.E-01));
#3557 = VECTOR('',#3558,1.);
#3558 = DIRECTION('',(1.,-0.,3.794707603699E-15));
#3559 = ORIENTED_EDGE('',*,*,#3515,.T.);
#3560 = PLANE('',#3561);
#3561 = AXIS2_PLACEMENT_3D('',#3562,#3563,#3564);
#3562 = CARTESIAN_POINT('',(1.3,0.195,-1.E-01));
#3563 = DIRECTION('',(3.794707603699E-15,0.,-1.));
#3564 = DIRECTION('',(-1.,0.,-3.794707603699E-15));
#3565 = ADVANCED_FACE('',(#3566),#3591,.T.);
#3566 = FACE_BOUND('',#3567,.T.);
#3567 = EDGE_LOOP('',(#3568,#3576,#3584,#3590));
#3568 = ORIENTED_EDGE('',*,*,#3569,.F.);
#3569 = EDGE_CURVE('',#3570,#3539,#3572,.T.);
#3570 = VERTEX_POINT('',#3571);
#3571 = CARTESIAN_POINT('',(1.25,0.,0.1));
#3572 = LINE('',#3573,#3574);
#3573 = CARTESIAN_POINT('',(1.25,0.,-0.1));
#3574 = VECTOR('',#3575,1.);
#3575 = DIRECTION('',(-0.,-0.,-1.));
#3576 = ORIENTED_EDGE('',*,*,#3577,.F.);
#3577 = EDGE_CURVE('',#3578,#3570,#3580,.T.);
#3578 = VERTEX_POINT('',#3579);
#3579 = CARTESIAN_POINT('',(1.25,0.195,0.1));
#3580 = LINE('',#3581,#3582);
#3581 = CARTESIAN_POINT('',(1.25,0.195,0.1));
#3582 = VECTOR('',#3583,1.);
#3583 = DIRECTION('',(0.,-1.,0.));
#3584 = ORIENTED_EDGE('',*,*,#3585,.T.);
#3585 = EDGE_CURVE('',#3578,#3547,#3586,.T.);
#3586 = LINE('',#3587,#3588);
#3587 = CARTESIAN_POINT('',(1.25,0.195,-0.1));
#3588 = VECTOR('',#3589,1.);
#3589 = DIRECTION('',(-0.,-0.,-1.));
#3590 = ORIENTED_EDGE('',*,*,#3546,.T.);
#3591 = PLANE('',#3592);
#3592 = AXIS2_PLACEMENT_3D('',#3593,#3594,#3595);
#3593 = CARTESIAN_POINT('',(1.25,0.195,-0.1));
#3594 = DIRECTION('',(-1.,0.,0.));
#3595 = DIRECTION('',(0.,0.,1.));
#3596 = ADVANCED_FACE('',(#3597),#3613,.T.);
#3597 = FACE_BOUND('',#3598,.T.);
#3598 = EDGE_LOOP('',(#3599,#3605,#3606,#3612));
#3599 = ORIENTED_EDGE('',*,*,#3600,.F.);
#3600 = EDGE_CURVE('',#3377,#3570,#3601,.T.);
#3601 = LINE('',#3602,#3603);
#3602 = CARTESIAN_POINT('',(1.25,0.,0.1));
#3603 = VECTOR('',#3604,1.);
#3604 = DIRECTION('',(-1.,-0.,3.794707603699E-15));
#3605 = ORIENTED_EDGE('',*,*,#3400,.F.);
#3606 = ORIENTED_EDGE('',*,*,#3607,.T.);
#3607 = EDGE_CURVE('',#3393,#3578,#3608,.T.);
#3608 = LINE('',#3609,#3610);
#3609 = CARTESIAN_POINT('',(1.25,0.195,0.1));
#3610 = VECTOR('',#3611,1.);
#3611 = DIRECTION('',(-1.,-0.,3.794707603699E-15));
#3612 = ORIENTED_EDGE('',*,*,#3577,.T.);
#3613 = PLANE('',#3614);
#3614 = AXIS2_PLACEMENT_3D('',#3615,#3616,#3617);
#3615 = CARTESIAN_POINT('',(1.25,0.195,0.1));
#3616 = DIRECTION('',(3.794707603699E-15,0.,1.));
#3617 = DIRECTION('',(1.,0.,-3.794707603699E-15));
#3618 = ADVANCED_FACE('',(#3619),#3629,.T.);
#3619 = FACE_BOUND('',#3620,.T.);
#3620 = EDGE_LOOP('',(#3621,#3622,#3623,#3624,#3625,#3626,#3627,#3628));
#3621 = ORIENTED_EDGE('',*,*,#3392,.F.);
#3622 = ORIENTED_EDGE('',*,*,#3430,.F.);
#3623 = ORIENTED_EDGE('',*,*,#3461,.F.);
#3624 = ORIENTED_EDGE('',*,*,#3492,.F.);
#3625 = ORIENTED_EDGE('',*,*,#3523,.F.);
#3626 = ORIENTED_EDGE('',*,*,#3554,.F.);
#3627 = ORIENTED_EDGE('',*,*,#3585,.F.);
#3628 = ORIENTED_EDGE('',*,*,#3607,.F.);
#3629 = PLANE('',#3630);
#3630 = AXIS2_PLACEMENT_3D('',#3631,#3632,#3633);
#3631 = CARTESIAN_POINT('',(0.,0.195,0.));
#3632 = DIRECTION('',(-0.,1.,0.));
#3633 = DIRECTION('',(0.,0.,1.));
#3634 = ADVANCED_FACE('',(#3635),#3645,.F.);
#3635 = FACE_BOUND('',#3636,.T.);
#3636 = EDGE_LOOP('',(#3637,#3638,#3639,#3640,#3641,#3642,#3643,#3644));
#3637 = ORIENTED_EDGE('',*,*,#3374,.T.);
#3638 = ORIENTED_EDGE('',*,*,#3600,.T.);
#3639 = ORIENTED_EDGE('',*,*,#3569,.T.);
#3640 = ORIENTED_EDGE('',*,*,#3538,.T.);
#3641 = ORIENTED_EDGE('',*,*,#3507,.T.);
#3642 = ORIENTED_EDGE('',*,*,#3476,.T.);
#3643 = ORIENTED_EDGE('',*,*,#3445,.T.);
#3644 = ORIENTED_EDGE('',*,*,#3414,.T.);
#3645 = PLANE('',#3646);
#3646 = AXIS2_PLACEMENT_3D('',#3647,#3648,#3649);
#3647 = CARTESIAN_POINT('',(0.,0.,0.));
#3648 = DIRECTION('',(-0.,1.,0.));
#3649 = DIRECTION('',(0.,0.,1.));
#3650 = MANIFOLD_SOLID_BREP('',#3651);
#3651 = CLOSED_SHELL('',(#3652,#3692,#3723,#3754,#3785,#3816,#3847,#3878
    ,#3909,#3940,#3971,#4002,#4033,#4064,#4095,#4126,#4157,#4188,#4219,
    #4250,#4272,#4300));
#3652 = ADVANCED_FACE('',(#3653),#3687,.T.);
#3653 = FACE_BOUND('',#3654,.T.);
#3654 = EDGE_LOOP('',(#3655,#3665,#3673,#3681));
#3655 = ORIENTED_EDGE('',*,*,#3656,.F.);
#3656 = EDGE_CURVE('',#3657,#3659,#3661,.T.);
#3657 = VERTEX_POINT('',#3658);
#3658 = CARTESIAN_POINT('',(0.75,0.,0.6));
#3659 = VERTEX_POINT('',#3660);
#3660 = CARTESIAN_POINT('',(0.3,0.,0.6));
#3661 = LINE('',#3662,#3663);
#3662 = CARTESIAN_POINT('',(0.3,0.,0.6));
#3663 = VECTOR('',#3664,1.);
#3664 = DIRECTION('',(-1.,-0.,-0.));
#3665 = ORIENTED_EDGE('',*,*,#3666,.F.);
#3666 = EDGE_CURVE('',#3667,#3657,#3669,.T.);
#3667 = VERTEX_POINT('',#3668);
#3668 = CARTESIAN_POINT('',(0.75,0.195,0.6));
#3669 = LINE('',#3670,#3671);
#3670 = CARTESIAN_POINT('',(0.75,0.195,0.6));
#3671 = VECTOR('',#3672,1.);
#3672 = DIRECTION('',(0.,-1.,0.));
#3673 = ORIENTED_EDGE('',*,*,#3674,.T.);
#3674 = EDGE_CURVE('',#3667,#3675,#3677,.T.);
#3675 = VERTEX_POINT('',#3676);
#3676 = CARTESIAN_POINT('',(0.3,0.195,0.6));
#3677 = LINE('',#3678,#3679);
#3678 = CARTESIAN_POINT('',(0.3,0.195,0.6));
#3679 = VECTOR('',#3680,1.);
#3680 = DIRECTION('',(-1.,-0.,-0.));
#3681 = ORIENTED_EDGE('',*,*,#3682,.T.);
#3682 = EDGE_CURVE('',#3675,#3659,#3683,.T.);
#3683 = LINE('',#3684,#3685);
#3684 = CARTESIAN_POINT('',(0.3,0.195,0.6));
#3685 = VECTOR('',#3686,1.);
#3686 = DIRECTION('',(0.,-1.,0.));
#3687 = PLANE('',#3688);
#3688 = AXIS2_PLACEMENT_3D('',#3689,#3690,#3691);
#3689 = CARTESIAN_POINT('',(0.3,0.195,0.6));
#3690 = DIRECTION('',(-0.,0.,1.));
#3691 = DIRECTION('',(1.,0.,0.));
#3692 = ADVANCED_FACE('',(#3693),#3718,.T.);
#3693 = FACE_BOUND('',#3694,.T.);
#3694 = EDGE_LOOP('',(#3695,#3703,#3711,#3717));
#3695 = ORIENTED_EDGE('',*,*,#3696,.F.);
#3696 = EDGE_CURVE('',#3697,#3657,#3699,.T.);
#3697 = VERTEX_POINT('',#3698);
#3698 = CARTESIAN_POINT('',(0.75,0.,-0.6));
#3699 = LINE('',#3700,#3701);
#3700 = CARTESIAN_POINT('',(0.75,0.,-0.6));
#3701 = VECTOR('',#3702,1.);
#3702 = DIRECTION('',(0.,0.,1.));
#3703 = ORIENTED_EDGE('',*,*,#3704,.F.);
#3704 = EDGE_CURVE('',#3705,#3697,#3707,.T.);
#3705 = VERTEX_POINT('',#3706);
#3706 = CARTESIAN_POINT('',(0.75,0.195,-0.6));
#3707 = LINE('',#3708,#3709);
#3708 = CARTESIAN_POINT('',(0.75,0.195,-0.6));
#3709 = VECTOR('',#3710,1.);
#3710 = DIRECTION('',(0.,-1.,0.));
#3711 = ORIENTED_EDGE('',*,*,#3712,.T.);
#3712 = EDGE_CURVE('',#3705,#3667,#3713,.T.);
#3713 = LINE('',#3714,#3715);
#3714 = CARTESIAN_POINT('',(0.75,0.195,-0.6));
#3715 = VECTOR('',#3716,1.);
#3716 = DIRECTION('',(0.,0.,1.));
#3717 = ORIENTED_EDGE('',*,*,#3666,.T.);
#3718 = PLANE('',#3719);
#3719 = AXIS2_PLACEMENT_3D('',#3720,#3721,#3722);
#3720 = CARTESIAN_POINT('',(0.75,0.195,-0.6));
#3721 = DIRECTION('',(1.,0.,-0.));
#3722 = DIRECTION('',(-0.,0.,-1.));
#3723 = ADVANCED_FACE('',(#3724),#3749,.T.);
#3724 = FACE_BOUND('',#3725,.T.);
#3725 = EDGE_LOOP('',(#3726,#3734,#3742,#3748));
#3726 = ORIENTED_EDGE('',*,*,#3727,.F.);
#3727 = EDGE_CURVE('',#3728,#3697,#3730,.T.);
#3728 = VERTEX_POINT('',#3729);
#3729 = CARTESIAN_POINT('',(0.3,0.,-0.6));
#3730 = LINE('',#3731,#3732);
#3731 = CARTESIAN_POINT('',(0.3,0.,-0.6));
#3732 = VECTOR('',#3733,1.);
#3733 = DIRECTION('',(1.,0.,2.409338161079E-16));
#3734 = ORIENTED_EDGE('',*,*,#3735,.F.);
#3735 = EDGE_CURVE('',#3736,#3728,#3738,.T.);
#3736 = VERTEX_POINT('',#3737);
#3737 = CARTESIAN_POINT('',(0.3,0.195,-0.6));
#3738 = LINE('',#3739,#3740);
#3739 = CARTESIAN_POINT('',(0.3,0.195,-0.6));
#3740 = VECTOR('',#3741,1.);
#3741 = DIRECTION('',(0.,-1.,0.));
#3742 = ORIENTED_EDGE('',*,*,#3743,.T.);
#3743 = EDGE_CURVE('',#3736,#3705,#3744,.T.);
#3744 = LINE('',#3745,#3746);
#3745 = CARTESIAN_POINT('',(0.3,0.195,-0.6));
#3746 = VECTOR('',#3747,1.);
#3747 = DIRECTION('',(1.,0.,2.409338161079E-16));
#3748 = ORIENTED_EDGE('',*,*,#3704,.T.);
#3749 = PLANE('',#3750);
#3750 = AXIS2_PLACEMENT_3D('',#3751,#3752,#3753);
#3751 = CARTESIAN_POINT('',(0.3,0.195,-0.6));
#3752 = DIRECTION('',(2.409338161079E-16,0.,-1.));
#3753 = DIRECTION('',(-1.,0.,-2.409338161079E-16));
#3754 = ADVANCED_FACE('',(#3755),#3780,.T.);
#3755 = FACE_BOUND('',#3756,.T.);
#3756 = EDGE_LOOP('',(#3757,#3765,#3773,#3779));
#3757 = ORIENTED_EDGE('',*,*,#3758,.F.);
#3758 = EDGE_CURVE('',#3759,#3728,#3761,.T.);
#3759 = VERTEX_POINT('',#3760);
#3760 = CARTESIAN_POINT('',(0.3,0.,-0.8));
#3761 = LINE('',#3762,#3763);
#3762 = CARTESIAN_POINT('',(0.3,0.,-0.6));
#3763 = VECTOR('',#3764,1.);
#3764 = DIRECTION('',(2.710505431214E-16,-0.,1.));
#3765 = ORIENTED_EDGE('',*,*,#3766,.F.);
#3766 = EDGE_CURVE('',#3767,#3759,#3769,.T.);
#3767 = VERTEX_POINT('',#3768);
#3768 = CARTESIAN_POINT('',(0.3,0.195,-0.8));
#3769 = LINE('',#3770,#3771);
#3770 = CARTESIAN_POINT('',(0.3,0.195,-0.8));
#3771 = VECTOR('',#3772,1.);
#3772 = DIRECTION('',(0.,-1.,0.));
#3773 = ORIENTED_EDGE('',*,*,#3774,.T.);
#3774 = EDGE_CURVE('',#3767,#3736,#3775,.T.);
#3775 = LINE('',#3776,#3777);
#3776 = CARTESIAN_POINT('',(0.3,0.195,-0.6));
#3777 = VECTOR('',#3778,1.);
#3778 = DIRECTION('',(2.710505431214E-16,-0.,1.));
#3779 = ORIENTED_EDGE('',*,*,#3735,.T.);
#3780 = PLANE('',#3781);
#3781 = AXIS2_PLACEMENT_3D('',#3782,#3783,#3784);
#3782 = CARTESIAN_POINT('',(0.3,0.195,-0.6));
#3783 = DIRECTION('',(1.,0.,-2.710505431214E-16));
#3784 = DIRECTION('',(-2.710505431214E-16,0.,-1.));
#3785 = ADVANCED_FACE('',(#3786),#3811,.T.);
#3786 = FACE_BOUND('',#3787,.T.);
#3787 = EDGE_LOOP('',(#3788,#3796,#3804,#3810));
#3788 = ORIENTED_EDGE('',*,*,#3789,.F.);
#3789 = EDGE_CURVE('',#3790,#3759,#3792,.T.);
#3790 = VERTEX_POINT('',#3791);
#3791 = CARTESIAN_POINT('',(0.15,0.,-0.8));
#3792 = LINE('',#3793,#3794);
#3793 = CARTESIAN_POINT('',(0.3,0.,-0.8));
#3794 = VECTOR('',#3795,1.);
#3795 = DIRECTION('',(1.,-0.,-0.));
#3796 = ORIENTED_EDGE('',*,*,#3797,.F.);
#3797 = EDGE_CURVE('',#3798,#3790,#3800,.T.);
#3798 = VERTEX_POINT('',#3799);
#3799 = CARTESIAN_POINT('',(0.15,0.195,-0.8));
#3800 = LINE('',#3801,#3802);
#3801 = CARTESIAN_POINT('',(0.15,0.195,-0.8));
#3802 = VECTOR('',#3803,1.);
#3803 = DIRECTION('',(0.,-1.,0.));
#3804 = ORIENTED_EDGE('',*,*,#3805,.T.);
#3805 = EDGE_CURVE('',#3798,#3767,#3806,.T.);
#3806 = LINE('',#3807,#3808);
#3807 = CARTESIAN_POINT('',(0.3,0.195,-0.8));
#3808 = VECTOR('',#3809,1.);
#3809 = DIRECTION('',(1.,-0.,-0.));
#3810 = ORIENTED_EDGE('',*,*,#3766,.T.);
#3811 = PLANE('',#3812);
#3812 = AXIS2_PLACEMENT_3D('',#3813,#3814,#3815);
#3813 = CARTESIAN_POINT('',(0.3,0.195,-0.8));
#3814 = DIRECTION('',(-0.,0.,-1.));
#3815 = DIRECTION('',(-1.,0.,0.));
#3816 = ADVANCED_FACE('',(#3817),#3842,.T.);
#3817 = FACE_BOUND('',#3818,.T.);
#3818 = EDGE_LOOP('',(#3819,#3827,#3835,#3841));
#3819 = ORIENTED_EDGE('',*,*,#3820,.F.);
#3820 = EDGE_CURVE('',#3821,#3790,#3823,.T.);
#3821 = VERTEX_POINT('',#3822);
#3822 = CARTESIAN_POINT('',(0.15,0.,-0.6));
#3823 = LINE('',#3824,#3825);
#3824 = CARTESIAN_POINT('',(0.15,0.,-0.6));
#3825 = VECTOR('',#3826,1.);
#3826 = DIRECTION('',(-1.355252715607E-16,0.,-1.));
#3827 = ORIENTED_EDGE('',*,*,#3828,.F.);
#3828 = EDGE_CURVE('',#3829,#3821,#3831,.T.);
#3829 = VERTEX_POINT('',#3830);
#3830 = CARTESIAN_POINT('',(0.15,0.195,-0.6));
#3831 = LINE('',#3832,#3833);
#3832 = CARTESIAN_POINT('',(0.15,0.195,-0.6));
#3833 = VECTOR('',#3834,1.);
#3834 = DIRECTION('',(0.,-1.,0.));
#3835 = ORIENTED_EDGE('',*,*,#3836,.T.);
#3836 = EDGE_CURVE('',#3829,#3798,#3837,.T.);
#3837 = LINE('',#3838,#3839);
#3838 = CARTESIAN_POINT('',(0.15,0.195,-0.6));
#3839 = VECTOR('',#3840,1.);
#3840 = DIRECTION('',(-1.355252715607E-16,0.,-1.));
#3841 = ORIENTED_EDGE('',*,*,#3797,.T.);
#3842 = PLANE('',#3843);
#3843 = AXIS2_PLACEMENT_3D('',#3844,#3845,#3846);
#3844 = CARTESIAN_POINT('',(0.15,0.195,-0.6));
#3845 = DIRECTION('',(-1.,0.,1.355252715607E-16));
#3846 = DIRECTION('',(1.355252715607E-16,0.,1.));
#3847 = ADVANCED_FACE('',(#3848),#3873,.T.);
#3848 = FACE_BOUND('',#3849,.T.);
#3849 = EDGE_LOOP('',(#3850,#3858,#3866,#3872));
#3850 = ORIENTED_EDGE('',*,*,#3851,.F.);
#3851 = EDGE_CURVE('',#3852,#3821,#3854,.T.);
#3852 = VERTEX_POINT('',#3853);
#3853 = CARTESIAN_POINT('',(-0.15,-0.,-0.6));
#3854 = LINE('',#3855,#3856);
#3855 = CARTESIAN_POINT('',(-0.15,-0.,-0.6));
#3856 = VECTOR('',#3857,1.);
#3857 = DIRECTION('',(1.,0.,0.));
#3858 = ORIENTED_EDGE('',*,*,#3859,.F.);
#3859 = EDGE_CURVE('',#3860,#3852,#3862,.T.);
#3860 = VERTEX_POINT('',#3861);
#3861 = CARTESIAN_POINT('',(-0.15,0.195,-0.6));
#3862 = LINE('',#3863,#3864);
#3863 = CARTESIAN_POINT('',(-0.15,0.195,-0.6));
#3864 = VECTOR('',#3865,1.);
#3865 = DIRECTION('',(0.,-1.,0.));
#3866 = ORIENTED_EDGE('',*,*,#3867,.T.);
#3867 = EDGE_CURVE('',#3860,#3829,#3868,.T.);
#3868 = LINE('',#3869,#3870);
#3869 = CARTESIAN_POINT('',(-0.15,0.195,-0.6));
#3870 = VECTOR('',#3871,1.);
#3871 = DIRECTION('',(1.,0.,0.));
#3872 = ORIENTED_EDGE('',*,*,#3828,.T.);
#3873 = PLANE('',#3874);
#3874 = AXIS2_PLACEMENT_3D('',#3875,#3876,#3877);
#3875 = CARTESIAN_POINT('',(-0.15,0.195,-0.6));
#3876 = DIRECTION('',(0.,0.,-1.));
#3877 = DIRECTION('',(-1.,0.,-0.));
#3878 = ADVANCED_FACE('',(#3879),#3904,.T.);
#3879 = FACE_BOUND('',#3880,.T.);
#3880 = EDGE_LOOP('',(#3881,#3889,#3897,#3903));
#3881 = ORIENTED_EDGE('',*,*,#3882,.F.);
#3882 = EDGE_CURVE('',#3883,#3852,#3885,.T.);
#3883 = VERTEX_POINT('',#3884);
#3884 = CARTESIAN_POINT('',(-0.15,-0.,-0.8));
#3885 = LINE('',#3886,#3887);
#3886 = CARTESIAN_POINT('',(-0.15,-0.,-0.6));
#3887 = VECTOR('',#3888,1.);
#3888 = DIRECTION('',(-1.355252715607E-16,-0.,1.));
#3889 = ORIENTED_EDGE('',*,*,#3890,.F.);
#3890 = EDGE_CURVE('',#3891,#3883,#3893,.T.);
#3891 = VERTEX_POINT('',#3892);
#3892 = CARTESIAN_POINT('',(-0.15,0.195,-0.8));
#3893 = LINE('',#3894,#3895);
#3894 = CARTESIAN_POINT('',(-0.15,0.195,-0.8));
#3895 = VECTOR('',#3896,1.);
#3896 = DIRECTION('',(0.,-1.,0.));
#3897 = ORIENTED_EDGE('',*,*,#3898,.T.);
#3898 = EDGE_CURVE('',#3891,#3860,#3899,.T.);
#3899 = LINE('',#3900,#3901);
#3900 = CARTESIAN_POINT('',(-0.15,0.195,-0.6));
#3901 = VECTOR('',#3902,1.);
#3902 = DIRECTION('',(-1.355252715607E-16,-0.,1.));
#3903 = ORIENTED_EDGE('',*,*,#3859,.T.);
#3904 = PLANE('',#3905);
#3905 = AXIS2_PLACEMENT_3D('',#3906,#3907,#3908);
#3906 = CARTESIAN_POINT('',(-0.15,0.195,-0.6));
#3907 = DIRECTION('',(1.,0.,1.355252715607E-16));
#3908 = DIRECTION('',(1.355252715607E-16,0.,-1.));
#3909 = ADVANCED_FACE('',(#3910),#3935,.T.);
#3910 = FACE_BOUND('',#3911,.T.);
#3911 = EDGE_LOOP('',(#3912,#3920,#3928,#3934));
#3912 = ORIENTED_EDGE('',*,*,#3913,.F.);
#3913 = EDGE_CURVE('',#3914,#3883,#3916,.T.);
#3914 = VERTEX_POINT('',#3915);
#3915 = CARTESIAN_POINT('',(-0.3,-0.,-0.8));
#3916 = LINE('',#3917,#3918);
#3917 = CARTESIAN_POINT('',(-0.3,-0.,-0.8));
#3918 = VECTOR('',#3919,1.);
#3919 = DIRECTION('',(1.,0.,0.));
#3920 = ORIENTED_EDGE('',*,*,#3921,.F.);
#3921 = EDGE_CURVE('',#3922,#3914,#3924,.T.);
#3922 = VERTEX_POINT('',#3923);
#3923 = CARTESIAN_POINT('',(-0.3,0.195,-0.8));
#3924 = LINE('',#3925,#3926);
#3925 = CARTESIAN_POINT('',(-0.3,0.195,-0.8));
#3926 = VECTOR('',#3927,1.);
#3927 = DIRECTION('',(0.,-1.,0.));
#3928 = ORIENTED_EDGE('',*,*,#3929,.T.);
#3929 = EDGE_CURVE('',#3922,#3891,#3930,.T.);
#3930 = LINE('',#3931,#3932);
#3931 = CARTESIAN_POINT('',(-0.3,0.195,-0.8));
#3932 = VECTOR('',#3933,1.);
#3933 = DIRECTION('',(1.,0.,0.));
#3934 = ORIENTED_EDGE('',*,*,#3890,.T.);
#3935 = PLANE('',#3936);
#3936 = AXIS2_PLACEMENT_3D('',#3937,#3938,#3939);
#3937 = CARTESIAN_POINT('',(-0.3,0.195,-0.8));
#3938 = DIRECTION('',(0.,0.,-1.));
#3939 = DIRECTION('',(-1.,0.,-0.));
#3940 = ADVANCED_FACE('',(#3941),#3966,.T.);
#3941 = FACE_BOUND('',#3942,.T.);
#3942 = EDGE_LOOP('',(#3943,#3951,#3959,#3965));
#3943 = ORIENTED_EDGE('',*,*,#3944,.F.);
#3944 = EDGE_CURVE('',#3945,#3914,#3947,.T.);
#3945 = VERTEX_POINT('',#3946);
#3946 = CARTESIAN_POINT('',(-0.3,-0.,-0.6));
#3947 = LINE('',#3948,#3949);
#3948 = CARTESIAN_POINT('',(-0.3,-0.,-0.6));
#3949 = VECTOR('',#3950,1.);
#3950 = DIRECTION('',(2.710505431214E-16,0.,-1.));
#3951 = ORIENTED_EDGE('',*,*,#3952,.F.);
#3952 = EDGE_CURVE('',#3953,#3945,#3955,.T.);
#3953 = VERTEX_POINT('',#3954);
#3954 = CARTESIAN_POINT('',(-0.3,0.195,-0.6));
#3955 = LINE('',#3956,#3957);
#3956 = CARTESIAN_POINT('',(-0.3,0.195,-0.6));
#3957 = VECTOR('',#3958,1.);
#3958 = DIRECTION('',(0.,-1.,0.));
#3959 = ORIENTED_EDGE('',*,*,#3960,.T.);
#3960 = EDGE_CURVE('',#3953,#3922,#3961,.T.);
#3961 = LINE('',#3962,#3963);
#3962 = CARTESIAN_POINT('',(-0.3,0.195,-0.6));
#3963 = VECTOR('',#3964,1.);
#3964 = DIRECTION('',(2.710505431214E-16,0.,-1.));
#3965 = ORIENTED_EDGE('',*,*,#3921,.T.);
#3966 = PLANE('',#3967);
#3967 = AXIS2_PLACEMENT_3D('',#3968,#3969,#3970);
#3968 = CARTESIAN_POINT('',(-0.3,0.195,-0.6));
#3969 = DIRECTION('',(-1.,0.,-2.710505431214E-16));
#3970 = DIRECTION('',(-2.710505431214E-16,0.,1.));
#3971 = ADVANCED_FACE('',(#3972),#3997,.T.);
#3972 = FACE_BOUND('',#3973,.T.);
#3973 = EDGE_LOOP('',(#3974,#3982,#3990,#3996));
#3974 = ORIENTED_EDGE('',*,*,#3975,.F.);
#3975 = EDGE_CURVE('',#3976,#3945,#3978,.T.);
#3976 = VERTEX_POINT('',#3977);
#3977 = CARTESIAN_POINT('',(-0.75,-0.,-0.6));
#3978 = LINE('',#3979,#3980);
#3979 = CARTESIAN_POINT('',(-0.75,-0.,-0.6));
#3980 = VECTOR('',#3981,1.);
#3981 = DIRECTION('',(1.,0.,-2.409338161079E-16));
#3982 = ORIENTED_EDGE('',*,*,#3983,.F.);
#3983 = EDGE_CURVE('',#3984,#3976,#3986,.T.);
#3984 = VERTEX_POINT('',#3985);
#3985 = CARTESIAN_POINT('',(-0.75,0.195,-0.6));
#3986 = LINE('',#3987,#3988);
#3987 = CARTESIAN_POINT('',(-0.75,0.195,-0.6));
#3988 = VECTOR('',#3989,1.);
#3989 = DIRECTION('',(0.,-1.,0.));
#3990 = ORIENTED_EDGE('',*,*,#3991,.T.);
#3991 = EDGE_CURVE('',#3984,#3953,#3992,.T.);
#3992 = LINE('',#3993,#3994);
#3993 = CARTESIAN_POINT('',(-0.75,0.195,-0.6));
#3994 = VECTOR('',#3995,1.);
#3995 = DIRECTION('',(1.,0.,-2.409338161079E-16));
#3996 = ORIENTED_EDGE('',*,*,#3952,.T.);
#3997 = PLANE('',#3998);
#3998 = AXIS2_PLACEMENT_3D('',#3999,#4000,#4001);
#3999 = CARTESIAN_POINT('',(-0.75,0.195,-0.6));
#4000 = DIRECTION('',(-2.409338161079E-16,0.,-1.));
#4001 = DIRECTION('',(-1.,0.,2.409338161079E-16));
#4002 = ADVANCED_FACE('',(#4003),#4028,.T.);
#4003 = FACE_BOUND('',#4004,.T.);
#4004 = EDGE_LOOP('',(#4005,#4013,#4021,#4027));
#4005 = ORIENTED_EDGE('',*,*,#4006,.F.);
#4006 = EDGE_CURVE('',#4007,#3976,#4009,.T.);
#4007 = VERTEX_POINT('',#4008);
#4008 = CARTESIAN_POINT('',(-0.75,0.,0.6));
#4009 = LINE('',#4010,#4011);
#4010 = CARTESIAN_POINT('',(-0.75,-0.,-0.6));
#4011 = VECTOR('',#4012,1.);
#4012 = DIRECTION('',(-0.,-0.,-1.));
#4013 = ORIENTED_EDGE('',*,*,#4014,.F.);
#4014 = EDGE_CURVE('',#4015,#4007,#4017,.T.);
#4015 = VERTEX_POINT('',#4016);
#4016 = CARTESIAN_POINT('',(-0.75,0.195,0.6));
#4017 = LINE('',#4018,#4019);
#4018 = CARTESIAN_POINT('',(-0.75,0.195,0.6));
#4019 = VECTOR('',#4020,1.);
#4020 = DIRECTION('',(0.,-1.,0.));
#4021 = ORIENTED_EDGE('',*,*,#4022,.T.);
#4022 = EDGE_CURVE('',#4015,#3984,#4023,.T.);
#4023 = LINE('',#4024,#4025);
#4024 = CARTESIAN_POINT('',(-0.75,0.195,-0.6));
#4025 = VECTOR('',#4026,1.);
#4026 = DIRECTION('',(-0.,-0.,-1.));
#4027 = ORIENTED_EDGE('',*,*,#3983,.T.);
#4028 = PLANE('',#4029);
#4029 = AXIS2_PLACEMENT_3D('',#4030,#4031,#4032);
#4030 = CARTESIAN_POINT('',(-0.75,0.195,-0.6));
#4031 = DIRECTION('',(-1.,0.,0.));
#4032 = DIRECTION('',(0.,0.,1.));
#4033 = ADVANCED_FACE('',(#4034),#4059,.T.);
#4034 = FACE_BOUND('',#4035,.T.);
#4035 = EDGE_LOOP('',(#4036,#4044,#4052,#4058));
#4036 = ORIENTED_EDGE('',*,*,#4037,.F.);
#4037 = EDGE_CURVE('',#4038,#4007,#4040,.T.);
#4038 = VERTEX_POINT('',#4039);
#4039 = CARTESIAN_POINT('',(-0.3,0.,0.6));
#4040 = LINE('',#4041,#4042);
#4041 = CARTESIAN_POINT('',(-0.75,0.,0.6));
#4042 = VECTOR('',#4043,1.);
#4043 = DIRECTION('',(-1.,-0.,-0.));
#4044 = ORIENTED_EDGE('',*,*,#4045,.F.);
#4045 = EDGE_CURVE('',#4046,#4038,#4048,.T.);
#4046 = VERTEX_POINT('',#4047);
#4047 = CARTESIAN_POINT('',(-0.3,0.195,0.6));
#4048 = LINE('',#4049,#4050);
#4049 = CARTESIAN_POINT('',(-0.3,0.195,0.6));
#4050 = VECTOR('',#4051,1.);
#4051 = DIRECTION('',(0.,-1.,0.));
#4052 = ORIENTED_EDGE('',*,*,#4053,.T.);
#4053 = EDGE_CURVE('',#4046,#4015,#4054,.T.);
#4054 = LINE('',#4055,#4056);
#4055 = CARTESIAN_POINT('',(-0.75,0.195,0.6));
#4056 = VECTOR('',#4057,1.);
#4057 = DIRECTION('',(-1.,-0.,-0.));
#4058 = ORIENTED_EDGE('',*,*,#4014,.T.);
#4059 = PLANE('',#4060);
#4060 = AXIS2_PLACEMENT_3D('',#4061,#4062,#4063);
#4061 = CARTESIAN_POINT('',(-0.75,0.195,0.6));
#4062 = DIRECTION('',(-0.,0.,1.));
#4063 = DIRECTION('',(1.,0.,0.));
#4064 = ADVANCED_FACE('',(#4065),#4090,.T.);
#4065 = FACE_BOUND('',#4066,.T.);
#4066 = EDGE_LOOP('',(#4067,#4075,#4083,#4089));
#4067 = ORIENTED_EDGE('',*,*,#4068,.F.);
#4068 = EDGE_CURVE('',#4069,#4038,#4071,.T.);
#4069 = VERTEX_POINT('',#4070);
#4070 = CARTESIAN_POINT('',(-0.3,0.,0.8));
#4071 = LINE('',#4072,#4073);
#4072 = CARTESIAN_POINT('',(-0.3,0.,0.8));
#4073 = VECTOR('',#4074,1.);
#4074 = DIRECTION('',(0.,0.,-1.));
#4075 = ORIENTED_EDGE('',*,*,#4076,.F.);
#4076 = EDGE_CURVE('',#4077,#4069,#4079,.T.);
#4077 = VERTEX_POINT('',#4078);
#4078 = CARTESIAN_POINT('',(-0.3,0.195,0.8));
#4079 = LINE('',#4080,#4081);
#4080 = CARTESIAN_POINT('',(-0.3,0.195,0.8));
#4081 = VECTOR('',#4082,1.);
#4082 = DIRECTION('',(0.,-1.,0.));
#4083 = ORIENTED_EDGE('',*,*,#4084,.T.);
#4084 = EDGE_CURVE('',#4077,#4046,#4085,.T.);
#4085 = LINE('',#4086,#4087);
#4086 = CARTESIAN_POINT('',(-0.3,0.195,0.8));
#4087 = VECTOR('',#4088,1.);
#4088 = DIRECTION('',(0.,0.,-1.));
#4089 = ORIENTED_EDGE('',*,*,#4045,.T.);
#4090 = PLANE('',#4091);
#4091 = AXIS2_PLACEMENT_3D('',#4092,#4093,#4094);
#4092 = CARTESIAN_POINT('',(-0.3,0.195,0.8));
#4093 = DIRECTION('',(-1.,0.,-0.));
#4094 = DIRECTION('',(0.,0.,1.));
#4095 = ADVANCED_FACE('',(#4096),#4121,.T.);
#4096 = FACE_BOUND('',#4097,.T.);
#4097 = EDGE_LOOP('',(#4098,#4106,#4114,#4120));
#4098 = ORIENTED_EDGE('',*,*,#4099,.F.);
#4099 = EDGE_CURVE('',#4100,#4069,#4102,.T.);
#4100 = VERTEX_POINT('',#4101);
#4101 = CARTESIAN_POINT('',(-0.15,0.,0.8));
#4102 = LINE('',#4103,#4104);
#4103 = CARTESIAN_POINT('',(-0.3,0.,0.8));
#4104 = VECTOR('',#4105,1.);
#4105 = DIRECTION('',(-1.,-0.,-0.));
#4106 = ORIENTED_EDGE('',*,*,#4107,.F.);
#4107 = EDGE_CURVE('',#4108,#4100,#4110,.T.);
#4108 = VERTEX_POINT('',#4109);
#4109 = CARTESIAN_POINT('',(-0.15,0.195,0.8));
#4110 = LINE('',#4111,#4112);
#4111 = CARTESIAN_POINT('',(-0.15,0.195,0.8));
#4112 = VECTOR('',#4113,1.);
#4113 = DIRECTION('',(0.,-1.,0.));
#4114 = ORIENTED_EDGE('',*,*,#4115,.T.);
#4115 = EDGE_CURVE('',#4108,#4077,#4116,.T.);
#4116 = LINE('',#4117,#4118);
#4117 = CARTESIAN_POINT('',(-0.3,0.195,0.8));
#4118 = VECTOR('',#4119,1.);
#4119 = DIRECTION('',(-1.,-0.,-0.));
#4120 = ORIENTED_EDGE('',*,*,#4076,.T.);
#4121 = PLANE('',#4122);
#4122 = AXIS2_PLACEMENT_3D('',#4123,#4124,#4125);
#4123 = CARTESIAN_POINT('',(-0.3,0.195,0.8));
#4124 = DIRECTION('',(-0.,0.,1.));
#4125 = DIRECTION('',(1.,0.,0.));
#4126 = ADVANCED_FACE('',(#4127),#4152,.T.);
#4127 = FACE_BOUND('',#4128,.T.);
#4128 = EDGE_LOOP('',(#4129,#4137,#4145,#4151));
#4129 = ORIENTED_EDGE('',*,*,#4130,.F.);
#4130 = EDGE_CURVE('',#4131,#4100,#4133,.T.);
#4131 = VERTEX_POINT('',#4132);
#4132 = CARTESIAN_POINT('',(-0.15,0.,0.6));
#4133 = LINE('',#4134,#4135);
#4134 = CARTESIAN_POINT('',(-0.15,0.,0.8));
#4135 = VECTOR('',#4136,1.);
#4136 = DIRECTION('',(-4.065758146821E-16,-0.,1.));
#4137 = ORIENTED_EDGE('',*,*,#4138,.F.);
#4138 = EDGE_CURVE('',#4139,#4131,#4141,.T.);
#4139 = VERTEX_POINT('',#4140);
#4140 = CARTESIAN_POINT('',(-0.15,0.195,0.6));
#4141 = LINE('',#4142,#4143);
#4142 = CARTESIAN_POINT('',(-0.15,0.195,0.6));
#4143 = VECTOR('',#4144,1.);
#4144 = DIRECTION('',(0.,-1.,0.));
#4145 = ORIENTED_EDGE('',*,*,#4146,.T.);
#4146 = EDGE_CURVE('',#4139,#4108,#4147,.T.);
#4147 = LINE('',#4148,#4149);
#4148 = CARTESIAN_POINT('',(-0.15,0.195,0.8));
#4149 = VECTOR('',#4150,1.);
#4150 = DIRECTION('',(-4.065758146821E-16,-0.,1.));
#4151 = ORIENTED_EDGE('',*,*,#4107,.T.);
#4152 = PLANE('',#4153);
#4153 = AXIS2_PLACEMENT_3D('',#4154,#4155,#4156);
#4154 = CARTESIAN_POINT('',(-0.15,0.195,0.8));
#4155 = DIRECTION('',(1.,0.,4.065758146821E-16));
#4156 = DIRECTION('',(4.065758146821E-16,0.,-1.));
#4157 = ADVANCED_FACE('',(#4158),#4183,.T.);
#4158 = FACE_BOUND('',#4159,.T.);
#4159 = EDGE_LOOP('',(#4160,#4168,#4176,#4182));
#4160 = ORIENTED_EDGE('',*,*,#4161,.F.);
#4161 = EDGE_CURVE('',#4162,#4131,#4164,.T.);
#4162 = VERTEX_POINT('',#4163);
#4163 = CARTESIAN_POINT('',(0.15,0.,0.6));
#4164 = LINE('',#4165,#4166);
#4165 = CARTESIAN_POINT('',(-0.15,0.,0.6));
#4166 = VECTOR('',#4167,1.);
#4167 = DIRECTION('',(-1.,-0.,-0.));
#4168 = ORIENTED_EDGE('',*,*,#4169,.F.);
#4169 = EDGE_CURVE('',#4170,#4162,#4172,.T.);
#4170 = VERTEX_POINT('',#4171);
#4171 = CARTESIAN_POINT('',(0.15,0.195,0.6));
#4172 = LINE('',#4173,#4174);
#4173 = CARTESIAN_POINT('',(0.15,0.195,0.6));
#4174 = VECTOR('',#4175,1.);
#4175 = DIRECTION('',(0.,-1.,0.));
#4176 = ORIENTED_EDGE('',*,*,#4177,.T.);
#4177 = EDGE_CURVE('',#4170,#4139,#4178,.T.);
#4178 = LINE('',#4179,#4180);
#4179 = CARTESIAN_POINT('',(-0.15,0.195,0.6));
#4180 = VECTOR('',#4181,1.);
#4181 = DIRECTION('',(-1.,-0.,-0.));
#4182 = ORIENTED_EDGE('',*,*,#4138,.T.);
#4183 = PLANE('',#4184);
#4184 = AXIS2_PLACEMENT_3D('',#4185,#4186,#4187);
#4185 = CARTESIAN_POINT('',(-0.15,0.195,0.6));
#4186 = DIRECTION('',(-0.,0.,1.));
#4187 = DIRECTION('',(1.,0.,0.));
#4188 = ADVANCED_FACE('',(#4189),#4214,.T.);
#4189 = FACE_BOUND('',#4190,.T.);
#4190 = EDGE_LOOP('',(#4191,#4199,#4207,#4213));
#4191 = ORIENTED_EDGE('',*,*,#4192,.F.);
#4192 = EDGE_CURVE('',#4193,#4162,#4195,.T.);
#4193 = VERTEX_POINT('',#4194);
#4194 = CARTESIAN_POINT('',(0.15,0.,0.8));
#4195 = LINE('',#4196,#4197);
#4196 = CARTESIAN_POINT('',(0.15,0.,0.8));
#4197 = VECTOR('',#4198,1.);
#4198 = DIRECTION('',(-4.065758146821E-16,0.,-1.));
#4199 = ORIENTED_EDGE('',*,*,#4200,.F.);
#4200 = EDGE_CURVE('',#4201,#4193,#4203,.T.);
#4201 = VERTEX_POINT('',#4202);
#4202 = CARTESIAN_POINT('',(0.15,0.195,0.8));
#4203 = LINE('',#4204,#4205);
#4204 = CARTESIAN_POINT('',(0.15,0.195,0.8));
#4205 = VECTOR('',#4206,1.);
#4206 = DIRECTION('',(0.,-1.,0.));
#4207 = ORIENTED_EDGE('',*,*,#4208,.T.);
#4208 = EDGE_CURVE('',#4201,#4170,#4209,.T.);
#4209 = LINE('',#4210,#4211);
#4210 = CARTESIAN_POINT('',(0.15,0.195,0.8));
#4211 = VECTOR('',#4212,1.);
#4212 = DIRECTION('',(-4.065758146821E-16,0.,-1.));
#4213 = ORIENTED_EDGE('',*,*,#4169,.T.);
#4214 = PLANE('',#4215);
#4215 = AXIS2_PLACEMENT_3D('',#4216,#4217,#4218);
#4216 = CARTESIAN_POINT('',(0.15,0.195,0.8));
#4217 = DIRECTION('',(-1.,0.,4.065758146821E-16));
#4218 = DIRECTION('',(4.065758146821E-16,0.,1.));
#4219 = ADVANCED_FACE('',(#4220),#4245,.T.);
#4220 = FACE_BOUND('',#4221,.T.);
#4221 = EDGE_LOOP('',(#4222,#4230,#4238,#4244));
#4222 = ORIENTED_EDGE('',*,*,#4223,.F.);
#4223 = EDGE_CURVE('',#4224,#4193,#4226,.T.);
#4224 = VERTEX_POINT('',#4225);
#4225 = CARTESIAN_POINT('',(0.3,0.,0.8));
#4226 = LINE('',#4227,#4228);
#4227 = CARTESIAN_POINT('',(0.3,0.,0.8));
#4228 = VECTOR('',#4229,1.);
#4229 = DIRECTION('',(-1.,0.,0.));
#4230 = ORIENTED_EDGE('',*,*,#4231,.F.);
#4231 = EDGE_CURVE('',#4232,#4224,#4234,.T.);
#4232 = VERTEX_POINT('',#4233);
#4233 = CARTESIAN_POINT('',(0.3,0.195,0.8));
#4234 = LINE('',#4235,#4236);
#4235 = CARTESIAN_POINT('',(0.3,0.195,0.8));
#4236 = VECTOR('',#4237,1.);
#4237 = DIRECTION('',(0.,-1.,0.));
#4238 = ORIENTED_EDGE('',*,*,#4239,.T.);
#4239 = EDGE_CURVE('',#4232,#4201,#4240,.T.);
#4240 = LINE('',#4241,#4242);
#4241 = CARTESIAN_POINT('',(0.3,0.195,0.8));
#4242 = VECTOR('',#4243,1.);
#4243 = DIRECTION('',(-1.,0.,0.));
#4244 = ORIENTED_EDGE('',*,*,#4200,.T.);
#4245 = PLANE('',#4246);
#4246 = AXIS2_PLACEMENT_3D('',#4247,#4248,#4249);
#4247 = CARTESIAN_POINT('',(0.3,0.195,0.8));
#4248 = DIRECTION('',(0.,0.,1.));
#4249 = DIRECTION('',(1.,0.,-0.));
#4250 = ADVANCED_FACE('',(#4251),#4267,.T.);
#4251 = FACE_BOUND('',#4252,.T.);
#4252 = EDGE_LOOP('',(#4253,#4259,#4260,#4266));
#4253 = ORIENTED_EDGE('',*,*,#4254,.F.);
#4254 = EDGE_CURVE('',#3659,#4224,#4255,.T.);
#4255 = LINE('',#4256,#4257);
#4256 = CARTESIAN_POINT('',(0.3,0.,0.8));
#4257 = VECTOR('',#4258,1.);
#4258 = DIRECTION('',(-0.,-0.,1.));
#4259 = ORIENTED_EDGE('',*,*,#3682,.F.);
#4260 = ORIENTED_EDGE('',*,*,#4261,.T.);
#4261 = EDGE_CURVE('',#3675,#4232,#4262,.T.);
#4262 = LINE('',#4263,#4264);
#4263 = CARTESIAN_POINT('',(0.3,0.195,0.8));
#4264 = VECTOR('',#4265,1.);
#4265 = DIRECTION('',(-0.,-0.,1.));
#4266 = ORIENTED_EDGE('',*,*,#4231,.T.);
#4267 = PLANE('',#4268);
#4268 = AXIS2_PLACEMENT_3D('',#4269,#4270,#4271);
#4269 = CARTESIAN_POINT('',(0.3,0.195,0.8));
#4270 = DIRECTION('',(1.,0.,0.));
#4271 = DIRECTION('',(0.,0.,-1.));
#4272 = ADVANCED_FACE('',(#4273),#4295,.F.);
#4273 = FACE_BOUND('',#4274,.T.);
#4274 = EDGE_LOOP('',(#4275,#4276,#4277,#4278,#4279,#4280,#4281,#4282,
    #4283,#4284,#4285,#4286,#4287,#4288,#4289,#4290,#4291,#4292,#4293,
    #4294));
#4275 = ORIENTED_EDGE('',*,*,#3674,.F.);
#4276 = ORIENTED_EDGE('',*,*,#3712,.F.);
#4277 = ORIENTED_EDGE('',*,*,#3743,.F.);
#4278 = ORIENTED_EDGE('',*,*,#3774,.F.);
#4279 = ORIENTED_EDGE('',*,*,#3805,.F.);
#4280 = ORIENTED_EDGE('',*,*,#3836,.F.);
#4281 = ORIENTED_EDGE('',*,*,#3867,.F.);
#4282 = ORIENTED_EDGE('',*,*,#3898,.F.);
#4283 = ORIENTED_EDGE('',*,*,#3929,.F.);
#4284 = ORIENTED_EDGE('',*,*,#3960,.F.);
#4285 = ORIENTED_EDGE('',*,*,#3991,.F.);
#4286 = ORIENTED_EDGE('',*,*,#4022,.F.);
#4287 = ORIENTED_EDGE('',*,*,#4053,.F.);
#4288 = ORIENTED_EDGE('',*,*,#4084,.F.);
#4289 = ORIENTED_EDGE('',*,*,#4115,.F.);
#4290 = ORIENTED_EDGE('',*,*,#4146,.F.);
#4291 = ORIENTED_EDGE('',*,*,#4177,.F.);
#4292 = ORIENTED_EDGE('',*,*,#4208,.F.);
#4293 = ORIENTED_EDGE('',*,*,#4239,.F.);
#4294 = ORIENTED_EDGE('',*,*,#4261,.F.);
#4295 = PLANE('',#4296);
#4296 = AXIS2_PLACEMENT_3D('',#4297,#4298,#4299);
#4297 = CARTESIAN_POINT('',(0.,0.195,0.));
#4298 = DIRECTION('',(0.,-1.,0.));
#4299 = DIRECTION('',(0.,-0.,-1.));
#4300 = ADVANCED_FACE('',(#4301),#4323,.T.);
#4301 = FACE_BOUND('',#4302,.T.);
#4302 = EDGE_LOOP('',(#4303,#4304,#4305,#4306,#4307,#4308,#4309,#4310,
    #4311,#4312,#4313,#4314,#4315,#4316,#4317,#4318,#4319,#4320,#4321,
    #4322));
#4303 = ORIENTED_EDGE('',*,*,#3656,.T.);
#4304 = ORIENTED_EDGE('',*,*,#4254,.T.);
#4305 = ORIENTED_EDGE('',*,*,#4223,.T.);
#4306 = ORIENTED_EDGE('',*,*,#4192,.T.);
#4307 = ORIENTED_EDGE('',*,*,#4161,.T.);
#4308 = ORIENTED_EDGE('',*,*,#4130,.T.);
#4309 = ORIENTED_EDGE('',*,*,#4099,.T.);
#4310 = ORIENTED_EDGE('',*,*,#4068,.T.);
#4311 = ORIENTED_EDGE('',*,*,#4037,.T.);
#4312 = ORIENTED_EDGE('',*,*,#4006,.T.);
#4313 = ORIENTED_EDGE('',*,*,#3975,.T.);
#4314 = ORIENTED_EDGE('',*,*,#3944,.T.);
#4315 = ORIENTED_EDGE('',*,*,#3913,.T.);
#4316 = ORIENTED_EDGE('',*,*,#3882,.T.);
#4317 = ORIENTED_EDGE('',*,*,#3851,.T.);
#4318 = ORIENTED_EDGE('',*,*,#3820,.T.);
#4319 = ORIENTED_EDGE('',*,*,#3789,.T.);
#4320 = ORIENTED_EDGE('',*,*,#3758,.T.);
#4321 = ORIENTED_EDGE('',*,*,#3727,.T.);
#4322 = ORIENTED_EDGE('',*,*,#3696,.T.);
#4323 = PLANE('',#4324);
#4324 = AXIS2_PLACEMENT_3D('',#4325,#4326,#4327);
#4325 = CARTESIAN_POINT('',(0.,0.,0.));
#4326 = DIRECTION('',(0.,-1.,0.));
#4327 = DIRECTION('',(0.,-0.,-1.));
#4328 = ( GEOMETRIC_REPRESENTATION_CONTEXT(3) 
GLOBAL_UNCERTAINTY_ASSIGNED_CONTEXT((#4332)) 
GLOBAL_UNIT_ASSIGNED_CONTEXT((#4329,#4330,#4331)) REPRESENTATION_CONTEXT
('Context #1','3D Context with UNIT and UNCERTAINTY') );
#4329 = ( LENGTH_UNIT() NAMED_UNIT(*) SI_UNIT(.MILLI.,.METRE.) );
#4330 = ( NAMED_UNIT(*) PLANE_ANGLE_UNIT() SI_UNIT($,.RADIAN.) );
#4331 = ( NAMED_UNIT(*) SI_UNIT($,.STERADIAN.) SOLID_ANGLE_UNIT() );
#4332 = UNCERTAINTY_MEASURE_WITH_UNIT(LENGTH_MEASURE(1.E-07),#4329,
  'distance_accuracy_value','confusion accuracy');
#4333 = CONTEXT_DEPENDENT_SHAPE_REPRESENTATION(#4334,#4336);
#4334 = ( REPRESENTATION_RELATIONSHIP('','',#76,#10) 
REPRESENTATION_RELATIONSHIP_WITH_TRANSFORMATION(#4335) 
SHAPE_REPRESENTATION_RELATIONSHIP() );
#4335 = ITEM_DEFINED_TRANSFORMATION('','',#11,#15);
#4336 = PRODUCT_DEFINITION_SHAPE('Placement','Placement of an item',
  #4337);
#4337 = NEXT_ASSEMBLY_USAGE_OCCURRENCE('1','U1','',#5,#71,$);
#4338 = PRODUCT_RELATED_PRODUCT_CATEGORY('part',$,(#73));
#4339 = SHAPE_DEFINITION_REPRESENTATION(#4340,#4346);
#4340 = PRODUCT_DEFINITION_SHAPE('','',#4341);
#4341 = PRODUCT_DEFINITION('design','',#4342,#4345);
#4342 = PRODUCT_DEFINITION_FORMATION('','',#4343);
#4343 = PRODUCT('R_0603_1608Metric','R_0603_1608Metric','',(#4344));
#4344 = PRODUCT_CONTEXT('',#2,'mechanical');
#4345 = PRODUCT_DEFINITION_CONTEXT('part definition',#2,'design');
#4346 = ADVANCED_BREP_SHAPE_REPRESENTATION('',(#11,#4347),#5137);
#4347 = MANIFOLD_SOLID_BREP('',#4348);
#4348 = CLOSED_SHELL('',(#4349,#4389,#4472,#4497,#4522,#4589,#4606,#4623
    ,#4672,#4689,#4706,#4755,#4772,#4841,#4872,#4896,#4965,#4989,#5006,
    #5023,#5040,#5057,#5074,#5091,#5108,#5125));
#4349 = ADVANCED_FACE('',(#4350),#4384,.F.);
#4350 = FACE_BOUND('',#4351,.F.);
#4351 = EDGE_LOOP('',(#4352,#4362,#4370,#4378));
#4352 = ORIENTED_EDGE('',*,*,#4353,.F.);
#4353 = EDGE_CURVE('',#4354,#4356,#4358,.T.);
#4354 = VERTEX_POINT('',#4355);
#4355 = CARTESIAN_POINT('',(-0.8,-0.4,4.5E-02));
#4356 = VERTEX_POINT('',#4357);
#4357 = CARTESIAN_POINT('',(-0.8,-0.4,0.405));
#4358 = LINE('',#4359,#4360);
#4359 = CARTESIAN_POINT('',(-0.8,-0.4,0.));
#4360 = VECTOR('',#4361,1.);
#4361 = DIRECTION('',(0.,0.,1.));
#4362 = ORIENTED_EDGE('',*,*,#4363,.T.);
#4363 = EDGE_CURVE('',#4354,#4364,#4366,.T.);
#4364 = VERTEX_POINT('',#4365);
#4365 = CARTESIAN_POINT('',(-0.8,0.4,4.5E-02));
#4366 = LINE('',#4367,#4368);
#4367 = CARTESIAN_POINT('',(-0.8,-0.4,4.5E-02));
#4368 = VECTOR('',#4369,1.);
#4369 = DIRECTION('',(0.,1.,0.));
#4370 = ORIENTED_EDGE('',*,*,#4371,.T.);
#4371 = EDGE_CURVE('',#4364,#4372,#4374,.T.);
#4372 = VERTEX_POINT('',#4373);
#4373 = CARTESIAN_POINT('',(-0.8,0.4,0.405));
#4374 = LINE('',#4375,#4376);
#4375 = CARTESIAN_POINT('',(-0.8,0.4,0.));
#4376 = VECTOR('',#4377,1.);
#4377 = DIRECTION('',(0.,0.,1.));
#4378 = ORIENTED_EDGE('',*,*,#4379,.F.);
#4379 = EDGE_CURVE('',#4356,#4372,#4380,.T.);
#4380 = LINE('',#4381,#4382);
#4381 = CARTESIAN_POINT('',(-0.8,-0.4,0.405));
#4382 = VECTOR('',#4383,1.);
#4383 = DIRECTION('',(0.,1.,0.));
#4384 = PLANE('',#4385);
#4385 = AXIS2_PLACEMENT_3D('',#4386,#4387,#4388);
#4386 = CARTESIAN_POINT('',(-0.8,-0.4,0.));
#4387 = DIRECTION('',(1.,0.,0.));
#4388 = DIRECTION('',(0.,0.,1.));
#4389 = ADVANCED_FACE('',(#4390),#4467,.F.);
#4390 = FACE_BOUND('',#4391,.F.);
#4391 = EDGE_LOOP('',(#4392,#4402,#4409,#4410,#4419,#4427,#4436,#4444,
    #4452,#4460));
#4392 = ORIENTED_EDGE('',*,*,#4393,.F.);
#4393 = EDGE_CURVE('',#4394,#4396,#4398,.T.);
#4394 = VERTEX_POINT('',#4395);
#4395 = CARTESIAN_POINT('',(-0.755,-0.4,-2.775557561563E-17));
#4396 = VERTEX_POINT('',#4397);
#4397 = CARTESIAN_POINT('',(-0.545,-0.4,-2.775557561563E-17));
#4398 = LINE('',#4399,#4400);
#4399 = CARTESIAN_POINT('',(-0.8,-0.4,0.));
#4400 = VECTOR('',#4401,1.);
#4401 = DIRECTION('',(1.,0.,0.));
#4402 = ORIENTED_EDGE('',*,*,#4403,.F.);
#4403 = EDGE_CURVE('',#4354,#4394,#4404,.T.);
#4404 = CIRCLE('',#4405,4.5E-02);
#4405 = AXIS2_PLACEMENT_3D('',#4406,#4407,#4408);
#4406 = CARTESIAN_POINT('',(-0.755,-0.4,4.5E-02));
#4407 = DIRECTION('',(0.,-1.,0.));
#4408 = DIRECTION('',(0.,0.,1.));
#4409 = ORIENTED_EDGE('',*,*,#4353,.T.);
#4410 = ORIENTED_EDGE('',*,*,#4411,.T.);
#4411 = EDGE_CURVE('',#4356,#4412,#4414,.T.);
#4412 = VERTEX_POINT('',#4413);
#4413 = CARTESIAN_POINT('',(-0.755,-0.4,0.45));
#4414 = CIRCLE('',#4415,4.5E-02);
#4415 = AXIS2_PLACEMENT_3D('',#4416,#4417,#4418);
#4416 = CARTESIAN_POINT('',(-0.755,-0.4,0.405));
#4417 = DIRECTION('',(0.,1.,0.));
#4418 = DIRECTION('',(0.,-0.,1.));
#4419 = ORIENTED_EDGE('',*,*,#4420,.T.);
#4420 = EDGE_CURVE('',#4412,#4421,#4423,.T.);
#4421 = VERTEX_POINT('',#4422);
#4422 = CARTESIAN_POINT('',(-0.545,-0.4,0.45));
#4423 = LINE('',#4424,#4425);
#4424 = CARTESIAN_POINT('',(-0.8,-0.4,0.45));
#4425 = VECTOR('',#4426,1.);
#4426 = DIRECTION('',(1.,0.,0.));
#4427 = ORIENTED_EDGE('',*,*,#4428,.F.);
#4428 = EDGE_CURVE('',#4429,#4421,#4431,.T.);
#4429 = VERTEX_POINT('',#4430);
#4430 = CARTESIAN_POINT('',(-0.5,-0.4,0.405));
#4431 = CIRCLE('',#4432,4.5E-02);
#4432 = AXIS2_PLACEMENT_3D('',#4433,#4434,#4435);
#4433 = CARTESIAN_POINT('',(-0.545,-0.4,0.405));
#4434 = DIRECTION('',(0.,-1.,0.));
#4435 = DIRECTION('',(0.,0.,1.));
#4436 = ORIENTED_EDGE('',*,*,#4437,.F.);
#4437 = EDGE_CURVE('',#4438,#4429,#4440,.T.);
#4438 = VERTEX_POINT('',#4439);
#4439 = CARTESIAN_POINT('',(-0.755,-0.4,0.405));
#4440 = LINE('',#4441,#4442);
#4441 = CARTESIAN_POINT('',(-0.755,-0.4,0.405));
#4442 = VECTOR('',#4443,1.);
#4443 = DIRECTION('',(1.,0.,0.));
#4444 = ORIENTED_EDGE('',*,*,#4445,.F.);
#4445 = EDGE_CURVE('',#4446,#4438,#4448,.T.);
#4446 = VERTEX_POINT('',#4447);
#4447 = CARTESIAN_POINT('',(-0.755,-0.4,4.5E-02));
#4448 = LINE('',#4449,#4450);
#4449 = CARTESIAN_POINT('',(-0.755,-0.4,4.5E-02));
#4450 = VECTOR('',#4451,1.);
#4451 = DIRECTION('',(0.,0.,1.));
#4452 = ORIENTED_EDGE('',*,*,#4453,.T.);
#4453 = EDGE_CURVE('',#4446,#4454,#4456,.T.);
#4454 = VERTEX_POINT('',#4455);
#4455 = CARTESIAN_POINT('',(-0.5,-0.4,4.5E-02));
#4456 = LINE('',#4457,#4458);
#4457 = CARTESIAN_POINT('',(-0.755,-0.4,4.5E-02));
#4458 = VECTOR('',#4459,1.);
#4459 = DIRECTION('',(1.,0.,0.));
#4460 = ORIENTED_EDGE('',*,*,#4461,.T.);
#4461 = EDGE_CURVE('',#4454,#4396,#4462,.T.);
#4462 = CIRCLE('',#4463,4.5E-02);
#4463 = AXIS2_PLACEMENT_3D('',#4464,#4465,#4466);
#4464 = CARTESIAN_POINT('',(-0.545,-0.4,4.5E-02));
#4465 = DIRECTION('',(0.,1.,0.));
#4466 = DIRECTION('',(0.,-0.,1.));
#4467 = PLANE('',#4468);
#4468 = AXIS2_PLACEMENT_3D('',#4469,#4470,#4471);
#4469 = CARTESIAN_POINT('',(-0.8,-0.4,0.));
#4470 = DIRECTION('',(0.,1.,0.));
#4471 = DIRECTION('',(0.,-0.,1.));
#4472 = ADVANCED_FACE('',(#4473),#4492,.T.);
#4473 = FACE_BOUND('',#4474,.T.);
#4474 = EDGE_LOOP('',(#4475,#4476,#4485,#4491));
#4475 = ORIENTED_EDGE('',*,*,#4363,.T.);
#4476 = ORIENTED_EDGE('',*,*,#4477,.T.);
#4477 = EDGE_CURVE('',#4364,#4478,#4480,.T.);
#4478 = VERTEX_POINT('',#4479);
#4479 = CARTESIAN_POINT('',(-0.755,0.4,-2.775557561563E-17));
#4480 = CIRCLE('',#4481,4.5E-02);
#4481 = AXIS2_PLACEMENT_3D('',#4482,#4483,#4484);
#4482 = CARTESIAN_POINT('',(-0.755,0.4,4.5E-02));
#4483 = DIRECTION('',(0.,-1.,0.));
#4484 = DIRECTION('',(0.,0.,1.));
#4485 = ORIENTED_EDGE('',*,*,#4486,.F.);
#4486 = EDGE_CURVE('',#4394,#4478,#4487,.T.);
#4487 = LINE('',#4488,#4489);
#4488 = CARTESIAN_POINT('',(-0.755,-0.4,-2.775557561563E-17));
#4489 = VECTOR('',#4490,1.);
#4490 = DIRECTION('',(0.,1.,0.));
#4491 = ORIENTED_EDGE('',*,*,#4403,.F.);
#4492 = CYLINDRICAL_SURFACE('',#4493,4.5E-02);
#4493 = AXIS2_PLACEMENT_3D('',#4494,#4495,#4496);
#4494 = CARTESIAN_POINT('',(-0.755,-0.4,4.5E-02));
#4495 = DIRECTION('',(0.,1.,0.));
#4496 = DIRECTION('',(-1.,0.,0.));
#4497 = ADVANCED_FACE('',(#4498),#4517,.T.);
#4498 = FACE_BOUND('',#4499,.T.);
#4499 = EDGE_LOOP('',(#4500,#4501,#4509,#4516));
#4500 = ORIENTED_EDGE('',*,*,#4411,.T.);
#4501 = ORIENTED_EDGE('',*,*,#4502,.T.);
#4502 = EDGE_CURVE('',#4412,#4503,#4505,.T.);
#4503 = VERTEX_POINT('',#4504);
#4504 = CARTESIAN_POINT('',(-0.755,0.4,0.45));
#4505 = LINE('',#4506,#4507);
#4506 = CARTESIAN_POINT('',(-0.755,-0.4,0.45));
#4507 = VECTOR('',#4508,1.);
#4508 = DIRECTION('',(0.,1.,0.));
#4509 = ORIENTED_EDGE('',*,*,#4510,.F.);
#4510 = EDGE_CURVE('',#4372,#4503,#4511,.T.);
#4511 = CIRCLE('',#4512,4.5E-02);
#4512 = AXIS2_PLACEMENT_3D('',#4513,#4514,#4515);
#4513 = CARTESIAN_POINT('',(-0.755,0.4,0.405));
#4514 = DIRECTION('',(0.,1.,0.));
#4515 = DIRECTION('',(0.,-0.,1.));
#4516 = ORIENTED_EDGE('',*,*,#4379,.F.);
#4517 = CYLINDRICAL_SURFACE('',#4518,4.5E-02);
#4518 = AXIS2_PLACEMENT_3D('',#4519,#4520,#4521);
#4519 = CARTESIAN_POINT('',(-0.755,-0.4,0.405));
#4520 = DIRECTION('',(0.,1.,0.));
#4521 = DIRECTION('',(-1.,0.,0.));
#4522 = ADVANCED_FACE('',(#4523),#4584,.T.);
#4523 = FACE_BOUND('',#4524,.T.);
#4524 = EDGE_LOOP('',(#4525,#4533,#4534,#4535,#4536,#4544,#4553,#4561,
    #4569,#4577));
#4525 = ORIENTED_EDGE('',*,*,#4526,.F.);
#4526 = EDGE_CURVE('',#4478,#4527,#4529,.T.);
#4527 = VERTEX_POINT('',#4528);
#4528 = CARTESIAN_POINT('',(-0.545,0.4,-2.775557561563E-17));
#4529 = LINE('',#4530,#4531);
#4530 = CARTESIAN_POINT('',(-0.8,0.4,0.));
#4531 = VECTOR('',#4532,1.);
#4532 = DIRECTION('',(1.,0.,0.));
#4533 = ORIENTED_EDGE('',*,*,#4477,.F.);
#4534 = ORIENTED_EDGE('',*,*,#4371,.T.);
#4535 = ORIENTED_EDGE('',*,*,#4510,.T.);
#4536 = ORIENTED_EDGE('',*,*,#4537,.T.);
#4537 = EDGE_CURVE('',#4503,#4538,#4540,.T.);
#4538 = VERTEX_POINT('',#4539);
#4539 = CARTESIAN_POINT('',(-0.545,0.4,0.45));
#4540 = LINE('',#4541,#4542);
#4541 = CARTESIAN_POINT('',(-0.8,0.4,0.45));
#4542 = VECTOR('',#4543,1.);
#4543 = DIRECTION('',(1.,0.,0.));
#4544 = ORIENTED_EDGE('',*,*,#4545,.F.);
#4545 = EDGE_CURVE('',#4546,#4538,#4548,.T.);
#4546 = VERTEX_POINT('',#4547);
#4547 = CARTESIAN_POINT('',(-0.5,0.4,0.405));
#4548 = CIRCLE('',#4549,4.5E-02);
#4549 = AXIS2_PLACEMENT_3D('',#4550,#4551,#4552);
#4550 = CARTESIAN_POINT('',(-0.545,0.4,0.405));
#4551 = DIRECTION('',(0.,-1.,0.));
#4552 = DIRECTION('',(0.,0.,1.));
#4553 = ORIENTED_EDGE('',*,*,#4554,.F.);
#4554 = EDGE_CURVE('',#4555,#4546,#4557,.T.);
#4555 = VERTEX_POINT('',#4556);
#4556 = CARTESIAN_POINT('',(-0.755,0.4,0.405));
#4557 = LINE('',#4558,#4559);
#4558 = CARTESIAN_POINT('',(-0.755,0.4,0.405));
#4559 = VECTOR('',#4560,1.);
#4560 = DIRECTION('',(1.,0.,0.));
#4561 = ORIENTED_EDGE('',*,*,#4562,.F.);
#4562 = EDGE_CURVE('',#4563,#4555,#4565,.T.);
#4563 = VERTEX_POINT('',#4564);
#4564 = CARTESIAN_POINT('',(-0.755,0.4,4.5E-02));
#4565 = LINE('',#4566,#4567);
#4566 = CARTESIAN_POINT('',(-0.755,0.4,4.5E-02));
#4567 = VECTOR('',#4568,1.);
#4568 = DIRECTION('',(0.,0.,1.));
#4569 = ORIENTED_EDGE('',*,*,#4570,.T.);
#4570 = EDGE_CURVE('',#4563,#4571,#4573,.T.);
#4571 = VERTEX_POINT('',#4572);
#4572 = CARTESIAN_POINT('',(-0.5,0.4,4.5E-02));
#4573 = LINE('',#4574,#4575);
#4574 = CARTESIAN_POINT('',(-0.755,0.4,4.5E-02));
#4575 = VECTOR('',#4576,1.);
#4576 = DIRECTION('',(1.,0.,0.));
#4577 = ORIENTED_EDGE('',*,*,#4578,.T.);
#4578 = EDGE_CURVE('',#4571,#4527,#4579,.T.);
#4579 = CIRCLE('',#4580,4.5E-02);
#4580 = AXIS2_PLACEMENT_3D('',#4581,#4582,#4583);
#4581 = CARTESIAN_POINT('',(-0.545,0.4,4.5E-02));
#4582 = DIRECTION('',(0.,1.,0.));
#4583 = DIRECTION('',(0.,-0.,1.));
#4584 = PLANE('',#4585);
#4585 = AXIS2_PLACEMENT_3D('',#4586,#4587,#4588);
#4586 = CARTESIAN_POINT('',(-0.8,0.4,0.));
#4587 = DIRECTION('',(0.,1.,0.));
#4588 = DIRECTION('',(0.,-0.,1.));
#4589 = ADVANCED_FACE('',(#4590),#4601,.F.);
#4590 = FACE_BOUND('',#4591,.F.);
#4591 = EDGE_LOOP('',(#4592,#4593,#4594,#4595));
#4592 = ORIENTED_EDGE('',*,*,#4526,.F.);
#4593 = ORIENTED_EDGE('',*,*,#4486,.F.);
#4594 = ORIENTED_EDGE('',*,*,#4393,.T.);
#4595 = ORIENTED_EDGE('',*,*,#4596,.T.);
#4596 = EDGE_CURVE('',#4396,#4527,#4597,.T.);
#4597 = LINE('',#4598,#4599);
#4598 = CARTESIAN_POINT('',(-0.545,-0.4,-2.775557561563E-17));
#4599 = VECTOR('',#4600,1.);
#4600 = DIRECTION('',(0.,1.,0.));
#4601 = PLANE('',#4602);
#4602 = AXIS2_PLACEMENT_3D('',#4603,#4604,#4605);
#4603 = CARTESIAN_POINT('',(-0.8,-0.4,0.));
#4604 = DIRECTION('',(0.,0.,1.));
#4605 = DIRECTION('',(1.,0.,-0.));
#4606 = ADVANCED_FACE('',(#4607),#4618,.T.);
#4607 = FACE_BOUND('',#4608,.T.);
#4608 = EDGE_LOOP('',(#4609,#4610,#4611,#4612));
#4609 = ORIENTED_EDGE('',*,*,#4461,.T.);
#4610 = ORIENTED_EDGE('',*,*,#4596,.T.);
#4611 = ORIENTED_EDGE('',*,*,#4578,.F.);
#4612 = ORIENTED_EDGE('',*,*,#4613,.F.);
#4613 = EDGE_CURVE('',#4454,#4571,#4614,.T.);
#4614 = LINE('',#4615,#4616);
#4615 = CARTESIAN_POINT('',(-0.5,-0.4,4.5E-02));
#4616 = VECTOR('',#4617,1.);
#4617 = DIRECTION('',(0.,1.,0.));
#4618 = CYLINDRICAL_SURFACE('',#4619,4.5E-02);
#4619 = AXIS2_PLACEMENT_3D('',#4620,#4621,#4622);
#4620 = CARTESIAN_POINT('',(-0.545,-0.4,4.5E-02));
#4621 = DIRECTION('',(0.,1.,0.));
#4622 = DIRECTION('',(1.,0.,0.));
#4623 = ADVANCED_FACE('',(#4624),#4667,.F.);
#4624 = FACE_BOUND('',#4625,.F.);
#4625 = EDGE_LOOP('',(#4626,#4627,#4628,#4629,#4637,#4645,#4653,#4661));
#4626 = ORIENTED_EDGE('',*,*,#4453,.F.);
#4627 = ORIENTED_EDGE('',*,*,#4445,.T.);
#4628 = ORIENTED_EDGE('',*,*,#4437,.T.);
#4629 = ORIENTED_EDGE('',*,*,#4630,.T.);
#4630 = EDGE_CURVE('',#4429,#4631,#4633,.T.);
#4631 = VERTEX_POINT('',#4632);
#4632 = CARTESIAN_POINT('',(0.5,-0.4,0.405));
#4633 = LINE('',#4634,#4635);
#4634 = CARTESIAN_POINT('',(-0.5,-0.4,0.405));
#4635 = VECTOR('',#4636,1.);
#4636 = DIRECTION('',(1.,0.,0.));
#4637 = ORIENTED_EDGE('',*,*,#4638,.T.);
#4638 = EDGE_CURVE('',#4631,#4639,#4641,.T.);
#4639 = VERTEX_POINT('',#4640);
#4640 = CARTESIAN_POINT('',(0.755,-0.4,0.405));
#4641 = LINE('',#4642,#4643);
#4642 = CARTESIAN_POINT('',(-0.755,-0.4,0.405));
#4643 = VECTOR('',#4644,1.);
#4644 = DIRECTION('',(1.,0.,0.));
#4645 = ORIENTED_EDGE('',*,*,#4646,.F.);
#4646 = EDGE_CURVE('',#4647,#4639,#4649,.T.);
#4647 = VERTEX_POINT('',#4648);
#4648 = CARTESIAN_POINT('',(0.755,-0.4,4.5E-02));
#4649 = LINE('',#4650,#4651);
#4650 = CARTESIAN_POINT('',(0.755,-0.4,4.5E-02));
#4651 = VECTOR('',#4652,1.);
#4652 = DIRECTION('',(0.,0.,1.));
#4653 = ORIENTED_EDGE('',*,*,#4654,.F.);
#4654 = EDGE_CURVE('',#4655,#4647,#4657,.T.);
#4655 = VERTEX_POINT('',#4656);
#4656 = CARTESIAN_POINT('',(0.5,-0.4,4.5E-02));
#4657 = LINE('',#4658,#4659);
#4658 = CARTESIAN_POINT('',(-0.755,-0.4,4.5E-02));
#4659 = VECTOR('',#4660,1.);
#4660 = DIRECTION('',(1.,0.,0.));
#4661 = ORIENTED_EDGE('',*,*,#4662,.F.);
#4662 = EDGE_CURVE('',#4454,#4655,#4663,.T.);
#4663 = LINE('',#4664,#4665);
#4664 = CARTESIAN_POINT('',(-0.755,-0.4,4.5E-02));
#4665 = VECTOR('',#4666,1.);
#4666 = DIRECTION('',(1.,0.,0.));
#4667 = PLANE('',#4668);
#4668 = AXIS2_PLACEMENT_3D('',#4669,#4670,#4671);
#4669 = CARTESIAN_POINT('',(-0.755,-0.4,4.5E-02));
#4670 = DIRECTION('',(0.,1.,0.));
#4671 = DIRECTION('',(0.,-0.,1.));
#4672 = ADVANCED_FACE('',(#4673),#4684,.T.);
#4673 = FACE_BOUND('',#4674,.T.);
#4674 = EDGE_LOOP('',(#4675,#4676,#4677,#4678));
#4675 = ORIENTED_EDGE('',*,*,#4537,.F.);
#4676 = ORIENTED_EDGE('',*,*,#4502,.F.);
#4677 = ORIENTED_EDGE('',*,*,#4420,.T.);
#4678 = ORIENTED_EDGE('',*,*,#4679,.T.);
#4679 = EDGE_CURVE('',#4421,#4538,#4680,.T.);
#4680 = LINE('',#4681,#4682);
#4681 = CARTESIAN_POINT('',(-0.545,-0.4,0.45));
#4682 = VECTOR('',#4683,1.);
#4683 = DIRECTION('',(0.,1.,0.));
#4684 = PLANE('',#4685);
#4685 = AXIS2_PLACEMENT_3D('',#4686,#4687,#4688);
#4686 = CARTESIAN_POINT('',(-0.8,-0.4,0.45));
#4687 = DIRECTION('',(0.,0.,1.));
#4688 = DIRECTION('',(1.,0.,-0.));
#4689 = ADVANCED_FACE('',(#4690),#4701,.T.);
#4690 = FACE_BOUND('',#4691,.T.);
#4691 = EDGE_LOOP('',(#4692,#4698,#4699,#4700));
#4692 = ORIENTED_EDGE('',*,*,#4693,.T.);
#4693 = EDGE_CURVE('',#4429,#4546,#4694,.T.);
#4694 = LINE('',#4695,#4696);
#4695 = CARTESIAN_POINT('',(-0.5,-0.4,0.405));
#4696 = VECTOR('',#4697,1.);
#4697 = DIRECTION('',(0.,1.,0.));
#4698 = ORIENTED_EDGE('',*,*,#4545,.T.);
#4699 = ORIENTED_EDGE('',*,*,#4679,.F.);
#4700 = ORIENTED_EDGE('',*,*,#4428,.F.);
#4701 = CYLINDRICAL_SURFACE('',#4702,4.5E-02);
#4702 = AXIS2_PLACEMENT_3D('',#4703,#4704,#4705);
#4703 = CARTESIAN_POINT('',(-0.545,-0.4,0.405));
#4704 = DIRECTION('',(0.,1.,0.));
#4705 = DIRECTION('',(1.,0.,0.));
#4706 = ADVANCED_FACE('',(#4707),#4750,.T.);
#4707 = FACE_BOUND('',#4708,.T.);
#4708 = EDGE_LOOP('',(#4709,#4710,#4711,#4712,#4720,#4728,#4736,#4744));
#4709 = ORIENTED_EDGE('',*,*,#4570,.F.);
#4710 = ORIENTED_EDGE('',*,*,#4562,.T.);
#4711 = ORIENTED_EDGE('',*,*,#4554,.T.);
#4712 = ORIENTED_EDGE('',*,*,#4713,.T.);
#4713 = EDGE_CURVE('',#4546,#4714,#4716,.T.);
#4714 = VERTEX_POINT('',#4715);
#4715 = CARTESIAN_POINT('',(0.5,0.4,0.405));
#4716 = LINE('',#4717,#4718);
#4717 = CARTESIAN_POINT('',(-0.5,0.4,0.405));
#4718 = VECTOR('',#4719,1.);
#4719 = DIRECTION('',(1.,0.,0.));
#4720 = ORIENTED_EDGE('',*,*,#4721,.T.);
#4721 = EDGE_CURVE('',#4714,#4722,#4724,.T.);
#4722 = VERTEX_POINT('',#4723);
#4723 = CARTESIAN_POINT('',(0.755,0.4,0.405));
#4724 = LINE('',#4725,#4726);
#4725 = CARTESIAN_POINT('',(-0.755,0.4,0.405));
#4726 = VECTOR('',#4727,1.);
#4727 = DIRECTION('',(1.,0.,0.));
#4728 = ORIENTED_EDGE('',*,*,#4729,.F.);
#4729 = EDGE_CURVE('',#4730,#4722,#4732,.T.);
#4730 = VERTEX_POINT('',#4731);
#4731 = CARTESIAN_POINT('',(0.755,0.4,4.5E-02));
#4732 = LINE('',#4733,#4734);
#4733 = CARTESIAN_POINT('',(0.755,0.4,4.5E-02));
#4734 = VECTOR('',#4735,1.);
#4735 = DIRECTION('',(0.,0.,1.));
#4736 = ORIENTED_EDGE('',*,*,#4737,.F.);
#4737 = EDGE_CURVE('',#4738,#4730,#4740,.T.);
#4738 = VERTEX_POINT('',#4739);
#4739 = CARTESIAN_POINT('',(0.5,0.4,4.5E-02));
#4740 = LINE('',#4741,#4742);
#4741 = CARTESIAN_POINT('',(-0.755,0.4,4.5E-02));
#4742 = VECTOR('',#4743,1.);
#4743 = DIRECTION('',(1.,0.,0.));
#4744 = ORIENTED_EDGE('',*,*,#4745,.F.);
#4745 = EDGE_CURVE('',#4571,#4738,#4746,.T.);
#4746 = LINE('',#4747,#4748);
#4747 = CARTESIAN_POINT('',(-0.755,0.4,4.5E-02));
#4748 = VECTOR('',#4749,1.);
#4749 = DIRECTION('',(1.,0.,0.));
#4750 = PLANE('',#4751);
#4751 = AXIS2_PLACEMENT_3D('',#4752,#4753,#4754);
#4752 = CARTESIAN_POINT('',(-0.755,0.4,4.5E-02));
#4753 = DIRECTION('',(0.,1.,0.));
#4754 = DIRECTION('',(0.,-0.,1.));
#4755 = ADVANCED_FACE('',(#4756),#4767,.F.);
#4756 = FACE_BOUND('',#4757,.F.);
#4757 = EDGE_LOOP('',(#4758,#4759,#4760,#4766));
#4758 = ORIENTED_EDGE('',*,*,#4613,.F.);
#4759 = ORIENTED_EDGE('',*,*,#4662,.T.);
#4760 = ORIENTED_EDGE('',*,*,#4761,.T.);
#4761 = EDGE_CURVE('',#4655,#4738,#4762,.T.);
#4762 = LINE('',#4763,#4764);
#4763 = CARTESIAN_POINT('',(0.5,-0.4,4.5E-02));
#4764 = VECTOR('',#4765,1.);
#4765 = DIRECTION('',(0.,1.,0.));
#4766 = ORIENTED_EDGE('',*,*,#4745,.F.);
#4767 = PLANE('',#4768);
#4768 = AXIS2_PLACEMENT_3D('',#4769,#4770,#4771);
#4769 = CARTESIAN_POINT('',(-0.755,-0.4,4.5E-02));
#4770 = DIRECTION('',(0.,0.,1.));
#4771 = DIRECTION('',(1.,0.,-0.));
#4772 = ADVANCED_FACE('',(#4773),#4836,.F.);
#4773 = FACE_BOUND('',#4774,.F.);
#4774 = EDGE_LOOP('',(#4775,#4785,#4792,#4793,#4794,#4795,#4804,#4812,
    #4821,#4829));
#4775 = ORIENTED_EDGE('',*,*,#4776,.F.);
#4776 = EDGE_CURVE('',#4777,#4779,#4781,.T.);
#4777 = VERTEX_POINT('',#4778);
#4778 = CARTESIAN_POINT('',(0.545,-0.4,-2.775557561563E-17));
#4779 = VERTEX_POINT('',#4780);
#4780 = CARTESIAN_POINT('',(0.755,-0.4,-2.775557561563E-17));
#4781 = LINE('',#4782,#4783);
#4782 = CARTESIAN_POINT('',(0.5,-0.4,0.));
#4783 = VECTOR('',#4784,1.);
#4784 = DIRECTION('',(1.,0.,0.));
#4785 = ORIENTED_EDGE('',*,*,#4786,.F.);
#4786 = EDGE_CURVE('',#4655,#4777,#4787,.T.);
#4787 = CIRCLE('',#4788,4.5E-02);
#4788 = AXIS2_PLACEMENT_3D('',#4789,#4790,#4791);
#4789 = CARTESIAN_POINT('',(0.545,-0.4,4.5E-02));
#4790 = DIRECTION('',(0.,-1.,0.));
#4791 = DIRECTION('',(0.,0.,1.));
#4792 = ORIENTED_EDGE('',*,*,#4654,.T.);
#4793 = ORIENTED_EDGE('',*,*,#4646,.T.);
#4794 = ORIENTED_EDGE('',*,*,#4638,.F.);
#4795 = ORIENTED_EDGE('',*,*,#4796,.T.);
#4796 = EDGE_CURVE('',#4631,#4797,#4799,.T.);
#4797 = VERTEX_POINT('',#4798);
#4798 = CARTESIAN_POINT('',(0.545,-0.4,0.45));
#4799 = CIRCLE('',#4800,4.5E-02);
#4800 = AXIS2_PLACEMENT_3D('',#4801,#4802,#4803);
#4801 = CARTESIAN_POINT('',(0.545,-0.4,0.405));
#4802 = DIRECTION('',(0.,1.,0.));
#4803 = DIRECTION('',(0.,-0.,1.));
#4804 = ORIENTED_EDGE('',*,*,#4805,.T.);
#4805 = EDGE_CURVE('',#4797,#4806,#4808,.T.);
#4806 = VERTEX_POINT('',#4807);
#4807 = CARTESIAN_POINT('',(0.755,-0.4,0.45));
#4808 = LINE('',#4809,#4810);
#4809 = CARTESIAN_POINT('',(0.5,-0.4,0.45));
#4810 = VECTOR('',#4811,1.);
#4811 = DIRECTION('',(1.,0.,0.));
#4812 = ORIENTED_EDGE('',*,*,#4813,.F.);
#4813 = EDGE_CURVE('',#4814,#4806,#4816,.T.);
#4814 = VERTEX_POINT('',#4815);
#4815 = CARTESIAN_POINT('',(0.8,-0.4,0.405));
#4816 = CIRCLE('',#4817,4.5E-02);
#4817 = AXIS2_PLACEMENT_3D('',#4818,#4819,#4820);
#4818 = CARTESIAN_POINT('',(0.755,-0.4,0.405));
#4819 = DIRECTION('',(0.,-1.,0.));
#4820 = DIRECTION('',(0.,0.,1.));
#4821 = ORIENTED_EDGE('',*,*,#4822,.F.);
#4822 = EDGE_CURVE('',#4823,#4814,#4825,.T.);
#4823 = VERTEX_POINT('',#4824);
#4824 = CARTESIAN_POINT('',(0.8,-0.4,4.5E-02));
#4825 = LINE('',#4826,#4827);
#4826 = CARTESIAN_POINT('',(0.8,-0.4,0.));
#4827 = VECTOR('',#4828,1.);
#4828 = DIRECTION('',(0.,0.,1.));
#4829 = ORIENTED_EDGE('',*,*,#4830,.T.);
#4830 = EDGE_CURVE('',#4823,#4779,#4831,.T.);
#4831 = CIRCLE('',#4832,4.5E-02);
#4832 = AXIS2_PLACEMENT_3D('',#4833,#4834,#4835);
#4833 = CARTESIAN_POINT('',(0.755,-0.4,4.5E-02));
#4834 = DIRECTION('',(0.,1.,0.));
#4835 = DIRECTION('',(0.,-0.,1.));
#4836 = PLANE('',#4837);
#4837 = AXIS2_PLACEMENT_3D('',#4838,#4839,#4840);
#4838 = CARTESIAN_POINT('',(0.5,-0.4,0.));
#4839 = DIRECTION('',(0.,1.,0.));
#4840 = DIRECTION('',(0.,-0.,1.));
#4841 = ADVANCED_FACE('',(#4842),#4867,.F.);
#4842 = FACE_BOUND('',#4843,.F.);
#4843 = EDGE_LOOP('',(#4844,#4845,#4853,#4861));
#4844 = ORIENTED_EDGE('',*,*,#4630,.F.);
#4845 = ORIENTED_EDGE('',*,*,#4846,.T.);
#4846 = EDGE_CURVE('',#4429,#4847,#4849,.T.);
#4847 = VERTEX_POINT('',#4848);
#4848 = CARTESIAN_POINT('',(-0.5,-0.4,0.45));
#4849 = LINE('',#4850,#4851);
#4850 = CARTESIAN_POINT('',(-0.5,-0.4,0.405));
#4851 = VECTOR('',#4852,1.);
#4852 = DIRECTION('',(0.,0.,1.));
#4853 = ORIENTED_EDGE('',*,*,#4854,.T.);
#4854 = EDGE_CURVE('',#4847,#4855,#4857,.T.);
#4855 = VERTEX_POINT('',#4856);
#4856 = CARTESIAN_POINT('',(0.5,-0.4,0.45));
#4857 = LINE('',#4858,#4859);
#4858 = CARTESIAN_POINT('',(-0.5,-0.4,0.45));
#4859 = VECTOR('',#4860,1.);
#4860 = DIRECTION('',(1.,0.,0.));
#4861 = ORIENTED_EDGE('',*,*,#4862,.F.);
#4862 = EDGE_CURVE('',#4631,#4855,#4863,.T.);
#4863 = LINE('',#4864,#4865);
#4864 = CARTESIAN_POINT('',(0.5,-0.4,0.405));
#4865 = VECTOR('',#4866,1.);
#4866 = DIRECTION('',(0.,0.,1.));
#4867 = PLANE('',#4868);
#4868 = AXIS2_PLACEMENT_3D('',#4869,#4870,#4871);
#4869 = CARTESIAN_POINT('',(-0.5,-0.4,0.405));
#4870 = DIRECTION('',(0.,1.,0.));
#4871 = DIRECTION('',(0.,-0.,1.));
#4872 = ADVANCED_FACE('',(#4873),#4891,.F.);
#4873 = FACE_BOUND('',#4874,.F.);
#4874 = EDGE_LOOP('',(#4875,#4876,#4877,#4885));
#4875 = ORIENTED_EDGE('',*,*,#4846,.F.);
#4876 = ORIENTED_EDGE('',*,*,#4693,.T.);
#4877 = ORIENTED_EDGE('',*,*,#4878,.T.);
#4878 = EDGE_CURVE('',#4546,#4879,#4881,.T.);
#4879 = VERTEX_POINT('',#4880);
#4880 = CARTESIAN_POINT('',(-0.5,0.4,0.45));
#4881 = LINE('',#4882,#4883);
#4882 = CARTESIAN_POINT('',(-0.5,0.4,0.405));
#4883 = VECTOR('',#4884,1.);
#4884 = DIRECTION('',(0.,0.,1.));
#4885 = ORIENTED_EDGE('',*,*,#4886,.F.);
#4886 = EDGE_CURVE('',#4847,#4879,#4887,.T.);
#4887 = LINE('',#4888,#4889);
#4888 = CARTESIAN_POINT('',(-0.5,-0.4,0.45));
#4889 = VECTOR('',#4890,1.);
#4890 = DIRECTION('',(0.,1.,0.));
#4891 = PLANE('',#4892);
#4892 = AXIS2_PLACEMENT_3D('',#4893,#4894,#4895);
#4893 = CARTESIAN_POINT('',(-0.5,-0.4,0.405));
#4894 = DIRECTION('',(1.,0.,0.));
#4895 = DIRECTION('',(0.,0.,1.));
#4896 = ADVANCED_FACE('',(#4897),#4960,.T.);
#4897 = FACE_BOUND('',#4898,.T.);
#4898 = EDGE_LOOP('',(#4899,#4909,#4916,#4917,#4918,#4919,#4928,#4936,
    #4945,#4953));
#4899 = ORIENTED_EDGE('',*,*,#4900,.F.);
#4900 = EDGE_CURVE('',#4901,#4903,#4905,.T.);
#4901 = VERTEX_POINT('',#4902);
#4902 = CARTESIAN_POINT('',(0.545,0.4,-2.775557561563E-17));
#4903 = VERTEX_POINT('',#4904);
#4904 = CARTESIAN_POINT('',(0.755,0.4,-2.775557561563E-17));
#4905 = LINE('',#4906,#4907);
#4906 = CARTESIAN_POINT('',(0.5,0.4,0.));
#4907 = VECTOR('',#4908,1.);
#4908 = DIRECTION('',(1.,0.,0.));
#4909 = ORIENTED_EDGE('',*,*,#4910,.F.);
#4910 = EDGE_CURVE('',#4738,#4901,#4911,.T.);
#4911 = CIRCLE('',#4912,4.5E-02);
#4912 = AXIS2_PLACEMENT_3D('',#4913,#4914,#4915);
#4913 = CARTESIAN_POINT('',(0.545,0.4,4.5E-02));
#4914 = DIRECTION('',(0.,-1.,0.));
#4915 = DIRECTION('',(0.,0.,1.));
#4916 = ORIENTED_EDGE('',*,*,#4737,.T.);
#4917 = ORIENTED_EDGE('',*,*,#4729,.T.);
#4918 = ORIENTED_EDGE('',*,*,#4721,.F.);
#4919 = ORIENTED_EDGE('',*,*,#4920,.T.);
#4920 = EDGE_CURVE('',#4714,#4921,#4923,.T.);
#4921 = VERTEX_POINT('',#4922);
#4922 = CARTESIAN_POINT('',(0.545,0.4,0.45));
#4923 = CIRCLE('',#4924,4.5E-02);
#4924 = AXIS2_PLACEMENT_3D('',#4925,#4926,#4927);
#4925 = CARTESIAN_POINT('',(0.545,0.4,0.405));
#4926 = DIRECTION('',(0.,1.,0.));
#4927 = DIRECTION('',(0.,-0.,1.));
#4928 = ORIENTED_EDGE('',*,*,#4929,.T.);
#4929 = EDGE_CURVE('',#4921,#4930,#4932,.T.);
#4930 = VERTEX_POINT('',#4931);
#4931 = CARTESIAN_POINT('',(0.755,0.4,0.45));
#4932 = LINE('',#4933,#4934);
#4933 = CARTESIAN_POINT('',(0.5,0.4,0.45));
#4934 = VECTOR('',#4935,1.);
#4935 = DIRECTION('',(1.,0.,0.));
#4936 = ORIENTED_EDGE('',*,*,#4937,.F.);
#4937 = EDGE_CURVE('',#4938,#4930,#4940,.T.);
#4938 = VERTEX_POINT('',#4939);
#4939 = CARTESIAN_POINT('',(0.8,0.4,0.405));
#4940 = CIRCLE('',#4941,4.5E-02);
#4941 = AXIS2_PLACEMENT_3D('',#4942,#4943,#4944);
#4942 = CARTESIAN_POINT('',(0.755,0.4,0.405));
#4943 = DIRECTION('',(0.,-1.,0.));
#4944 = DIRECTION('',(0.,0.,1.));
#4945 = ORIENTED_EDGE('',*,*,#4946,.F.);
#4946 = EDGE_CURVE('',#4947,#4938,#4949,.T.);
#4947 = VERTEX_POINT('',#4948);
#4948 = CARTESIAN_POINT('',(0.8,0.4,4.5E-02));
#4949 = LINE('',#4950,#4951);
#4950 = CARTESIAN_POINT('',(0.8,0.4,0.));
#4951 = VECTOR('',#4952,1.);
#4952 = DIRECTION('',(0.,0.,1.));
#4953 = ORIENTED_EDGE('',*,*,#4954,.T.);
#4954 = EDGE_CURVE('',#4947,#4903,#4955,.T.);
#4955 = CIRCLE('',#4956,4.5E-02);
#4956 = AXIS2_PLACEMENT_3D('',#4957,#4958,#4959);
#4957 = CARTESIAN_POINT('',(0.755,0.4,4.5E-02));
#4958 = DIRECTION('',(0.,1.,0.));
#4959 = DIRECTION('',(0.,-0.,1.));
#4960 = PLANE('',#4961);
#4961 = AXIS2_PLACEMENT_3D('',#4962,#4963,#4964);
#4962 = CARTESIAN_POINT('',(0.5,0.4,0.));
#4963 = DIRECTION('',(0.,1.,0.));
#4964 = DIRECTION('',(0.,-0.,1.));
#4965 = ADVANCED_FACE('',(#4966),#4984,.T.);
#4966 = FACE_BOUND('',#4967,.T.);
#4967 = EDGE_LOOP('',(#4968,#4969,#4970,#4978));
#4968 = ORIENTED_EDGE('',*,*,#4713,.F.);
#4969 = ORIENTED_EDGE('',*,*,#4878,.T.);
#4970 = ORIENTED_EDGE('',*,*,#4971,.T.);
#4971 = EDGE_CURVE('',#4879,#4972,#4974,.T.);
#4972 = VERTEX_POINT('',#4973);
#4973 = CARTESIAN_POINT('',(0.5,0.4,0.45));
#4974 = LINE('',#4975,#4976);
#4975 = CARTESIAN_POINT('',(-0.5,0.4,0.45));
#4976 = VECTOR('',#4977,1.);
#4977 = DIRECTION('',(1.,0.,0.));
#4978 = ORIENTED_EDGE('',*,*,#4979,.F.);
#4979 = EDGE_CURVE('',#4714,#4972,#4980,.T.);
#4980 = LINE('',#4981,#4982);
#4981 = CARTESIAN_POINT('',(0.5,0.4,0.405));
#4982 = VECTOR('',#4983,1.);
#4983 = DIRECTION('',(0.,0.,1.));
#4984 = PLANE('',#4985);
#4985 = AXIS2_PLACEMENT_3D('',#4986,#4987,#4988);
#4986 = CARTESIAN_POINT('',(-0.5,0.4,0.405));
#4987 = DIRECTION('',(0.,1.,0.));
#4988 = DIRECTION('',(0.,-0.,1.));
#4989 = ADVANCED_FACE('',(#4990),#5001,.T.);
#4990 = FACE_BOUND('',#4991,.T.);
#4991 = EDGE_LOOP('',(#4992,#4993,#4994,#5000));
#4992 = ORIENTED_EDGE('',*,*,#4761,.T.);
#4993 = ORIENTED_EDGE('',*,*,#4910,.T.);
#4994 = ORIENTED_EDGE('',*,*,#4995,.F.);
#4995 = EDGE_CURVE('',#4777,#4901,#4996,.T.);
#4996 = LINE('',#4997,#4998);
#4997 = CARTESIAN_POINT('',(0.545,-0.4,-2.775557561563E-17));
#4998 = VECTOR('',#4999,1.);
#4999 = DIRECTION('',(0.,1.,0.));
#5000 = ORIENTED_EDGE('',*,*,#4786,.F.);
#5001 = CYLINDRICAL_SURFACE('',#5002,4.5E-02);
#5002 = AXIS2_PLACEMENT_3D('',#5003,#5004,#5005);
#5003 = CARTESIAN_POINT('',(0.545,-0.4,4.5E-02));
#5004 = DIRECTION('',(0.,1.,0.));
#5005 = DIRECTION('',(-1.,0.,0.));
#5006 = ADVANCED_FACE('',(#5007),#5018,.F.);
#5007 = FACE_BOUND('',#5008,.F.);
#5008 = EDGE_LOOP('',(#5009,#5010,#5011,#5012));
#5009 = ORIENTED_EDGE('',*,*,#4900,.F.);
#5010 = ORIENTED_EDGE('',*,*,#4995,.F.);
#5011 = ORIENTED_EDGE('',*,*,#4776,.T.);
#5012 = ORIENTED_EDGE('',*,*,#5013,.T.);
#5013 = EDGE_CURVE('',#4779,#4903,#5014,.T.);
#5014 = LINE('',#5015,#5016);
#5015 = CARTESIAN_POINT('',(0.755,-0.4,-2.775557561563E-17));
#5016 = VECTOR('',#5017,1.);
#5017 = DIRECTION('',(0.,1.,0.));
#5018 = PLANE('',#5019);
#5019 = AXIS2_PLACEMENT_3D('',#5020,#5021,#5022);
#5020 = CARTESIAN_POINT('',(0.5,-0.4,0.));
#5021 = DIRECTION('',(0.,0.,1.));
#5022 = DIRECTION('',(1.,0.,-0.));
#5023 = ADVANCED_FACE('',(#5024),#5035,.T.);
#5024 = FACE_BOUND('',#5025,.T.);
#5025 = EDGE_LOOP('',(#5026,#5027,#5028,#5029));
#5026 = ORIENTED_EDGE('',*,*,#4830,.T.);
#5027 = ORIENTED_EDGE('',*,*,#5013,.T.);
#5028 = ORIENTED_EDGE('',*,*,#4954,.F.);
#5029 = ORIENTED_EDGE('',*,*,#5030,.F.);
#5030 = EDGE_CURVE('',#4823,#4947,#5031,.T.);
#5031 = LINE('',#5032,#5033);
#5032 = CARTESIAN_POINT('',(0.8,-0.4,4.5E-02));
#5033 = VECTOR('',#5034,1.);
#5034 = DIRECTION('',(0.,1.,0.));
#5035 = CYLINDRICAL_SURFACE('',#5036,4.5E-02);
#5036 = AXIS2_PLACEMENT_3D('',#5037,#5038,#5039);
#5037 = CARTESIAN_POINT('',(0.755,-0.4,4.5E-02));
#5038 = DIRECTION('',(0.,1.,0.));
#5039 = DIRECTION('',(1.,0.,0.));
#5040 = ADVANCED_FACE('',(#5041),#5052,.T.);
#5041 = FACE_BOUND('',#5042,.T.);
#5042 = EDGE_LOOP('',(#5043,#5044,#5045,#5046));
#5043 = ORIENTED_EDGE('',*,*,#4822,.F.);
#5044 = ORIENTED_EDGE('',*,*,#5030,.T.);
#5045 = ORIENTED_EDGE('',*,*,#4946,.T.);
#5046 = ORIENTED_EDGE('',*,*,#5047,.F.);
#5047 = EDGE_CURVE('',#4814,#4938,#5048,.T.);
#5048 = LINE('',#5049,#5050);
#5049 = CARTESIAN_POINT('',(0.8,-0.4,0.405));
#5050 = VECTOR('',#5051,1.);
#5051 = DIRECTION('',(0.,1.,0.));
#5052 = PLANE('',#5053);
#5053 = AXIS2_PLACEMENT_3D('',#5054,#5055,#5056);
#5054 = CARTESIAN_POINT('',(0.8,-0.4,0.));
#5055 = DIRECTION('',(1.,0.,0.));
#5056 = DIRECTION('',(0.,0.,1.));
#5057 = ADVANCED_FACE('',(#5058),#5069,.T.);
#5058 = FACE_BOUND('',#5059,.T.);
#5059 = EDGE_LOOP('',(#5060,#5061,#5062,#5068));
#5060 = ORIENTED_EDGE('',*,*,#5047,.T.);
#5061 = ORIENTED_EDGE('',*,*,#4937,.T.);
#5062 = ORIENTED_EDGE('',*,*,#5063,.F.);
#5063 = EDGE_CURVE('',#4806,#4930,#5064,.T.);
#5064 = LINE('',#5065,#5066);
#5065 = CARTESIAN_POINT('',(0.755,-0.4,0.45));
#5066 = VECTOR('',#5067,1.);
#5067 = DIRECTION('',(0.,1.,0.));
#5068 = ORIENTED_EDGE('',*,*,#4813,.F.);
#5069 = CYLINDRICAL_SURFACE('',#5070,4.5E-02);
#5070 = AXIS2_PLACEMENT_3D('',#5071,#5072,#5073);
#5071 = CARTESIAN_POINT('',(0.755,-0.4,0.405));
#5072 = DIRECTION('',(0.,1.,0.));
#5073 = DIRECTION('',(1.,0.,0.));
#5074 = ADVANCED_FACE('',(#5075),#5086,.T.);
#5075 = FACE_BOUND('',#5076,.T.);
#5076 = EDGE_LOOP('',(#5077,#5078,#5084,#5085));
#5077 = ORIENTED_EDGE('',*,*,#4929,.F.);
#5078 = ORIENTED_EDGE('',*,*,#5079,.F.);
#5079 = EDGE_CURVE('',#4797,#4921,#5080,.T.);
#5080 = LINE('',#5081,#5082);
#5081 = CARTESIAN_POINT('',(0.545,-0.4,0.45));
#5082 = VECTOR('',#5083,1.);
#5083 = DIRECTION('',(0.,1.,0.));
#5084 = ORIENTED_EDGE('',*,*,#4805,.T.);
#5085 = ORIENTED_EDGE('',*,*,#5063,.T.);
#5086 = PLANE('',#5087);
#5087 = AXIS2_PLACEMENT_3D('',#5088,#5089,#5090);
#5088 = CARTESIAN_POINT('',(0.5,-0.4,0.45));
#5089 = DIRECTION('',(0.,0.,1.));
#5090 = DIRECTION('',(1.,0.,-0.));
#5091 = ADVANCED_FACE('',(#5092),#5103,.T.);
#5092 = FACE_BOUND('',#5093,.T.);
#5093 = EDGE_LOOP('',(#5094,#5095,#5096,#5097));
#5094 = ORIENTED_EDGE('',*,*,#4796,.T.);
#5095 = ORIENTED_EDGE('',*,*,#5079,.T.);
#5096 = ORIENTED_EDGE('',*,*,#4920,.F.);
#5097 = ORIENTED_EDGE('',*,*,#5098,.F.);
#5098 = EDGE_CURVE('',#4631,#4714,#5099,.T.);
#5099 = LINE('',#5100,#5101);
#5100 = CARTESIAN_POINT('',(0.5,-0.4,0.405));
#5101 = VECTOR('',#5102,1.);
#5102 = DIRECTION('',(0.,1.,0.));
#5103 = CYLINDRICAL_SURFACE('',#5104,4.5E-02);
#5104 = AXIS2_PLACEMENT_3D('',#5105,#5106,#5107);
#5105 = CARTESIAN_POINT('',(0.545,-0.4,0.405));
#5106 = DIRECTION('',(0.,1.,0.));
#5107 = DIRECTION('',(-1.,0.,0.));
#5108 = ADVANCED_FACE('',(#5109),#5120,.T.);
#5109 = FACE_BOUND('',#5110,.T.);
#5110 = EDGE_LOOP('',(#5111,#5112,#5113,#5114));
#5111 = ORIENTED_EDGE('',*,*,#4862,.F.);
#5112 = ORIENTED_EDGE('',*,*,#5098,.T.);
#5113 = ORIENTED_EDGE('',*,*,#4979,.T.);
#5114 = ORIENTED_EDGE('',*,*,#5115,.F.);
#5115 = EDGE_CURVE('',#4855,#4972,#5116,.T.);
#5116 = LINE('',#5117,#5118);
#5117 = CARTESIAN_POINT('',(0.5,-0.4,0.45));
#5118 = VECTOR('',#5119,1.);
#5119 = DIRECTION('',(0.,1.,0.));
#5120 = PLANE('',#5121);
#5121 = AXIS2_PLACEMENT_3D('',#5122,#5123,#5124);
#5122 = CARTESIAN_POINT('',(0.5,-0.4,0.405));
#5123 = DIRECTION('',(1.,0.,0.));
#5124 = DIRECTION('',(0.,0.,1.));
#5125 = ADVANCED_FACE('',(#5126),#5132,.T.);
#5126 = FACE_BOUND('',#5127,.T.);
#5127 = EDGE_LOOP('',(#5128,#5129,#5130,#5131));
#5128 = ORIENTED_EDGE('',*,*,#4886,.F.);
#5129 = ORIENTED_EDGE('',*,*,#4854,.T.);
#5130 = ORIENTED_EDGE('',*,*,#5115,.T.);
#5131 = ORIENTED_EDGE('',*,*,#4971,.F.);
#5132 = PLANE('',#5133);
#5133 = AXIS2_PLACEMENT_3D('',#5134,#5135,#5136);
#5134 = CARTESIAN_POINT('',(-0.5,-0.4,0.45));
#5135 = DIRECTION('',(0.,0.,1.));
#5136 = DIRECTION('',(1.,0.,-0.));
#5137 = ( GEOMETRIC_REPRESENTATION_CONTEXT(3) 
GLOBAL_UNCERTAINTY_ASSIGNED_CONTEXT((#5141)) 
GLOBAL_UNIT_ASSIGNED_CONTEXT((#5138,#5139,#5140)) REPRESENTATION_CONTEXT
('Context #1','3D Context with UNIT and UNCERTAINTY') );
#5138 = ( LENGTH_UNIT() NAMED_UNIT(*) SI_UNIT(.MILLI.,.METRE.) );
#5139 = ( NAMED_UNIT(*) PLANE_ANGLE_UNIT() SI_UNIT($,.RADIAN.) );
#5140 = ( NAMED_UNIT(*) SI_UNIT($,.STERADIAN.) SOLID_ANGLE_UNIT() );
#5141 = UNCERTAINTY_MEASURE_WITH_UNIT(LENGTH_MEASURE(1.E-07),#5138,
  'distance_accuracy_value','confusion accuracy');
#5142 = CONTEXT_DEPENDENT_SHAPE_REPRESENTATION(#5143,#5145);
#5143 = ( REPRESENTATION_RELATIONSHIP('','',#4346,#10) 
REPRESENTATION_RELATIONSHIP_WITH_TRANSFORMATION(#5144) 
SHAPE_REPRESENTATION_RELATIONSHIP() );
#5144 = ITEM_DEFINED_TRANSFORMATION('','',#11,#19);
#5145 = PRODUCT_DEFINITION_SHAPE('Placement','Placement of an item',
  #5146);
#5146 = NEXT_ASSEMBLY_USAGE_OCCURRENCE('2','R3','',#5,#4341,$);
#5147 = PRODUCT_RELATED_PRODUCT_CATEGORY('part',$,(#4343));
#5148 = SHAPE_DEFINITION_REPRESENTATION(#5149,#5155);
#5149 = PRODUCT_DEFINITION_SHAPE('','',#5150);
#5150 = PRODUCT_DEFINITION('design','',#5151,#5154);
#5151 = PRODUCT_DEFINITION_FORMATION('','',#5152);
#5152 = PRODUCT('C_0603_1608Metric','C_0603_1608Metric','',(#5153));
#5153 = PRODUCT_CONTEXT('',#2,'mechanical');
#5154 = PRODUCT_DEFINITION_CONTEXT('part definition',#2,'design');
#5155 = ADVANCED_BREP_SHAPE_REPRESENTATION('',(#11,#5156),#6010);
#5156 = MANIFOLD_SOLID_BREP('',#5157);
#5157 = CLOSED_SHELL('',(#5158,#5234,#5265,#5290,#5315,#5339,#5363,#5388
    ,#5413,#5430,#5516,#5548,#5572,#5597,#5621,#5646,#5670,#5695,#5712,
    #5798,#5829,#5854,#5879,#5903,#5927,#5952,#5977,#5994));
#5158 = ADVANCED_FACE('',(#5159),#5229,.F.);
#5159 = FACE_BOUND('',#5160,.F.);
#5160 = EDGE_LOOP('',(#5161,#5171,#5180,#5188,#5197,#5205,#5214,#5222));
#5161 = ORIENTED_EDGE('',*,*,#5162,.F.);
#5162 = EDGE_CURVE('',#5163,#5165,#5167,.T.);
#5163 = VERTEX_POINT('',#5164);
#5164 = CARTESIAN_POINT('',(-0.8,-0.4,3.E-02));
#5165 = VERTEX_POINT('',#5166);
#5166 = CARTESIAN_POINT('',(-0.8,-0.4,0.77));
#5167 = LINE('',#5168,#5169);
#5168 = CARTESIAN_POINT('',(-0.8,-0.4,0.));
#5169 = VECTOR('',#5170,1.);
#5170 = DIRECTION('',(0.,0.,1.));
#5171 = ORIENTED_EDGE('',*,*,#5172,.T.);
#5172 = EDGE_CURVE('',#5163,#5173,#5175,.T.);
#5173 = VERTEX_POINT('',#5174);
#5174 = CARTESIAN_POINT('',(-0.8,-0.37,0.));
#5175 = CIRCLE('',#5176,3.E-02);
#5176 = AXIS2_PLACEMENT_3D('',#5177,#5178,#5179);
#5177 = CARTESIAN_POINT('',(-0.8,-0.37,3.E-02));
#5178 = DIRECTION('',(1.,0.,-0.));
#5179 = DIRECTION('',(0.,0.,1.));
#5180 = ORIENTED_EDGE('',*,*,#5181,.T.);
#5181 = EDGE_CURVE('',#5173,#5182,#5184,.T.);
#5182 = VERTEX_POINT('',#5183);
#5183 = CARTESIAN_POINT('',(-0.8,0.37,0.));
#5184 = LINE('',#5185,#5186);
#5185 = CARTESIAN_POINT('',(-0.8,-0.4,0.));
#5186 = VECTOR('',#5187,1.);
#5187 = DIRECTION('',(0.,1.,0.));
#5188 = ORIENTED_EDGE('',*,*,#5189,.F.);
#5189 = EDGE_CURVE('',#5190,#5182,#5192,.T.);
#5190 = VERTEX_POINT('',#5191);
#5191 = CARTESIAN_POINT('',(-0.8,0.4,3.E-02));
#5192 = CIRCLE('',#5193,3.E-02);
#5193 = AXIS2_PLACEMENT_3D('',#5194,#5195,#5196);
#5194 = CARTESIAN_POINT('',(-0.8,0.37,3.E-02));
#5195 = DIRECTION('',(-1.,0.,0.));
#5196 = DIRECTION('',(0.,0.,1.));
#5197 = ORIENTED_EDGE('',*,*,#5198,.T.);
#5198 = EDGE_CURVE('',#5190,#5199,#5201,.T.);
#5199 = VERTEX_POINT('',#5200);
#5200 = CARTESIAN_POINT('',(-0.8,0.4,0.77));
#5201 = LINE('',#5202,#5203);
#5202 = CARTESIAN_POINT('',(-0.8,0.4,0.));
#5203 = VECTOR('',#5204,1.);
#5204 = DIRECTION('',(0.,0.,1.));
#5205 = ORIENTED_EDGE('',*,*,#5206,.T.);
#5206 = EDGE_CURVE('',#5199,#5207,#5209,.T.);
#5207 = VERTEX_POINT('',#5208);
#5208 = CARTESIAN_POINT('',(-0.8,0.37,0.8));
#5209 = CIRCLE('',#5210,3.E-02);
#5210 = AXIS2_PLACEMENT_3D('',#5211,#5212,#5213);
#5211 = CARTESIAN_POINT('',(-0.8,0.37,0.77));
#5212 = DIRECTION('',(1.,0.,-0.));
#5213 = DIRECTION('',(0.,0.,1.));
#5214 = ORIENTED_EDGE('',*,*,#5215,.F.);
#5215 = EDGE_CURVE('',#5216,#5207,#5218,.T.);
#5216 = VERTEX_POINT('',#5217);
#5217 = CARTESIAN_POINT('',(-0.8,-0.37,0.8));
#5218 = LINE('',#5219,#5220);
#5219 = CARTESIAN_POINT('',(-0.8,-0.4,0.8));
#5220 = VECTOR('',#5221,1.);
#5221 = DIRECTION('',(0.,1.,0.));
#5222 = ORIENTED_EDGE('',*,*,#5223,.F.);
#5223 = EDGE_CURVE('',#5165,#5216,#5224,.T.);
#5224 = CIRCLE('',#5225,3.E-02);
#5225 = AXIS2_PLACEMENT_3D('',#5226,#5227,#5228);
#5226 = CARTESIAN_POINT('',(-0.8,-0.37,0.77));
#5227 = DIRECTION('',(-1.,0.,0.));
#5228 = DIRECTION('',(0.,0.,1.));
#5229 = PLANE('',#5230);
#5230 = AXIS2_PLACEMENT_3D('',#5231,#5232,#5233);
#5231 = CARTESIAN_POINT('',(-0.8,-0.4,0.));
#5232 = DIRECTION('',(1.,0.,0.));
#5233 = DIRECTION('',(0.,0.,1.));
#5234 = ADVANCED_FACE('',(#5235),#5260,.F.);
#5235 = FACE_BOUND('',#5236,.F.);
#5236 = EDGE_LOOP('',(#5237,#5247,#5253,#5254));
#5237 = ORIENTED_EDGE('',*,*,#5238,.F.);
#5238 = EDGE_CURVE('',#5239,#5241,#5243,.T.);
#5239 = VERTEX_POINT('',#5240);
#5240 = CARTESIAN_POINT('',(-0.5,-0.4,3.E-02));
#5241 = VERTEX_POINT('',#5242);
#5242 = CARTESIAN_POINT('',(-0.5,-0.4,0.77));
#5243 = LINE('',#5244,#5245);
#5244 = CARTESIAN_POINT('',(-0.5,-0.4,0.));
#5245 = VECTOR('',#5246,1.);
#5246 = DIRECTION('',(0.,0.,1.));
#5247 = ORIENTED_EDGE('',*,*,#5248,.F.);
#5248 = EDGE_CURVE('',#5163,#5239,#5249,.T.);
#5249 = LINE('',#5250,#5251);
#5250 = CARTESIAN_POINT('',(-0.8,-0.4,3.E-02));
#5251 = VECTOR('',#5252,1.);
#5252 = DIRECTION('',(1.,0.,0.));
#5253 = ORIENTED_EDGE('',*,*,#5162,.T.);
#5254 = ORIENTED_EDGE('',*,*,#5255,.T.);
#5255 = EDGE_CURVE('',#5165,#5241,#5256,.T.);
#5256 = LINE('',#5257,#5258);
#5257 = CARTESIAN_POINT('',(-0.8,-0.4,0.77));
#5258 = VECTOR('',#5259,1.);
#5259 = DIRECTION('',(1.,0.,0.));
#5260 = PLANE('',#5261);
#5261 = AXIS2_PLACEMENT_3D('',#5262,#5263,#5264);
#5262 = CARTESIAN_POINT('',(-0.8,-0.4,0.));
#5263 = DIRECTION('',(0.,1.,0.));
#5264 = DIRECTION('',(0.,-0.,1.));
#5265 = ADVANCED_FACE('',(#5266),#5285,.T.);
#5266 = FACE_BOUND('',#5267,.T.);
#5267 = EDGE_LOOP('',(#5268,#5269,#5277,#5284));
#5268 = ORIENTED_EDGE('',*,*,#5172,.T.);
#5269 = ORIENTED_EDGE('',*,*,#5270,.T.);
#5270 = EDGE_CURVE('',#5173,#5271,#5273,.T.);
#5271 = VERTEX_POINT('',#5272);
#5272 = CARTESIAN_POINT('',(-0.5,-0.37,0.));
#5273 = LINE('',#5274,#5275);
#5274 = CARTESIAN_POINT('',(-0.8,-0.37,0.));
#5275 = VECTOR('',#5276,1.);
#5276 = DIRECTION('',(1.,0.,0.));
#5277 = ORIENTED_EDGE('',*,*,#5278,.F.);
#5278 = EDGE_CURVE('',#5239,#5271,#5279,.T.);
#5279 = CIRCLE('',#5280,3.E-02);
#5280 = AXIS2_PLACEMENT_3D('',#5281,#5282,#5283);
#5281 = CARTESIAN_POINT('',(-0.5,-0.37,3.E-02));
#5282 = DIRECTION('',(1.,0.,-0.));
#5283 = DIRECTION('',(0.,0.,1.));
#5284 = ORIENTED_EDGE('',*,*,#5248,.F.);
#5285 = CYLINDRICAL_SURFACE('',#5286,3.E-02);
#5286 = AXIS2_PLACEMENT_3D('',#5287,#5288,#5289);
#5287 = CARTESIAN_POINT('',(-0.8,-0.37,3.E-02));
#5288 = DIRECTION('',(1.,0.,0.));
#5289 = DIRECTION('',(0.,-1.,0.));
#5290 = ADVANCED_FACE('',(#5291),#5310,.T.);
#5291 = FACE_BOUND('',#5292,.T.);
#5292 = EDGE_LOOP('',(#5293,#5294,#5303,#5309));
#5293 = ORIENTED_EDGE('',*,*,#5255,.T.);
#5294 = ORIENTED_EDGE('',*,*,#5295,.T.);
#5295 = EDGE_CURVE('',#5241,#5296,#5298,.T.);
#5296 = VERTEX_POINT('',#5297);
#5297 = CARTESIAN_POINT('',(-0.5,-0.37,0.8));
#5298 = CIRCLE('',#5299,3.E-02);
#5299 = AXIS2_PLACEMENT_3D('',#5300,#5301,#5302);
#5300 = CARTESIAN_POINT('',(-0.5,-0.37,0.77));
#5301 = DIRECTION('',(-1.,0.,0.));
#5302 = DIRECTION('',(0.,0.,1.));
#5303 = ORIENTED_EDGE('',*,*,#5304,.F.);
#5304 = EDGE_CURVE('',#5216,#5296,#5305,.T.);
#5305 = LINE('',#5306,#5307);
#5306 = CARTESIAN_POINT('',(-0.8,-0.37,0.8));
#5307 = VECTOR('',#5308,1.);
#5308 = DIRECTION('',(1.,0.,0.));
#5309 = ORIENTED_EDGE('',*,*,#5223,.F.);
#5310 = CYLINDRICAL_SURFACE('',#5311,3.E-02);
#5311 = AXIS2_PLACEMENT_3D('',#5312,#5313,#5314);
#5312 = CARTESIAN_POINT('',(-0.8,-0.37,0.77));
#5313 = DIRECTION('',(1.,0.,0.));
#5314 = DIRECTION('',(0.,-1.,0.));
#5315 = ADVANCED_FACE('',(#5316),#5334,.F.);
#5316 = FACE_BOUND('',#5317,.F.);
#5317 = EDGE_LOOP('',(#5318,#5319,#5320,#5328));
#5318 = ORIENTED_EDGE('',*,*,#5181,.F.);
#5319 = ORIENTED_EDGE('',*,*,#5270,.T.);
#5320 = ORIENTED_EDGE('',*,*,#5321,.T.);
#5321 = EDGE_CURVE('',#5271,#5322,#5324,.T.);
#5322 = VERTEX_POINT('',#5323);
#5323 = CARTESIAN_POINT('',(-0.5,0.37,0.));
#5324 = LINE('',#5325,#5326);
#5325 = CARTESIAN_POINT('',(-0.5,-0.4,0.));
#5326 = VECTOR('',#5327,1.);
#5327 = DIRECTION('',(0.,1.,0.));
#5328 = ORIENTED_EDGE('',*,*,#5329,.F.);
#5329 = EDGE_CURVE('',#5182,#5322,#5330,.T.);
#5330 = LINE('',#5331,#5332);
#5331 = CARTESIAN_POINT('',(-0.8,0.37,0.));
#5332 = VECTOR('',#5333,1.);
#5333 = DIRECTION('',(1.,0.,0.));
#5334 = PLANE('',#5335);
#5335 = AXIS2_PLACEMENT_3D('',#5336,#5337,#5338);
#5336 = CARTESIAN_POINT('',(-0.8,-0.4,0.));
#5337 = DIRECTION('',(0.,0.,1.));
#5338 = DIRECTION('',(1.,0.,-0.));
#5339 = ADVANCED_FACE('',(#5340),#5358,.T.);
#5340 = FACE_BOUND('',#5341,.T.);
#5341 = EDGE_LOOP('',(#5342,#5343,#5344,#5352));
#5342 = ORIENTED_EDGE('',*,*,#5215,.F.);
#5343 = ORIENTED_EDGE('',*,*,#5304,.T.);
#5344 = ORIENTED_EDGE('',*,*,#5345,.T.);
#5345 = EDGE_CURVE('',#5296,#5346,#5348,.T.);
#5346 = VERTEX_POINT('',#5347);
#5347 = CARTESIAN_POINT('',(-0.5,0.37,0.8));
#5348 = LINE('',#5349,#5350);
#5349 = CARTESIAN_POINT('',(-0.5,-0.4,0.8));
#5350 = VECTOR('',#5351,1.);
#5351 = DIRECTION('',(0.,1.,0.));
#5352 = ORIENTED_EDGE('',*,*,#5353,.F.);
#5353 = EDGE_CURVE('',#5207,#5346,#5354,.T.);
#5354 = LINE('',#5355,#5356);
#5355 = CARTESIAN_POINT('',(-0.8,0.37,0.8));
#5356 = VECTOR('',#5357,1.);
#5357 = DIRECTION('',(1.,0.,0.));
#5358 = PLANE('',#5359);
#5359 = AXIS2_PLACEMENT_3D('',#5360,#5361,#5362);
#5360 = CARTESIAN_POINT('',(-0.8,-0.4,0.8));
#5361 = DIRECTION('',(0.,0.,1.));
#5362 = DIRECTION('',(1.,0.,-0.));
#5363 = ADVANCED_FACE('',(#5364),#5383,.T.);
#5364 = FACE_BOUND('',#5365,.T.);
#5365 = EDGE_LOOP('',(#5366,#5374,#5381,#5382));
#5366 = ORIENTED_EDGE('',*,*,#5367,.T.);
#5367 = EDGE_CURVE('',#5190,#5368,#5370,.T.);
#5368 = VERTEX_POINT('',#5369);
#5369 = CARTESIAN_POINT('',(-0.5,0.4,3.E-02));
#5370 = LINE('',#5371,#5372);
#5371 = CARTESIAN_POINT('',(-0.8,0.4,3.E-02));
#5372 = VECTOR('',#5373,1.);
#5373 = DIRECTION('',(1.,0.,0.));
#5374 = ORIENTED_EDGE('',*,*,#5375,.T.);
#5375 = EDGE_CURVE('',#5368,#5322,#5376,.T.);
#5376 = CIRCLE('',#5377,3.E-02);
#5377 = AXIS2_PLACEMENT_3D('',#5378,#5379,#5380);
#5378 = CARTESIAN_POINT('',(-0.5,0.37,3.E-02));
#5379 = DIRECTION('',(-1.,0.,0.));
#5380 = DIRECTION('',(0.,0.,1.));
#5381 = ORIENTED_EDGE('',*,*,#5329,.F.);
#5382 = ORIENTED_EDGE('',*,*,#5189,.F.);
#5383 = CYLINDRICAL_SURFACE('',#5384,3.E-02);
#5384 = AXIS2_PLACEMENT_3D('',#5385,#5386,#5387);
#5385 = CARTESIAN_POINT('',(-0.8,0.37,3.E-02));
#5386 = DIRECTION('',(1.,0.,0.));
#5387 = DIRECTION('',(-0.,1.,0.));
#5388 = ADVANCED_FACE('',(#5389),#5408,.T.);
#5389 = FACE_BOUND('',#5390,.T.);
#5390 = EDGE_LOOP('',(#5391,#5392,#5393,#5402));
#5391 = ORIENTED_EDGE('',*,*,#5206,.T.);
#5392 = ORIENTED_EDGE('',*,*,#5353,.T.);
#5393 = ORIENTED_EDGE('',*,*,#5394,.F.);
#5394 = EDGE_CURVE('',#5395,#5346,#5397,.T.);
#5395 = VERTEX_POINT('',#5396);
#5396 = CARTESIAN_POINT('',(-0.5,0.4,0.77));
#5397 = CIRCLE('',#5398,3.E-02);
#5398 = AXIS2_PLACEMENT_3D('',#5399,#5400,#5401);
#5399 = CARTESIAN_POINT('',(-0.5,0.37,0.77));
#5400 = DIRECTION('',(1.,0.,-0.));
#5401 = DIRECTION('',(0.,0.,1.));
#5402 = ORIENTED_EDGE('',*,*,#5403,.F.);
#5403 = EDGE_CURVE('',#5199,#5395,#5404,.T.);
#5404 = LINE('',#5405,#5406);
#5405 = CARTESIAN_POINT('',(-0.8,0.4,0.77));
#5406 = VECTOR('',#5407,1.);
#5407 = DIRECTION('',(1.,0.,0.));
#5408 = CYLINDRICAL_SURFACE('',#5409,3.E-02);
#5409 = AXIS2_PLACEMENT_3D('',#5410,#5411,#5412);
#5410 = CARTESIAN_POINT('',(-0.8,0.37,0.77));
#5411 = DIRECTION('',(1.,0.,0.));
#5412 = DIRECTION('',(-0.,1.,0.));
#5413 = ADVANCED_FACE('',(#5414),#5425,.T.);
#5414 = FACE_BOUND('',#5415,.T.);
#5415 = EDGE_LOOP('',(#5416,#5422,#5423,#5424));
#5416 = ORIENTED_EDGE('',*,*,#5417,.F.);
#5417 = EDGE_CURVE('',#5368,#5395,#5418,.T.);
#5418 = LINE('',#5419,#5420);
#5419 = CARTESIAN_POINT('',(-0.5,0.4,0.));
#5420 = VECTOR('',#5421,1.);
#5421 = DIRECTION('',(0.,0.,1.));
#5422 = ORIENTED_EDGE('',*,*,#5367,.F.);
#5423 = ORIENTED_EDGE('',*,*,#5198,.T.);
#5424 = ORIENTED_EDGE('',*,*,#5403,.T.);
#5425 = PLANE('',#5426);
#5426 = AXIS2_PLACEMENT_3D('',#5427,#5428,#5429);
#5427 = CARTESIAN_POINT('',(-0.8,0.4,0.));
#5428 = DIRECTION('',(0.,1.,0.));
#5429 = DIRECTION('',(0.,-0.,1.));
#5430 = ADVANCED_FACE('',(#5431,#5441),#5511,.T.);
#5431 = FACE_BOUND('',#5432,.T.);
#5432 = EDGE_LOOP('',(#5433,#5434,#5435,#5436,#5437,#5438,#5439,#5440));
#5433 = ORIENTED_EDGE('',*,*,#5238,.F.);
#5434 = ORIENTED_EDGE('',*,*,#5278,.T.);
#5435 = ORIENTED_EDGE('',*,*,#5321,.T.);
#5436 = ORIENTED_EDGE('',*,*,#5375,.F.);
#5437 = ORIENTED_EDGE('',*,*,#5417,.T.);
#5438 = ORIENTED_EDGE('',*,*,#5394,.T.);
#5439 = ORIENTED_EDGE('',*,*,#5345,.F.);
#5440 = ORIENTED_EDGE('',*,*,#5295,.F.);
#5441 = FACE_BOUND('',#5442,.T.);
#5442 = EDGE_LOOP('',(#5443,#5454,#5462,#5471,#5479,#5488,#5496,#5505));
#5443 = ORIENTED_EDGE('',*,*,#5444,.F.);
#5444 = EDGE_CURVE('',#5445,#5447,#5449,.T.);
#5445 = VERTEX_POINT('',#5446);
#5446 = CARTESIAN_POINT('',(-0.5,-0.37,6.E-02));
#5447 = VERTEX_POINT('',#5448);
#5448 = CARTESIAN_POINT('',(-0.5,-0.34,3.E-02));
#5449 = CIRCLE('',#5450,3.E-02);
#5450 = AXIS2_PLACEMENT_3D('',#5451,#5452,#5453);
#5451 = CARTESIAN_POINT('',(-0.5,-0.34,6.E-02));
#5452 = DIRECTION('',(1.,0.,-0.));
#5453 = DIRECTION('',(0.,0.,1.));
#5454 = ORIENTED_EDGE('',*,*,#5455,.T.);
#5455 = EDGE_CURVE('',#5445,#5456,#5458,.T.);
#5456 = VERTEX_POINT('',#5457);
#5457 = CARTESIAN_POINT('',(-0.5,-0.37,0.74));
#5458 = LINE('',#5459,#5460);
#5459 = CARTESIAN_POINT('',(-0.5,-0.37,3.E-02));
#5460 = VECTOR('',#5461,1.);
#5461 = DIRECTION('',(0.,0.,1.));
#5462 = ORIENTED_EDGE('',*,*,#5463,.T.);
#5463 = EDGE_CURVE('',#5456,#5464,#5466,.T.);
#5464 = VERTEX_POINT('',#5465);
#5465 = CARTESIAN_POINT('',(-0.5,-0.34,0.77));
#5466 = CIRCLE('',#5467,3.E-02);
#5467 = AXIS2_PLACEMENT_3D('',#5468,#5469,#5470);
#5468 = CARTESIAN_POINT('',(-0.5,-0.34,0.74));
#5469 = DIRECTION('',(-1.,0.,0.));
#5470 = DIRECTION('',(0.,0.,1.));
#5471 = ORIENTED_EDGE('',*,*,#5472,.T.);
#5472 = EDGE_CURVE('',#5464,#5473,#5475,.T.);
#5473 = VERTEX_POINT('',#5474);
#5474 = CARTESIAN_POINT('',(-0.5,0.34,0.77));
#5475 = LINE('',#5476,#5477);
#5476 = CARTESIAN_POINT('',(-0.5,-0.37,0.77));
#5477 = VECTOR('',#5478,1.);
#5478 = DIRECTION('',(0.,1.,0.));
#5479 = ORIENTED_EDGE('',*,*,#5480,.F.);
#5480 = EDGE_CURVE('',#5481,#5473,#5483,.T.);
#5481 = VERTEX_POINT('',#5482);
#5482 = CARTESIAN_POINT('',(-0.5,0.37,0.74));
#5483 = CIRCLE('',#5484,3.E-02);
#5484 = AXIS2_PLACEMENT_3D('',#5485,#5486,#5487);
#5485 = CARTESIAN_POINT('',(-0.5,0.34,0.74));
#5486 = DIRECTION('',(1.,0.,-0.));
#5487 = DIRECTION('',(0.,0.,1.));
#5488 = ORIENTED_EDGE('',*,*,#5489,.F.);
#5489 = EDGE_CURVE('',#5490,#5481,#5492,.T.);
#5490 = VERTEX_POINT('',#5491);
#5491 = CARTESIAN_POINT('',(-0.5,0.37,6.E-02));
#5492 = LINE('',#5493,#5494);
#5493 = CARTESIAN_POINT('',(-0.5,0.37,3.E-02));
#5494 = VECTOR('',#5495,1.);
#5495 = DIRECTION('',(0.,0.,1.));
#5496 = ORIENTED_EDGE('',*,*,#5497,.T.);
#5497 = EDGE_CURVE('',#5490,#5498,#5500,.T.);
#5498 = VERTEX_POINT('',#5499);
#5499 = CARTESIAN_POINT('',(-0.5,0.34,3.E-02));
#5500 = CIRCLE('',#5501,3.E-02);
#5501 = AXIS2_PLACEMENT_3D('',#5502,#5503,#5504);
#5502 = CARTESIAN_POINT('',(-0.5,0.34,6.E-02));
#5503 = DIRECTION('',(-1.,0.,0.));
#5504 = DIRECTION('',(0.,0.,1.));
#5505 = ORIENTED_EDGE('',*,*,#5506,.F.);
#5506 = EDGE_CURVE('',#5447,#5498,#5507,.T.);
#5507 = LINE('',#5508,#5509);
#5508 = CARTESIAN_POINT('',(-0.5,-0.37,3.E-02));
#5509 = VECTOR('',#5510,1.);
#5510 = DIRECTION('',(0.,1.,0.));
#5511 = PLANE('',#5512);
#5512 = AXIS2_PLACEMENT_3D('',#5513,#5514,#5515);
#5513 = CARTESIAN_POINT('',(-0.5,-0.4,0.));
#5514 = DIRECTION('',(1.,0.,0.));
#5515 = DIRECTION('',(0.,0.,1.));
#5516 = ADVANCED_FACE('',(#5517),#5543,.T.);
#5517 = FACE_BOUND('',#5518,.T.);
#5518 = EDGE_LOOP('',(#5519,#5520,#5528,#5537));
#5519 = ORIENTED_EDGE('',*,*,#5444,.T.);
#5520 = ORIENTED_EDGE('',*,*,#5521,.T.);
#5521 = EDGE_CURVE('',#5447,#5522,#5524,.T.);
#5522 = VERTEX_POINT('',#5523);
#5523 = CARTESIAN_POINT('',(0.5,-0.34,3.E-02));
#5524 = LINE('',#5525,#5526);
#5525 = CARTESIAN_POINT('',(-0.5,-0.34,3.E-02));
#5526 = VECTOR('',#5527,1.);
#5527 = DIRECTION('',(1.,0.,0.));
#5528 = ORIENTED_EDGE('',*,*,#5529,.F.);
#5529 = EDGE_CURVE('',#5530,#5522,#5532,.T.);
#5530 = VERTEX_POINT('',#5531);
#5531 = CARTESIAN_POINT('',(0.5,-0.37,6.E-02));
#5532 = CIRCLE('',#5533,3.E-02);
#5533 = AXIS2_PLACEMENT_3D('',#5534,#5535,#5536);
#5534 = CARTESIAN_POINT('',(0.5,-0.34,6.E-02));
#5535 = DIRECTION('',(1.,0.,-0.));
#5536 = DIRECTION('',(0.,0.,1.));
#5537 = ORIENTED_EDGE('',*,*,#5538,.F.);
#5538 = EDGE_CURVE('',#5445,#5530,#5539,.T.);
#5539 = LINE('',#5540,#5541);
#5540 = CARTESIAN_POINT('',(-0.5,-0.37,6.E-02));
#5541 = VECTOR('',#5542,1.);
#5542 = DIRECTION('',(1.,0.,0.));
#5543 = CYLINDRICAL_SURFACE('',#5544,3.E-02);
#5544 = AXIS2_PLACEMENT_3D('',#5545,#5546,#5547);
#5545 = CARTESIAN_POINT('',(-0.5,-0.34,6.E-02));
#5546 = DIRECTION('',(1.,0.,0.));
#5547 = DIRECTION('',(0.,-1.,0.));
#5548 = ADVANCED_FACE('',(#5549),#5567,.F.);
#5549 = FACE_BOUND('',#5550,.F.);
#5550 = EDGE_LOOP('',(#5551,#5552,#5553,#5561));
#5551 = ORIENTED_EDGE('',*,*,#5506,.F.);
#5552 = ORIENTED_EDGE('',*,*,#5521,.T.);
#5553 = ORIENTED_EDGE('',*,*,#5554,.T.);
#5554 = EDGE_CURVE('',#5522,#5555,#5557,.T.);
#5555 = VERTEX_POINT('',#5556);
#5556 = CARTESIAN_POINT('',(0.5,0.34,3.E-02));
#5557 = LINE('',#5558,#5559);
#5558 = CARTESIAN_POINT('',(0.5,-0.37,3.E-02));
#5559 = VECTOR('',#5560,1.);
#5560 = DIRECTION('',(0.,1.,0.));
#5561 = ORIENTED_EDGE('',*,*,#5562,.F.);
#5562 = EDGE_CURVE('',#5498,#5555,#5563,.T.);
#5563 = LINE('',#5564,#5565);
#5564 = CARTESIAN_POINT('',(-0.5,0.34,3.E-02));
#5565 = VECTOR('',#5566,1.);
#5566 = DIRECTION('',(1.,0.,0.));
#5567 = PLANE('',#5568);
#5568 = AXIS2_PLACEMENT_3D('',#5569,#5570,#5571);
#5569 = CARTESIAN_POINT('',(-0.5,-0.37,3.E-02));
#5570 = DIRECTION('',(0.,0.,1.));
#5571 = DIRECTION('',(1.,0.,-0.));
#5572 = ADVANCED_FACE('',(#5573),#5592,.T.);
#5573 = FACE_BOUND('',#5574,.T.);
#5574 = EDGE_LOOP('',(#5575,#5583,#5590,#5591));
#5575 = ORIENTED_EDGE('',*,*,#5576,.T.);
#5576 = EDGE_CURVE('',#5490,#5577,#5579,.T.);
#5577 = VERTEX_POINT('',#5578);
#5578 = CARTESIAN_POINT('',(0.5,0.37,6.E-02));
#5579 = LINE('',#5580,#5581);
#5580 = CARTESIAN_POINT('',(-0.5,0.37,6.E-02));
#5581 = VECTOR('',#5582,1.);
#5582 = DIRECTION('',(1.,0.,0.));
#5583 = ORIENTED_EDGE('',*,*,#5584,.T.);
#5584 = EDGE_CURVE('',#5577,#5555,#5585,.T.);
#5585 = CIRCLE('',#5586,3.E-02);
#5586 = AXIS2_PLACEMENT_3D('',#5587,#5588,#5589);
#5587 = CARTESIAN_POINT('',(0.5,0.34,6.E-02));
#5588 = DIRECTION('',(-1.,0.,0.));
#5589 = DIRECTION('',(0.,0.,1.));
#5590 = ORIENTED_EDGE('',*,*,#5562,.F.);
#5591 = ORIENTED_EDGE('',*,*,#5497,.F.);
#5592 = CYLINDRICAL_SURFACE('',#5593,3.E-02);
#5593 = AXIS2_PLACEMENT_3D('',#5594,#5595,#5596);
#5594 = CARTESIAN_POINT('',(-0.5,0.34,6.E-02));
#5595 = DIRECTION('',(1.,0.,0.));
#5596 = DIRECTION('',(-0.,1.,0.));
#5597 = ADVANCED_FACE('',(#5598),#5616,.T.);
#5598 = FACE_BOUND('',#5599,.T.);
#5599 = EDGE_LOOP('',(#5600,#5608,#5609,#5610));
#5600 = ORIENTED_EDGE('',*,*,#5601,.F.);
#5601 = EDGE_CURVE('',#5577,#5602,#5604,.T.);
#5602 = VERTEX_POINT('',#5603);
#5603 = CARTESIAN_POINT('',(0.5,0.37,0.74));
#5604 = LINE('',#5605,#5606);
#5605 = CARTESIAN_POINT('',(0.5,0.37,3.E-02));
#5606 = VECTOR('',#5607,1.);
#5607 = DIRECTION('',(0.,0.,1.));
#5608 = ORIENTED_EDGE('',*,*,#5576,.F.);
#5609 = ORIENTED_EDGE('',*,*,#5489,.T.);
#5610 = ORIENTED_EDGE('',*,*,#5611,.T.);
#5611 = EDGE_CURVE('',#5481,#5602,#5612,.T.);
#5612 = LINE('',#5613,#5614);
#5613 = CARTESIAN_POINT('',(-0.5,0.37,0.74));
#5614 = VECTOR('',#5615,1.);
#5615 = DIRECTION('',(1.,0.,0.));
#5616 = PLANE('',#5617);
#5617 = AXIS2_PLACEMENT_3D('',#5618,#5619,#5620);
#5618 = CARTESIAN_POINT('',(-0.5,0.37,3.E-02));
#5619 = DIRECTION('',(0.,1.,0.));
#5620 = DIRECTION('',(0.,-0.,1.));
#5621 = ADVANCED_FACE('',(#5622),#5641,.T.);
#5622 = FACE_BOUND('',#5623,.T.);
#5623 = EDGE_LOOP('',(#5624,#5625,#5633,#5640));
#5624 = ORIENTED_EDGE('',*,*,#5480,.T.);
#5625 = ORIENTED_EDGE('',*,*,#5626,.T.);
#5626 = EDGE_CURVE('',#5473,#5627,#5629,.T.);
#5627 = VERTEX_POINT('',#5628);
#5628 = CARTESIAN_POINT('',(0.5,0.34,0.77));
#5629 = LINE('',#5630,#5631);
#5630 = CARTESIAN_POINT('',(-0.5,0.34,0.77));
#5631 = VECTOR('',#5632,1.);
#5632 = DIRECTION('',(1.,0.,0.));
#5633 = ORIENTED_EDGE('',*,*,#5634,.F.);
#5634 = EDGE_CURVE('',#5602,#5627,#5635,.T.);
#5635 = CIRCLE('',#5636,3.E-02);
#5636 = AXIS2_PLACEMENT_3D('',#5637,#5638,#5639);
#5637 = CARTESIAN_POINT('',(0.5,0.34,0.74));
#5638 = DIRECTION('',(1.,0.,-0.));
#5639 = DIRECTION('',(0.,0.,1.));
#5640 = ORIENTED_EDGE('',*,*,#5611,.F.);
#5641 = CYLINDRICAL_SURFACE('',#5642,3.E-02);
#5642 = AXIS2_PLACEMENT_3D('',#5643,#5644,#5645);
#5643 = CARTESIAN_POINT('',(-0.5,0.34,0.74));
#5644 = DIRECTION('',(1.,0.,0.));
#5645 = DIRECTION('',(-0.,1.,0.));
#5646 = ADVANCED_FACE('',(#5647),#5665,.T.);
#5647 = FACE_BOUND('',#5648,.T.);
#5648 = EDGE_LOOP('',(#5649,#5650,#5658,#5664));
#5649 = ORIENTED_EDGE('',*,*,#5472,.F.);
#5650 = ORIENTED_EDGE('',*,*,#5651,.T.);
#5651 = EDGE_CURVE('',#5464,#5652,#5654,.T.);
#5652 = VERTEX_POINT('',#5653);
#5653 = CARTESIAN_POINT('',(0.5,-0.34,0.77));
#5654 = LINE('',#5655,#5656);
#5655 = CARTESIAN_POINT('',(-0.5,-0.34,0.77));
#5656 = VECTOR('',#5657,1.);
#5657 = DIRECTION('',(1.,0.,0.));
#5658 = ORIENTED_EDGE('',*,*,#5659,.T.);
#5659 = EDGE_CURVE('',#5652,#5627,#5660,.T.);
#5660 = LINE('',#5661,#5662);
#5661 = CARTESIAN_POINT('',(0.5,-0.37,0.77));
#5662 = VECTOR('',#5663,1.);
#5663 = DIRECTION('',(0.,1.,0.));
#5664 = ORIENTED_EDGE('',*,*,#5626,.F.);
#5665 = PLANE('',#5666);
#5666 = AXIS2_PLACEMENT_3D('',#5667,#5668,#5669);
#5667 = CARTESIAN_POINT('',(-0.5,-0.37,0.77));
#5668 = DIRECTION('',(0.,0.,1.));
#5669 = DIRECTION('',(1.,0.,-0.));
#5670 = ADVANCED_FACE('',(#5671),#5690,.T.);
#5671 = FACE_BOUND('',#5672,.T.);
#5672 = EDGE_LOOP('',(#5673,#5681,#5688,#5689));
#5673 = ORIENTED_EDGE('',*,*,#5674,.T.);
#5674 = EDGE_CURVE('',#5456,#5675,#5677,.T.);
#5675 = VERTEX_POINT('',#5676);
#5676 = CARTESIAN_POINT('',(0.5,-0.37,0.74));
#5677 = LINE('',#5678,#5679);
#5678 = CARTESIAN_POINT('',(-0.5,-0.37,0.74));
#5679 = VECTOR('',#5680,1.);
#5680 = DIRECTION('',(1.,0.,0.));
#5681 = ORIENTED_EDGE('',*,*,#5682,.T.);
#5682 = EDGE_CURVE('',#5675,#5652,#5683,.T.);
#5683 = CIRCLE('',#5684,3.E-02);
#5684 = AXIS2_PLACEMENT_3D('',#5685,#5686,#5687);
#5685 = CARTESIAN_POINT('',(0.5,-0.34,0.74));
#5686 = DIRECTION('',(-1.,0.,0.));
#5687 = DIRECTION('',(0.,0.,1.));
#5688 = ORIENTED_EDGE('',*,*,#5651,.F.);
#5689 = ORIENTED_EDGE('',*,*,#5463,.F.);
#5690 = CYLINDRICAL_SURFACE('',#5691,3.E-02);
#5691 = AXIS2_PLACEMENT_3D('',#5692,#5693,#5694);
#5692 = CARTESIAN_POINT('',(-0.5,-0.34,0.74));
#5693 = DIRECTION('',(1.,0.,0.));
#5694 = DIRECTION('',(0.,-1.,0.));
#5695 = ADVANCED_FACE('',(#5696),#5707,.F.);
#5696 = FACE_BOUND('',#5697,.F.);
#5697 = EDGE_LOOP('',(#5698,#5704,#5705,#5706));
#5698 = ORIENTED_EDGE('',*,*,#5699,.F.);
#5699 = EDGE_CURVE('',#5530,#5675,#5700,.T.);
#5700 = LINE('',#5701,#5702);
#5701 = CARTESIAN_POINT('',(0.5,-0.37,3.E-02));
#5702 = VECTOR('',#5703,1.);
#5703 = DIRECTION('',(0.,0.,1.));
#5704 = ORIENTED_EDGE('',*,*,#5538,.F.);
#5705 = ORIENTED_EDGE('',*,*,#5455,.T.);
#5706 = ORIENTED_EDGE('',*,*,#5674,.T.);
#5707 = PLANE('',#5708);
#5708 = AXIS2_PLACEMENT_3D('',#5709,#5710,#5711);
#5709 = CARTESIAN_POINT('',(-0.5,-0.37,3.E-02));
#5710 = DIRECTION('',(0.,1.,0.));
#5711 = DIRECTION('',(0.,-0.,1.));
#5712 = ADVANCED_FACE('',(#5713,#5783),#5793,.F.);
#5713 = FACE_BOUND('',#5714,.F.);
#5714 = EDGE_LOOP('',(#5715,#5725,#5734,#5742,#5751,#5759,#5768,#5776));
#5715 = ORIENTED_EDGE('',*,*,#5716,.F.);
#5716 = EDGE_CURVE('',#5717,#5719,#5721,.T.);
#5717 = VERTEX_POINT('',#5718);
#5718 = CARTESIAN_POINT('',(0.5,-0.4,3.E-02));
#5719 = VERTEX_POINT('',#5720);
#5720 = CARTESIAN_POINT('',(0.5,-0.4,0.77));
#5721 = LINE('',#5722,#5723);
#5722 = CARTESIAN_POINT('',(0.5,-0.4,0.));
#5723 = VECTOR('',#5724,1.);
#5724 = DIRECTION('',(0.,0.,1.));
#5725 = ORIENTED_EDGE('',*,*,#5726,.T.);
#5726 = EDGE_CURVE('',#5717,#5727,#5729,.T.);
#5727 = VERTEX_POINT('',#5728);
#5728 = CARTESIAN_POINT('',(0.5,-0.37,0.));
#5729 = CIRCLE('',#5730,3.E-02);
#5730 = AXIS2_PLACEMENT_3D('',#5731,#5732,#5733);
#5731 = CARTESIAN_POINT('',(0.5,-0.37,3.E-02));
#5732 = DIRECTION('',(1.,0.,-0.));
#5733 = DIRECTION('',(0.,0.,1.));
#5734 = ORIENTED_EDGE('',*,*,#5735,.T.);
#5735 = EDGE_CURVE('',#5727,#5736,#5738,.T.);
#5736 = VERTEX_POINT('',#5737);
#5737 = CARTESIAN_POINT('',(0.5,0.37,0.));
#5738 = LINE('',#5739,#5740);
#5739 = CARTESIAN_POINT('',(0.5,-0.4,0.));
#5740 = VECTOR('',#5741,1.);
#5741 = DIRECTION('',(0.,1.,0.));
#5742 = ORIENTED_EDGE('',*,*,#5743,.F.);
#5743 = EDGE_CURVE('',#5744,#5736,#5746,.T.);
#5744 = VERTEX_POINT('',#5745);
#5745 = CARTESIAN_POINT('',(0.5,0.4,3.E-02));
#5746 = CIRCLE('',#5747,3.E-02);
#5747 = AXIS2_PLACEMENT_3D('',#5748,#5749,#5750);
#5748 = CARTESIAN_POINT('',(0.5,0.37,3.E-02));
#5749 = DIRECTION('',(-1.,0.,0.));
#5750 = DIRECTION('',(0.,0.,1.));
#5751 = ORIENTED_EDGE('',*,*,#5752,.T.);
#5752 = EDGE_CURVE('',#5744,#5753,#5755,.T.);
#5753 = VERTEX_POINT('',#5754);
#5754 = CARTESIAN_POINT('',(0.5,0.4,0.77));
#5755 = LINE('',#5756,#5757);
#5756 = CARTESIAN_POINT('',(0.5,0.4,0.));
#5757 = VECTOR('',#5758,1.);
#5758 = DIRECTION('',(0.,0.,1.));
#5759 = ORIENTED_EDGE('',*,*,#5760,.T.);
#5760 = EDGE_CURVE('',#5753,#5761,#5763,.T.);
#5761 = VERTEX_POINT('',#5762);
#5762 = CARTESIAN_POINT('',(0.5,0.37,0.8));
#5763 = CIRCLE('',#5764,3.E-02);
#5764 = AXIS2_PLACEMENT_3D('',#5765,#5766,#5767);
#5765 = CARTESIAN_POINT('',(0.5,0.37,0.77));
#5766 = DIRECTION('',(1.,0.,-0.));
#5767 = DIRECTION('',(0.,0.,1.));
#5768 = ORIENTED_EDGE('',*,*,#5769,.F.);
#5769 = EDGE_CURVE('',#5770,#5761,#5772,.T.);
#5770 = VERTEX_POINT('',#5771);
#5771 = CARTESIAN_POINT('',(0.5,-0.37,0.8));
#5772 = LINE('',#5773,#5774);
#5773 = CARTESIAN_POINT('',(0.5,-0.4,0.8));
#5774 = VECTOR('',#5775,1.);
#5775 = DIRECTION('',(0.,1.,0.));
#5776 = ORIENTED_EDGE('',*,*,#5777,.F.);
#5777 = EDGE_CURVE('',#5719,#5770,#5778,.T.);
#5778 = CIRCLE('',#5779,3.E-02);
#5779 = AXIS2_PLACEMENT_3D('',#5780,#5781,#5782);
#5780 = CARTESIAN_POINT('',(0.5,-0.37,0.77));
#5781 = DIRECTION('',(-1.,0.,0.));
#5782 = DIRECTION('',(0.,0.,1.));
#5783 = FACE_BOUND('',#5784,.F.);
#5784 = EDGE_LOOP('',(#5785,#5786,#5787,#5788,#5789,#5790,#5791,#5792));
#5785 = ORIENTED_EDGE('',*,*,#5529,.F.);
#5786 = ORIENTED_EDGE('',*,*,#5699,.T.);
#5787 = ORIENTED_EDGE('',*,*,#5682,.T.);
#5788 = ORIENTED_EDGE('',*,*,#5659,.T.);
#5789 = ORIENTED_EDGE('',*,*,#5634,.F.);
#5790 = ORIENTED_EDGE('',*,*,#5601,.F.);
#5791 = ORIENTED_EDGE('',*,*,#5584,.T.);
#5792 = ORIENTED_EDGE('',*,*,#5554,.F.);
#5793 = PLANE('',#5794);
#5794 = AXIS2_PLACEMENT_3D('',#5795,#5796,#5797);
#5795 = CARTESIAN_POINT('',(0.5,-0.4,0.));
#5796 = DIRECTION('',(1.,0.,0.));
#5797 = DIRECTION('',(0.,0.,1.));
#5798 = ADVANCED_FACE('',(#5799),#5824,.F.);
#5799 = FACE_BOUND('',#5800,.F.);
#5800 = EDGE_LOOP('',(#5801,#5811,#5817,#5818));
#5801 = ORIENTED_EDGE('',*,*,#5802,.F.);
#5802 = EDGE_CURVE('',#5803,#5805,#5807,.T.);
#5803 = VERTEX_POINT('',#5804);
#5804 = CARTESIAN_POINT('',(0.8,-0.4,3.E-02));
#5805 = VERTEX_POINT('',#5806);
#5806 = CARTESIAN_POINT('',(0.8,-0.4,0.77));
#5807 = LINE('',#5808,#5809);
#5808 = CARTESIAN_POINT('',(0.8,-0.4,0.));
#5809 = VECTOR('',#5810,1.);
#5810 = DIRECTION('',(0.,0.,1.));
#5811 = ORIENTED_EDGE('',*,*,#5812,.F.);
#5812 = EDGE_CURVE('',#5717,#5803,#5813,.T.);
#5813 = LINE('',#5814,#5815);
#5814 = CARTESIAN_POINT('',(0.5,-0.4,3.E-02));
#5815 = VECTOR('',#5816,1.);
#5816 = DIRECTION('',(1.,0.,0.));
#5817 = ORIENTED_EDGE('',*,*,#5716,.T.);
#5818 = ORIENTED_EDGE('',*,*,#5819,.T.);
#5819 = EDGE_CURVE('',#5719,#5805,#5820,.T.);
#5820 = LINE('',#5821,#5822);
#5821 = CARTESIAN_POINT('',(0.5,-0.4,0.77));
#5822 = VECTOR('',#5823,1.);
#5823 = DIRECTION('',(1.,0.,0.));
#5824 = PLANE('',#5825);
#5825 = AXIS2_PLACEMENT_3D('',#5826,#5827,#5828);
#5826 = CARTESIAN_POINT('',(0.5,-0.4,0.));
#5827 = DIRECTION('',(0.,1.,0.));
#5828 = DIRECTION('',(0.,-0.,1.));
#5829 = ADVANCED_FACE('',(#5830),#5849,.T.);
#5830 = FACE_BOUND('',#5831,.T.);
#5831 = EDGE_LOOP('',(#5832,#5833,#5841,#5848));
#5832 = ORIENTED_EDGE('',*,*,#5726,.T.);
#5833 = ORIENTED_EDGE('',*,*,#5834,.T.);
#5834 = EDGE_CURVE('',#5727,#5835,#5837,.T.);
#5835 = VERTEX_POINT('',#5836);
#5836 = CARTESIAN_POINT('',(0.8,-0.37,0.));
#5837 = LINE('',#5838,#5839);
#5838 = CARTESIAN_POINT('',(0.5,-0.37,0.));
#5839 = VECTOR('',#5840,1.);
#5840 = DIRECTION('',(1.,0.,0.));
#5841 = ORIENTED_EDGE('',*,*,#5842,.F.);
#5842 = EDGE_CURVE('',#5803,#5835,#5843,.T.);
#5843 = CIRCLE('',#5844,3.E-02);
#5844 = AXIS2_PLACEMENT_3D('',#5845,#5846,#5847);
#5845 = CARTESIAN_POINT('',(0.8,-0.37,3.E-02));
#5846 = DIRECTION('',(1.,0.,-0.));
#5847 = DIRECTION('',(0.,0.,1.));
#5848 = ORIENTED_EDGE('',*,*,#5812,.F.);
#5849 = CYLINDRICAL_SURFACE('',#5850,3.E-02);
#5850 = AXIS2_PLACEMENT_3D('',#5851,#5852,#5853);
#5851 = CARTESIAN_POINT('',(0.5,-0.37,3.E-02));
#5852 = DIRECTION('',(1.,0.,0.));
#5853 = DIRECTION('',(0.,-1.,0.));
#5854 = ADVANCED_FACE('',(#5855),#5874,.T.);
#5855 = FACE_BOUND('',#5856,.T.);
#5856 = EDGE_LOOP('',(#5857,#5858,#5867,#5873));
#5857 = ORIENTED_EDGE('',*,*,#5819,.T.);
#5858 = ORIENTED_EDGE('',*,*,#5859,.T.);
#5859 = EDGE_CURVE('',#5805,#5860,#5862,.T.);
#5860 = VERTEX_POINT('',#5861);
#5861 = CARTESIAN_POINT('',(0.8,-0.37,0.8));
#5862 = CIRCLE('',#5863,3.E-02);
#5863 = AXIS2_PLACEMENT_3D('',#5864,#5865,#5866);
#5864 = CARTESIAN_POINT('',(0.8,-0.37,0.77));
#5865 = DIRECTION('',(-1.,0.,0.));
#5866 = DIRECTION('',(0.,0.,1.));
#5867 = ORIENTED_EDGE('',*,*,#5868,.F.);
#5868 = EDGE_CURVE('',#5770,#5860,#5869,.T.);
#5869 = LINE('',#5870,#5871);
#5870 = CARTESIAN_POINT('',(0.5,-0.37,0.8));
#5871 = VECTOR('',#5872,1.);
#5872 = DIRECTION('',(1.,0.,0.));
#5873 = ORIENTED_EDGE('',*,*,#5777,.F.);
#5874 = CYLINDRICAL_SURFACE('',#5875,3.E-02);
#5875 = AXIS2_PLACEMENT_3D('',#5876,#5877,#5878);
#5876 = CARTESIAN_POINT('',(0.5,-0.37,0.77));
#5877 = DIRECTION('',(1.,0.,0.));
#5878 = DIRECTION('',(0.,-1.,0.));
#5879 = ADVANCED_FACE('',(#5880),#5898,.F.);
#5880 = FACE_BOUND('',#5881,.F.);
#5881 = EDGE_LOOP('',(#5882,#5883,#5884,#5892));
#5882 = ORIENTED_EDGE('',*,*,#5735,.F.);
#5883 = ORIENTED_EDGE('',*,*,#5834,.T.);
#5884 = ORIENTED_EDGE('',*,*,#5885,.T.);
#5885 = EDGE_CURVE('',#5835,#5886,#5888,.T.);
#5886 = VERTEX_POINT('',#5887);
#5887 = CARTESIAN_POINT('',(0.8,0.37,0.));
#5888 = LINE('',#5889,#5890);
#5889 = CARTESIAN_POINT('',(0.8,-0.4,0.));
#5890 = VECTOR('',#5891,1.);
#5891 = DIRECTION('',(0.,1.,0.));
#5892 = ORIENTED_EDGE('',*,*,#5893,.F.);
#5893 = EDGE_CURVE('',#5736,#5886,#5894,.T.);
#5894 = LINE('',#5895,#5896);
#5895 = CARTESIAN_POINT('',(0.5,0.37,0.));
#5896 = VECTOR('',#5897,1.);
#5897 = DIRECTION('',(1.,0.,0.));
#5898 = PLANE('',#5899);
#5899 = AXIS2_PLACEMENT_3D('',#5900,#5901,#5902);
#5900 = CARTESIAN_POINT('',(0.5,-0.4,0.));
#5901 = DIRECTION('',(0.,0.,1.));
#5902 = DIRECTION('',(1.,0.,-0.));
#5903 = ADVANCED_FACE('',(#5904),#5922,.T.);
#5904 = FACE_BOUND('',#5905,.T.);
#5905 = EDGE_LOOP('',(#5906,#5907,#5908,#5916));
#5906 = ORIENTED_EDGE('',*,*,#5769,.F.);
#5907 = ORIENTED_EDGE('',*,*,#5868,.T.);
#5908 = ORIENTED_EDGE('',*,*,#5909,.T.);
#5909 = EDGE_CURVE('',#5860,#5910,#5912,.T.);
#5910 = VERTEX_POINT('',#5911);
#5911 = CARTESIAN_POINT('',(0.8,0.37,0.8));
#5912 = LINE('',#5913,#5914);
#5913 = CARTESIAN_POINT('',(0.8,-0.4,0.8));
#5914 = VECTOR('',#5915,1.);
#5915 = DIRECTION('',(0.,1.,0.));
#5916 = ORIENTED_EDGE('',*,*,#5917,.F.);
#5917 = EDGE_CURVE('',#5761,#5910,#5918,.T.);
#5918 = LINE('',#5919,#5920);
#5919 = CARTESIAN_POINT('',(0.5,0.37,0.8));
#5920 = VECTOR('',#5921,1.);
#5921 = DIRECTION('',(1.,0.,0.));
#5922 = PLANE('',#5923);
#5923 = AXIS2_PLACEMENT_3D('',#5924,#5925,#5926);
#5924 = CARTESIAN_POINT('',(0.5,-0.4,0.8));
#5925 = DIRECTION('',(0.,0.,1.));
#5926 = DIRECTION('',(1.,0.,-0.));
#5927 = ADVANCED_FACE('',(#5928),#5947,.T.);
#5928 = FACE_BOUND('',#5929,.T.);
#5929 = EDGE_LOOP('',(#5930,#5938,#5945,#5946));
#5930 = ORIENTED_EDGE('',*,*,#5931,.T.);
#5931 = EDGE_CURVE('',#5744,#5932,#5934,.T.);
#5932 = VERTEX_POINT('',#5933);
#5933 = CARTESIAN_POINT('',(0.8,0.4,3.E-02));
#5934 = LINE('',#5935,#5936);
#5935 = CARTESIAN_POINT('',(0.5,0.4,3.E-02));
#5936 = VECTOR('',#5937,1.);
#5937 = DIRECTION('',(1.,0.,0.));
#5938 = ORIENTED_EDGE('',*,*,#5939,.T.);
#5939 = EDGE_CURVE('',#5932,#5886,#5940,.T.);
#5940 = CIRCLE('',#5941,3.E-02);
#5941 = AXIS2_PLACEMENT_3D('',#5942,#5943,#5944);
#5942 = CARTESIAN_POINT('',(0.8,0.37,3.E-02));
#5943 = DIRECTION('',(-1.,0.,0.));
#5944 = DIRECTION('',(0.,0.,1.));
#5945 = ORIENTED_EDGE('',*,*,#5893,.F.);
#5946 = ORIENTED_EDGE('',*,*,#5743,.F.);
#5947 = CYLINDRICAL_SURFACE('',#5948,3.E-02);
#5948 = AXIS2_PLACEMENT_3D('',#5949,#5950,#5951);
#5949 = CARTESIAN_POINT('',(0.5,0.37,3.E-02));
#5950 = DIRECTION('',(1.,0.,0.));
#5951 = DIRECTION('',(-0.,1.,0.));
#5952 = ADVANCED_FACE('',(#5953),#5972,.T.);
#5953 = FACE_BOUND('',#5954,.T.);
#5954 = EDGE_LOOP('',(#5955,#5956,#5957,#5966));
#5955 = ORIENTED_EDGE('',*,*,#5760,.T.);
#5956 = ORIENTED_EDGE('',*,*,#5917,.T.);
#5957 = ORIENTED_EDGE('',*,*,#5958,.F.);
#5958 = EDGE_CURVE('',#5959,#5910,#5961,.T.);
#5959 = VERTEX_POINT('',#5960);
#5960 = CARTESIAN_POINT('',(0.8,0.4,0.77));
#5961 = CIRCLE('',#5962,3.E-02);
#5962 = AXIS2_PLACEMENT_3D('',#5963,#5964,#5965);
#5963 = CARTESIAN_POINT('',(0.8,0.37,0.77));
#5964 = DIRECTION('',(1.,0.,-0.));
#5965 = DIRECTION('',(0.,0.,1.));
#5966 = ORIENTED_EDGE('',*,*,#5967,.F.);
#5967 = EDGE_CURVE('',#5753,#5959,#5968,.T.);
#5968 = LINE('',#5969,#5970);
#5969 = CARTESIAN_POINT('',(0.5,0.4,0.77));
#5970 = VECTOR('',#5971,1.);
#5971 = DIRECTION('',(1.,0.,0.));
#5972 = CYLINDRICAL_SURFACE('',#5973,3.E-02);
#5973 = AXIS2_PLACEMENT_3D('',#5974,#5975,#5976);
#5974 = CARTESIAN_POINT('',(0.5,0.37,0.77));
#5975 = DIRECTION('',(1.,0.,0.));
#5976 = DIRECTION('',(-0.,1.,0.));
#5977 = ADVANCED_FACE('',(#5978),#5989,.T.);
#5978 = FACE_BOUND('',#5979,.T.);
#5979 = EDGE_LOOP('',(#5980,#5986,#5987,#5988));
#5980 = ORIENTED_EDGE('',*,*,#5981,.F.);
#5981 = EDGE_CURVE('',#5932,#5959,#5982,.T.);
#5982 = LINE('',#5983,#5984);
#5983 = CARTESIAN_POINT('',(0.8,0.4,0.));
#5984 = VECTOR('',#5985,1.);
#5985 = DIRECTION('',(0.,0.,1.));
#5986 = ORIENTED_EDGE('',*,*,#5931,.F.);
#5987 = ORIENTED_EDGE('',*,*,#5752,.T.);
#5988 = ORIENTED_EDGE('',*,*,#5967,.T.);
#5989 = PLANE('',#5990);
#5990 = AXIS2_PLACEMENT_3D('',#5991,#5992,#5993);
#5991 = CARTESIAN_POINT('',(0.5,0.4,0.));
#5992 = DIRECTION('',(0.,1.,0.));
#5993 = DIRECTION('',(0.,-0.,1.));
#5994 = ADVANCED_FACE('',(#5995),#6005,.T.);
#5995 = FACE_BOUND('',#5996,.T.);
#5996 = EDGE_LOOP('',(#5997,#5998,#5999,#6000,#6001,#6002,#6003,#6004));
#5997 = ORIENTED_EDGE('',*,*,#5802,.F.);
#5998 = ORIENTED_EDGE('',*,*,#5842,.T.);
#5999 = ORIENTED_EDGE('',*,*,#5885,.T.);
#6000 = ORIENTED_EDGE('',*,*,#5939,.F.);
#6001 = ORIENTED_EDGE('',*,*,#5981,.T.);
#6002 = ORIENTED_EDGE('',*,*,#5958,.T.);
#6003 = ORIENTED_EDGE('',*,*,#5909,.F.);
#6004 = ORIENTED_EDGE('',*,*,#5859,.F.);
#6005 = PLANE('',#6006);
#6006 = AXIS2_PLACEMENT_3D('',#6007,#6008,#6009);
#6007 = CARTESIAN_POINT('',(0.8,-0.4,0.));
#6008 = DIRECTION('',(1.,0.,0.));
#6009 = DIRECTION('',(0.,0.,1.));
#6010 = ( GEOMETRIC_REPRESENTATION_CONTEXT(3) 
GLOBAL_UNCERTAINTY_ASSIGNED_CONTEXT((#6014)) 
GLOBAL_UNIT_ASSIGNED_CONTEXT((#6011,#6012,#6013)) REPRESENTATION_CONTEXT
('Context #1','3D Context with UNIT and UNCERTAINTY') );
#6011 = ( LENGTH_UNIT() NAMED_UNIT(*) SI_UNIT(.MILLI.,.METRE.) );
#6012 = ( NAMED_UNIT(*) PLANE_ANGLE_UNIT() SI_UNIT($,.RADIAN.) );
#6013 = ( NAMED_UNIT(*) SI_UNIT($,.STERADIAN.) SOLID_ANGLE_UNIT() );
#6014 = UNCERTAINTY_MEASURE_WITH_UNIT(LENGTH_MEASURE(1.E-07),#6011,
  'distance_accuracy_value','confusion accuracy');
#6015 = CONTEXT_DEPENDENT_SHAPE_REPRESENTATION(#6016,#6018);
#6016 = ( REPRESENTATION_RELATIONSHIP('','',#5155,#10) 
REPRESENTATION_RELATIONSHIP_WITH_TRANSFORMATION(#6017) 
SHAPE_REPRESENTATION_RELATIONSHIP() );
#6017 = ITEM_DEFINED_TRANSFORMATION('','',#11,#23);
#6018 = PRODUCT_DEFINITION_SHAPE('Placement','Placement of an item',
  #6019);
#6019 = NEXT_ASSEMBLY_USAGE_OCCURRENCE('3','C2','',#5,#5150,$);
#6020 = PRODUCT_RELATED_PRODUCT_CATEGORY('part',$,(#5152));
#6021 = CONTEXT_DEPENDENT_SHAPE_REPRESENTATION(#6022,#6024);
#6022 = ( REPRESENTATION_RELATIONSHIP('','',#4346,#10) 
REPRESENTATION_RELATIONSHIP_WITH_TRANSFORMATION(#6023) 
SHAPE_REPRESENTATION_RELATIONSHIP() );
#6023 = ITEM_DEFINED_TRANSFORMATION('','',#11,#27);
#6024 = PRODUCT_DEFINITION_SHAPE('Placement','Placement of an item',
  #6025);
#6025 = NEXT_ASSEMBLY_USAGE_OCCURRENCE('4','R1','',#5,#4341,$);
#6026 = CONTEXT_DEPENDENT_SHAPE_REPRESENTATION(#6027,#6029);
#6027 = ( REPRESENTATION_RELATIONSHIP('','',#4346,#10) 
REPRESENTATION_RELATIONSHIP_WITH_TRANSFORMATION(#6028) 
SHAPE_REPRESENTATION_RELATIONSHIP() );
#6028 = ITEM_DEFINED_TRANSFORMATION('','',#11,#31);
#6029 = PRODUCT_DEFINITION_SHAPE('Placement','Placement of an item',
  #6030);
#6030 = NEXT_ASSEMBLY_USAGE_OCCURRENCE('5','R2','',#5,#4341,$);
#6031 = SHAPE_DEFINITION_REPRESENTATION(#6032,#6038);
#6032 = PRODUCT_DEFINITION_SHAPE('','',#6033);
#6033 = PRODUCT_DEFINITION('design','',#6034,#6037);
#6034 = PRODUCT_DEFINITION_FORMATION('','',#6035);
#6035 = PRODUCT('SM04B-SRSS-TB','SM04B-SRSS-TB','',(#6036));
#6036 = PRODUCT_CONTEXT('',#2,'mechanical');
#6037 = PRODUCT_DEFINITION_CONTEXT('part definition',#2,'design');
#6038 = ADVANCED_BREP_SHAPE_REPRESENTATION('',(#11,#6039),#8795);
#6039 = MANIFOLD_SOLID_BREP('',#6040);
#6040 = CLOSED_SHELL('',(#6041,#6081,#6112,#6272,#6296,#6313,#6325,#6356
    ,#6387,#6443,#6474,#6505,#6529,#6553,#6584,#6615,#6639,#6656,#6705,
    #6722,#6739,#6756,#6773,#6929,#6941,#6972,#6989,#7006,#7018,#7030,
    #7061,#7078,#7095,#7126,#7138,#7169,#7264,#7455,#7479,#7525,#7571,
    #7627,#7644,#7723,#7735,#7752,#7769,#7781,#7793,#7824,#7848,#7865,
    #7997,#8019,#8036,#8048,#8060,#8100,#8140,#8157,#8197,#8237,#8277,
    #8294,#8334,#8351,#8391,#8408,#8448,#8465,#8482,#8494,#8534,#8548,
    #8565,#8582,#8599,#8611,#8628,#8645,#8662,#8679,#8696,#8708,#8725,
    #8737,#8754,#8766,#8783));
#6041 = ADVANCED_FACE('',(#6042),#6076,.F.);
#6042 = FACE_BOUND('',#6043,.T.);
#6043 = EDGE_LOOP('',(#6044,#6054,#6062,#6070));
#6044 = ORIENTED_EDGE('',*,*,#6045,.F.);
#6045 = EDGE_CURVE('',#6046,#6048,#6050,.T.);
#6046 = VERTEX_POINT('',#6047);
#6047 = CARTESIAN_POINT('',(1.6,1.955,0.895));
#6048 = VERTEX_POINT('',#6049);
#6049 = CARTESIAN_POINT('',(1.6,2.085,2.645));
#6050 = LINE('',#6051,#6052);
#6051 = CARTESIAN_POINT('',(1.6,2.085,2.645));
#6052 = VECTOR('',#6053,1.);
#6053 = DIRECTION('',(6.963778812478E-15,7.408159078957E-02,
    0.997252183706));
#6054 = ORIENTED_EDGE('',*,*,#6055,.T.);
#6055 = EDGE_CURVE('',#6046,#6056,#6058,.T.);
#6056 = VERTEX_POINT('',#6057);
#6057 = CARTESIAN_POINT('',(1.6,2.435,0.895));
#6058 = LINE('',#6059,#6060);
#6059 = CARTESIAN_POINT('',(1.6,0.755,0.895));
#6060 = VECTOR('',#6061,1.);
#6061 = DIRECTION('',(2.438091212181E-29,1.,3.491483361109E-15));
#6062 = ORIENTED_EDGE('',*,*,#6063,.F.);
#6063 = EDGE_CURVE('',#6064,#6056,#6066,.T.);
#6064 = VERTEX_POINT('',#6065);
#6065 = CARTESIAN_POINT('',(1.6,2.435,2.645));
#6066 = LINE('',#6067,#6068);
#6067 = CARTESIAN_POINT('',(1.6,2.435,2.645));
#6068 = VECTOR('',#6069,1.);
#6069 = DIRECTION('',(-6.982966722219E-15,3.668495960699E-15,-1.));
#6070 = ORIENTED_EDGE('',*,*,#6071,.F.);
#6071 = EDGE_CURVE('',#6048,#6064,#6072,.T.);
#6072 = LINE('',#6073,#6074);
#6073 = CARTESIAN_POINT('',(1.6,2.435,2.645));
#6074 = VECTOR('',#6075,1.);
#6075 = DIRECTION('',(2.438091212181E-29,1.,3.491483361109E-15));
#6076 = PLANE('',#6077);
#6077 = AXIS2_PLACEMENT_3D('',#6078,#6079,#6080);
#6078 = CARTESIAN_POINT('',(1.6,0.445,0.195));
#6079 = DIRECTION('',(-1.,0.,6.982966722219E-15));
#6080 = DIRECTION('',(-2.438091212181E-29,-1.,-3.491483361109E-15));
#6081 = ADVANCED_FACE('',(#6082),#6107,.F.);
#6082 = FACE_BOUND('',#6083,.T.);
#6083 = EDGE_LOOP('',(#6084,#6085,#6093,#6101));
#6084 = ORIENTED_EDGE('',*,*,#6063,.T.);
#6085 = ORIENTED_EDGE('',*,*,#6086,.T.);
#6086 = EDGE_CURVE('',#6056,#6087,#6089,.T.);
#6087 = VERTEX_POINT('',#6088);
#6088 = CARTESIAN_POINT('',(1.4,2.435,0.895));
#6089 = LINE('',#6090,#6091);
#6090 = CARTESIAN_POINT('',(2.2,2.435,0.895));
#6091 = VECTOR('',#6092,1.);
#6092 = DIRECTION('',(-1.,0.,6.982966722219E-15));
#6093 = ORIENTED_EDGE('',*,*,#6094,.F.);
#6094 = EDGE_CURVE('',#6095,#6087,#6097,.T.);
#6095 = VERTEX_POINT('',#6096);
#6096 = CARTESIAN_POINT('',(1.4,2.435,2.645));
#6097 = LINE('',#6098,#6099);
#6098 = CARTESIAN_POINT('',(1.4,2.435,2.645));
#6099 = VECTOR('',#6100,1.);
#6100 = DIRECTION('',(-6.982966722219E-15,3.668495960699E-15,-1.));
#6101 = ORIENTED_EDGE('',*,*,#6102,.T.);
#6102 = EDGE_CURVE('',#6095,#6064,#6103,.T.);
#6103 = LINE('',#6104,#6105);
#6104 = CARTESIAN_POINT('',(1.4,2.435,2.645));
#6105 = VECTOR('',#6106,1.);
#6106 = DIRECTION('',(1.,0.,-6.982966722219E-15));
#6107 = PLANE('',#6108);
#6108 = AXIS2_PLACEMENT_3D('',#6109,#6110,#6111);
#6109 = CARTESIAN_POINT('',(1.4,2.435,2.645));
#6110 = DIRECTION('',(-2.561698521415E-29,-1.,-3.668495960699E-15));
#6111 = DIRECTION('',(6.982966722219E-15,-3.668495960699E-15,1.));
#6112 = ADVANCED_FACE('',(#6113,#6131,#6165,#6199,#6233),#6267,.F.);
#6113 = FACE_BOUND('',#6114,.T.);
#6114 = EDGE_LOOP('',(#6115,#6123,#6129,#6130));
#6115 = ORIENTED_EDGE('',*,*,#6116,.F.);
#6116 = EDGE_CURVE('',#6117,#6046,#6119,.T.);
#6117 = VERTEX_POINT('',#6118);
#6118 = CARTESIAN_POINT('',(1.4,1.955,0.895));
#6119 = LINE('',#6120,#6121);
#6120 = CARTESIAN_POINT('',(1.4,1.955,0.895));
#6121 = VECTOR('',#6122,1.);
#6122 = DIRECTION('',(1.,0.,-6.982966722219E-15));
#6123 = ORIENTED_EDGE('',*,*,#6124,.T.);
#6124 = EDGE_CURVE('',#6117,#6087,#6125,.T.);
#6125 = LINE('',#6126,#6127);
#6126 = CARTESIAN_POINT('',(1.4,0.755,0.895));
#6127 = VECTOR('',#6128,1.);
#6128 = DIRECTION('',(2.438091212181E-29,1.,3.491483361109E-15));
#6129 = ORIENTED_EDGE('',*,*,#6086,.F.);
#6130 = ORIENTED_EDGE('',*,*,#6055,.F.);
#6131 = FACE_BOUND('',#6132,.T.);
#6132 = EDGE_LOOP('',(#6133,#6143,#6151,#6159));
#6133 = ORIENTED_EDGE('',*,*,#6134,.F.);
#6134 = EDGE_CURVE('',#6135,#6137,#6139,.T.);
#6135 = VERTEX_POINT('',#6136);
#6136 = CARTESIAN_POINT('',(0.4,1.955,0.895));
#6137 = VERTEX_POINT('',#6138);
#6138 = CARTESIAN_POINT('',(0.6,1.955,0.895));
#6139 = LINE('',#6140,#6141);
#6140 = CARTESIAN_POINT('',(0.4,1.955,0.895));
#6141 = VECTOR('',#6142,1.);
#6142 = DIRECTION('',(1.,0.,-6.982966722219E-15));
#6143 = ORIENTED_EDGE('',*,*,#6144,.T.);
#6144 = EDGE_CURVE('',#6135,#6145,#6147,.T.);
#6145 = VERTEX_POINT('',#6146);
#6146 = CARTESIAN_POINT('',(0.4,2.435,0.895));
#6147 = LINE('',#6148,#6149);
#6148 = CARTESIAN_POINT('',(0.4,0.755,0.895));
#6149 = VECTOR('',#6150,1.);
#6150 = DIRECTION('',(2.438091212181E-29,1.,3.491483361109E-15));
#6151 = ORIENTED_EDGE('',*,*,#6152,.F.);
#6152 = EDGE_CURVE('',#6153,#6145,#6155,.T.);
#6153 = VERTEX_POINT('',#6154);
#6154 = CARTESIAN_POINT('',(0.6,2.435,0.895));
#6155 = LINE('',#6156,#6157);
#6156 = CARTESIAN_POINT('',(2.2,2.435,0.895));
#6157 = VECTOR('',#6158,1.);
#6158 = DIRECTION('',(-1.,0.,6.982966722219E-15));
#6159 = ORIENTED_EDGE('',*,*,#6160,.F.);
#6160 = EDGE_CURVE('',#6137,#6153,#6161,.T.);
#6161 = LINE('',#6162,#6163);
#6162 = CARTESIAN_POINT('',(0.6,0.755,0.895));
#6163 = VECTOR('',#6164,1.);
#6164 = DIRECTION('',(2.438091212181E-29,1.,3.491483361109E-15));
#6165 = FACE_BOUND('',#6166,.T.);
#6166 = EDGE_LOOP('',(#6167,#6177,#6185,#6193));
#6167 = ORIENTED_EDGE('',*,*,#6168,.F.);
#6168 = EDGE_CURVE('',#6169,#6171,#6173,.T.);
#6169 = VERTEX_POINT('',#6170);
#6170 = CARTESIAN_POINT('',(-0.6,1.955,0.895));
#6171 = VERTEX_POINT('',#6172);
#6172 = CARTESIAN_POINT('',(-0.4,1.955,0.895));
#6173 = LINE('',#6174,#6175);
#6174 = CARTESIAN_POINT('',(-0.6,1.955,0.895));
#6175 = VECTOR('',#6176,1.);
#6176 = DIRECTION('',(1.,0.,-6.982966722219E-15));
#6177 = ORIENTED_EDGE('',*,*,#6178,.T.);
#6178 = EDGE_CURVE('',#6169,#6179,#6181,.T.);
#6179 = VERTEX_POINT('',#6180);
#6180 = CARTESIAN_POINT('',(-0.6,2.435,0.895));
#6181 = LINE('',#6182,#6183);
#6182 = CARTESIAN_POINT('',(-0.6,0.755,0.895));
#6183 = VECTOR('',#6184,1.);
#6184 = DIRECTION('',(2.438091212181E-29,1.,3.491483361109E-15));
#6185 = ORIENTED_EDGE('',*,*,#6186,.F.);
#6186 = EDGE_CURVE('',#6187,#6179,#6189,.T.);
#6187 = VERTEX_POINT('',#6188);
#6188 = CARTESIAN_POINT('',(-0.4,2.435,0.895));
#6189 = LINE('',#6190,#6191);
#6190 = CARTESIAN_POINT('',(2.2,2.435,0.895));
#6191 = VECTOR('',#6192,1.);
#6192 = DIRECTION('',(-1.,0.,6.982966722219E-15));
#6193 = ORIENTED_EDGE('',*,*,#6194,.F.);
#6194 = EDGE_CURVE('',#6171,#6187,#6195,.T.);
#6195 = LINE('',#6196,#6197);
#6196 = CARTESIAN_POINT('',(-0.4,0.755,0.895));
#6197 = VECTOR('',#6198,1.);
#6198 = DIRECTION('',(2.438091212181E-29,1.,3.491483361109E-15));
#6199 = FACE_BOUND('',#6200,.T.);
#6200 = EDGE_LOOP('',(#6201,#6211,#6219,#6227));
#6201 = ORIENTED_EDGE('',*,*,#6202,.F.);
#6202 = EDGE_CURVE('',#6203,#6205,#6207,.T.);
#6203 = VERTEX_POINT('',#6204);
#6204 = CARTESIAN_POINT('',(-1.6,1.955,0.895));
#6205 = VERTEX_POINT('',#6206);
#6206 = CARTESIAN_POINT('',(-1.4,1.955,0.895));
#6207 = LINE('',#6208,#6209);
#6208 = CARTESIAN_POINT('',(-1.6,1.955,0.895));
#6209 = VECTOR('',#6210,1.);
#6210 = DIRECTION('',(1.,0.,-6.982966722219E-15));
#6211 = ORIENTED_EDGE('',*,*,#6212,.T.);
#6212 = EDGE_CURVE('',#6203,#6213,#6215,.T.);
#6213 = VERTEX_POINT('',#6214);
#6214 = CARTESIAN_POINT('',(-1.6,2.435,0.895));
#6215 = LINE('',#6216,#6217);
#6216 = CARTESIAN_POINT('',(-1.6,0.755,0.895));
#6217 = VECTOR('',#6218,1.);
#6218 = DIRECTION('',(2.438091212181E-29,1.,3.491483361109E-15));
#6219 = ORIENTED_EDGE('',*,*,#6220,.F.);
#6220 = EDGE_CURVE('',#6221,#6213,#6223,.T.);
#6221 = VERTEX_POINT('',#6222);
#6222 = CARTESIAN_POINT('',(-1.4,2.435,0.895));
#6223 = LINE('',#6224,#6225);
#6224 = CARTESIAN_POINT('',(2.2,2.435,0.895));
#6225 = VECTOR('',#6226,1.);
#6226 = DIRECTION('',(-1.,0.,6.982966722219E-15));
#6227 = ORIENTED_EDGE('',*,*,#6228,.F.);
#6228 = EDGE_CURVE('',#6205,#6221,#6229,.T.);
#6229 = LINE('',#6230,#6231);
#6230 = CARTESIAN_POINT('',(-1.4,0.755,0.895));
#6231 = VECTOR('',#6232,1.);
#6232 = DIRECTION('',(2.438091212181E-29,1.,3.491483361109E-15));
#6233 = FACE_BOUND('',#6234,.T.);
#6234 = EDGE_LOOP('',(#6235,#6245,#6253,#6261));
#6235 = ORIENTED_EDGE('',*,*,#6236,.T.);
#6236 = EDGE_CURVE('',#6237,#6239,#6241,.T.);
#6237 = VERTEX_POINT('',#6238);
#6238 = CARTESIAN_POINT('',(2.2,0.755,0.895));
#6239 = VERTEX_POINT('',#6240);
#6240 = CARTESIAN_POINT('',(2.2,2.855,0.895));
#6241 = LINE('',#6242,#6243);
#6242 = CARTESIAN_POINT('',(2.2,2.855,0.895));
#6243 = VECTOR('',#6244,1.);
#6244 = DIRECTION('',(-2.06514699521E-16,1.,3.491483361109E-15));
#6245 = ORIENTED_EDGE('',*,*,#6246,.T.);
#6246 = EDGE_CURVE('',#6239,#6247,#6249,.T.);
#6247 = VERTEX_POINT('',#6248);
#6248 = CARTESIAN_POINT('',(-2.2,2.855,0.895));
#6249 = LINE('',#6250,#6251);
#6250 = CARTESIAN_POINT('',(-2.2,2.855,0.895));
#6251 = VECTOR('',#6252,1.);
#6252 = DIRECTION('',(-1.,-9.856383386232E-17,6.982966722219E-15));
#6253 = ORIENTED_EDGE('',*,*,#6254,.T.);
#6254 = EDGE_CURVE('',#6247,#6255,#6257,.T.);
#6255 = VERTEX_POINT('',#6256);
#6256 = CARTESIAN_POINT('',(-2.2,0.755,0.895));
#6257 = LINE('',#6258,#6259);
#6258 = CARTESIAN_POINT('',(-2.2,2.855,0.895));
#6259 = VECTOR('',#6260,1.);
#6260 = DIRECTION('',(2.06514699521E-16,-1.,-3.491483361109E-15));
#6261 = ORIENTED_EDGE('',*,*,#6262,.T.);
#6262 = EDGE_CURVE('',#6255,#6237,#6263,.T.);
#6263 = LINE('',#6264,#6265);
#6264 = CARTESIAN_POINT('',(2.2,0.755,0.895));
#6265 = VECTOR('',#6266,1.);
#6266 = DIRECTION('',(1.,1.232047923279E-16,-6.982966722219E-15));
#6267 = PLANE('',#6268);
#6268 = AXIS2_PLACEMENT_3D('',#6269,#6270,#6271);
#6269 = CARTESIAN_POINT('',(2.2,0.755,0.895));
#6270 = DIRECTION('',(-6.982966722219E-15,3.491483361109E-15,-1.));
#6271 = DIRECTION('',(-2.438091212181E-29,-1.,-3.491483361109E-15));
#6272 = ADVANCED_FACE('',(#6273),#6291,.F.);
#6273 = FACE_BOUND('',#6274,.T.);
#6274 = EDGE_LOOP('',(#6275,#6276,#6277,#6285));
#6275 = ORIENTED_EDGE('',*,*,#6071,.T.);
#6276 = ORIENTED_EDGE('',*,*,#6102,.F.);
#6277 = ORIENTED_EDGE('',*,*,#6278,.F.);
#6278 = EDGE_CURVE('',#6279,#6095,#6281,.T.);
#6279 = VERTEX_POINT('',#6280);
#6280 = CARTESIAN_POINT('',(1.4,2.085,2.645));
#6281 = LINE('',#6282,#6283);
#6282 = CARTESIAN_POINT('',(1.4,2.435,2.645));
#6283 = VECTOR('',#6284,1.);
#6284 = DIRECTION('',(2.438091212181E-29,1.,3.491483361109E-15));
#6285 = ORIENTED_EDGE('',*,*,#6286,.T.);
#6286 = EDGE_CURVE('',#6279,#6048,#6287,.T.);
#6287 = LINE('',#6288,#6289);
#6288 = CARTESIAN_POINT('',(1.4,2.085,2.645));
#6289 = VECTOR('',#6290,1.);
#6290 = DIRECTION('',(1.,0.,-6.982966722219E-15));
#6291 = PLANE('',#6292);
#6292 = AXIS2_PLACEMENT_3D('',#6293,#6294,#6295);
#6293 = CARTESIAN_POINT('',(1.4,2.435,2.645));
#6294 = DIRECTION('',(-6.982966722219E-15,3.491483361109E-15,-1.));
#6295 = DIRECTION('',(-2.438091212181E-29,-1.,-3.491483361109E-15));
#6296 = ADVANCED_FACE('',(#6297),#6308,.F.);
#6297 = FACE_BOUND('',#6298,.T.);
#6298 = EDGE_LOOP('',(#6299,#6300,#6301,#6307));
#6299 = ORIENTED_EDGE('',*,*,#6045,.T.);
#6300 = ORIENTED_EDGE('',*,*,#6286,.F.);
#6301 = ORIENTED_EDGE('',*,*,#6302,.F.);
#6302 = EDGE_CURVE('',#6117,#6279,#6303,.T.);
#6303 = LINE('',#6304,#6305);
#6304 = CARTESIAN_POINT('',(1.4,2.085,2.645));
#6305 = VECTOR('',#6306,1.);
#6306 = DIRECTION('',(6.963778812478E-15,7.408159078957E-02,
    0.997252183706));
#6307 = ORIENTED_EDGE('',*,*,#6116,.T.);
#6308 = PLANE('',#6309);
#6309 = AXIS2_PLACEMENT_3D('',#6310,#6311,#6312);
#6310 = CARTESIAN_POINT('',(1.4,2.085,2.645));
#6311 = DIRECTION('',(-5.173092832126E-16,0.997252183706,
    -7.408159078957E-02));
#6312 = DIRECTION('',(-6.963778812478E-15,-7.408159078957E-02,
    -0.997252183706));
#6313 = ADVANCED_FACE('',(#6314),#6320,.T.);
#6314 = FACE_BOUND('',#6315,.T.);
#6315 = EDGE_LOOP('',(#6316,#6317,#6318,#6319));
#6316 = ORIENTED_EDGE('',*,*,#6124,.F.);
#6317 = ORIENTED_EDGE('',*,*,#6302,.T.);
#6318 = ORIENTED_EDGE('',*,*,#6278,.T.);
#6319 = ORIENTED_EDGE('',*,*,#6094,.T.);
#6320 = PLANE('',#6321);
#6321 = AXIS2_PLACEMENT_3D('',#6322,#6323,#6324);
#6322 = CARTESIAN_POINT('',(1.4,0.445,0.195));
#6323 = DIRECTION('',(-1.,0.,6.982966722219E-15));
#6324 = DIRECTION('',(-2.438091212181E-29,-1.,-3.491483361109E-15));
#6325 = ADVANCED_FACE('',(#6326),#6351,.F.);
#6326 = FACE_BOUND('',#6327,.T.);
#6327 = EDGE_LOOP('',(#6328,#6338,#6344,#6345));
#6328 = ORIENTED_EDGE('',*,*,#6329,.T.);
#6329 = EDGE_CURVE('',#6330,#6332,#6334,.T.);
#6330 = VERTEX_POINT('',#6331);
#6331 = CARTESIAN_POINT('',(2.2,2.855,3.895));
#6332 = VERTEX_POINT('',#6333);
#6333 = CARTESIAN_POINT('',(-2.2,2.855,3.895));
#6334 = LINE('',#6335,#6336);
#6335 = CARTESIAN_POINT('',(-2.2,2.855,3.895));
#6336 = VECTOR('',#6337,1.);
#6337 = DIRECTION('',(-1.,-9.856383386232E-17,6.982966722219E-15));
#6338 = ORIENTED_EDGE('',*,*,#6339,.F.);
#6339 = EDGE_CURVE('',#6247,#6332,#6340,.T.);
#6340 = LINE('',#6341,#6342);
#6341 = CARTESIAN_POINT('',(-2.2,2.855,0.895));
#6342 = VECTOR('',#6343,1.);
#6343 = DIRECTION('',(7.085009279629E-15,-3.491483361109E-15,1.));
#6344 = ORIENTED_EDGE('',*,*,#6246,.F.);
#6345 = ORIENTED_EDGE('',*,*,#6346,.T.);
#6346 = EDGE_CURVE('',#6239,#6330,#6347,.T.);
#6347 = LINE('',#6348,#6349);
#6348 = CARTESIAN_POINT('',(2.2,2.855,0.895));
#6349 = VECTOR('',#6350,1.);
#6350 = DIRECTION('',(7.085009279629E-15,-3.491483361109E-15,1.));
#6351 = PLANE('',#6352);
#6352 = AXIS2_PLACEMENT_3D('',#6353,#6354,#6355);
#6353 = CARTESIAN_POINT('',(-2.2,2.855,0.895));
#6354 = DIRECTION('',(-9.856383386229E-17,1.,3.491483361109E-15));
#6355 = DIRECTION('',(-1.,-9.856383386232E-17,6.982966722219E-15));
#6356 = ADVANCED_FACE('',(#6357),#6382,.F.);
#6357 = FACE_BOUND('',#6358,.T.);
#6358 = EDGE_LOOP('',(#6359,#6367,#6368,#6376));
#6359 = ORIENTED_EDGE('',*,*,#6360,.F.);
#6360 = EDGE_CURVE('',#6205,#6361,#6363,.T.);
#6361 = VERTEX_POINT('',#6362);
#6362 = CARTESIAN_POINT('',(-1.4,2.085,2.645));
#6363 = LINE('',#6364,#6365);
#6364 = CARTESIAN_POINT('',(-1.4,2.085,2.645));
#6365 = VECTOR('',#6366,1.);
#6366 = DIRECTION('',(6.963778812478E-15,7.408159078957E-02,
    0.997252183706));
#6367 = ORIENTED_EDGE('',*,*,#6228,.T.);
#6368 = ORIENTED_EDGE('',*,*,#6369,.F.);
#6369 = EDGE_CURVE('',#6370,#6221,#6372,.T.);
#6370 = VERTEX_POINT('',#6371);
#6371 = CARTESIAN_POINT('',(-1.4,2.435,2.645));
#6372 = LINE('',#6373,#6374);
#6373 = CARTESIAN_POINT('',(-1.4,2.435,2.645));
#6374 = VECTOR('',#6375,1.);
#6375 = DIRECTION('',(-6.982966722219E-15,3.668495960699E-15,-1.));
#6376 = ORIENTED_EDGE('',*,*,#6377,.F.);
#6377 = EDGE_CURVE('',#6361,#6370,#6378,.T.);
#6378 = LINE('',#6379,#6380);
#6379 = CARTESIAN_POINT('',(-1.4,2.435,2.645));
#6380 = VECTOR('',#6381,1.);
#6381 = DIRECTION('',(2.438091212181E-29,1.,3.491483361109E-15));
#6382 = PLANE('',#6383);
#6383 = AXIS2_PLACEMENT_3D('',#6384,#6385,#6386);
#6384 = CARTESIAN_POINT('',(-1.4,0.445,0.195));
#6385 = DIRECTION('',(-1.,0.,6.982966722219E-15));
#6386 = DIRECTION('',(-2.438091212181E-29,-1.,-3.491483361109E-15));
#6387 = ADVANCED_FACE('',(#6388),#6438,.F.);
#6388 = FACE_BOUND('',#6389,.T.);
#6389 = EDGE_LOOP('',(#6390,#6400,#6408,#6414,#6415,#6416,#6424,#6432));
#6390 = ORIENTED_EDGE('',*,*,#6391,.F.);
#6391 = EDGE_CURVE('',#6392,#6394,#6396,.T.);
#6392 = VERTEX_POINT('',#6393);
#6393 = CARTESIAN_POINT('',(2.2,2.355,1.495));
#6394 = VERTEX_POINT('',#6395);
#6395 = CARTESIAN_POINT('',(2.2,1.755,1.495));
#6396 = LINE('',#6397,#6398);
#6397 = CARTESIAN_POINT('',(2.2,2.355,1.495));
#6398 = VECTOR('',#6399,1.);
#6399 = DIRECTION('',(-2.438091212181E-29,-1.,-3.491483361109E-15));
#6400 = ORIENTED_EDGE('',*,*,#6401,.T.);
#6401 = EDGE_CURVE('',#6392,#6402,#6404,.T.);
#6402 = VERTEX_POINT('',#6403);
#6403 = CARTESIAN_POINT('',(2.2,2.355,3.895));
#6404 = LINE('',#6405,#6406);
#6405 = CARTESIAN_POINT('',(2.2,2.355,1.495));
#6406 = VECTOR('',#6407,1.);
#6407 = DIRECTION('',(7.085009279629E-15,-3.491483361109E-15,1.));
#6408 = ORIENTED_EDGE('',*,*,#6409,.T.);
#6409 = EDGE_CURVE('',#6402,#6330,#6410,.T.);
#6410 = LINE('',#6411,#6412);
#6411 = CARTESIAN_POINT('',(2.2,2.855,3.895));
#6412 = VECTOR('',#6413,1.);
#6413 = DIRECTION('',(-2.06514699521E-16,1.,3.491483361109E-15));
#6414 = ORIENTED_EDGE('',*,*,#6346,.F.);
#6415 = ORIENTED_EDGE('',*,*,#6236,.F.);
#6416 = ORIENTED_EDGE('',*,*,#6417,.T.);
#6417 = EDGE_CURVE('',#6237,#6418,#6420,.T.);
#6418 = VERTEX_POINT('',#6419);
#6419 = CARTESIAN_POINT('',(2.2,0.755,3.895));
#6420 = LINE('',#6421,#6422);
#6421 = CARTESIAN_POINT('',(2.2,0.755,0.895));
#6422 = VECTOR('',#6423,1.);
#6423 = DIRECTION('',(7.085009279629E-15,-3.491483361109E-15,1.));
#6424 = ORIENTED_EDGE('',*,*,#6425,.T.);
#6425 = EDGE_CURVE('',#6418,#6426,#6428,.T.);
#6426 = VERTEX_POINT('',#6427);
#6427 = CARTESIAN_POINT('',(2.2,1.755,3.895));
#6428 = LINE('',#6429,#6430);
#6429 = CARTESIAN_POINT('',(2.2,2.855,3.895));
#6430 = VECTOR('',#6431,1.);
#6431 = DIRECTION('',(-2.06514699521E-16,1.,3.491483361109E-15));
#6432 = ORIENTED_EDGE('',*,*,#6433,.F.);
#6433 = EDGE_CURVE('',#6394,#6426,#6434,.T.);
#6434 = LINE('',#6435,#6436);
#6435 = CARTESIAN_POINT('',(2.2,1.755,1.495));
#6436 = VECTOR('',#6437,1.);
#6437 = DIRECTION('',(7.085009279629E-15,-3.491483361109E-15,1.));
#6438 = PLANE('',#6439);
#6439 = AXIS2_PLACEMENT_3D('',#6440,#6441,#6442);
#6440 = CARTESIAN_POINT('',(2.2,2.855,0.895));
#6441 = DIRECTION('',(1.,2.06514699521E-16,-7.085009279629E-15));
#6442 = DIRECTION('',(-2.06514699521E-16,1.,3.491483361109E-15));
#6443 = ADVANCED_FACE('',(#6444),#6469,.F.);
#6444 = FACE_BOUND('',#6445,.T.);
#6445 = EDGE_LOOP('',(#6446,#6454,#6455,#6463));
#6446 = ORIENTED_EDGE('',*,*,#6447,.T.);
#6447 = EDGE_CURVE('',#6448,#6187,#6450,.T.);
#6448 = VERTEX_POINT('',#6449);
#6449 = CARTESIAN_POINT('',(-0.4,2.435,2.645));
#6450 = LINE('',#6451,#6452);
#6451 = CARTESIAN_POINT('',(-0.4,2.435,2.645));
#6452 = VECTOR('',#6453,1.);
#6453 = DIRECTION('',(-6.982966722219E-15,3.668495960699E-15,-1.));
#6454 = ORIENTED_EDGE('',*,*,#6186,.T.);
#6455 = ORIENTED_EDGE('',*,*,#6456,.F.);
#6456 = EDGE_CURVE('',#6457,#6179,#6459,.T.);
#6457 = VERTEX_POINT('',#6458);
#6458 = CARTESIAN_POINT('',(-0.6,2.435,2.645));
#6459 = LINE('',#6460,#6461);
#6460 = CARTESIAN_POINT('',(-0.6,2.435,2.645));
#6461 = VECTOR('',#6462,1.);
#6462 = DIRECTION('',(-6.982966722219E-15,3.668495960699E-15,-1.));
#6463 = ORIENTED_EDGE('',*,*,#6464,.T.);
#6464 = EDGE_CURVE('',#6457,#6448,#6465,.T.);
#6465 = LINE('',#6466,#6467);
#6466 = CARTESIAN_POINT('',(-0.6,2.435,2.645));
#6467 = VECTOR('',#6468,1.);
#6468 = DIRECTION('',(1.,0.,-6.982966722219E-15));
#6469 = PLANE('',#6470);
#6470 = AXIS2_PLACEMENT_3D('',#6471,#6472,#6473);
#6471 = CARTESIAN_POINT('',(-0.6,2.435,2.645));
#6472 = DIRECTION('',(-2.561698521415E-29,-1.,-3.668495960699E-15));
#6473 = DIRECTION('',(6.982966722219E-15,-3.668495960699E-15,1.));
#6474 = ADVANCED_FACE('',(#6475),#6500,.F.);
#6475 = FACE_BOUND('',#6476,.T.);
#6476 = EDGE_LOOP('',(#6477,#6485,#6493,#6499));
#6477 = ORIENTED_EDGE('',*,*,#6478,.T.);
#6478 = EDGE_CURVE('',#6137,#6479,#6481,.T.);
#6479 = VERTEX_POINT('',#6480);
#6480 = CARTESIAN_POINT('',(0.6,2.085,2.645));
#6481 = LINE('',#6482,#6483);
#6482 = CARTESIAN_POINT('',(0.6,2.085,2.645));
#6483 = VECTOR('',#6484,1.);
#6484 = DIRECTION('',(6.963778812478E-15,7.408159078957E-02,
    0.997252183706));
#6485 = ORIENTED_EDGE('',*,*,#6486,.F.);
#6486 = EDGE_CURVE('',#6487,#6479,#6489,.T.);
#6487 = VERTEX_POINT('',#6488);
#6488 = CARTESIAN_POINT('',(0.4,2.085,2.645));
#6489 = LINE('',#6490,#6491);
#6490 = CARTESIAN_POINT('',(0.4,2.085,2.645));
#6491 = VECTOR('',#6492,1.);
#6492 = DIRECTION('',(1.,0.,-6.982966722219E-15));
#6493 = ORIENTED_EDGE('',*,*,#6494,.F.);
#6494 = EDGE_CURVE('',#6135,#6487,#6495,.T.);
#6495 = LINE('',#6496,#6497);
#6496 = CARTESIAN_POINT('',(0.4,2.085,2.645));
#6497 = VECTOR('',#6498,1.);
#6498 = DIRECTION('',(6.963778812478E-15,7.408159078957E-02,
    0.997252183706));
#6499 = ORIENTED_EDGE('',*,*,#6134,.T.);
#6500 = PLANE('',#6501);
#6501 = AXIS2_PLACEMENT_3D('',#6502,#6503,#6504);
#6502 = CARTESIAN_POINT('',(0.4,2.085,2.645));
#6503 = DIRECTION('',(-5.173092832126E-16,0.997252183706,
    -7.408159078957E-02));
#6504 = DIRECTION('',(-6.963778812478E-15,-7.408159078957E-02,
    -0.997252183706));
#6505 = ADVANCED_FACE('',(#6506),#6524,.F.);
#6506 = FACE_BOUND('',#6507,.T.);
#6507 = EDGE_LOOP('',(#6508,#6516,#6517,#6518));
#6508 = ORIENTED_EDGE('',*,*,#6509,.T.);
#6509 = EDGE_CURVE('',#6510,#6418,#6512,.T.);
#6510 = VERTEX_POINT('',#6511);
#6511 = CARTESIAN_POINT('',(-2.2,0.755,3.895));
#6512 = LINE('',#6513,#6514);
#6513 = CARTESIAN_POINT('',(2.2,0.755,3.895));
#6514 = VECTOR('',#6515,1.);
#6515 = DIRECTION('',(1.,1.232047923279E-16,-6.982966722219E-15));
#6516 = ORIENTED_EDGE('',*,*,#6417,.F.);
#6517 = ORIENTED_EDGE('',*,*,#6262,.F.);
#6518 = ORIENTED_EDGE('',*,*,#6519,.T.);
#6519 = EDGE_CURVE('',#6255,#6510,#6520,.T.);
#6520 = LINE('',#6521,#6522);
#6521 = CARTESIAN_POINT('',(-2.2,0.755,0.895));
#6522 = VECTOR('',#6523,1.);
#6523 = DIRECTION('',(7.085009279629E-15,-3.491483361109E-15,1.));
#6524 = PLANE('',#6525);
#6525 = AXIS2_PLACEMENT_3D('',#6526,#6527,#6528);
#6526 = CARTESIAN_POINT('',(2.2,0.755,0.895));
#6527 = DIRECTION('',(1.232047923279E-16,-1.,-3.491483361109E-15));
#6528 = DIRECTION('',(1.,1.232047923279E-16,-6.982966722219E-15));
#6529 = ADVANCED_FACE('',(#6530),#6548,.T.);
#6530 = FACE_BOUND('',#6531,.T.);
#6531 = EDGE_LOOP('',(#6532,#6533,#6541,#6547));
#6532 = ORIENTED_EDGE('',*,*,#6178,.F.);
#6533 = ORIENTED_EDGE('',*,*,#6534,.T.);
#6534 = EDGE_CURVE('',#6169,#6535,#6537,.T.);
#6535 = VERTEX_POINT('',#6536);
#6536 = CARTESIAN_POINT('',(-0.6,2.085,2.645));
#6537 = LINE('',#6538,#6539);
#6538 = CARTESIAN_POINT('',(-0.6,2.085,2.645));
#6539 = VECTOR('',#6540,1.);
#6540 = DIRECTION('',(6.963778812478E-15,7.408159078957E-02,
    0.997252183706));
#6541 = ORIENTED_EDGE('',*,*,#6542,.T.);
#6542 = EDGE_CURVE('',#6535,#6457,#6543,.T.);
#6543 = LINE('',#6544,#6545);
#6544 = CARTESIAN_POINT('',(-0.6,2.435,2.645));
#6545 = VECTOR('',#6546,1.);
#6546 = DIRECTION('',(2.438091212181E-29,1.,3.491483361109E-15));
#6547 = ORIENTED_EDGE('',*,*,#6456,.T.);
#6548 = PLANE('',#6549);
#6549 = AXIS2_PLACEMENT_3D('',#6550,#6551,#6552);
#6550 = CARTESIAN_POINT('',(-0.6,0.445,0.195));
#6551 = DIRECTION('',(-1.,0.,6.982966722219E-15));
#6552 = DIRECTION('',(-2.438091212181E-29,-1.,-3.491483361109E-15));
#6553 = ADVANCED_FACE('',(#6554),#6579,.T.);
#6554 = FACE_BOUND('',#6555,.T.);
#6555 = EDGE_LOOP('',(#6556,#6557,#6565,#6573));
#6556 = ORIENTED_EDGE('',*,*,#6212,.F.);
#6557 = ORIENTED_EDGE('',*,*,#6558,.T.);
#6558 = EDGE_CURVE('',#6203,#6559,#6561,.T.);
#6559 = VERTEX_POINT('',#6560);
#6560 = CARTESIAN_POINT('',(-1.6,2.085,2.645));
#6561 = LINE('',#6562,#6563);
#6562 = CARTESIAN_POINT('',(-1.6,2.085,2.645));
#6563 = VECTOR('',#6564,1.);
#6564 = DIRECTION('',(6.963778812478E-15,7.408159078957E-02,
    0.997252183706));
#6565 = ORIENTED_EDGE('',*,*,#6566,.T.);
#6566 = EDGE_CURVE('',#6559,#6567,#6569,.T.);
#6567 = VERTEX_POINT('',#6568);
#6568 = CARTESIAN_POINT('',(-1.6,2.435,2.645));
#6569 = LINE('',#6570,#6571);
#6570 = CARTESIAN_POINT('',(-1.6,2.435,2.645));
#6571 = VECTOR('',#6572,1.);
#6572 = DIRECTION('',(2.438091212181E-29,1.,3.491483361109E-15));
#6573 = ORIENTED_EDGE('',*,*,#6574,.T.);
#6574 = EDGE_CURVE('',#6567,#6213,#6575,.T.);
#6575 = LINE('',#6576,#6577);
#6576 = CARTESIAN_POINT('',(-1.6,2.435,2.645));
#6577 = VECTOR('',#6578,1.);
#6578 = DIRECTION('',(-6.982966722219E-15,3.668495960699E-15,-1.));
#6579 = PLANE('',#6580);
#6580 = AXIS2_PLACEMENT_3D('',#6581,#6582,#6583);
#6581 = CARTESIAN_POINT('',(-1.6,0.445,0.195));
#6582 = DIRECTION('',(-1.,0.,6.982966722219E-15));
#6583 = DIRECTION('',(-2.438091212181E-29,-1.,-3.491483361109E-15));
#6584 = ADVANCED_FACE('',(#6585),#6610,.F.);
#6585 = FACE_BOUND('',#6586,.T.);
#6586 = EDGE_LOOP('',(#6587,#6595,#6596,#6604));
#6587 = ORIENTED_EDGE('',*,*,#6588,.T.);
#6588 = EDGE_CURVE('',#6589,#6153,#6591,.T.);
#6589 = VERTEX_POINT('',#6590);
#6590 = CARTESIAN_POINT('',(0.6,2.435,2.645));
#6591 = LINE('',#6592,#6593);
#6592 = CARTESIAN_POINT('',(0.6,2.435,2.645));
#6593 = VECTOR('',#6594,1.);
#6594 = DIRECTION('',(-6.982966722219E-15,3.668495960699E-15,-1.));
#6595 = ORIENTED_EDGE('',*,*,#6152,.T.);
#6596 = ORIENTED_EDGE('',*,*,#6597,.F.);
#6597 = EDGE_CURVE('',#6598,#6145,#6600,.T.);
#6598 = VERTEX_POINT('',#6599);
#6599 = CARTESIAN_POINT('',(0.4,2.435,2.645));
#6600 = LINE('',#6601,#6602);
#6601 = CARTESIAN_POINT('',(0.4,2.435,2.645));
#6602 = VECTOR('',#6603,1.);
#6603 = DIRECTION('',(-6.982966722219E-15,3.668495960699E-15,-1.));
#6604 = ORIENTED_EDGE('',*,*,#6605,.T.);
#6605 = EDGE_CURVE('',#6598,#6589,#6606,.T.);
#6606 = LINE('',#6607,#6608);
#6607 = CARTESIAN_POINT('',(0.4,2.435,2.645));
#6608 = VECTOR('',#6609,1.);
#6609 = DIRECTION('',(1.,0.,-6.982966722219E-15));
#6610 = PLANE('',#6611);
#6611 = AXIS2_PLACEMENT_3D('',#6612,#6613,#6614);
#6612 = CARTESIAN_POINT('',(0.4,2.435,2.645));
#6613 = DIRECTION('',(-2.561698521415E-29,-1.,-3.668495960699E-15));
#6614 = DIRECTION('',(6.982966722219E-15,-3.668495960699E-15,1.));
#6615 = ADVANCED_FACE('',(#6616),#6634,.F.);
#6616 = FACE_BOUND('',#6617,.T.);
#6617 = EDGE_LOOP('',(#6618,#6626,#6627,#6628));
#6618 = ORIENTED_EDGE('',*,*,#6619,.F.);
#6619 = EDGE_CURVE('',#6171,#6620,#6622,.T.);
#6620 = VERTEX_POINT('',#6621);
#6621 = CARTESIAN_POINT('',(-0.4,2.085,2.645));
#6622 = LINE('',#6623,#6624);
#6623 = CARTESIAN_POINT('',(-0.4,2.085,2.645));
#6624 = VECTOR('',#6625,1.);
#6625 = DIRECTION('',(6.963778812478E-15,7.408159078957E-02,
    0.997252183706));
#6626 = ORIENTED_EDGE('',*,*,#6194,.T.);
#6627 = ORIENTED_EDGE('',*,*,#6447,.F.);
#6628 = ORIENTED_EDGE('',*,*,#6629,.F.);
#6629 = EDGE_CURVE('',#6620,#6448,#6630,.T.);
#6630 = LINE('',#6631,#6632);
#6631 = CARTESIAN_POINT('',(-0.4,2.435,2.645));
#6632 = VECTOR('',#6633,1.);
#6633 = DIRECTION('',(2.438091212181E-29,1.,3.491483361109E-15));
#6634 = PLANE('',#6635);
#6635 = AXIS2_PLACEMENT_3D('',#6636,#6637,#6638);
#6636 = CARTESIAN_POINT('',(-0.4,0.445,0.195));
#6637 = DIRECTION('',(-1.,0.,6.982966722219E-15));
#6638 = DIRECTION('',(-2.438091212181E-29,-1.,-3.491483361109E-15));
#6639 = ADVANCED_FACE('',(#6640),#6651,.T.);
#6640 = FACE_BOUND('',#6641,.T.);
#6641 = EDGE_LOOP('',(#6642,#6643,#6644,#6650));
#6642 = ORIENTED_EDGE('',*,*,#6144,.F.);
#6643 = ORIENTED_EDGE('',*,*,#6494,.T.);
#6644 = ORIENTED_EDGE('',*,*,#6645,.T.);
#6645 = EDGE_CURVE('',#6487,#6598,#6646,.T.);
#6646 = LINE('',#6647,#6648);
#6647 = CARTESIAN_POINT('',(0.4,2.435,2.645));
#6648 = VECTOR('',#6649,1.);
#6649 = DIRECTION('',(2.438091212181E-29,1.,3.491483361109E-15));
#6650 = ORIENTED_EDGE('',*,*,#6597,.T.);
#6651 = PLANE('',#6652);
#6652 = AXIS2_PLACEMENT_3D('',#6653,#6654,#6655);
#6653 = CARTESIAN_POINT('',(0.4,0.445,0.195));
#6654 = DIRECTION('',(-1.,0.,6.982966722219E-15));
#6655 = DIRECTION('',(-2.438091212181E-29,-1.,-3.491483361109E-15));
#6656 = ADVANCED_FACE('',(#6657),#6700,.F.);
#6657 = FACE_BOUND('',#6658,.T.);
#6658 = EDGE_LOOP('',(#6659,#6667,#6675,#6683,#6691,#6697,#6698,#6699));
#6659 = ORIENTED_EDGE('',*,*,#6660,.T.);
#6660 = EDGE_CURVE('',#6332,#6661,#6663,.T.);
#6661 = VERTEX_POINT('',#6662);
#6662 = CARTESIAN_POINT('',(-2.2,2.355,3.895));
#6663 = LINE('',#6664,#6665);
#6664 = CARTESIAN_POINT('',(-2.2,2.855,3.895));
#6665 = VECTOR('',#6666,1.);
#6666 = DIRECTION('',(2.06514699521E-16,-1.,-3.491483361109E-15));
#6667 = ORIENTED_EDGE('',*,*,#6668,.F.);
#6668 = EDGE_CURVE('',#6669,#6661,#6671,.T.);
#6669 = VERTEX_POINT('',#6670);
#6670 = CARTESIAN_POINT('',(-2.2,2.355,1.495));
#6671 = LINE('',#6672,#6673);
#6672 = CARTESIAN_POINT('',(-2.2,2.355,1.495));
#6673 = VECTOR('',#6674,1.);
#6674 = DIRECTION('',(7.085009279629E-15,-3.491483361109E-15,1.));
#6675 = ORIENTED_EDGE('',*,*,#6676,.F.);
#6676 = EDGE_CURVE('',#6677,#6669,#6679,.T.);
#6677 = VERTEX_POINT('',#6678);
#6678 = CARTESIAN_POINT('',(-2.2,1.755,1.495));
#6679 = LINE('',#6680,#6681);
#6680 = CARTESIAN_POINT('',(-2.2,2.355,1.495));
#6681 = VECTOR('',#6682,1.);
#6682 = DIRECTION('',(-1.445602896647E-15,1.,3.491483361109E-15));
#6683 = ORIENTED_EDGE('',*,*,#6684,.T.);
#6684 = EDGE_CURVE('',#6677,#6685,#6687,.T.);
#6685 = VERTEX_POINT('',#6686);
#6686 = CARTESIAN_POINT('',(-2.2,1.755,3.895));
#6687 = LINE('',#6688,#6689);
#6688 = CARTESIAN_POINT('',(-2.2,1.755,1.495));
#6689 = VECTOR('',#6690,1.);
#6690 = DIRECTION('',(7.085009279629E-15,-3.491483361109E-15,1.));
#6691 = ORIENTED_EDGE('',*,*,#6692,.T.);
#6692 = EDGE_CURVE('',#6685,#6510,#6693,.T.);
#6693 = LINE('',#6694,#6695);
#6694 = CARTESIAN_POINT('',(-2.2,2.855,3.895));
#6695 = VECTOR('',#6696,1.);
#6696 = DIRECTION('',(2.06514699521E-16,-1.,-3.491483361109E-15));
#6697 = ORIENTED_EDGE('',*,*,#6519,.F.);
#6698 = ORIENTED_EDGE('',*,*,#6254,.F.);
#6699 = ORIENTED_EDGE('',*,*,#6339,.T.);
#6700 = PLANE('',#6701);
#6701 = AXIS2_PLACEMENT_3D('',#6702,#6703,#6704);
#6702 = CARTESIAN_POINT('',(-2.2,2.855,0.895));
#6703 = DIRECTION('',(-1.,-2.06514699521E-16,7.085009279629E-15));
#6704 = DIRECTION('',(2.06514699521E-16,-1.,-3.491483361109E-15));
#6705 = ADVANCED_FACE('',(#6706),#6717,.F.);
#6706 = FACE_BOUND('',#6707,.T.);
#6707 = EDGE_LOOP('',(#6708,#6709,#6710,#6711));
#6708 = ORIENTED_EDGE('',*,*,#6369,.T.);
#6709 = ORIENTED_EDGE('',*,*,#6220,.T.);
#6710 = ORIENTED_EDGE('',*,*,#6574,.F.);
#6711 = ORIENTED_EDGE('',*,*,#6712,.T.);
#6712 = EDGE_CURVE('',#6567,#6370,#6713,.T.);
#6713 = LINE('',#6714,#6715);
#6714 = CARTESIAN_POINT('',(-1.6,2.435,2.645));
#6715 = VECTOR('',#6716,1.);
#6716 = DIRECTION('',(1.,0.,-6.982966722219E-15));
#6717 = PLANE('',#6718);
#6718 = AXIS2_PLACEMENT_3D('',#6719,#6720,#6721);
#6719 = CARTESIAN_POINT('',(-1.6,2.435,2.645));
#6720 = DIRECTION('',(-2.561698521415E-29,-1.,-3.668495960699E-15));
#6721 = DIRECTION('',(6.982966722219E-15,-3.668495960699E-15,1.));
#6722 = ADVANCED_FACE('',(#6723),#6734,.F.);
#6723 = FACE_BOUND('',#6724,.T.);
#6724 = EDGE_LOOP('',(#6725,#6726,#6727,#6728));
#6725 = ORIENTED_EDGE('',*,*,#6478,.F.);
#6726 = ORIENTED_EDGE('',*,*,#6160,.T.);
#6727 = ORIENTED_EDGE('',*,*,#6588,.F.);
#6728 = ORIENTED_EDGE('',*,*,#6729,.F.);
#6729 = EDGE_CURVE('',#6479,#6589,#6730,.T.);
#6730 = LINE('',#6731,#6732);
#6731 = CARTESIAN_POINT('',(0.6,2.435,2.645));
#6732 = VECTOR('',#6733,1.);
#6733 = DIRECTION('',(2.438091212181E-29,1.,3.491483361109E-15));
#6734 = PLANE('',#6735);
#6735 = AXIS2_PLACEMENT_3D('',#6736,#6737,#6738);
#6736 = CARTESIAN_POINT('',(0.6,0.445,0.195));
#6737 = DIRECTION('',(-1.,0.,6.982966722219E-15));
#6738 = DIRECTION('',(-2.438091212181E-29,-1.,-3.491483361109E-15));
#6739 = ADVANCED_FACE('',(#6740),#6751,.F.);
#6740 = FACE_BOUND('',#6741,.T.);
#6741 = EDGE_LOOP('',(#6742,#6743,#6749,#6750));
#6742 = ORIENTED_EDGE('',*,*,#6360,.T.);
#6743 = ORIENTED_EDGE('',*,*,#6744,.F.);
#6744 = EDGE_CURVE('',#6559,#6361,#6745,.T.);
#6745 = LINE('',#6746,#6747);
#6746 = CARTESIAN_POINT('',(-1.6,2.085,2.645));
#6747 = VECTOR('',#6748,1.);
#6748 = DIRECTION('',(1.,0.,-6.982966722219E-15));
#6749 = ORIENTED_EDGE('',*,*,#6558,.F.);
#6750 = ORIENTED_EDGE('',*,*,#6202,.T.);
#6751 = PLANE('',#6752);
#6752 = AXIS2_PLACEMENT_3D('',#6753,#6754,#6755);
#6753 = CARTESIAN_POINT('',(-1.6,2.085,2.645));
#6754 = DIRECTION('',(-5.173092832126E-16,0.997252183706,
    -7.408159078957E-02));
#6755 = DIRECTION('',(-6.963778812478E-15,-7.408159078957E-02,
    -0.997252183706));
#6756 = ADVANCED_FACE('',(#6757),#6768,.F.);
#6757 = FACE_BOUND('',#6758,.T.);
#6758 = EDGE_LOOP('',(#6759,#6760,#6766,#6767));
#6759 = ORIENTED_EDGE('',*,*,#6619,.T.);
#6760 = ORIENTED_EDGE('',*,*,#6761,.F.);
#6761 = EDGE_CURVE('',#6535,#6620,#6762,.T.);
#6762 = LINE('',#6763,#6764);
#6763 = CARTESIAN_POINT('',(-0.6,2.085,2.645));
#6764 = VECTOR('',#6765,1.);
#6765 = DIRECTION('',(1.,0.,-6.982966722219E-15));
#6766 = ORIENTED_EDGE('',*,*,#6534,.F.);
#6767 = ORIENTED_EDGE('',*,*,#6168,.T.);
#6768 = PLANE('',#6769);
#6769 = AXIS2_PLACEMENT_3D('',#6770,#6771,#6772);
#6770 = CARTESIAN_POINT('',(-0.6,2.085,2.645));
#6771 = DIRECTION('',(-5.173092832126E-16,0.997252183706,
    -7.408159078957E-02));
#6772 = DIRECTION('',(-6.963778812478E-15,-7.408159078957E-02,
    -0.997252183706));
#6773 = ADVANCED_FACE('',(#6774,#6872),#6924,.F.);
#6774 = FACE_BOUND('',#6775,.T.);
#6775 = EDGE_LOOP('',(#6776,#6786,#6794,#6802,#6810,#6818,#6826,#6834,
    #6842,#6850,#6858,#6866));
#6776 = ORIENTED_EDGE('',*,*,#6777,.F.);
#6777 = EDGE_CURVE('',#6778,#6780,#6782,.T.);
#6778 = VERTEX_POINT('',#6779);
#6779 = CARTESIAN_POINT('',(-2.7,1.555,3.895));
#6780 = VERTEX_POINT('',#6781);
#6781 = CARTESIAN_POINT('',(-3.,1.555,3.895));
#6782 = LINE('',#6783,#6784);
#6783 = CARTESIAN_POINT('',(-2.5,1.555,3.895));
#6784 = VECTOR('',#6785,1.);
#6785 = DIRECTION('',(-1.,0.,6.982966722219E-15));
#6786 = ORIENTED_EDGE('',*,*,#6787,.T.);
#6787 = EDGE_CURVE('',#6778,#6788,#6790,.T.);
#6788 = VERTEX_POINT('',#6789);
#6789 = CARTESIAN_POINT('',(-2.7,0.305,3.895));
#6790 = LINE('',#6791,#6792);
#6791 = CARTESIAN_POINT('',(-2.7,1.555,3.895));
#6792 = VECTOR('',#6793,1.);
#6793 = DIRECTION('',(-2.438091212181E-29,-1.,-3.491483361109E-15));
#6794 = ORIENTED_EDGE('',*,*,#6795,.T.);
#6795 = EDGE_CURVE('',#6788,#6796,#6798,.T.);
#6796 = VERTEX_POINT('',#6797);
#6797 = CARTESIAN_POINT('',(-2.5,0.305,3.895));
#6798 = LINE('',#6799,#6800);
#6799 = CARTESIAN_POINT('',(-2.7,0.305,3.895));
#6800 = VECTOR('',#6801,1.);
#6801 = DIRECTION('',(1.,0.,-6.982966722219E-15));
#6802 = ORIENTED_EDGE('',*,*,#6803,.F.);
#6803 = EDGE_CURVE('',#6804,#6796,#6806,.T.);
#6804 = VERTEX_POINT('',#6805);
#6805 = CARTESIAN_POINT('',(-2.5,0.355,3.895));
#6806 = LINE('',#6807,#6808);
#6807 = CARTESIAN_POINT('',(-2.5,1.555,3.895));
#6808 = VECTOR('',#6809,1.);
#6809 = DIRECTION('',(-2.438091212181E-29,-1.,-3.491483361109E-15));
#6810 = ORIENTED_EDGE('',*,*,#6811,.T.);
#6811 = EDGE_CURVE('',#6804,#6812,#6814,.T.);
#6812 = VERTEX_POINT('',#6813);
#6813 = CARTESIAN_POINT('',(2.5,0.355,3.895));
#6814 = LINE('',#6815,#6816);
#6815 = CARTESIAN_POINT('',(-3.,0.355,3.895));
#6816 = VECTOR('',#6817,1.);
#6817 = DIRECTION('',(1.,5.047298460416E-31,-7.127527011883E-15));
#6818 = ORIENTED_EDGE('',*,*,#6819,.T.);
#6819 = EDGE_CURVE('',#6812,#6820,#6822,.T.);
#6820 = VERTEX_POINT('',#6821);
#6821 = CARTESIAN_POINT('',(2.5,0.305,3.895));
#6822 = LINE('',#6823,#6824);
#6823 = CARTESIAN_POINT('',(2.5,1.555,3.895));
#6824 = VECTOR('',#6825,1.);
#6825 = DIRECTION('',(-2.438091212181E-29,-1.,-3.491483361109E-15));
#6826 = ORIENTED_EDGE('',*,*,#6827,.F.);
#6827 = EDGE_CURVE('',#6828,#6820,#6830,.T.);
#6828 = VERTEX_POINT('',#6829);
#6829 = CARTESIAN_POINT('',(2.7,0.305,3.895));
#6830 = LINE('',#6831,#6832);
#6831 = CARTESIAN_POINT('',(2.7,0.305,3.895));
#6832 = VECTOR('',#6833,1.);
#6833 = DIRECTION('',(-1.,0.,6.982966722219E-15));
#6834 = ORIENTED_EDGE('',*,*,#6835,.F.);
#6835 = EDGE_CURVE('',#6836,#6828,#6838,.T.);
#6836 = VERTEX_POINT('',#6837);
#6837 = CARTESIAN_POINT('',(2.7,1.555,3.895));
#6838 = LINE('',#6839,#6840);
#6839 = CARTESIAN_POINT('',(2.7,1.555,3.895));
#6840 = VECTOR('',#6841,1.);
#6841 = DIRECTION('',(-2.438091212181E-29,-1.,-3.491483361109E-15));
#6842 = ORIENTED_EDGE('',*,*,#6843,.T.);
#6843 = EDGE_CURVE('',#6836,#6844,#6846,.T.);
#6844 = VERTEX_POINT('',#6845);
#6845 = CARTESIAN_POINT('',(3.,1.555,3.895));
#6846 = LINE('',#6847,#6848);
#6847 = CARTESIAN_POINT('',(2.5,1.555,3.895));
#6848 = VECTOR('',#6849,1.);
#6849 = DIRECTION('',(1.,0.,-6.982966722219E-15));
#6850 = ORIENTED_EDGE('',*,*,#6851,.F.);
#6851 = EDGE_CURVE('',#6852,#6844,#6854,.T.);
#6852 = VERTEX_POINT('',#6853);
#6853 = CARTESIAN_POINT('',(3.,3.255,3.895));
#6854 = LINE('',#6855,#6856);
#6855 = CARTESIAN_POINT('',(3.,3.255,3.895));
#6856 = VECTOR('',#6857,1.);
#6857 = DIRECTION('',(-2.438091212181E-29,-1.,-3.491483361109E-15));
#6858 = ORIENTED_EDGE('',*,*,#6859,.F.);
#6859 = EDGE_CURVE('',#6860,#6852,#6862,.T.);
#6860 = VERTEX_POINT('',#6861);
#6861 = CARTESIAN_POINT('',(-3.,3.255,3.895));
#6862 = LINE('',#6863,#6864);
#6863 = CARTESIAN_POINT('',(-3.,3.255,3.895));
#6864 = VECTOR('',#6865,1.);
#6865 = DIRECTION('',(1.,5.047298460416E-31,-7.127527011883E-15));
#6866 = ORIENTED_EDGE('',*,*,#6867,.T.);
#6867 = EDGE_CURVE('',#6860,#6780,#6868,.T.);
#6868 = LINE('',#6869,#6870);
#6869 = CARTESIAN_POINT('',(-3.,3.255,3.895));
#6870 = VECTOR('',#6871,1.);
#6871 = DIRECTION('',(-2.438091212181E-29,-1.,-3.491483361109E-15));
#6872 = FACE_BOUND('',#6873,.T.);
#6873 = EDGE_LOOP('',(#6874,#6884,#6890,#6891,#6892,#6893,#6901,#6909,
    #6915,#6916,#6917,#6918));
#6874 = ORIENTED_EDGE('',*,*,#6875,.F.);
#6875 = EDGE_CURVE('',#6876,#6878,#6880,.T.);
#6876 = VERTEX_POINT('',#6877);
#6877 = CARTESIAN_POINT('',(-2.55,2.355,3.895));
#6878 = VERTEX_POINT('',#6879);
#6879 = CARTESIAN_POINT('',(-2.55,1.755,3.895));
#6880 = LINE('',#6881,#6882);
#6881 = CARTESIAN_POINT('',(-2.55,2.355,3.895));
#6882 = VECTOR('',#6883,1.);
#6883 = DIRECTION('',(1.445602896647E-15,-1.,-3.491483361109E-15));
#6884 = ORIENTED_EDGE('',*,*,#6885,.F.);
#6885 = EDGE_CURVE('',#6661,#6876,#6886,.T.);
#6886 = LINE('',#6887,#6888);
#6887 = CARTESIAN_POINT('',(-2.2,2.355,3.895));
#6888 = VECTOR('',#6889,1.);
#6889 = DIRECTION('',(-1.,0.,6.982966722219E-15));
#6890 = ORIENTED_EDGE('',*,*,#6660,.F.);
#6891 = ORIENTED_EDGE('',*,*,#6329,.F.);
#6892 = ORIENTED_EDGE('',*,*,#6409,.F.);
#6893 = ORIENTED_EDGE('',*,*,#6894,.F.);
#6894 = EDGE_CURVE('',#6895,#6402,#6897,.T.);
#6895 = VERTEX_POINT('',#6896);
#6896 = CARTESIAN_POINT('',(2.55,2.355,3.895));
#6897 = LINE('',#6898,#6899);
#6898 = CARTESIAN_POINT('',(2.2,2.355,3.895));
#6899 = VECTOR('',#6900,1.);
#6900 = DIRECTION('',(-1.,0.,6.982966722219E-15));
#6901 = ORIENTED_EDGE('',*,*,#6902,.F.);
#6902 = EDGE_CURVE('',#6903,#6895,#6905,.T.);
#6903 = VERTEX_POINT('',#6904);
#6904 = CARTESIAN_POINT('',(2.55,1.755,3.895));
#6905 = LINE('',#6906,#6907);
#6906 = CARTESIAN_POINT('',(2.55,2.355,3.895));
#6907 = VECTOR('',#6908,1.);
#6908 = DIRECTION('',(2.438091212181E-29,1.,3.491483361109E-15));
#6909 = ORIENTED_EDGE('',*,*,#6910,.F.);
#6910 = EDGE_CURVE('',#6426,#6903,#6911,.T.);
#6911 = LINE('',#6912,#6913);
#6912 = CARTESIAN_POINT('',(2.2,1.755,3.895));
#6913 = VECTOR('',#6914,1.);
#6914 = DIRECTION('',(1.,0.,-6.982966722219E-15));
#6915 = ORIENTED_EDGE('',*,*,#6425,.F.);
#6916 = ORIENTED_EDGE('',*,*,#6509,.F.);
#6917 = ORIENTED_EDGE('',*,*,#6692,.F.);
#6918 = ORIENTED_EDGE('',*,*,#6919,.F.);
#6919 = EDGE_CURVE('',#6878,#6685,#6920,.T.);
#6920 = LINE('',#6921,#6922);
#6921 = CARTESIAN_POINT('',(-2.2,1.755,3.895));
#6922 = VECTOR('',#6923,1.);
#6923 = DIRECTION('',(1.,6.195440985631E-16,-6.982966722219E-15));
#6924 = PLANE('',#6925);
#6925 = AXIS2_PLACEMENT_3D('',#6926,#6927,#6928);
#6926 = CARTESIAN_POINT('',(-3.,3.255,3.895));
#6927 = DIRECTION('',(-7.127527011883E-15,3.491483361109E-15,-1.));
#6928 = DIRECTION('',(-1.,-5.047298460416E-31,7.127527011883E-15));
#6929 = ADVANCED_FACE('',(#6930),#6936,.F.);
#6930 = FACE_BOUND('',#6931,.T.);
#6931 = EDGE_LOOP('',(#6932,#6933,#6934,#6935));
#6932 = ORIENTED_EDGE('',*,*,#6377,.T.);
#6933 = ORIENTED_EDGE('',*,*,#6712,.F.);
#6934 = ORIENTED_EDGE('',*,*,#6566,.F.);
#6935 = ORIENTED_EDGE('',*,*,#6744,.T.);
#6936 = PLANE('',#6937);
#6937 = AXIS2_PLACEMENT_3D('',#6938,#6939,#6940);
#6938 = CARTESIAN_POINT('',(-1.6,2.435,2.645));
#6939 = DIRECTION('',(-6.982966722219E-15,3.491483361109E-15,-1.));
#6940 = DIRECTION('',(-2.438091212181E-29,-1.,-3.491483361109E-15));
#6941 = ADVANCED_FACE('',(#6942),#6967,.T.);
#6942 = FACE_BOUND('',#6943,.T.);
#6943 = EDGE_LOOP('',(#6944,#6945,#6953,#6961));
#6944 = ORIENTED_EDGE('',*,*,#6391,.T.);
#6945 = ORIENTED_EDGE('',*,*,#6946,.T.);
#6946 = EDGE_CURVE('',#6394,#6947,#6949,.T.);
#6947 = VERTEX_POINT('',#6948);
#6948 = CARTESIAN_POINT('',(2.55,1.755,1.495));
#6949 = LINE('',#6950,#6951);
#6950 = CARTESIAN_POINT('',(2.2,1.755,1.495));
#6951 = VECTOR('',#6952,1.);
#6952 = DIRECTION('',(1.,0.,-6.982966722219E-15));
#6953 = ORIENTED_EDGE('',*,*,#6954,.T.);
#6954 = EDGE_CURVE('',#6947,#6955,#6957,.T.);
#6955 = VERTEX_POINT('',#6956);
#6956 = CARTESIAN_POINT('',(2.55,2.355,1.495));
#6957 = LINE('',#6958,#6959);
#6958 = CARTESIAN_POINT('',(2.55,2.355,1.495));
#6959 = VECTOR('',#6960,1.);
#6960 = DIRECTION('',(2.438091212181E-29,1.,3.491483361109E-15));
#6961 = ORIENTED_EDGE('',*,*,#6962,.T.);
#6962 = EDGE_CURVE('',#6955,#6392,#6963,.T.);
#6963 = LINE('',#6964,#6965);
#6964 = CARTESIAN_POINT('',(2.2,2.355,1.495));
#6965 = VECTOR('',#6966,1.);
#6966 = DIRECTION('',(-1.,0.,6.982966722219E-15));
#6967 = PLANE('',#6968);
#6968 = AXIS2_PLACEMENT_3D('',#6969,#6970,#6971);
#6969 = CARTESIAN_POINT('',(2.2,1.755,1.495));
#6970 = DIRECTION('',(6.982966722219E-15,-3.491483361109E-15,1.));
#6971 = DIRECTION('',(2.438091212181E-29,1.,3.491483361109E-15));
#6972 = ADVANCED_FACE('',(#6973),#6984,.F.);
#6973 = FACE_BOUND('',#6974,.T.);
#6974 = EDGE_LOOP('',(#6975,#6976,#6982,#6983));
#6975 = ORIENTED_EDGE('',*,*,#6910,.T.);
#6976 = ORIENTED_EDGE('',*,*,#6977,.F.);
#6977 = EDGE_CURVE('',#6947,#6903,#6978,.T.);
#6978 = LINE('',#6979,#6980);
#6979 = CARTESIAN_POINT('',(2.55,1.755,1.495));
#6980 = VECTOR('',#6981,1.);
#6981 = DIRECTION('',(7.085009279629E-15,-3.491483361109E-15,1.));
#6982 = ORIENTED_EDGE('',*,*,#6946,.F.);
#6983 = ORIENTED_EDGE('',*,*,#6433,.T.);
#6984 = PLANE('',#6985);
#6985 = AXIS2_PLACEMENT_3D('',#6986,#6987,#6988);
#6986 = CARTESIAN_POINT('',(2.2,1.755,1.495));
#6987 = DIRECTION('',(-2.438091212181E-29,-1.,-3.491483361109E-15));
#6988 = DIRECTION('',(1.,0.,-6.982966722219E-15));
#6989 = ADVANCED_FACE('',(#6990),#7001,.F.);
#6990 = FACE_BOUND('',#6991,.T.);
#6991 = EDGE_LOOP('',(#6992,#6993,#6994,#6995));
#6992 = ORIENTED_EDGE('',*,*,#6894,.T.);
#6993 = ORIENTED_EDGE('',*,*,#6401,.F.);
#6994 = ORIENTED_EDGE('',*,*,#6962,.F.);
#6995 = ORIENTED_EDGE('',*,*,#6996,.T.);
#6996 = EDGE_CURVE('',#6955,#6895,#6997,.T.);
#6997 = LINE('',#6998,#6999);
#6998 = CARTESIAN_POINT('',(2.55,2.355,1.495));
#6999 = VECTOR('',#7000,1.);
#7000 = DIRECTION('',(7.085009279629E-15,-3.491483361109E-15,1.));
#7001 = PLANE('',#7002);
#7002 = AXIS2_PLACEMENT_3D('',#7003,#7004,#7005);
#7003 = CARTESIAN_POINT('',(2.2,2.355,1.495));
#7004 = DIRECTION('',(2.438091212181E-29,1.,3.491483361109E-15));
#7005 = DIRECTION('',(-1.,0.,6.982966722219E-15));
#7006 = ADVANCED_FACE('',(#7007),#7013,.F.);
#7007 = FACE_BOUND('',#7008,.T.);
#7008 = EDGE_LOOP('',(#7009,#7010,#7011,#7012));
#7009 = ORIENTED_EDGE('',*,*,#6629,.T.);
#7010 = ORIENTED_EDGE('',*,*,#6464,.F.);
#7011 = ORIENTED_EDGE('',*,*,#6542,.F.);
#7012 = ORIENTED_EDGE('',*,*,#6761,.T.);
#7013 = PLANE('',#7014);
#7014 = AXIS2_PLACEMENT_3D('',#7015,#7016,#7017);
#7015 = CARTESIAN_POINT('',(-0.6,2.435,2.645));
#7016 = DIRECTION('',(-6.982966722219E-15,3.491483361109E-15,-1.));
#7017 = DIRECTION('',(-2.438091212181E-29,-1.,-3.491483361109E-15));
#7018 = ADVANCED_FACE('',(#7019),#7025,.F.);
#7019 = FACE_BOUND('',#7020,.T.);
#7020 = EDGE_LOOP('',(#7021,#7022,#7023,#7024));
#7021 = ORIENTED_EDGE('',*,*,#6729,.T.);
#7022 = ORIENTED_EDGE('',*,*,#6605,.F.);
#7023 = ORIENTED_EDGE('',*,*,#6645,.F.);
#7024 = ORIENTED_EDGE('',*,*,#6486,.T.);
#7025 = PLANE('',#7026);
#7026 = AXIS2_PLACEMENT_3D('',#7027,#7028,#7029);
#7027 = CARTESIAN_POINT('',(0.4,2.435,2.645));
#7028 = DIRECTION('',(-6.982966722219E-15,3.491483361109E-15,-1.));
#7029 = DIRECTION('',(-2.438091212181E-29,-1.,-3.491483361109E-15));
#7030 = ADVANCED_FACE('',(#7031),#7056,.T.);
#7031 = FACE_BOUND('',#7032,.T.);
#7032 = EDGE_LOOP('',(#7033,#7041,#7049,#7055));
#7033 = ORIENTED_EDGE('',*,*,#7034,.T.);
#7034 = EDGE_CURVE('',#6669,#7035,#7037,.T.);
#7035 = VERTEX_POINT('',#7036);
#7036 = CARTESIAN_POINT('',(-2.55,2.355,1.495));
#7037 = LINE('',#7038,#7039);
#7038 = CARTESIAN_POINT('',(-2.2,2.355,1.495));
#7039 = VECTOR('',#7040,1.);
#7040 = DIRECTION('',(-1.,0.,6.982966722219E-15));
#7041 = ORIENTED_EDGE('',*,*,#7042,.T.);
#7042 = EDGE_CURVE('',#7035,#7043,#7045,.T.);
#7043 = VERTEX_POINT('',#7044);
#7044 = CARTESIAN_POINT('',(-2.55,1.755,1.495));
#7045 = LINE('',#7046,#7047);
#7046 = CARTESIAN_POINT('',(-2.55,2.355,1.495));
#7047 = VECTOR('',#7048,1.);
#7048 = DIRECTION('',(1.445602896647E-15,-1.,-3.491483361109E-15));
#7049 = ORIENTED_EDGE('',*,*,#7050,.T.);
#7050 = EDGE_CURVE('',#7043,#6677,#7051,.T.);
#7051 = LINE('',#7052,#7053);
#7052 = CARTESIAN_POINT('',(-2.2,1.755,1.495));
#7053 = VECTOR('',#7054,1.);
#7054 = DIRECTION('',(1.,6.195440985631E-16,-6.982966722219E-15));
#7055 = ORIENTED_EDGE('',*,*,#6676,.T.);
#7056 = PLANE('',#7057);
#7057 = AXIS2_PLACEMENT_3D('',#7058,#7059,#7060);
#7058 = CARTESIAN_POINT('',(-2.55,2.355,1.495));
#7059 = DIRECTION('',(6.982966722219E-15,-3.491483361109E-15,1.));
#7060 = DIRECTION('',(2.438091212181E-29,1.,3.491483361109E-15));
#7061 = ADVANCED_FACE('',(#7062),#7073,.F.);
#7062 = FACE_BOUND('',#7063,.T.);
#7063 = EDGE_LOOP('',(#7064,#7065,#7066,#7067));
#7064 = ORIENTED_EDGE('',*,*,#6919,.T.);
#7065 = ORIENTED_EDGE('',*,*,#6684,.F.);
#7066 = ORIENTED_EDGE('',*,*,#7050,.F.);
#7067 = ORIENTED_EDGE('',*,*,#7068,.T.);
#7068 = EDGE_CURVE('',#7043,#6878,#7069,.T.);
#7069 = LINE('',#7070,#7071);
#7070 = CARTESIAN_POINT('',(-2.55,1.755,1.495));
#7071 = VECTOR('',#7072,1.);
#7072 = DIRECTION('',(7.085009279629E-15,-3.491483361109E-15,1.));
#7073 = PLANE('',#7074);
#7074 = AXIS2_PLACEMENT_3D('',#7075,#7076,#7077);
#7075 = CARTESIAN_POINT('',(-2.2,1.755,1.495));
#7076 = DIRECTION('',(6.195440985631E-16,-1.,-3.491483361109E-15));
#7077 = DIRECTION('',(1.,6.195440985631E-16,-6.982966722219E-15));
#7078 = ADVANCED_FACE('',(#7079),#7090,.F.);
#7079 = FACE_BOUND('',#7080,.T.);
#7080 = EDGE_LOOP('',(#7081,#7082,#7088,#7089));
#7081 = ORIENTED_EDGE('',*,*,#6885,.T.);
#7082 = ORIENTED_EDGE('',*,*,#7083,.F.);
#7083 = EDGE_CURVE('',#7035,#6876,#7084,.T.);
#7084 = LINE('',#7085,#7086);
#7085 = CARTESIAN_POINT('',(-2.55,2.355,1.495));
#7086 = VECTOR('',#7087,1.);
#7087 = DIRECTION('',(7.085009279629E-15,-3.491483361109E-15,1.));
#7088 = ORIENTED_EDGE('',*,*,#7034,.F.);
#7089 = ORIENTED_EDGE('',*,*,#6668,.T.);
#7090 = PLANE('',#7091);
#7091 = AXIS2_PLACEMENT_3D('',#7092,#7093,#7094);
#7092 = CARTESIAN_POINT('',(-2.2,2.355,1.495));
#7093 = DIRECTION('',(2.438091212181E-29,1.,3.491483361109E-15));
#7094 = DIRECTION('',(-1.,0.,6.982966722219E-15));
#7095 = ADVANCED_FACE('',(#7096),#7121,.F.);
#7096 = FACE_BOUND('',#7097,.T.);
#7097 = EDGE_LOOP('',(#7098,#7106,#7114,#7120));
#7098 = ORIENTED_EDGE('',*,*,#7099,.T.);
#7099 = EDGE_CURVE('',#6820,#7100,#7102,.T.);
#7100 = VERTEX_POINT('',#7101);
#7101 = CARTESIAN_POINT('',(2.5,0.305,2.395));
#7102 = LINE('',#7103,#7104);
#7103 = CARTESIAN_POINT('',(2.5,0.305,3.895));
#7104 = VECTOR('',#7105,1.);
#7105 = DIRECTION('',(-6.982966722219E-15,3.613456105514E-15,-1.));
#7106 = ORIENTED_EDGE('',*,*,#7107,.F.);
#7107 = EDGE_CURVE('',#7108,#7100,#7110,.T.);
#7108 = VERTEX_POINT('',#7109);
#7109 = CARTESIAN_POINT('',(2.7,0.305,2.395));
#7110 = LINE('',#7111,#7112);
#7111 = CARTESIAN_POINT('',(2.7,0.305,2.395));
#7112 = VECTOR('',#7113,1.);
#7113 = DIRECTION('',(-1.,0.,6.982966722219E-15));
#7114 = ORIENTED_EDGE('',*,*,#7115,.F.);
#7115 = EDGE_CURVE('',#6828,#7108,#7116,.T.);
#7116 = LINE('',#7117,#7118);
#7117 = CARTESIAN_POINT('',(2.7,0.305,3.895));
#7118 = VECTOR('',#7119,1.);
#7119 = DIRECTION('',(-6.982966722219E-15,3.613456105514E-15,-1.));
#7120 = ORIENTED_EDGE('',*,*,#6827,.T.);
#7121 = PLANE('',#7122);
#7122 = AXIS2_PLACEMENT_3D('',#7123,#7124,#7125);
#7123 = CARTESIAN_POINT('',(2.7,0.305,3.895));
#7124 = DIRECTION('',(2.5232643737E-29,1.,3.613456105514E-15));
#7125 = DIRECTION('',(-6.982966722219E-15,3.613456105514E-15,-1.));
#7126 = ADVANCED_FACE('',(#7127),#7133,.F.);
#7127 = FACE_BOUND('',#7128,.T.);
#7128 = EDGE_LOOP('',(#7129,#7130,#7131,#7132));
#7129 = ORIENTED_EDGE('',*,*,#6875,.T.);
#7130 = ORIENTED_EDGE('',*,*,#7068,.F.);
#7131 = ORIENTED_EDGE('',*,*,#7042,.F.);
#7132 = ORIENTED_EDGE('',*,*,#7083,.T.);
#7133 = PLANE('',#7134);
#7134 = AXIS2_PLACEMENT_3D('',#7135,#7136,#7137);
#7135 = CARTESIAN_POINT('',(-2.55,2.355,1.495));
#7136 = DIRECTION('',(-1.,-1.445602896647E-15,7.085009279629E-15));
#7137 = DIRECTION('',(1.445602896647E-15,-1.,-3.491483361109E-15));
#7138 = ADVANCED_FACE('',(#7139),#7164,.F.);
#7139 = FACE_BOUND('',#7140,.T.);
#7140 = EDGE_LOOP('',(#7141,#7149,#7150,#7158));
#7141 = ORIENTED_EDGE('',*,*,#7142,.F.);
#7142 = EDGE_CURVE('',#6804,#7143,#7145,.T.);
#7143 = VERTEX_POINT('',#7144);
#7144 = CARTESIAN_POINT('',(-2.5,0.355,2.395));
#7145 = LINE('',#7146,#7147);
#7146 = CARTESIAN_POINT('',(-2.5,0.355,2.395));
#7147 = VECTOR('',#7148,1.);
#7148 = DIRECTION('',(-6.982966722219E-15,3.491483361109E-15,-1.));
#7149 = ORIENTED_EDGE('',*,*,#6803,.T.);
#7150 = ORIENTED_EDGE('',*,*,#7151,.T.);
#7151 = EDGE_CURVE('',#6796,#7152,#7154,.T.);
#7152 = VERTEX_POINT('',#7153);
#7153 = CARTESIAN_POINT('',(-2.5,0.305,2.395));
#7154 = LINE('',#7155,#7156);
#7155 = CARTESIAN_POINT('',(-2.5,0.305,3.895));
#7156 = VECTOR('',#7157,1.);
#7157 = DIRECTION('',(-6.982966722219E-15,3.613456105514E-15,-1.));
#7158 = ORIENTED_EDGE('',*,*,#7159,.T.);
#7159 = EDGE_CURVE('',#7152,#7143,#7160,.T.);
#7160 = LINE('',#7161,#7162);
#7161 = CARTESIAN_POINT('',(-2.5,0.305,2.395));
#7162 = VECTOR('',#7163,1.);
#7163 = DIRECTION('',(2.438091212181E-29,1.,3.491483361109E-15));
#7164 = PLANE('',#7165);
#7165 = AXIS2_PLACEMENT_3D('',#7166,#7167,#7168);
#7166 = CARTESIAN_POINT('',(-2.5,0.905,2.395));
#7167 = DIRECTION('',(-1.,0.,6.982966722219E-15));
#7168 = DIRECTION('',(2.438091212181E-29,1.,3.491483361109E-15));
#7169 = ADVANCED_FACE('',(#7170),#7259,.F.);
#7170 = FACE_BOUND('',#7171,.T.);
#7171 = EDGE_LOOP('',(#7172,#7182,#7190,#7198,#7206,#7214,#7222,#7228,
    #7229,#7237,#7245,#7253));
#7172 = ORIENTED_EDGE('',*,*,#7173,.T.);
#7173 = EDGE_CURVE('',#7174,#7176,#7178,.T.);
#7174 = VERTEX_POINT('',#7175);
#7175 = CARTESIAN_POINT('',(-3.,1.755,0.195));
#7176 = VERTEX_POINT('',#7177);
#7177 = CARTESIAN_POINT('',(-3.,1.755,-0.355));
#7178 = LINE('',#7179,#7180);
#7179 = CARTESIAN_POINT('',(-3.,1.755,0.195));
#7180 = VECTOR('',#7181,1.);
#7181 = DIRECTION('',(-6.982966722219E-15,3.491483361109E-15,-1.));
#7182 = ORIENTED_EDGE('',*,*,#7183,.T.);
#7183 = EDGE_CURVE('',#7176,#7184,#7186,.T.);
#7184 = VERTEX_POINT('',#7185);
#7185 = CARTESIAN_POINT('',(-3.,0.355,-0.355));
#7186 = LINE('',#7187,#7188);
#7187 = CARTESIAN_POINT('',(-3.,3.255,-0.355));
#7188 = VECTOR('',#7189,1.);
#7189 = DIRECTION('',(-2.438091212181E-29,-1.,-3.491483361109E-15));
#7190 = ORIENTED_EDGE('',*,*,#7191,.T.);
#7191 = EDGE_CURVE('',#7184,#7192,#7194,.T.);
#7192 = VERTEX_POINT('',#7193);
#7193 = CARTESIAN_POINT('',(-3.,0.355,2.395));
#7194 = LINE('',#7195,#7196);
#7195 = CARTESIAN_POINT('',(-3.,0.355,-0.355));
#7196 = VECTOR('',#7197,1.);
#7197 = DIRECTION('',(6.982966722219E-15,-3.491483361109E-15,1.));
#7198 = ORIENTED_EDGE('',*,*,#7199,.T.);
#7199 = EDGE_CURVE('',#7192,#7200,#7202,.T.);
#7200 = VERTEX_POINT('',#7201);
#7201 = CARTESIAN_POINT('',(-3.,0.905,2.395));
#7202 = LINE('',#7203,#7204);
#7203 = CARTESIAN_POINT('',(-3.,0.905,2.395));
#7204 = VECTOR('',#7205,1.);
#7205 = DIRECTION('',(2.438091212181E-29,1.,3.491483361109E-15));
#7206 = ORIENTED_EDGE('',*,*,#7207,.T.);
#7207 = EDGE_CURVE('',#7200,#7208,#7210,.T.);
#7208 = VERTEX_POINT('',#7209);
#7209 = CARTESIAN_POINT('',(-3.,0.905,3.395));
#7210 = LINE('',#7211,#7212);
#7211 = CARTESIAN_POINT('',(-3.,0.905,3.395));
#7212 = VECTOR('',#7213,1.);
#7213 = DIRECTION('',(6.982966722219E-15,-3.599903578358E-15,1.));
#7214 = ORIENTED_EDGE('',*,*,#7215,.T.);
#7215 = EDGE_CURVE('',#7208,#7216,#7218,.T.);
#7216 = VERTEX_POINT('',#7217);
#7217 = CARTESIAN_POINT('',(-3.,1.555,3.395));
#7218 = LINE('',#7219,#7220);
#7219 = CARTESIAN_POINT('',(-3.,1.555,3.395));
#7220 = VECTOR('',#7221,1.);
#7221 = DIRECTION('',(2.438091212181E-29,1.,3.491483361109E-15));
#7222 = ORIENTED_EDGE('',*,*,#7223,.T.);
#7223 = EDGE_CURVE('',#7216,#6780,#7224,.T.);
#7224 = LINE('',#7225,#7226);
#7225 = CARTESIAN_POINT('',(-3.,1.555,3.895));
#7226 = VECTOR('',#7227,1.);
#7227 = DIRECTION('',(6.982966722219E-15,-3.057802492115E-15,1.));
#7228 = ORIENTED_EDGE('',*,*,#6867,.F.);
#7229 = ORIENTED_EDGE('',*,*,#7230,.F.);
#7230 = EDGE_CURVE('',#7231,#6860,#7233,.T.);
#7231 = VERTEX_POINT('',#7232);
#7232 = CARTESIAN_POINT('',(-3.,3.255,1.133675134595));
#7233 = LINE('',#7234,#7235);
#7234 = CARTESIAN_POINT('',(-3.,3.255,-0.355));
#7235 = VECTOR('',#7236,1.);
#7236 = DIRECTION('',(6.982966722219E-15,-3.491483361109E-15,1.));
#7237 = ORIENTED_EDGE('',*,*,#7238,.T.);
#7238 = EDGE_CURVE('',#7231,#7239,#7241,.T.);
#7239 = VERTEX_POINT('',#7240);
#7240 = CARTESIAN_POINT('',(-3.,2.755,0.845));
#7241 = LINE('',#7242,#7243);
#7242 = CARTESIAN_POINT('',(-3.,2.755,0.845));
#7243 = VECTOR('',#7244,1.);
#7244 = DIRECTION('',(-3.491483361109E-15,-0.866025403784,-0.5));
#7245 = ORIENTED_EDGE('',*,*,#7246,.T.);
#7246 = EDGE_CURVE('',#7239,#7247,#7249,.T.);
#7247 = VERTEX_POINT('',#7248);
#7248 = CARTESIAN_POINT('',(-3.,2.755,0.195));
#7249 = LINE('',#7250,#7251);
#7250 = CARTESIAN_POINT('',(-3.,2.755,0.195));
#7251 = VECTOR('',#7252,1.);
#7252 = DIRECTION('',(-6.982966722219E-15,3.491483361109E-15,-1.));
#7253 = ORIENTED_EDGE('',*,*,#7254,.T.);
#7254 = EDGE_CURVE('',#7247,#7174,#7255,.T.);
#7255 = LINE('',#7256,#7257);
#7256 = CARTESIAN_POINT('',(-3.,2.755,0.195));
#7257 = VECTOR('',#7258,1.);
#7258 = DIRECTION('',(-2.513800689087E-29,-1.,-3.599903578358E-15));
#7259 = PLANE('',#7260);
#7260 = AXIS2_PLACEMENT_3D('',#7261,#7262,#7263);
#7261 = CARTESIAN_POINT('',(-3.,3.255,-0.355));
#7262 = DIRECTION('',(1.,0.,-6.982966722219E-15));
#7263 = DIRECTION('',(2.438091212181E-29,1.,3.491483361109E-15));
#7264 = ADVANCED_FACE('',(#7265),#7450,.T.);
#7265 = FACE_BOUND('',#7266,.T.);
#7266 = EDGE_LOOP('',(#7267,#7277,#7285,#7293,#7301,#7309,#7317,#7325,
    #7331,#7332,#7333,#7341,#7347,#7348,#7356,#7364,#7372,#7380,#7388,
    #7396,#7404,#7412,#7420,#7428,#7436,#7444));
#7267 = ORIENTED_EDGE('',*,*,#7268,.F.);
#7268 = EDGE_CURVE('',#7269,#7271,#7273,.T.);
#7269 = VERTEX_POINT('',#7270);
#7270 = CARTESIAN_POINT('',(1.4,0.355,-0.255));
#7271 = VERTEX_POINT('',#7272);
#7272 = CARTESIAN_POINT('',(1.4,0.355,-0.355));
#7273 = LINE('',#7274,#7275);
#7274 = CARTESIAN_POINT('',(1.4,0.355,-0.355));
#7275 = VECTOR('',#7276,1.);
#7276 = DIRECTION('',(-6.982966722219E-15,3.491483361109E-15,-1.));
#7277 = ORIENTED_EDGE('',*,*,#7278,.T.);
#7278 = EDGE_CURVE('',#7269,#7279,#7281,.T.);
#7279 = VERTEX_POINT('',#7280);
#7280 = CARTESIAN_POINT('',(1.6,0.355,-0.255));
#7281 = LINE('',#7282,#7283);
#7282 = CARTESIAN_POINT('',(-3.,0.355,-0.255));
#7283 = VECTOR('',#7284,1.);
#7284 = DIRECTION('',(1.,0.,-6.982966722219E-15));
#7285 = ORIENTED_EDGE('',*,*,#7286,.T.);
#7286 = EDGE_CURVE('',#7279,#7287,#7289,.T.);
#7287 = VERTEX_POINT('',#7288);
#7288 = CARTESIAN_POINT('',(1.6,0.355,-0.355));
#7289 = LINE('',#7290,#7291);
#7290 = CARTESIAN_POINT('',(1.6,0.355,-0.355));
#7291 = VECTOR('',#7292,1.);
#7292 = DIRECTION('',(-6.982966722219E-15,3.491483361109E-15,-1.));
#7293 = ORIENTED_EDGE('',*,*,#7294,.F.);
#7294 = EDGE_CURVE('',#7295,#7287,#7297,.T.);
#7295 = VERTEX_POINT('',#7296);
#7296 = CARTESIAN_POINT('',(3.,0.355,-0.355));
#7297 = LINE('',#7298,#7299);
#7298 = CARTESIAN_POINT('',(3.,0.355,-0.355));
#7299 = VECTOR('',#7300,1.);
#7300 = DIRECTION('',(-1.,-4.27569270828E-31,7.105427357601E-15));
#7301 = ORIENTED_EDGE('',*,*,#7302,.F.);
#7302 = EDGE_CURVE('',#7303,#7295,#7305,.T.);
#7303 = VERTEX_POINT('',#7304);
#7304 = CARTESIAN_POINT('',(3.,0.355,2.395));
#7305 = LINE('',#7306,#7307);
#7306 = CARTESIAN_POINT('',(3.,0.355,-0.355));
#7307 = VECTOR('',#7308,1.);
#7308 = DIRECTION('',(-7.18705183704E-15,3.491483361109E-15,-1.));
#7309 = ORIENTED_EDGE('',*,*,#7310,.F.);
#7310 = EDGE_CURVE('',#7311,#7303,#7313,.T.);
#7311 = VERTEX_POINT('',#7312);
#7312 = CARTESIAN_POINT('',(2.7,0.355,2.395));
#7313 = LINE('',#7314,#7315);
#7314 = CARTESIAN_POINT('',(2.5,0.355,2.395));
#7315 = VECTOR('',#7316,1.);
#7316 = DIRECTION('',(1.,0.,-6.982966722219E-15));
#7317 = ORIENTED_EDGE('',*,*,#7318,.F.);
#7318 = EDGE_CURVE('',#7319,#7311,#7321,.T.);
#7319 = VERTEX_POINT('',#7320);
#7320 = CARTESIAN_POINT('',(2.5,0.355,2.395));
#7321 = LINE('',#7322,#7323);
#7322 = CARTESIAN_POINT('',(2.5,0.355,2.395));
#7323 = VECTOR('',#7324,1.);
#7324 = DIRECTION('',(1.,0.,-6.982966722219E-15));
#7325 = ORIENTED_EDGE('',*,*,#7326,.F.);
#7326 = EDGE_CURVE('',#6812,#7319,#7327,.T.);
#7327 = LINE('',#7328,#7329);
#7328 = CARTESIAN_POINT('',(2.5,0.355,2.395));
#7329 = VECTOR('',#7330,1.);
#7330 = DIRECTION('',(-6.982966722219E-15,3.491483361109E-15,-1.));
#7331 = ORIENTED_EDGE('',*,*,#6811,.F.);
#7332 = ORIENTED_EDGE('',*,*,#7142,.T.);
#7333 = ORIENTED_EDGE('',*,*,#7334,.T.);
#7334 = EDGE_CURVE('',#7143,#7335,#7337,.T.);
#7335 = VERTEX_POINT('',#7336);
#7336 = CARTESIAN_POINT('',(-2.7,0.355,2.395));
#7337 = LINE('',#7338,#7339);
#7338 = CARTESIAN_POINT('',(-2.5,0.355,2.395));
#7339 = VECTOR('',#7340,1.);
#7340 = DIRECTION('',(-1.,0.,6.982966722219E-15));
#7341 = ORIENTED_EDGE('',*,*,#7342,.T.);
#7342 = EDGE_CURVE('',#7335,#7192,#7343,.T.);
#7343 = LINE('',#7344,#7345);
#7344 = CARTESIAN_POINT('',(-2.5,0.355,2.395));
#7345 = VECTOR('',#7346,1.);
#7346 = DIRECTION('',(-1.,0.,6.982966722219E-15));
#7347 = ORIENTED_EDGE('',*,*,#7191,.F.);
#7348 = ORIENTED_EDGE('',*,*,#7349,.F.);
#7349 = EDGE_CURVE('',#7350,#7184,#7352,.T.);
#7350 = VERTEX_POINT('',#7351);
#7351 = CARTESIAN_POINT('',(-1.6,0.355,-0.355));
#7352 = LINE('',#7353,#7354);
#7353 = CARTESIAN_POINT('',(3.,0.355,-0.355));
#7354 = VECTOR('',#7355,1.);
#7355 = DIRECTION('',(-1.,-4.27569270828E-31,7.105427357601E-15));
#7356 = ORIENTED_EDGE('',*,*,#7357,.F.);
#7357 = EDGE_CURVE('',#7358,#7350,#7360,.T.);
#7358 = VERTEX_POINT('',#7359);
#7359 = CARTESIAN_POINT('',(-1.6,0.355,-0.255));
#7360 = LINE('',#7361,#7362);
#7361 = CARTESIAN_POINT('',(-1.6,0.355,-0.355));
#7362 = VECTOR('',#7363,1.);
#7363 = DIRECTION('',(-6.982966722219E-15,3.491483361109E-15,-1.));
#7364 = ORIENTED_EDGE('',*,*,#7365,.T.);
#7365 = EDGE_CURVE('',#7358,#7366,#7368,.T.);
#7366 = VERTEX_POINT('',#7367);
#7367 = CARTESIAN_POINT('',(-1.4,0.355,-0.255));
#7368 = LINE('',#7369,#7370);
#7369 = CARTESIAN_POINT('',(-3.,0.355,-0.255));
#7370 = VECTOR('',#7371,1.);
#7371 = DIRECTION('',(1.,0.,-6.982966722219E-15));
#7372 = ORIENTED_EDGE('',*,*,#7373,.T.);
#7373 = EDGE_CURVE('',#7366,#7374,#7376,.T.);
#7374 = VERTEX_POINT('',#7375);
#7375 = CARTESIAN_POINT('',(-1.4,0.355,-0.355));
#7376 = LINE('',#7377,#7378);
#7377 = CARTESIAN_POINT('',(-1.4,0.355,-0.355));
#7378 = VECTOR('',#7379,1.);
#7379 = DIRECTION('',(-6.982966722219E-15,3.491483361109E-15,-1.));
#7380 = ORIENTED_EDGE('',*,*,#7381,.F.);
#7381 = EDGE_CURVE('',#7382,#7374,#7384,.T.);
#7382 = VERTEX_POINT('',#7383);
#7383 = CARTESIAN_POINT('',(-0.6,0.355,-0.355));
#7384 = LINE('',#7385,#7386);
#7385 = CARTESIAN_POINT('',(3.,0.355,-0.355));
#7386 = VECTOR('',#7387,1.);
#7387 = DIRECTION('',(-1.,-4.27569270828E-31,7.105427357601E-15));
#7388 = ORIENTED_EDGE('',*,*,#7389,.F.);
#7389 = EDGE_CURVE('',#7390,#7382,#7392,.T.);
#7390 = VERTEX_POINT('',#7391);
#7391 = CARTESIAN_POINT('',(-0.6,0.355,-0.255));
#7392 = LINE('',#7393,#7394);
#7393 = CARTESIAN_POINT('',(-0.6,0.355,-0.355));
#7394 = VECTOR('',#7395,1.);
#7395 = DIRECTION('',(-6.982966722219E-15,3.491483361109E-15,-1.));
#7396 = ORIENTED_EDGE('',*,*,#7397,.T.);
#7397 = EDGE_CURVE('',#7390,#7398,#7400,.T.);
#7398 = VERTEX_POINT('',#7399);
#7399 = CARTESIAN_POINT('',(-0.4,0.355,-0.255));
#7400 = LINE('',#7401,#7402);
#7401 = CARTESIAN_POINT('',(-3.,0.355,-0.255));
#7402 = VECTOR('',#7403,1.);
#7403 = DIRECTION('',(1.,0.,-6.982966722219E-15));
#7404 = ORIENTED_EDGE('',*,*,#7405,.T.);
#7405 = EDGE_CURVE('',#7398,#7406,#7408,.T.);
#7406 = VERTEX_POINT('',#7407);
#7407 = CARTESIAN_POINT('',(-0.4,0.355,-0.355));
#7408 = LINE('',#7409,#7410);
#7409 = CARTESIAN_POINT('',(-0.4,0.355,-0.355));
#7410 = VECTOR('',#7411,1.);
#7411 = DIRECTION('',(-6.982966722219E-15,3.491483361109E-15,-1.));
#7412 = ORIENTED_EDGE('',*,*,#7413,.F.);
#7413 = EDGE_CURVE('',#7414,#7406,#7416,.T.);
#7414 = VERTEX_POINT('',#7415);
#7415 = CARTESIAN_POINT('',(0.4,0.355,-0.355));
#7416 = LINE('',#7417,#7418);
#7417 = CARTESIAN_POINT('',(3.,0.355,-0.355));
#7418 = VECTOR('',#7419,1.);
#7419 = DIRECTION('',(-1.,-4.27569270828E-31,7.105427357601E-15));
#7420 = ORIENTED_EDGE('',*,*,#7421,.F.);
#7421 = EDGE_CURVE('',#7422,#7414,#7424,.T.);
#7422 = VERTEX_POINT('',#7423);
#7423 = CARTESIAN_POINT('',(0.4,0.355,-0.255));
#7424 = LINE('',#7425,#7426);
#7425 = CARTESIAN_POINT('',(0.4,0.355,-0.355));
#7426 = VECTOR('',#7427,1.);
#7427 = DIRECTION('',(-6.982966722219E-15,3.491483361109E-15,-1.));
#7428 = ORIENTED_EDGE('',*,*,#7429,.T.);
#7429 = EDGE_CURVE('',#7422,#7430,#7432,.T.);
#7430 = VERTEX_POINT('',#7431);
#7431 = CARTESIAN_POINT('',(0.6,0.355,-0.255));
#7432 = LINE('',#7433,#7434);
#7433 = CARTESIAN_POINT('',(-3.,0.355,-0.255));
#7434 = VECTOR('',#7435,1.);
#7435 = DIRECTION('',(1.,0.,-6.982966722219E-15));
#7436 = ORIENTED_EDGE('',*,*,#7437,.T.);
#7437 = EDGE_CURVE('',#7430,#7438,#7440,.T.);
#7438 = VERTEX_POINT('',#7439);
#7439 = CARTESIAN_POINT('',(0.6,0.355,-0.355));
#7440 = LINE('',#7441,#7442);
#7441 = CARTESIAN_POINT('',(0.6,0.355,-0.355));
#7442 = VECTOR('',#7443,1.);
#7443 = DIRECTION('',(-6.982966722219E-15,3.491483361109E-15,-1.));
#7444 = ORIENTED_EDGE('',*,*,#7445,.F.);
#7445 = EDGE_CURVE('',#7271,#7438,#7446,.T.);
#7446 = LINE('',#7447,#7448);
#7447 = CARTESIAN_POINT('',(3.,0.355,-0.355));
#7448 = VECTOR('',#7449,1.);
#7449 = DIRECTION('',(-1.,-4.27569270828E-31,7.105427357601E-15));
#7450 = PLANE('',#7451);
#7451 = AXIS2_PLACEMENT_3D('',#7452,#7453,#7454);
#7452 = CARTESIAN_POINT('',(-3.,0.355,-0.355));
#7453 = DIRECTION('',(-2.438091212181E-29,-1.,-3.491483361109E-15));
#7454 = DIRECTION('',(1.,0.,-6.982966722219E-15));
#7455 = ADVANCED_FACE('',(#7456),#7474,.T.);
#7456 = FACE_BOUND('',#7457,.T.);
#7457 = EDGE_LOOP('',(#7458,#7466,#7467,#7468));
#7458 = ORIENTED_EDGE('',*,*,#7459,.T.);
#7459 = EDGE_CURVE('',#7460,#6778,#7462,.T.);
#7460 = VERTEX_POINT('',#7461);
#7461 = CARTESIAN_POINT('',(-2.7,1.555,3.395));
#7462 = LINE('',#7463,#7464);
#7463 = CARTESIAN_POINT('',(-2.7,1.555,2.595));
#7464 = VECTOR('',#7465,1.);
#7465 = DIRECTION('',(6.982966722219E-15,-3.491483361109E-15,1.));
#7466 = ORIENTED_EDGE('',*,*,#6777,.T.);
#7467 = ORIENTED_EDGE('',*,*,#7223,.F.);
#7468 = ORIENTED_EDGE('',*,*,#7469,.F.);
#7469 = EDGE_CURVE('',#7460,#7216,#7470,.T.);
#7470 = LINE('',#7471,#7472);
#7471 = CARTESIAN_POINT('',(-2.5,1.555,3.395));
#7472 = VECTOR('',#7473,1.);
#7473 = DIRECTION('',(-1.,0.,6.982966722219E-15));
#7474 = PLANE('',#7475);
#7475 = AXIS2_PLACEMENT_3D('',#7476,#7477,#7478);
#7476 = CARTESIAN_POINT('',(-2.5,1.555,3.895));
#7477 = DIRECTION('',(-2.135253304556E-29,-1.,-3.057802492115E-15));
#7478 = DIRECTION('',(6.982966722219E-15,-3.057802492115E-15,1.));
#7479 = ADVANCED_FACE('',(#7480),#7520,.T.);
#7480 = FACE_BOUND('',#7481,.T.);
#7481 = EDGE_LOOP('',(#7482,#7492,#7498,#7499,#7500,#7506,#7514));
#7482 = ORIENTED_EDGE('',*,*,#7483,.T.);
#7483 = EDGE_CURVE('',#7484,#7486,#7488,.T.);
#7484 = VERTEX_POINT('',#7485);
#7485 = CARTESIAN_POINT('',(2.7,0.905,3.395));
#7486 = VERTEX_POINT('',#7487);
#7487 = CARTESIAN_POINT('',(2.7,1.555,3.395));
#7488 = LINE('',#7489,#7490);
#7489 = CARTESIAN_POINT('',(2.7,0.905,3.395));
#7490 = VECTOR('',#7491,1.);
#7491 = DIRECTION('',(2.438091212181E-29,1.,3.491483361109E-15));
#7492 = ORIENTED_EDGE('',*,*,#7493,.T.);
#7493 = EDGE_CURVE('',#7486,#6836,#7494,.T.);
#7494 = LINE('',#7495,#7496);
#7495 = CARTESIAN_POINT('',(2.7,1.555,2.595));
#7496 = VECTOR('',#7497,1.);
#7497 = DIRECTION('',(6.982966722219E-15,-3.491483361109E-15,1.));
#7498 = ORIENTED_EDGE('',*,*,#6835,.T.);
#7499 = ORIENTED_EDGE('',*,*,#7115,.T.);
#7500 = ORIENTED_EDGE('',*,*,#7501,.T.);
#7501 = EDGE_CURVE('',#7108,#7311,#7502,.T.);
#7502 = LINE('',#7503,#7504);
#7503 = CARTESIAN_POINT('',(2.7,0.305,2.395));
#7504 = VECTOR('',#7505,1.);
#7505 = DIRECTION('',(2.438091212181E-29,1.,3.491483361109E-15));
#7506 = ORIENTED_EDGE('',*,*,#7507,.F.);
#7507 = EDGE_CURVE('',#7508,#7311,#7510,.T.);
#7508 = VERTEX_POINT('',#7509);
#7509 = CARTESIAN_POINT('',(2.7,0.905,2.395));
#7510 = LINE('',#7511,#7512);
#7511 = CARTESIAN_POINT('',(2.7,0.905,2.395));
#7512 = VECTOR('',#7513,1.);
#7513 = DIRECTION('',(-2.438091212181E-29,-1.,-3.491483361109E-15));
#7514 = ORIENTED_EDGE('',*,*,#7515,.T.);
#7515 = EDGE_CURVE('',#7508,#7484,#7516,.T.);
#7516 = LINE('',#7517,#7518);
#7517 = CARTESIAN_POINT('',(2.7,0.905,2.095));
#7518 = VECTOR('',#7519,1.);
#7519 = DIRECTION('',(6.982966722219E-15,-3.491483361109E-15,1.));
#7520 = PLANE('',#7521);
#7521 = AXIS2_PLACEMENT_3D('',#7522,#7523,#7524);
#7522 = CARTESIAN_POINT('',(2.7,0.905,2.395));
#7523 = DIRECTION('',(1.,0.,-6.982966722219E-15));
#7524 = DIRECTION('',(2.438091212181E-29,1.,3.491483361109E-15));
#7525 = ADVANCED_FACE('',(#7526),#7566,.T.);
#7526 = FACE_BOUND('',#7527,.T.);
#7527 = EDGE_LOOP('',(#7528,#7538,#7544,#7552,#7558,#7559,#7560));
#7528 = ORIENTED_EDGE('',*,*,#7529,.F.);
#7529 = EDGE_CURVE('',#7530,#7532,#7534,.T.);
#7530 = VERTEX_POINT('',#7531);
#7531 = CARTESIAN_POINT('',(-2.7,0.905,2.395));
#7532 = VERTEX_POINT('',#7533);
#7533 = CARTESIAN_POINT('',(-2.7,0.905,3.395));
#7534 = LINE('',#7535,#7536);
#7535 = CARTESIAN_POINT('',(-2.7,0.905,2.095));
#7536 = VECTOR('',#7537,1.);
#7537 = DIRECTION('',(6.982966722219E-15,-3.491483361109E-15,1.));
#7538 = ORIENTED_EDGE('',*,*,#7539,.F.);
#7539 = EDGE_CURVE('',#7335,#7530,#7540,.T.);
#7540 = LINE('',#7541,#7542);
#7541 = CARTESIAN_POINT('',(-2.7,0.305,2.395));
#7542 = VECTOR('',#7543,1.);
#7543 = DIRECTION('',(2.438091212181E-29,1.,3.491483361109E-15));
#7544 = ORIENTED_EDGE('',*,*,#7545,.F.);
#7545 = EDGE_CURVE('',#7546,#7335,#7548,.T.);
#7546 = VERTEX_POINT('',#7547);
#7547 = CARTESIAN_POINT('',(-2.7,0.305,2.395));
#7548 = LINE('',#7549,#7550);
#7549 = CARTESIAN_POINT('',(-2.7,0.305,2.395));
#7550 = VECTOR('',#7551,1.);
#7551 = DIRECTION('',(2.438091212181E-29,1.,3.491483361109E-15));
#7552 = ORIENTED_EDGE('',*,*,#7553,.F.);
#7553 = EDGE_CURVE('',#6788,#7546,#7554,.T.);
#7554 = LINE('',#7555,#7556);
#7555 = CARTESIAN_POINT('',(-2.7,0.305,3.895));
#7556 = VECTOR('',#7557,1.);
#7557 = DIRECTION('',(-6.982966722219E-15,3.613456105514E-15,-1.));
#7558 = ORIENTED_EDGE('',*,*,#6787,.F.);
#7559 = ORIENTED_EDGE('',*,*,#7459,.F.);
#7560 = ORIENTED_EDGE('',*,*,#7561,.F.);
#7561 = EDGE_CURVE('',#7532,#7460,#7562,.T.);
#7562 = LINE('',#7563,#7564);
#7563 = CARTESIAN_POINT('',(-2.7,0.905,3.395));
#7564 = VECTOR('',#7565,1.);
#7565 = DIRECTION('',(2.438091212181E-29,1.,3.491483361109E-15));
#7566 = PLANE('',#7567);
#7567 = AXIS2_PLACEMENT_3D('',#7568,#7569,#7570);
#7568 = CARTESIAN_POINT('',(-2.7,0.905,2.395));
#7569 = DIRECTION('',(-1.,0.,6.982966722219E-15));
#7570 = DIRECTION('',(2.438091212181E-29,1.,3.491483361109E-15));
#7571 = ADVANCED_FACE('',(#7572),#7622,.F.);
#7572 = FACE_BOUND('',#7573,.T.);
#7573 = EDGE_LOOP('',(#7574,#7582,#7583,#7584,#7592,#7600,#7608,#7616));
#7574 = ORIENTED_EDGE('',*,*,#7575,.T.);
#7575 = EDGE_CURVE('',#7576,#7231,#7578,.T.);
#7576 = VERTEX_POINT('',#7577);
#7577 = CARTESIAN_POINT('',(-2.5,3.255,1.133675134595));
#7578 = LINE('',#7579,#7580);
#7579 = CARTESIAN_POINT('',(-2.5,3.255,1.133675134595));
#7580 = VECTOR('',#7581,1.);
#7581 = DIRECTION('',(-1.,0.,6.982966722219E-15));
#7582 = ORIENTED_EDGE('',*,*,#7230,.T.);
#7583 = ORIENTED_EDGE('',*,*,#6859,.T.);
#7584 = ORIENTED_EDGE('',*,*,#7585,.T.);
#7585 = EDGE_CURVE('',#6852,#7586,#7588,.T.);
#7586 = VERTEX_POINT('',#7587);
#7587 = CARTESIAN_POINT('',(3.,3.255,1.133675134595));
#7588 = LINE('',#7589,#7590);
#7589 = CARTESIAN_POINT('',(3.,3.255,-0.355));
#7590 = VECTOR('',#7591,1.);
#7591 = DIRECTION('',(-7.18705183704E-15,3.491483361109E-15,-1.));
#7592 = ORIENTED_EDGE('',*,*,#7593,.F.);
#7593 = EDGE_CURVE('',#7594,#7586,#7596,.T.);
#7594 = VERTEX_POINT('',#7595);
#7595 = CARTESIAN_POINT('',(2.5,3.255,1.133675134595));
#7596 = LINE('',#7597,#7598);
#7597 = CARTESIAN_POINT('',(2.5,3.255,1.133675134595));
#7598 = VECTOR('',#7599,1.);
#7599 = DIRECTION('',(1.,0.,-6.982966722219E-15));
#7600 = ORIENTED_EDGE('',*,*,#7601,.F.);
#7601 = EDGE_CURVE('',#7602,#7594,#7604,.T.);
#7602 = VERTEX_POINT('',#7603);
#7603 = CARTESIAN_POINT('',(2.5,3.255,-0.355));
#7604 = LINE('',#7605,#7606);
#7605 = CARTESIAN_POINT('',(2.5,3.255,0.195));
#7606 = VECTOR('',#7607,1.);
#7607 = DIRECTION('',(6.982966722219E-15,-3.491483361109E-15,1.));
#7608 = ORIENTED_EDGE('',*,*,#7609,.T.);
#7609 = EDGE_CURVE('',#7602,#7610,#7612,.T.);
#7610 = VERTEX_POINT('',#7611);
#7611 = CARTESIAN_POINT('',(-2.5,3.255,-0.355));
#7612 = LINE('',#7613,#7614);
#7613 = CARTESIAN_POINT('',(3.,3.255,-0.355));
#7614 = VECTOR('',#7615,1.);
#7615 = DIRECTION('',(-1.,-4.27569270828E-31,7.105427357601E-15));
#7616 = ORIENTED_EDGE('',*,*,#7617,.T.);
#7617 = EDGE_CURVE('',#7610,#7576,#7618,.T.);
#7618 = LINE('',#7619,#7620);
#7619 = CARTESIAN_POINT('',(-2.5,3.255,1.133675134595));
#7620 = VECTOR('',#7621,1.);
#7621 = DIRECTION('',(6.982966722219E-15,-3.491483361109E-15,1.));
#7622 = PLANE('',#7623);
#7623 = AXIS2_PLACEMENT_3D('',#7624,#7625,#7626);
#7624 = CARTESIAN_POINT('',(-3.,3.255,-0.355));
#7625 = DIRECTION('',(-2.438091212181E-29,-1.,-3.491483361109E-15));
#7626 = DIRECTION('',(1.,0.,-6.982966722219E-15));
#7627 = ADVANCED_FACE('',(#7628),#7639,.F.);
#7628 = FACE_BOUND('',#7629,.T.);
#7629 = EDGE_LOOP('',(#7630,#7631,#7637,#7638));
#7630 = ORIENTED_EDGE('',*,*,#7326,.T.);
#7631 = ORIENTED_EDGE('',*,*,#7632,.F.);
#7632 = EDGE_CURVE('',#7100,#7319,#7633,.T.);
#7633 = LINE('',#7634,#7635);
#7634 = CARTESIAN_POINT('',(2.5,0.305,2.395));
#7635 = VECTOR('',#7636,1.);
#7636 = DIRECTION('',(2.438091212181E-29,1.,3.491483361109E-15));
#7637 = ORIENTED_EDGE('',*,*,#7099,.F.);
#7638 = ORIENTED_EDGE('',*,*,#6819,.F.);
#7639 = PLANE('',#7640);
#7640 = AXIS2_PLACEMENT_3D('',#7641,#7642,#7643);
#7641 = CARTESIAN_POINT('',(2.5,0.905,2.395));
#7642 = DIRECTION('',(1.,0.,-6.982966722219E-15));
#7643 = DIRECTION('',(2.438091212181E-29,1.,3.491483361109E-15));
#7644 = ADVANCED_FACE('',(#7645),#7718,.F.);
#7645 = FACE_BOUND('',#7646,.T.);
#7646 = EDGE_LOOP('',(#7647,#7657,#7663,#7664,#7665,#7673,#7681,#7689,
    #7695,#7696,#7704,#7712));
#7647 = ORIENTED_EDGE('',*,*,#7648,.F.);
#7648 = EDGE_CURVE('',#7649,#7651,#7653,.T.);
#7649 = VERTEX_POINT('',#7650);
#7650 = CARTESIAN_POINT('',(3.,2.755,0.845));
#7651 = VERTEX_POINT('',#7652);
#7652 = CARTESIAN_POINT('',(3.,2.755,0.195));
#7653 = LINE('',#7654,#7655);
#7654 = CARTESIAN_POINT('',(3.,2.755,0.195));
#7655 = VECTOR('',#7656,1.);
#7656 = DIRECTION('',(-6.982966722219E-15,3.491483361109E-15,-1.));
#7657 = ORIENTED_EDGE('',*,*,#7658,.F.);
#7658 = EDGE_CURVE('',#7586,#7649,#7659,.T.);
#7659 = LINE('',#7660,#7661);
#7660 = CARTESIAN_POINT('',(3.,2.755,0.845));
#7661 = VECTOR('',#7662,1.);
#7662 = DIRECTION('',(-3.491483361109E-15,-0.866025403784,-0.5));
#7663 = ORIENTED_EDGE('',*,*,#7585,.F.);
#7664 = ORIENTED_EDGE('',*,*,#6851,.T.);
#7665 = ORIENTED_EDGE('',*,*,#7666,.F.);
#7666 = EDGE_CURVE('',#7667,#6844,#7669,.T.);
#7667 = VERTEX_POINT('',#7668);
#7668 = CARTESIAN_POINT('',(3.,1.555,3.395));
#7669 = LINE('',#7670,#7671);
#7670 = CARTESIAN_POINT('',(3.,1.555,3.895));
#7671 = VECTOR('',#7672,1.);
#7672 = DIRECTION('',(6.982966722219E-15,-3.057802492115E-15,1.));
#7673 = ORIENTED_EDGE('',*,*,#7674,.F.);
#7674 = EDGE_CURVE('',#7675,#7667,#7677,.T.);
#7675 = VERTEX_POINT('',#7676);
#7676 = CARTESIAN_POINT('',(3.,0.905,3.395));
#7677 = LINE('',#7678,#7679);
#7678 = CARTESIAN_POINT('',(3.,1.555,3.395));
#7679 = VECTOR('',#7680,1.);
#7680 = DIRECTION('',(2.438091212181E-29,1.,3.491483361109E-15));
#7681 = ORIENTED_EDGE('',*,*,#7682,.F.);
#7682 = EDGE_CURVE('',#7683,#7675,#7685,.T.);
#7683 = VERTEX_POINT('',#7684);
#7684 = CARTESIAN_POINT('',(3.,0.905,2.395));
#7685 = LINE('',#7686,#7687);
#7686 = CARTESIAN_POINT('',(3.,0.905,3.395));
#7687 = VECTOR('',#7688,1.);
#7688 = DIRECTION('',(6.982966722219E-15,-3.599903578358E-15,1.));
#7689 = ORIENTED_EDGE('',*,*,#7690,.F.);
#7690 = EDGE_CURVE('',#7303,#7683,#7691,.T.);
#7691 = LINE('',#7692,#7693);
#7692 = CARTESIAN_POINT('',(3.,0.905,2.395));
#7693 = VECTOR('',#7694,1.);
#7694 = DIRECTION('',(2.438091212181E-29,1.,3.491483361109E-15));
#7695 = ORIENTED_EDGE('',*,*,#7302,.T.);
#7696 = ORIENTED_EDGE('',*,*,#7697,.F.);
#7697 = EDGE_CURVE('',#7698,#7295,#7700,.T.);
#7698 = VERTEX_POINT('',#7699);
#7699 = CARTESIAN_POINT('',(3.,1.755,-0.355));
#7700 = LINE('',#7701,#7702);
#7701 = CARTESIAN_POINT('',(3.,3.255,-0.355));
#7702 = VECTOR('',#7703,1.);
#7703 = DIRECTION('',(-2.438091212181E-29,-1.,-3.491483361109E-15));
#7704 = ORIENTED_EDGE('',*,*,#7705,.F.);
#7705 = EDGE_CURVE('',#7706,#7698,#7708,.T.);
#7706 = VERTEX_POINT('',#7707);
#7707 = CARTESIAN_POINT('',(3.,1.755,0.195));
#7708 = LINE('',#7709,#7710);
#7709 = CARTESIAN_POINT('',(3.,1.755,0.195));
#7710 = VECTOR('',#7711,1.);
#7711 = DIRECTION('',(-6.982966722219E-15,3.491483361109E-15,-1.));
#7712 = ORIENTED_EDGE('',*,*,#7713,.F.);
#7713 = EDGE_CURVE('',#7651,#7706,#7714,.T.);
#7714 = LINE('',#7715,#7716);
#7715 = CARTESIAN_POINT('',(3.,2.755,0.195));
#7716 = VECTOR('',#7717,1.);
#7717 = DIRECTION('',(-2.513800689087E-29,-1.,-3.599903578358E-15));
#7718 = PLANE('',#7719);
#7719 = AXIS2_PLACEMENT_3D('',#7720,#7721,#7722);
#7720 = CARTESIAN_POINT('',(3.,3.255,-0.355));
#7721 = DIRECTION('',(-1.,-7.125597826469E-31,7.18705183704E-15));
#7722 = DIRECTION('',(7.18705183704E-15,-3.491483361109E-15,1.));
#7723 = ADVANCED_FACE('',(#7724),#7730,.F.);
#7724 = FACE_BOUND('',#7725,.T.);
#7725 = EDGE_LOOP('',(#7726,#7727,#7728,#7729));
#7726 = ORIENTED_EDGE('',*,*,#6902,.T.);
#7727 = ORIENTED_EDGE('',*,*,#6996,.F.);
#7728 = ORIENTED_EDGE('',*,*,#6954,.F.);
#7729 = ORIENTED_EDGE('',*,*,#6977,.T.);
#7730 = PLANE('',#7731);
#7731 = AXIS2_PLACEMENT_3D('',#7732,#7733,#7734);
#7732 = CARTESIAN_POINT('',(2.55,2.355,1.495));
#7733 = DIRECTION('',(1.,3.562798913235E-31,-7.085009279629E-15));
#7734 = DIRECTION('',(-7.085009279629E-15,3.491483361109E-15,-1.));
#7735 = ADVANCED_FACE('',(#7736),#7747,.F.);
#7736 = FACE_BOUND('',#7737,.T.);
#7737 = EDGE_LOOP('',(#7738,#7739,#7740,#7746));
#7738 = ORIENTED_EDGE('',*,*,#6843,.F.);
#7739 = ORIENTED_EDGE('',*,*,#7493,.F.);
#7740 = ORIENTED_EDGE('',*,*,#7741,.T.);
#7741 = EDGE_CURVE('',#7486,#7667,#7742,.T.);
#7742 = LINE('',#7743,#7744);
#7743 = CARTESIAN_POINT('',(2.5,1.555,3.395));
#7744 = VECTOR('',#7745,1.);
#7745 = DIRECTION('',(1.,0.,-6.982966722219E-15));
#7746 = ORIENTED_EDGE('',*,*,#7666,.T.);
#7747 = PLANE('',#7748);
#7748 = AXIS2_PLACEMENT_3D('',#7749,#7750,#7751);
#7749 = CARTESIAN_POINT('',(2.5,1.555,3.895));
#7750 = DIRECTION('',(2.135253304556E-29,1.,3.057802492115E-15));
#7751 = DIRECTION('',(-6.982966722219E-15,3.057802492115E-15,-1.));
#7752 = ADVANCED_FACE('',(#7753),#7764,.T.);
#7753 = FACE_BOUND('',#7754,.T.);
#7754 = EDGE_LOOP('',(#7755,#7756,#7757,#7758));
#7755 = ORIENTED_EDGE('',*,*,#7151,.F.);
#7756 = ORIENTED_EDGE('',*,*,#6795,.F.);
#7757 = ORIENTED_EDGE('',*,*,#7553,.T.);
#7758 = ORIENTED_EDGE('',*,*,#7759,.T.);
#7759 = EDGE_CURVE('',#7546,#7152,#7760,.T.);
#7760 = LINE('',#7761,#7762);
#7761 = CARTESIAN_POINT('',(-2.7,0.305,2.395));
#7762 = VECTOR('',#7763,1.);
#7763 = DIRECTION('',(1.,0.,-6.982966722219E-15));
#7764 = PLANE('',#7765);
#7765 = AXIS2_PLACEMENT_3D('',#7766,#7767,#7768);
#7766 = CARTESIAN_POINT('',(-2.7,0.305,3.895));
#7767 = DIRECTION('',(-2.5232643737E-29,-1.,-3.613456105514E-15));
#7768 = DIRECTION('',(6.982966722219E-15,-3.613456105514E-15,1.));
#7769 = ADVANCED_FACE('',(#7770),#7776,.F.);
#7770 = FACE_BOUND('',#7771,.T.);
#7771 = EDGE_LOOP('',(#7772,#7773,#7774,#7775));
#7772 = ORIENTED_EDGE('',*,*,#7318,.T.);
#7773 = ORIENTED_EDGE('',*,*,#7501,.F.);
#7774 = ORIENTED_EDGE('',*,*,#7107,.T.);
#7775 = ORIENTED_EDGE('',*,*,#7632,.T.);
#7776 = PLANE('',#7777);
#7777 = AXIS2_PLACEMENT_3D('',#7778,#7779,#7780);
#7778 = CARTESIAN_POINT('',(2.7,0.305,2.395));
#7779 = DIRECTION('',(6.982966722219E-15,-3.491483361109E-15,1.));
#7780 = DIRECTION('',(2.438091212181E-29,1.,3.491483361109E-15));
#7781 = ADVANCED_FACE('',(#7782),#7788,.T.);
#7782 = FACE_BOUND('',#7783,.T.);
#7783 = EDGE_LOOP('',(#7784,#7785,#7786,#7787));
#7784 = ORIENTED_EDGE('',*,*,#7545,.T.);
#7785 = ORIENTED_EDGE('',*,*,#7334,.F.);
#7786 = ORIENTED_EDGE('',*,*,#7159,.F.);
#7787 = ORIENTED_EDGE('',*,*,#7759,.F.);
#7788 = PLANE('',#7789);
#7789 = AXIS2_PLACEMENT_3D('',#7790,#7791,#7792);
#7790 = CARTESIAN_POINT('',(-2.7,0.305,2.395));
#7791 = DIRECTION('',(-6.982966722219E-15,3.491483361109E-15,-1.));
#7792 = DIRECTION('',(-2.438091212181E-29,-1.,-3.491483361109E-15));
#7793 = ADVANCED_FACE('',(#7794),#7819,.T.);
#7794 = FACE_BOUND('',#7795,.T.);
#7795 = EDGE_LOOP('',(#7796,#7797,#7805,#7813));
#7796 = ORIENTED_EDGE('',*,*,#7254,.F.);
#7797 = ORIENTED_EDGE('',*,*,#7798,.F.);
#7798 = EDGE_CURVE('',#7799,#7247,#7801,.T.);
#7799 = VERTEX_POINT('',#7800);
#7800 = CARTESIAN_POINT('',(-2.5,2.755,0.195));
#7801 = LINE('',#7802,#7803);
#7802 = CARTESIAN_POINT('',(-2.5,2.755,0.195));
#7803 = VECTOR('',#7804,1.);
#7804 = DIRECTION('',(-1.,0.,6.982966722219E-15));
#7805 = ORIENTED_EDGE('',*,*,#7806,.T.);
#7806 = EDGE_CURVE('',#7799,#7807,#7809,.T.);
#7807 = VERTEX_POINT('',#7808);
#7808 = CARTESIAN_POINT('',(-2.5,1.755,0.195));
#7809 = LINE('',#7810,#7811);
#7810 = CARTESIAN_POINT('',(-2.5,2.755,0.195));
#7811 = VECTOR('',#7812,1.);
#7812 = DIRECTION('',(-2.513800689087E-29,-1.,-3.599903578358E-15));
#7813 = ORIENTED_EDGE('',*,*,#7814,.T.);
#7814 = EDGE_CURVE('',#7807,#7174,#7815,.T.);
#7815 = LINE('',#7816,#7817);
#7816 = CARTESIAN_POINT('',(-2.5,1.755,0.195));
#7817 = VECTOR('',#7818,1.);
#7818 = DIRECTION('',(-1.,0.,6.982966722219E-15));
#7819 = PLANE('',#7820);
#7820 = AXIS2_PLACEMENT_3D('',#7821,#7822,#7823);
#7821 = CARTESIAN_POINT('',(-2.5,2.755,0.195));
#7822 = DIRECTION('',(-6.982966722219E-15,3.599903578358E-15,-1.));
#7823 = DIRECTION('',(-2.513800689087E-29,-1.,-3.599903578358E-15));
#7824 = ADVANCED_FACE('',(#7825),#7843,.T.);
#7825 = FACE_BOUND('',#7826,.T.);
#7826 = EDGE_LOOP('',(#7827,#7828,#7836,#7842));
#7827 = ORIENTED_EDGE('',*,*,#7246,.F.);
#7828 = ORIENTED_EDGE('',*,*,#7829,.F.);
#7829 = EDGE_CURVE('',#7830,#7239,#7832,.T.);
#7830 = VERTEX_POINT('',#7831);
#7831 = CARTESIAN_POINT('',(-2.5,2.755,0.845));
#7832 = LINE('',#7833,#7834);
#7833 = CARTESIAN_POINT('',(-2.5,2.755,0.845));
#7834 = VECTOR('',#7835,1.);
#7835 = DIRECTION('',(-1.,0.,6.982966722219E-15));
#7836 = ORIENTED_EDGE('',*,*,#7837,.T.);
#7837 = EDGE_CURVE('',#7830,#7799,#7838,.T.);
#7838 = LINE('',#7839,#7840);
#7839 = CARTESIAN_POINT('',(-2.5,2.755,0.195));
#7840 = VECTOR('',#7841,1.);
#7841 = DIRECTION('',(-6.982966722219E-15,3.491483361109E-15,-1.));
#7842 = ORIENTED_EDGE('',*,*,#7798,.T.);
#7843 = PLANE('',#7844);
#7844 = AXIS2_PLACEMENT_3D('',#7845,#7846,#7847);
#7845 = CARTESIAN_POINT('',(-2.5,2.755,0.195));
#7846 = DIRECTION('',(2.438091212181E-29,1.,3.491483361109E-15));
#7847 = DIRECTION('',(-1.,0.,6.982966722219E-15));
#7848 = ADVANCED_FACE('',(#7849),#7860,.T.);
#7849 = FACE_BOUND('',#7850,.T.);
#7850 = EDGE_LOOP('',(#7851,#7852,#7853,#7859));
#7851 = ORIENTED_EDGE('',*,*,#7238,.F.);
#7852 = ORIENTED_EDGE('',*,*,#7575,.F.);
#7853 = ORIENTED_EDGE('',*,*,#7854,.T.);
#7854 = EDGE_CURVE('',#7576,#7830,#7855,.T.);
#7855 = LINE('',#7856,#7857);
#7856 = CARTESIAN_POINT('',(-2.5,2.755,0.845));
#7857 = VECTOR('',#7858,1.);
#7858 = DIRECTION('',(-3.491483361109E-15,-0.866025403784,-0.5));
#7859 = ORIENTED_EDGE('',*,*,#7829,.T.);
#7860 = PLANE('',#7861);
#7861 = AXIS2_PLACEMENT_3D('',#7862,#7863,#7864);
#7862 = CARTESIAN_POINT('',(-2.5,2.755,0.845));
#7863 = DIRECTION('',(-6.047426575223E-15,0.5,-0.866025403784));
#7864 = DIRECTION('',(-3.491483361109E-15,-0.866025403784,-0.5));
#7865 = ADVANCED_FACE('',(#7866),#7992,.F.);
#7866 = FACE_BOUND('',#7867,.T.);
#7867 = EDGE_LOOP('',(#7868,#7878,#7884,#7885,#7893,#7901,#7907,#7908,
    #7916,#7924,#7930,#7931,#7939,#7947,#7953,#7954,#7955,#7963,#7969,
    #7970,#7978,#7984,#7985,#7986));
#7868 = ORIENTED_EDGE('',*,*,#7869,.F.);
#7869 = EDGE_CURVE('',#7870,#7872,#7874,.T.);
#7870 = VERTEX_POINT('',#7871);
#7871 = CARTESIAN_POINT('',(1.4,0.495,-0.355));
#7872 = VERTEX_POINT('',#7873);
#7873 = CARTESIAN_POINT('',(1.6,0.495,-0.355));
#7874 = LINE('',#7875,#7876);
#7875 = CARTESIAN_POINT('',(1.4,0.495,-0.355));
#7876 = VECTOR('',#7877,1.);
#7877 = DIRECTION('',(1.,0.,-6.982966722219E-15));
#7878 = ORIENTED_EDGE('',*,*,#7879,.T.);
#7879 = EDGE_CURVE('',#7870,#7271,#7880,.T.);
#7880 = LINE('',#7881,#7882);
#7881 = CARTESIAN_POINT('',(1.4,3.255,-0.355));
#7882 = VECTOR('',#7883,1.);
#7883 = DIRECTION('',(-2.438091212181E-29,-1.,-3.491483361109E-15));
#7884 = ORIENTED_EDGE('',*,*,#7445,.T.);
#7885 = ORIENTED_EDGE('',*,*,#7886,.F.);
#7886 = EDGE_CURVE('',#7887,#7438,#7889,.T.);
#7887 = VERTEX_POINT('',#7888);
#7888 = CARTESIAN_POINT('',(0.6,0.495,-0.355));
#7889 = LINE('',#7890,#7891);
#7890 = CARTESIAN_POINT('',(0.6,3.255,-0.355));
#7891 = VECTOR('',#7892,1.);
#7892 = DIRECTION('',(-2.438091212181E-29,-1.,-3.491483361109E-15));
#7893 = ORIENTED_EDGE('',*,*,#7894,.F.);
#7894 = EDGE_CURVE('',#7895,#7887,#7897,.T.);
#7895 = VERTEX_POINT('',#7896);
#7896 = CARTESIAN_POINT('',(0.4,0.495,-0.355));
#7897 = LINE('',#7898,#7899);
#7898 = CARTESIAN_POINT('',(0.4,0.495,-0.355));
#7899 = VECTOR('',#7900,1.);
#7900 = DIRECTION('',(1.,0.,-6.982966722219E-15));
#7901 = ORIENTED_EDGE('',*,*,#7902,.T.);
#7902 = EDGE_CURVE('',#7895,#7414,#7903,.T.);
#7903 = LINE('',#7904,#7905);
#7904 = CARTESIAN_POINT('',(0.4,3.255,-0.355));
#7905 = VECTOR('',#7906,1.);
#7906 = DIRECTION('',(-2.438091212181E-29,-1.,-3.491483361109E-15));
#7907 = ORIENTED_EDGE('',*,*,#7413,.T.);
#7908 = ORIENTED_EDGE('',*,*,#7909,.F.);
#7909 = EDGE_CURVE('',#7910,#7406,#7912,.T.);
#7910 = VERTEX_POINT('',#7911);
#7911 = CARTESIAN_POINT('',(-0.4,0.495,-0.355));
#7912 = LINE('',#7913,#7914);
#7913 = CARTESIAN_POINT('',(-0.4,3.255,-0.355));
#7914 = VECTOR('',#7915,1.);
#7915 = DIRECTION('',(-2.438091212181E-29,-1.,-3.491483361109E-15));
#7916 = ORIENTED_EDGE('',*,*,#7917,.F.);
#7917 = EDGE_CURVE('',#7918,#7910,#7920,.T.);
#7918 = VERTEX_POINT('',#7919);
#7919 = CARTESIAN_POINT('',(-0.6,0.495,-0.355));
#7920 = LINE('',#7921,#7922);
#7921 = CARTESIAN_POINT('',(-0.6,0.495,-0.355));
#7922 = VECTOR('',#7923,1.);
#7923 = DIRECTION('',(1.,0.,-6.982966722219E-15));
#7924 = ORIENTED_EDGE('',*,*,#7925,.T.);
#7925 = EDGE_CURVE('',#7918,#7382,#7926,.T.);
#7926 = LINE('',#7927,#7928);
#7927 = CARTESIAN_POINT('',(-0.6,3.255,-0.355));
#7928 = VECTOR('',#7929,1.);
#7929 = DIRECTION('',(-2.438091212181E-29,-1.,-3.491483361109E-15));
#7930 = ORIENTED_EDGE('',*,*,#7381,.T.);
#7931 = ORIENTED_EDGE('',*,*,#7932,.F.);
#7932 = EDGE_CURVE('',#7933,#7374,#7935,.T.);
#7933 = VERTEX_POINT('',#7934);
#7934 = CARTESIAN_POINT('',(-1.4,0.495,-0.355));
#7935 = LINE('',#7936,#7937);
#7936 = CARTESIAN_POINT('',(-1.4,3.255,-0.355));
#7937 = VECTOR('',#7938,1.);
#7938 = DIRECTION('',(-2.438091212181E-29,-1.,-3.491483361109E-15));
#7939 = ORIENTED_EDGE('',*,*,#7940,.F.);
#7940 = EDGE_CURVE('',#7941,#7933,#7943,.T.);
#7941 = VERTEX_POINT('',#7942);
#7942 = CARTESIAN_POINT('',(-1.6,0.495,-0.355));
#7943 = LINE('',#7944,#7945);
#7944 = CARTESIAN_POINT('',(-1.6,0.495,-0.355));
#7945 = VECTOR('',#7946,1.);
#7946 = DIRECTION('',(1.,0.,-6.982966722219E-15));
#7947 = ORIENTED_EDGE('',*,*,#7948,.T.);
#7948 = EDGE_CURVE('',#7941,#7350,#7949,.T.);
#7949 = LINE('',#7950,#7951);
#7950 = CARTESIAN_POINT('',(-1.6,3.255,-0.355));
#7951 = VECTOR('',#7952,1.);
#7952 = DIRECTION('',(-2.438091212181E-29,-1.,-3.491483361109E-15));
#7953 = ORIENTED_EDGE('',*,*,#7349,.T.);
#7954 = ORIENTED_EDGE('',*,*,#7183,.F.);
#7955 = ORIENTED_EDGE('',*,*,#7956,.F.);
#7956 = EDGE_CURVE('',#7957,#7176,#7959,.T.);
#7957 = VERTEX_POINT('',#7958);
#7958 = CARTESIAN_POINT('',(-2.5,1.755,-0.355));
#7959 = LINE('',#7960,#7961);
#7960 = CARTESIAN_POINT('',(-2.5,1.755,-0.355));
#7961 = VECTOR('',#7962,1.);
#7962 = DIRECTION('',(-1.,0.,6.982966722219E-15));
#7963 = ORIENTED_EDGE('',*,*,#7964,.T.);
#7964 = EDGE_CURVE('',#7957,#7610,#7965,.T.);
#7965 = LINE('',#7966,#7967);
#7966 = CARTESIAN_POINT('',(-2.5,2.755,-0.355));
#7967 = VECTOR('',#7968,1.);
#7968 = DIRECTION('',(2.405242980303E-29,1.,3.444442850701E-15));
#7969 = ORIENTED_EDGE('',*,*,#7609,.F.);
#7970 = ORIENTED_EDGE('',*,*,#7971,.F.);
#7971 = EDGE_CURVE('',#7972,#7602,#7974,.T.);
#7972 = VERTEX_POINT('',#7973);
#7973 = CARTESIAN_POINT('',(2.5,1.755,-0.355));
#7974 = LINE('',#7975,#7976);
#7975 = CARTESIAN_POINT('',(2.5,1.755,-0.355));
#7976 = VECTOR('',#7977,1.);
#7977 = DIRECTION('',(2.438091212181E-29,1.,3.491483361109E-15));
#7978 = ORIENTED_EDGE('',*,*,#7979,.T.);
#7979 = EDGE_CURVE('',#7972,#7698,#7980,.T.);
#7980 = LINE('',#7981,#7982);
#7981 = CARTESIAN_POINT('',(2.5,1.755,-0.355));
#7982 = VECTOR('',#7983,1.);
#7983 = DIRECTION('',(1.,0.,-6.982966722219E-15));
#7984 = ORIENTED_EDGE('',*,*,#7697,.T.);
#7985 = ORIENTED_EDGE('',*,*,#7294,.T.);
#7986 = ORIENTED_EDGE('',*,*,#7987,.F.);
#7987 = EDGE_CURVE('',#7872,#7287,#7988,.T.);
#7988 = LINE('',#7989,#7990);
#7989 = CARTESIAN_POINT('',(1.6,3.255,-0.355));
#7990 = VECTOR('',#7991,1.);
#7991 = DIRECTION('',(-2.438091212181E-29,-1.,-3.491483361109E-15));
#7992 = PLANE('',#7993);
#7993 = AXIS2_PLACEMENT_3D('',#7994,#7995,#7996);
#7994 = CARTESIAN_POINT('',(3.,3.255,-0.355));
#7995 = DIRECTION('',(7.105427357601E-15,-3.491483361109E-15,1.));
#7996 = DIRECTION('',(1.,4.27569270828E-31,-7.105427357601E-15));
#7997 = ADVANCED_FACE('',(#7998),#8014,.T.);
#7998 = FACE_BOUND('',#7999,.T.);
#7999 = EDGE_LOOP('',(#8000,#8001,#8007,#8008));
#8000 = ORIENTED_EDGE('',*,*,#7529,.T.);
#8001 = ORIENTED_EDGE('',*,*,#8002,.T.);
#8002 = EDGE_CURVE('',#7532,#7208,#8003,.T.);
#8003 = LINE('',#8004,#8005);
#8004 = CARTESIAN_POINT('',(-2.5,0.905,3.395));
#8005 = VECTOR('',#8006,1.);
#8006 = DIRECTION('',(-1.,0.,6.982966722219E-15));
#8007 = ORIENTED_EDGE('',*,*,#7207,.F.);
#8008 = ORIENTED_EDGE('',*,*,#8009,.F.);
#8009 = EDGE_CURVE('',#7530,#7200,#8010,.T.);
#8010 = LINE('',#8011,#8012);
#8011 = CARTESIAN_POINT('',(-2.5,0.905,2.395));
#8012 = VECTOR('',#8013,1.);
#8013 = DIRECTION('',(-1.,0.,6.982966722219E-15));
#8014 = PLANE('',#8015);
#8015 = AXIS2_PLACEMENT_3D('',#8016,#8017,#8018);
#8016 = CARTESIAN_POINT('',(-2.5,0.905,3.395));
#8017 = DIRECTION('',(-2.513800689087E-29,-1.,-3.599903578358E-15));
#8018 = DIRECTION('',(6.982966722219E-15,-3.599903578358E-15,1.));
#8019 = ADVANCED_FACE('',(#8020),#8031,.T.);
#8020 = FACE_BOUND('',#8021,.T.);
#8021 = EDGE_LOOP('',(#8022,#8023,#8024,#8030));
#8022 = ORIENTED_EDGE('',*,*,#7173,.F.);
#8023 = ORIENTED_EDGE('',*,*,#7814,.F.);
#8024 = ORIENTED_EDGE('',*,*,#8025,.T.);
#8025 = EDGE_CURVE('',#7807,#7957,#8026,.T.);
#8026 = LINE('',#8027,#8028);
#8027 = CARTESIAN_POINT('',(-2.5,1.755,0.195));
#8028 = VECTOR('',#8029,1.);
#8029 = DIRECTION('',(-6.982966722219E-15,3.491483361109E-15,-1.));
#8030 = ORIENTED_EDGE('',*,*,#7956,.T.);
#8031 = PLANE('',#8032);
#8032 = AXIS2_PLACEMENT_3D('',#8033,#8034,#8035);
#8033 = CARTESIAN_POINT('',(-2.5,1.755,0.195));
#8034 = DIRECTION('',(2.438091212181E-29,1.,3.491483361109E-15));
#8035 = DIRECTION('',(-1.,0.,6.982966722219E-15));
#8036 = ADVANCED_FACE('',(#8037),#8043,.T.);
#8037 = FACE_BOUND('',#8038,.T.);
#8038 = EDGE_LOOP('',(#8039,#8040,#8041,#8042));
#8039 = ORIENTED_EDGE('',*,*,#7561,.T.);
#8040 = ORIENTED_EDGE('',*,*,#7469,.T.);
#8041 = ORIENTED_EDGE('',*,*,#7215,.F.);
#8042 = ORIENTED_EDGE('',*,*,#8002,.F.);
#8043 = PLANE('',#8044);
#8044 = AXIS2_PLACEMENT_3D('',#8045,#8046,#8047);
#8045 = CARTESIAN_POINT('',(-2.5,1.555,3.395));
#8046 = DIRECTION('',(6.982966722219E-15,-3.491483361109E-15,1.));
#8047 = DIRECTION('',(2.438091212181E-29,1.,3.491483361109E-15));
#8048 = ADVANCED_FACE('',(#8049),#8055,.T.);
#8049 = FACE_BOUND('',#8050,.T.);
#8050 = EDGE_LOOP('',(#8051,#8052,#8053,#8054));
#8051 = ORIENTED_EDGE('',*,*,#7539,.T.);
#8052 = ORIENTED_EDGE('',*,*,#8009,.T.);
#8053 = ORIENTED_EDGE('',*,*,#7199,.F.);
#8054 = ORIENTED_EDGE('',*,*,#7342,.F.);
#8055 = PLANE('',#8056);
#8056 = AXIS2_PLACEMENT_3D('',#8057,#8058,#8059);
#8057 = CARTESIAN_POINT('',(-2.5,0.905,2.395));
#8058 = DIRECTION('',(6.982966722219E-15,-3.491483361109E-15,1.));
#8059 = DIRECTION('',(2.438091212181E-29,1.,3.491483361109E-15));
#8060 = ADVANCED_FACE('',(#8061),#8095,.T.);
#8061 = FACE_BOUND('',#8062,.T.);
#8062 = EDGE_LOOP('',(#8063,#8064,#8072,#8080,#8088,#8094));
#8063 = ORIENTED_EDGE('',*,*,#7902,.F.);
#8064 = ORIENTED_EDGE('',*,*,#8065,.T.);
#8065 = EDGE_CURVE('',#7895,#8066,#8068,.T.);
#8066 = VERTEX_POINT('',#8067);
#8067 = CARTESIAN_POINT('',(0.4,0.495,-1.055));
#8068 = LINE('',#8069,#8070);
#8069 = CARTESIAN_POINT('',(0.4,0.495,-1.055));
#8070 = VECTOR('',#8071,1.);
#8071 = DIRECTION('',(-6.982966722219E-15,3.56892637343E-15,-1.));
#8072 = ORIENTED_EDGE('',*,*,#8073,.T.);
#8073 = EDGE_CURVE('',#8066,#8074,#8076,.T.);
#8074 = VERTEX_POINT('',#8075);
#8075 = CARTESIAN_POINT('',(0.4,0.295,-1.055));
#8076 = LINE('',#8077,#8078);
#8077 = CARTESIAN_POINT('',(0.4,0.295,-1.055));
#8078 = VECTOR('',#8079,1.);
#8079 = DIRECTION('',(-4.330828134837E-29,-1.,-6.201988792323E-15));
#8080 = ORIENTED_EDGE('',*,*,#8081,.T.);
#8081 = EDGE_CURVE('',#8074,#8082,#8084,.T.);
#8082 = VERTEX_POINT('',#8083);
#8083 = CARTESIAN_POINT('',(0.4,0.295,-0.255));
#8084 = LINE('',#8085,#8086);
#8085 = CARTESIAN_POINT('',(0.4,0.295,-0.255));
#8086 = VECTOR('',#8087,1.);
#8087 = DIRECTION('',(6.982966722219E-15,-3.381369077966E-15,1.));
#8088 = ORIENTED_EDGE('',*,*,#8089,.T.);
#8089 = EDGE_CURVE('',#8082,#7422,#8090,.T.);
#8090 = LINE('',#8091,#8092);
#8091 = CARTESIAN_POINT('',(0.4,0.295,-0.255));
#8092 = VECTOR('',#8093,1.);
#8093 = DIRECTION('',(2.374999981426E-29,1.,3.401133180069E-15));
#8094 = ORIENTED_EDGE('',*,*,#7421,.T.);
#8095 = PLANE('',#8096);
#8096 = AXIS2_PLACEMENT_3D('',#8097,#8098,#8099);
#8097 = CARTESIAN_POINT('',(0.4,0.445,0.195));
#8098 = DIRECTION('',(-1.,0.,6.982966722219E-15));
#8099 = DIRECTION('',(-2.438091212181E-29,-1.,-3.491483361109E-15));
#8100 = ADVANCED_FACE('',(#8101),#8135,.F.);
#8101 = FACE_BOUND('',#8102,.T.);
#8102 = EDGE_LOOP('',(#8103,#8111,#8112,#8113,#8121,#8129));
#8103 = ORIENTED_EDGE('',*,*,#8104,.F.);
#8104 = EDGE_CURVE('',#7872,#8105,#8107,.T.);
#8105 = VERTEX_POINT('',#8106);
#8106 = CARTESIAN_POINT('',(1.6,0.495,-1.055));
#8107 = LINE('',#8108,#8109);
#8108 = CARTESIAN_POINT('',(1.6,0.495,-1.055));
#8109 = VECTOR('',#8110,1.);
#8110 = DIRECTION('',(-6.982966722219E-15,3.56892637343E-15,-1.));
#8111 = ORIENTED_EDGE('',*,*,#7987,.T.);
#8112 = ORIENTED_EDGE('',*,*,#7286,.F.);
#8113 = ORIENTED_EDGE('',*,*,#8114,.F.);
#8114 = EDGE_CURVE('',#8115,#7279,#8117,.T.);
#8115 = VERTEX_POINT('',#8116);
#8116 = CARTESIAN_POINT('',(1.6,0.295,-0.255));
#8117 = LINE('',#8118,#8119);
#8118 = CARTESIAN_POINT('',(1.6,0.295,-0.255));
#8119 = VECTOR('',#8120,1.);
#8120 = DIRECTION('',(2.374999981426E-29,1.,3.401133180069E-15));
#8121 = ORIENTED_EDGE('',*,*,#8122,.F.);
#8122 = EDGE_CURVE('',#8123,#8115,#8125,.T.);
#8123 = VERTEX_POINT('',#8124);
#8124 = CARTESIAN_POINT('',(1.6,0.295,-1.055));
#8125 = LINE('',#8126,#8127);
#8126 = CARTESIAN_POINT('',(1.6,0.295,-0.255));
#8127 = VECTOR('',#8128,1.);
#8128 = DIRECTION('',(6.982966722219E-15,-3.381369077966E-15,1.));
#8129 = ORIENTED_EDGE('',*,*,#8130,.F.);
#8130 = EDGE_CURVE('',#8105,#8123,#8131,.T.);
#8131 = LINE('',#8132,#8133);
#8132 = CARTESIAN_POINT('',(1.6,0.295,-1.055));
#8133 = VECTOR('',#8134,1.);
#8134 = DIRECTION('',(-4.330828134837E-29,-1.,-6.201988792323E-15));
#8135 = PLANE('',#8136);
#8136 = AXIS2_PLACEMENT_3D('',#8137,#8138,#8139);
#8137 = CARTESIAN_POINT('',(1.6,0.445,0.195));
#8138 = DIRECTION('',(-1.,0.,6.982966722219E-15));
#8139 = DIRECTION('',(-2.438091212181E-29,-1.,-3.491483361109E-15));
#8140 = ADVANCED_FACE('',(#8141),#8152,.F.);
#8141 = FACE_BOUND('',#8142,.T.);
#8142 = EDGE_LOOP('',(#8143,#8149,#8150,#8151));
#8143 = ORIENTED_EDGE('',*,*,#8144,.F.);
#8144 = EDGE_CURVE('',#7508,#7683,#8145,.T.);
#8145 = LINE('',#8146,#8147);
#8146 = CARTESIAN_POINT('',(2.5,0.905,2.395));
#8147 = VECTOR('',#8148,1.);
#8148 = DIRECTION('',(1.,0.,-6.982966722219E-15));
#8149 = ORIENTED_EDGE('',*,*,#7507,.T.);
#8150 = ORIENTED_EDGE('',*,*,#7310,.T.);
#8151 = ORIENTED_EDGE('',*,*,#7690,.T.);
#8152 = PLANE('',#8153);
#8153 = AXIS2_PLACEMENT_3D('',#8154,#8155,#8156);
#8154 = CARTESIAN_POINT('',(2.5,0.905,2.395));
#8155 = DIRECTION('',(-6.982966722219E-15,3.491483361109E-15,-1.));
#8156 = DIRECTION('',(-2.438091212181E-29,-1.,-3.491483361109E-15));
#8157 = ADVANCED_FACE('',(#8158),#8192,.T.);
#8158 = FACE_BOUND('',#8159,.T.);
#8159 = EDGE_LOOP('',(#8160,#8161,#8169,#8177,#8185,#8191));
#8160 = ORIENTED_EDGE('',*,*,#7948,.F.);
#8161 = ORIENTED_EDGE('',*,*,#8162,.T.);
#8162 = EDGE_CURVE('',#7941,#8163,#8165,.T.);
#8163 = VERTEX_POINT('',#8164);
#8164 = CARTESIAN_POINT('',(-1.6,0.495,-1.055));
#8165 = LINE('',#8166,#8167);
#8166 = CARTESIAN_POINT('',(-1.6,0.495,-1.055));
#8167 = VECTOR('',#8168,1.);
#8168 = DIRECTION('',(-6.982966722219E-15,3.56892637343E-15,-1.));
#8169 = ORIENTED_EDGE('',*,*,#8170,.T.);
#8170 = EDGE_CURVE('',#8163,#8171,#8173,.T.);
#8171 = VERTEX_POINT('',#8172);
#8172 = CARTESIAN_POINT('',(-1.6,0.295,-1.055));
#8173 = LINE('',#8174,#8175);
#8174 = CARTESIAN_POINT('',(-1.6,0.295,-1.055));
#8175 = VECTOR('',#8176,1.);
#8176 = DIRECTION('',(-4.330828134837E-29,-1.,-6.201988792323E-15));
#8177 = ORIENTED_EDGE('',*,*,#8178,.T.);
#8178 = EDGE_CURVE('',#8171,#8179,#8181,.T.);
#8179 = VERTEX_POINT('',#8180);
#8180 = CARTESIAN_POINT('',(-1.6,0.295,-0.255));
#8181 = LINE('',#8182,#8183);
#8182 = CARTESIAN_POINT('',(-1.6,0.295,-0.255));
#8183 = VECTOR('',#8184,1.);
#8184 = DIRECTION('',(6.982966722219E-15,-3.381369077966E-15,1.));
#8185 = ORIENTED_EDGE('',*,*,#8186,.T.);
#8186 = EDGE_CURVE('',#8179,#7358,#8187,.T.);
#8187 = LINE('',#8188,#8189);
#8188 = CARTESIAN_POINT('',(-1.6,0.295,-0.255));
#8189 = VECTOR('',#8190,1.);
#8190 = DIRECTION('',(2.374999981426E-29,1.,3.401133180069E-15));
#8191 = ORIENTED_EDGE('',*,*,#7357,.T.);
#8192 = PLANE('',#8193);
#8193 = AXIS2_PLACEMENT_3D('',#8194,#8195,#8196);
#8194 = CARTESIAN_POINT('',(-1.6,0.445,0.195));
#8195 = DIRECTION('',(-1.,0.,6.982966722219E-15));
#8196 = DIRECTION('',(-2.438091212181E-29,-1.,-3.491483361109E-15));
#8197 = ADVANCED_FACE('',(#8198),#8232,.F.);
#8198 = FACE_BOUND('',#8199,.T.);
#8199 = EDGE_LOOP('',(#8200,#8208,#8209,#8210,#8218,#8226));
#8200 = ORIENTED_EDGE('',*,*,#8201,.F.);
#8201 = EDGE_CURVE('',#7887,#8202,#8204,.T.);
#8202 = VERTEX_POINT('',#8203);
#8203 = CARTESIAN_POINT('',(0.6,0.495,-1.055));
#8204 = LINE('',#8205,#8206);
#8205 = CARTESIAN_POINT('',(0.6,0.495,-1.055));
#8206 = VECTOR('',#8207,1.);
#8207 = DIRECTION('',(-6.982966722219E-15,3.56892637343E-15,-1.));
#8208 = ORIENTED_EDGE('',*,*,#7886,.T.);
#8209 = ORIENTED_EDGE('',*,*,#7437,.F.);
#8210 = ORIENTED_EDGE('',*,*,#8211,.F.);
#8211 = EDGE_CURVE('',#8212,#7430,#8214,.T.);
#8212 = VERTEX_POINT('',#8213);
#8213 = CARTESIAN_POINT('',(0.6,0.295,-0.255));
#8214 = LINE('',#8215,#8216);
#8215 = CARTESIAN_POINT('',(0.6,0.295,-0.255));
#8216 = VECTOR('',#8217,1.);
#8217 = DIRECTION('',(2.374999981426E-29,1.,3.401133180069E-15));
#8218 = ORIENTED_EDGE('',*,*,#8219,.F.);
#8219 = EDGE_CURVE('',#8220,#8212,#8222,.T.);
#8220 = VERTEX_POINT('',#8221);
#8221 = CARTESIAN_POINT('',(0.6,0.295,-1.055));
#8222 = LINE('',#8223,#8224);
#8223 = CARTESIAN_POINT('',(0.6,0.295,-0.255));
#8224 = VECTOR('',#8225,1.);
#8225 = DIRECTION('',(6.982966722219E-15,-3.381369077966E-15,1.));
#8226 = ORIENTED_EDGE('',*,*,#8227,.F.);
#8227 = EDGE_CURVE('',#8202,#8220,#8228,.T.);
#8228 = LINE('',#8229,#8230);
#8229 = CARTESIAN_POINT('',(0.6,0.295,-1.055));
#8230 = VECTOR('',#8231,1.);
#8231 = DIRECTION('',(-4.330828134837E-29,-1.,-6.201988792323E-15));
#8232 = PLANE('',#8233);
#8233 = AXIS2_PLACEMENT_3D('',#8234,#8235,#8236);
#8234 = CARTESIAN_POINT('',(0.6,0.445,0.195));
#8235 = DIRECTION('',(-1.,0.,6.982966722219E-15));
#8236 = DIRECTION('',(-2.438091212181E-29,-1.,-3.491483361109E-15));
#8237 = ADVANCED_FACE('',(#8238),#8272,.F.);
#8238 = FACE_BOUND('',#8239,.T.);
#8239 = EDGE_LOOP('',(#8240,#8248,#8249,#8250,#8258,#8266));
#8240 = ORIENTED_EDGE('',*,*,#8241,.F.);
#8241 = EDGE_CURVE('',#7910,#8242,#8244,.T.);
#8242 = VERTEX_POINT('',#8243);
#8243 = CARTESIAN_POINT('',(-0.4,0.495,-1.055));
#8244 = LINE('',#8245,#8246);
#8245 = CARTESIAN_POINT('',(-0.4,0.495,-1.055));
#8246 = VECTOR('',#8247,1.);
#8247 = DIRECTION('',(-6.982966722219E-15,3.56892637343E-15,-1.));
#8248 = ORIENTED_EDGE('',*,*,#7909,.T.);
#8249 = ORIENTED_EDGE('',*,*,#7405,.F.);
#8250 = ORIENTED_EDGE('',*,*,#8251,.F.);
#8251 = EDGE_CURVE('',#8252,#7398,#8254,.T.);
#8252 = VERTEX_POINT('',#8253);
#8253 = CARTESIAN_POINT('',(-0.4,0.295,-0.255));
#8254 = LINE('',#8255,#8256);
#8255 = CARTESIAN_POINT('',(-0.4,0.295,-0.255));
#8256 = VECTOR('',#8257,1.);
#8257 = DIRECTION('',(2.374999981426E-29,1.,3.401133180069E-15));
#8258 = ORIENTED_EDGE('',*,*,#8259,.F.);
#8259 = EDGE_CURVE('',#8260,#8252,#8262,.T.);
#8260 = VERTEX_POINT('',#8261);
#8261 = CARTESIAN_POINT('',(-0.4,0.295,-1.055));
#8262 = LINE('',#8263,#8264);
#8263 = CARTESIAN_POINT('',(-0.4,0.295,-0.255));
#8264 = VECTOR('',#8265,1.);
#8265 = DIRECTION('',(6.982966722219E-15,-3.381369077966E-15,1.));
#8266 = ORIENTED_EDGE('',*,*,#8267,.F.);
#8267 = EDGE_CURVE('',#8242,#8260,#8268,.T.);
#8268 = LINE('',#8269,#8270);
#8269 = CARTESIAN_POINT('',(-0.4,0.295,-1.055));
#8270 = VECTOR('',#8271,1.);
#8271 = DIRECTION('',(-4.330828134837E-29,-1.,-6.201988792323E-15));
#8272 = PLANE('',#8273);
#8273 = AXIS2_PLACEMENT_3D('',#8274,#8275,#8276);
#8274 = CARTESIAN_POINT('',(-0.4,0.445,0.195));
#8275 = DIRECTION('',(-1.,0.,6.982966722219E-15));
#8276 = DIRECTION('',(-2.438091212181E-29,-1.,-3.491483361109E-15));
#8277 = ADVANCED_FACE('',(#8278),#8289,.F.);
#8278 = FACE_BOUND('',#8279,.T.);
#8279 = EDGE_LOOP('',(#8280,#8281,#8282,#8288));
#8280 = ORIENTED_EDGE('',*,*,#7429,.F.);
#8281 = ORIENTED_EDGE('',*,*,#8089,.F.);
#8282 = ORIENTED_EDGE('',*,*,#8283,.T.);
#8283 = EDGE_CURVE('',#8082,#8212,#8284,.T.);
#8284 = LINE('',#8285,#8286);
#8285 = CARTESIAN_POINT('',(0.4,0.295,-0.255));
#8286 = VECTOR('',#8287,1.);
#8287 = DIRECTION('',(1.,0.,-6.982966722219E-15));
#8288 = ORIENTED_EDGE('',*,*,#8211,.T.);
#8289 = PLANE('',#8290);
#8290 = AXIS2_PLACEMENT_3D('',#8291,#8292,#8293);
#8291 = CARTESIAN_POINT('',(0.4,0.295,-0.255));
#8292 = DIRECTION('',(-6.982966722219E-15,3.401133180069E-15,-1.));
#8293 = DIRECTION('',(-2.374999981426E-29,-1.,-3.401133180069E-15));
#8294 = ADVANCED_FACE('',(#8295),#8329,.T.);
#8295 = FACE_BOUND('',#8296,.T.);
#8296 = EDGE_LOOP('',(#8297,#8298,#8306,#8314,#8322,#8328));
#8297 = ORIENTED_EDGE('',*,*,#7925,.F.);
#8298 = ORIENTED_EDGE('',*,*,#8299,.T.);
#8299 = EDGE_CURVE('',#7918,#8300,#8302,.T.);
#8300 = VERTEX_POINT('',#8301);
#8301 = CARTESIAN_POINT('',(-0.6,0.495,-1.055));
#8302 = LINE('',#8303,#8304);
#8303 = CARTESIAN_POINT('',(-0.6,0.495,-1.055));
#8304 = VECTOR('',#8305,1.);
#8305 = DIRECTION('',(-6.982966722219E-15,3.56892637343E-15,-1.));
#8306 = ORIENTED_EDGE('',*,*,#8307,.T.);
#8307 = EDGE_CURVE('',#8300,#8308,#8310,.T.);
#8308 = VERTEX_POINT('',#8309);
#8309 = CARTESIAN_POINT('',(-0.6,0.295,-1.055));
#8310 = LINE('',#8311,#8312);
#8311 = CARTESIAN_POINT('',(-0.6,0.295,-1.055));
#8312 = VECTOR('',#8313,1.);
#8313 = DIRECTION('',(-4.330828134837E-29,-1.,-6.201988792323E-15));
#8314 = ORIENTED_EDGE('',*,*,#8315,.T.);
#8315 = EDGE_CURVE('',#8308,#8316,#8318,.T.);
#8316 = VERTEX_POINT('',#8317);
#8317 = CARTESIAN_POINT('',(-0.6,0.295,-0.255));
#8318 = LINE('',#8319,#8320);
#8319 = CARTESIAN_POINT('',(-0.6,0.295,-0.255));
#8320 = VECTOR('',#8321,1.);
#8321 = DIRECTION('',(6.982966722219E-15,-3.381369077966E-15,1.));
#8322 = ORIENTED_EDGE('',*,*,#8323,.T.);
#8323 = EDGE_CURVE('',#8316,#7390,#8324,.T.);
#8324 = LINE('',#8325,#8326);
#8325 = CARTESIAN_POINT('',(-0.6,0.295,-0.255));
#8326 = VECTOR('',#8327,1.);
#8327 = DIRECTION('',(2.374999981426E-29,1.,3.401133180069E-15));
#8328 = ORIENTED_EDGE('',*,*,#7389,.T.);
#8329 = PLANE('',#8330);
#8330 = AXIS2_PLACEMENT_3D('',#8331,#8332,#8333);
#8331 = CARTESIAN_POINT('',(-0.6,0.445,0.195));
#8332 = DIRECTION('',(-1.,0.,6.982966722219E-15));
#8333 = DIRECTION('',(-2.438091212181E-29,-1.,-3.491483361109E-15));
#8334 = ADVANCED_FACE('',(#8335),#8346,.F.);
#8335 = FACE_BOUND('',#8336,.T.);
#8336 = EDGE_LOOP('',(#8337,#8338,#8339,#8345));
#8337 = ORIENTED_EDGE('',*,*,#7397,.F.);
#8338 = ORIENTED_EDGE('',*,*,#8323,.F.);
#8339 = ORIENTED_EDGE('',*,*,#8340,.T.);
#8340 = EDGE_CURVE('',#8316,#8252,#8341,.T.);
#8341 = LINE('',#8342,#8343);
#8342 = CARTESIAN_POINT('',(-0.6,0.295,-0.255));
#8343 = VECTOR('',#8344,1.);
#8344 = DIRECTION('',(1.,0.,-6.982966722219E-15));
#8345 = ORIENTED_EDGE('',*,*,#8251,.T.);
#8346 = PLANE('',#8347);
#8347 = AXIS2_PLACEMENT_3D('',#8348,#8349,#8350);
#8348 = CARTESIAN_POINT('',(-0.6,0.295,-0.255));
#8349 = DIRECTION('',(-6.982966722219E-15,3.401133180069E-15,-1.));
#8350 = DIRECTION('',(-2.374999981426E-29,-1.,-3.401133180069E-15));
#8351 = ADVANCED_FACE('',(#8352),#8386,.F.);
#8352 = FACE_BOUND('',#8353,.T.);
#8353 = EDGE_LOOP('',(#8354,#8362,#8363,#8364,#8372,#8380));
#8354 = ORIENTED_EDGE('',*,*,#8355,.F.);
#8355 = EDGE_CURVE('',#7933,#8356,#8358,.T.);
#8356 = VERTEX_POINT('',#8357);
#8357 = CARTESIAN_POINT('',(-1.4,0.495,-1.055));
#8358 = LINE('',#8359,#8360);
#8359 = CARTESIAN_POINT('',(-1.4,0.495,-1.055));
#8360 = VECTOR('',#8361,1.);
#8361 = DIRECTION('',(-6.982966722219E-15,3.56892637343E-15,-1.));
#8362 = ORIENTED_EDGE('',*,*,#7932,.T.);
#8363 = ORIENTED_EDGE('',*,*,#7373,.F.);
#8364 = ORIENTED_EDGE('',*,*,#8365,.F.);
#8365 = EDGE_CURVE('',#8366,#7366,#8368,.T.);
#8366 = VERTEX_POINT('',#8367);
#8367 = CARTESIAN_POINT('',(-1.4,0.295,-0.255));
#8368 = LINE('',#8369,#8370);
#8369 = CARTESIAN_POINT('',(-1.4,0.295,-0.255));
#8370 = VECTOR('',#8371,1.);
#8371 = DIRECTION('',(2.374999981426E-29,1.,3.401133180069E-15));
#8372 = ORIENTED_EDGE('',*,*,#8373,.F.);
#8373 = EDGE_CURVE('',#8374,#8366,#8376,.T.);
#8374 = VERTEX_POINT('',#8375);
#8375 = CARTESIAN_POINT('',(-1.4,0.295,-1.055));
#8376 = LINE('',#8377,#8378);
#8377 = CARTESIAN_POINT('',(-1.4,0.295,-0.255));
#8378 = VECTOR('',#8379,1.);
#8379 = DIRECTION('',(6.982966722219E-15,-3.381369077966E-15,1.));
#8380 = ORIENTED_EDGE('',*,*,#8381,.F.);
#8381 = EDGE_CURVE('',#8356,#8374,#8382,.T.);
#8382 = LINE('',#8383,#8384);
#8383 = CARTESIAN_POINT('',(-1.4,0.295,-1.055));
#8384 = VECTOR('',#8385,1.);
#8385 = DIRECTION('',(-4.330828134837E-29,-1.,-6.201988792323E-15));
#8386 = PLANE('',#8387);
#8387 = AXIS2_PLACEMENT_3D('',#8388,#8389,#8390);
#8388 = CARTESIAN_POINT('',(-1.4,0.445,0.195));
#8389 = DIRECTION('',(-1.,0.,6.982966722219E-15));
#8390 = DIRECTION('',(-2.438091212181E-29,-1.,-3.491483361109E-15));
#8391 = ADVANCED_FACE('',(#8392),#8403,.F.);
#8392 = FACE_BOUND('',#8393,.T.);
#8393 = EDGE_LOOP('',(#8394,#8395,#8396,#8402));
#8394 = ORIENTED_EDGE('',*,*,#7365,.F.);
#8395 = ORIENTED_EDGE('',*,*,#8186,.F.);
#8396 = ORIENTED_EDGE('',*,*,#8397,.T.);
#8397 = EDGE_CURVE('',#8179,#8366,#8398,.T.);
#8398 = LINE('',#8399,#8400);
#8399 = CARTESIAN_POINT('',(-1.6,0.295,-0.255));
#8400 = VECTOR('',#8401,1.);
#8401 = DIRECTION('',(1.,0.,-6.982966722219E-15));
#8402 = ORIENTED_EDGE('',*,*,#8365,.T.);
#8403 = PLANE('',#8404);
#8404 = AXIS2_PLACEMENT_3D('',#8405,#8406,#8407);
#8405 = CARTESIAN_POINT('',(-1.6,0.295,-0.255));
#8406 = DIRECTION('',(-6.982966722219E-15,3.401133180069E-15,-1.));
#8407 = DIRECTION('',(-2.374999981426E-29,-1.,-3.401133180069E-15));
#8408 = ADVANCED_FACE('',(#8409),#8443,.T.);
#8409 = FACE_BOUND('',#8410,.T.);
#8410 = EDGE_LOOP('',(#8411,#8412,#8420,#8428,#8436,#8442));
#8411 = ORIENTED_EDGE('',*,*,#7879,.F.);
#8412 = ORIENTED_EDGE('',*,*,#8413,.T.);
#8413 = EDGE_CURVE('',#7870,#8414,#8416,.T.);
#8414 = VERTEX_POINT('',#8415);
#8415 = CARTESIAN_POINT('',(1.4,0.495,-1.055));
#8416 = LINE('',#8417,#8418);
#8417 = CARTESIAN_POINT('',(1.4,0.495,-1.055));
#8418 = VECTOR('',#8419,1.);
#8419 = DIRECTION('',(-6.982966722219E-15,3.56892637343E-15,-1.));
#8420 = ORIENTED_EDGE('',*,*,#8421,.T.);
#8421 = EDGE_CURVE('',#8414,#8422,#8424,.T.);
#8422 = VERTEX_POINT('',#8423);
#8423 = CARTESIAN_POINT('',(1.4,0.295,-1.055));
#8424 = LINE('',#8425,#8426);
#8425 = CARTESIAN_POINT('',(1.4,0.295,-1.055));
#8426 = VECTOR('',#8427,1.);
#8427 = DIRECTION('',(-4.330828134837E-29,-1.,-6.201988792323E-15));
#8428 = ORIENTED_EDGE('',*,*,#8429,.T.);
#8429 = EDGE_CURVE('',#8422,#8430,#8432,.T.);
#8430 = VERTEX_POINT('',#8431);
#8431 = CARTESIAN_POINT('',(1.4,0.295,-0.255));
#8432 = LINE('',#8433,#8434);
#8433 = CARTESIAN_POINT('',(1.4,0.295,-0.255));
#8434 = VECTOR('',#8435,1.);
#8435 = DIRECTION('',(6.982966722219E-15,-3.381369077966E-15,1.));
#8436 = ORIENTED_EDGE('',*,*,#8437,.T.);
#8437 = EDGE_CURVE('',#8430,#7269,#8438,.T.);
#8438 = LINE('',#8439,#8440);
#8439 = CARTESIAN_POINT('',(1.4,0.295,-0.255));
#8440 = VECTOR('',#8441,1.);
#8441 = DIRECTION('',(2.374999981426E-29,1.,3.401133180069E-15));
#8442 = ORIENTED_EDGE('',*,*,#7268,.T.);
#8443 = PLANE('',#8444);
#8444 = AXIS2_PLACEMENT_3D('',#8445,#8446,#8447);
#8445 = CARTESIAN_POINT('',(1.4,0.445,0.195));
#8446 = DIRECTION('',(-1.,0.,6.982966722219E-15));
#8447 = DIRECTION('',(-2.438091212181E-29,-1.,-3.491483361109E-15));
#8448 = ADVANCED_FACE('',(#8449),#8460,.F.);
#8449 = FACE_BOUND('',#8450,.T.);
#8450 = EDGE_LOOP('',(#8451,#8452,#8453,#8459));
#8451 = ORIENTED_EDGE('',*,*,#7278,.F.);
#8452 = ORIENTED_EDGE('',*,*,#8437,.F.);
#8453 = ORIENTED_EDGE('',*,*,#8454,.T.);
#8454 = EDGE_CURVE('',#8430,#8115,#8455,.T.);
#8455 = LINE('',#8456,#8457);
#8456 = CARTESIAN_POINT('',(1.4,0.295,-0.255));
#8457 = VECTOR('',#8458,1.);
#8458 = DIRECTION('',(1.,0.,-6.982966722219E-15));
#8459 = ORIENTED_EDGE('',*,*,#8114,.T.);
#8460 = PLANE('',#8461);
#8461 = AXIS2_PLACEMENT_3D('',#8462,#8463,#8464);
#8462 = CARTESIAN_POINT('',(1.4,0.295,-0.255));
#8463 = DIRECTION('',(-6.982966722219E-15,3.401133180069E-15,-1.));
#8464 = DIRECTION('',(-2.374999981426E-29,-1.,-3.401133180069E-15));
#8465 = ADVANCED_FACE('',(#8466),#8477,.F.);
#8466 = FACE_BOUND('',#8467,.T.);
#8467 = EDGE_LOOP('',(#8468,#8469,#8470,#8476));
#8468 = ORIENTED_EDGE('',*,*,#7741,.F.);
#8469 = ORIENTED_EDGE('',*,*,#7483,.F.);
#8470 = ORIENTED_EDGE('',*,*,#8471,.T.);
#8471 = EDGE_CURVE('',#7484,#7675,#8472,.T.);
#8472 = LINE('',#8473,#8474);
#8473 = CARTESIAN_POINT('',(2.5,0.905,3.395));
#8474 = VECTOR('',#8475,1.);
#8475 = DIRECTION('',(1.,0.,-6.982966722219E-15));
#8476 = ORIENTED_EDGE('',*,*,#7674,.T.);
#8477 = PLANE('',#8478);
#8478 = AXIS2_PLACEMENT_3D('',#8479,#8480,#8481);
#8479 = CARTESIAN_POINT('',(2.5,1.555,3.395));
#8480 = DIRECTION('',(-6.982966722219E-15,3.491483361109E-15,-1.));
#8481 = DIRECTION('',(-2.438091212181E-29,-1.,-3.491483361109E-15));
#8482 = ADVANCED_FACE('',(#8483),#8489,.F.);
#8483 = FACE_BOUND('',#8484,.T.);
#8484 = EDGE_LOOP('',(#8485,#8486,#8487,#8488));
#8485 = ORIENTED_EDGE('',*,*,#8471,.F.);
#8486 = ORIENTED_EDGE('',*,*,#7515,.F.);
#8487 = ORIENTED_EDGE('',*,*,#8144,.T.);
#8488 = ORIENTED_EDGE('',*,*,#7682,.T.);
#8489 = PLANE('',#8490);
#8490 = AXIS2_PLACEMENT_3D('',#8491,#8492,#8493);
#8491 = CARTESIAN_POINT('',(2.5,0.905,3.395));
#8492 = DIRECTION('',(2.513800689087E-29,1.,3.599903578358E-15));
#8493 = DIRECTION('',(-6.982966722219E-15,3.599903578358E-15,-1.));
#8494 = ADVANCED_FACE('',(#8495),#8529,.F.);
#8495 = FACE_BOUND('',#8496,.T.);
#8496 = EDGE_LOOP('',(#8497,#8507,#8515,#8521,#8522,#8523));
#8497 = ORIENTED_EDGE('',*,*,#8498,.T.);
#8498 = EDGE_CURVE('',#8499,#8501,#8503,.T.);
#8499 = VERTEX_POINT('',#8500);
#8500 = CARTESIAN_POINT('',(2.5,2.755,0.845));
#8501 = VERTEX_POINT('',#8502);
#8502 = CARTESIAN_POINT('',(2.5,2.755,0.195));
#8503 = LINE('',#8504,#8505);
#8504 = CARTESIAN_POINT('',(2.5,2.755,0.195));
#8505 = VECTOR('',#8506,1.);
#8506 = DIRECTION('',(-6.982966722219E-15,3.491483361109E-15,-1.));
#8507 = ORIENTED_EDGE('',*,*,#8508,.T.);
#8508 = EDGE_CURVE('',#8501,#8509,#8511,.T.);
#8509 = VERTEX_POINT('',#8510);
#8510 = CARTESIAN_POINT('',(2.5,1.755,0.195));
#8511 = LINE('',#8512,#8513);
#8512 = CARTESIAN_POINT('',(2.5,2.755,0.195));
#8513 = VECTOR('',#8514,1.);
#8514 = DIRECTION('',(-2.513800689087E-29,-1.,-3.599903578358E-15));
#8515 = ORIENTED_EDGE('',*,*,#8516,.T.);
#8516 = EDGE_CURVE('',#8509,#7972,#8517,.T.);
#8517 = LINE('',#8518,#8519);
#8518 = CARTESIAN_POINT('',(2.5,1.755,0.195));
#8519 = VECTOR('',#8520,1.);
#8520 = DIRECTION('',(-6.982966722219E-15,3.491483361109E-15,-1.));
#8521 = ORIENTED_EDGE('',*,*,#7971,.T.);
#8522 = ORIENTED_EDGE('',*,*,#7601,.T.);
#8523 = ORIENTED_EDGE('',*,*,#8524,.T.);
#8524 = EDGE_CURVE('',#7594,#8499,#8525,.T.);
#8525 = LINE('',#8526,#8527);
#8526 = CARTESIAN_POINT('',(2.5,2.755,0.845));
#8527 = VECTOR('',#8528,1.);
#8528 = DIRECTION('',(-3.491483361109E-15,-0.866025403784,-0.5));
#8529 = PLANE('',#8530);
#8530 = AXIS2_PLACEMENT_3D('',#8531,#8532,#8533);
#8531 = CARTESIAN_POINT('',(2.5,2.755,-0.355));
#8532 = DIRECTION('',(-1.,0.,6.982966722219E-15));
#8533 = DIRECTION('',(-2.438091212181E-29,-1.,-3.491483361109E-15));
#8534 = ADVANCED_FACE('',(#8535),#8543,.F.);
#8535 = FACE_BOUND('',#8536,.T.);
#8536 = EDGE_LOOP('',(#8537,#8538,#8539,#8540,#8541,#8542));
#8537 = ORIENTED_EDGE('',*,*,#7837,.F.);
#8538 = ORIENTED_EDGE('',*,*,#7854,.F.);
#8539 = ORIENTED_EDGE('',*,*,#7617,.F.);
#8540 = ORIENTED_EDGE('',*,*,#7964,.F.);
#8541 = ORIENTED_EDGE('',*,*,#8025,.F.);
#8542 = ORIENTED_EDGE('',*,*,#7806,.F.);
#8543 = PLANE('',#8544);
#8544 = AXIS2_PLACEMENT_3D('',#8545,#8546,#8547);
#8545 = CARTESIAN_POINT('',(-2.5,2.755,-0.355));
#8546 = DIRECTION('',(1.,0.,-6.982966722219E-15));
#8547 = DIRECTION('',(-2.438091212181E-29,-1.,-3.491483361109E-15));
#8548 = ADVANCED_FACE('',(#8549),#8560,.F.);
#8549 = FACE_BOUND('',#8550,.T.);
#8550 = EDGE_LOOP('',(#8551,#8552,#8558,#8559));
#8551 = ORIENTED_EDGE('',*,*,#7658,.T.);
#8552 = ORIENTED_EDGE('',*,*,#8553,.F.);
#8553 = EDGE_CURVE('',#8499,#7649,#8554,.T.);
#8554 = LINE('',#8555,#8556);
#8555 = CARTESIAN_POINT('',(2.5,2.755,0.845));
#8556 = VECTOR('',#8557,1.);
#8557 = DIRECTION('',(1.,0.,-6.982966722219E-15));
#8558 = ORIENTED_EDGE('',*,*,#8524,.F.);
#8559 = ORIENTED_EDGE('',*,*,#7593,.T.);
#8560 = PLANE('',#8561);
#8561 = AXIS2_PLACEMENT_3D('',#8562,#8563,#8564);
#8562 = CARTESIAN_POINT('',(2.5,2.755,0.845));
#8563 = DIRECTION('',(6.047426575223E-15,-0.5,0.866025403784));
#8564 = DIRECTION('',(3.491483361109E-15,0.866025403784,0.5));
#8565 = ADVANCED_FACE('',(#8566),#8577,.F.);
#8566 = FACE_BOUND('',#8567,.T.);
#8567 = EDGE_LOOP('',(#8568,#8569,#8570,#8571));
#8568 = ORIENTED_EDGE('',*,*,#7705,.T.);
#8569 = ORIENTED_EDGE('',*,*,#7979,.F.);
#8570 = ORIENTED_EDGE('',*,*,#8516,.F.);
#8571 = ORIENTED_EDGE('',*,*,#8572,.T.);
#8572 = EDGE_CURVE('',#8509,#7706,#8573,.T.);
#8573 = LINE('',#8574,#8575);
#8574 = CARTESIAN_POINT('',(2.5,1.755,0.195));
#8575 = VECTOR('',#8576,1.);
#8576 = DIRECTION('',(1.,0.,-6.982966722219E-15));
#8577 = PLANE('',#8578);
#8578 = AXIS2_PLACEMENT_3D('',#8579,#8580,#8581);
#8579 = CARTESIAN_POINT('',(2.5,1.755,0.195));
#8580 = DIRECTION('',(-2.438091212181E-29,-1.,-3.491483361109E-15));
#8581 = DIRECTION('',(1.,0.,-6.982966722219E-15));
#8582 = ADVANCED_FACE('',(#8583),#8594,.F.);
#8583 = FACE_BOUND('',#8584,.T.);
#8584 = EDGE_LOOP('',(#8585,#8586,#8587,#8588));
#8585 = ORIENTED_EDGE('',*,*,#7713,.T.);
#8586 = ORIENTED_EDGE('',*,*,#8572,.F.);
#8587 = ORIENTED_EDGE('',*,*,#8508,.F.);
#8588 = ORIENTED_EDGE('',*,*,#8589,.T.);
#8589 = EDGE_CURVE('',#8501,#7651,#8590,.T.);
#8590 = LINE('',#8591,#8592);
#8591 = CARTESIAN_POINT('',(2.5,2.755,0.195));
#8592 = VECTOR('',#8593,1.);
#8593 = DIRECTION('',(1.,0.,-6.982966722219E-15));
#8594 = PLANE('',#8595);
#8595 = AXIS2_PLACEMENT_3D('',#8596,#8597,#8598);
#8596 = CARTESIAN_POINT('',(2.5,2.755,0.195));
#8597 = DIRECTION('',(6.982966722219E-15,-3.599903578358E-15,1.));
#8598 = DIRECTION('',(2.513800689087E-29,1.,3.599903578358E-15));
#8599 = ADVANCED_FACE('',(#8600),#8606,.F.);
#8600 = FACE_BOUND('',#8601,.T.);
#8601 = EDGE_LOOP('',(#8602,#8603,#8604,#8605));
#8602 = ORIENTED_EDGE('',*,*,#7648,.T.);
#8603 = ORIENTED_EDGE('',*,*,#8589,.F.);
#8604 = ORIENTED_EDGE('',*,*,#8498,.F.);
#8605 = ORIENTED_EDGE('',*,*,#8553,.T.);
#8606 = PLANE('',#8607);
#8607 = AXIS2_PLACEMENT_3D('',#8608,#8609,#8610);
#8608 = CARTESIAN_POINT('',(2.5,2.755,0.195));
#8609 = DIRECTION('',(-2.438091212181E-29,-1.,-3.491483361109E-15));
#8610 = DIRECTION('',(1.,0.,-6.982966722219E-15));
#8611 = ADVANCED_FACE('',(#8612),#8623,.F.);
#8612 = FACE_BOUND('',#8613,.T.);
#8613 = EDGE_LOOP('',(#8614,#8615,#8621,#8622));
#8614 = ORIENTED_EDGE('',*,*,#8355,.T.);
#8615 = ORIENTED_EDGE('',*,*,#8616,.F.);
#8616 = EDGE_CURVE('',#8163,#8356,#8617,.T.);
#8617 = LINE('',#8618,#8619);
#8618 = CARTESIAN_POINT('',(-1.6,0.495,-1.055));
#8619 = VECTOR('',#8620,1.);
#8620 = DIRECTION('',(1.,0.,-6.982966722219E-15));
#8621 = ORIENTED_EDGE('',*,*,#8162,.F.);
#8622 = ORIENTED_EDGE('',*,*,#7940,.T.);
#8623 = PLANE('',#8624);
#8624 = AXIS2_PLACEMENT_3D('',#8625,#8626,#8627);
#8625 = CARTESIAN_POINT('',(-1.6,0.495,-1.055));
#8626 = DIRECTION('',(-2.492169409971E-29,-1.,-3.56892637343E-15));
#8627 = DIRECTION('',(6.982966722219E-15,-3.56892637343E-15,1.));
#8628 = ADVANCED_FACE('',(#8629),#8640,.F.);
#8629 = FACE_BOUND('',#8630,.T.);
#8630 = EDGE_LOOP('',(#8631,#8632,#8638,#8639));
#8631 = ORIENTED_EDGE('',*,*,#8201,.T.);
#8632 = ORIENTED_EDGE('',*,*,#8633,.F.);
#8633 = EDGE_CURVE('',#8066,#8202,#8634,.T.);
#8634 = LINE('',#8635,#8636);
#8635 = CARTESIAN_POINT('',(0.4,0.495,-1.055));
#8636 = VECTOR('',#8637,1.);
#8637 = DIRECTION('',(1.,0.,-6.982966722219E-15));
#8638 = ORIENTED_EDGE('',*,*,#8065,.F.);
#8639 = ORIENTED_EDGE('',*,*,#7894,.T.);
#8640 = PLANE('',#8641);
#8641 = AXIS2_PLACEMENT_3D('',#8642,#8643,#8644);
#8642 = CARTESIAN_POINT('',(0.4,0.495,-1.055));
#8643 = DIRECTION('',(-2.492169409971E-29,-1.,-3.56892637343E-15));
#8644 = DIRECTION('',(6.982966722219E-15,-3.56892637343E-15,1.));
#8645 = ADVANCED_FACE('',(#8646),#8657,.F.);
#8646 = FACE_BOUND('',#8647,.T.);
#8647 = EDGE_LOOP('',(#8648,#8649,#8655,#8656));
#8648 = ORIENTED_EDGE('',*,*,#8241,.T.);
#8649 = ORIENTED_EDGE('',*,*,#8650,.F.);
#8650 = EDGE_CURVE('',#8300,#8242,#8651,.T.);
#8651 = LINE('',#8652,#8653);
#8652 = CARTESIAN_POINT('',(-0.6,0.495,-1.055));
#8653 = VECTOR('',#8654,1.);
#8654 = DIRECTION('',(1.,0.,-6.982966722219E-15));
#8655 = ORIENTED_EDGE('',*,*,#8299,.F.);
#8656 = ORIENTED_EDGE('',*,*,#7917,.T.);
#8657 = PLANE('',#8658);
#8658 = AXIS2_PLACEMENT_3D('',#8659,#8660,#8661);
#8659 = CARTESIAN_POINT('',(-0.6,0.495,-1.055));
#8660 = DIRECTION('',(-2.492169409971E-29,-1.,-3.56892637343E-15));
#8661 = DIRECTION('',(6.982966722219E-15,-3.56892637343E-15,1.));
#8662 = ADVANCED_FACE('',(#8663),#8674,.F.);
#8663 = FACE_BOUND('',#8664,.T.);
#8664 = EDGE_LOOP('',(#8665,#8666,#8672,#8673));
#8665 = ORIENTED_EDGE('',*,*,#8104,.T.);
#8666 = ORIENTED_EDGE('',*,*,#8667,.F.);
#8667 = EDGE_CURVE('',#8414,#8105,#8668,.T.);
#8668 = LINE('',#8669,#8670);
#8669 = CARTESIAN_POINT('',(1.4,0.495,-1.055));
#8670 = VECTOR('',#8671,1.);
#8671 = DIRECTION('',(1.,0.,-6.982966722219E-15));
#8672 = ORIENTED_EDGE('',*,*,#8413,.F.);
#8673 = ORIENTED_EDGE('',*,*,#7869,.T.);
#8674 = PLANE('',#8675);
#8675 = AXIS2_PLACEMENT_3D('',#8676,#8677,#8678);
#8676 = CARTESIAN_POINT('',(1.4,0.495,-1.055));
#8677 = DIRECTION('',(-2.492169409971E-29,-1.,-3.56892637343E-15));
#8678 = DIRECTION('',(6.982966722219E-15,-3.56892637343E-15,1.));
#8679 = ADVANCED_FACE('',(#8680),#8691,.F.);
#8680 = FACE_BOUND('',#8681,.T.);
#8681 = EDGE_LOOP('',(#8682,#8683,#8684,#8685));
#8682 = ORIENTED_EDGE('',*,*,#8219,.T.);
#8683 = ORIENTED_EDGE('',*,*,#8283,.F.);
#8684 = ORIENTED_EDGE('',*,*,#8081,.F.);
#8685 = ORIENTED_EDGE('',*,*,#8686,.T.);
#8686 = EDGE_CURVE('',#8074,#8220,#8687,.T.);
#8687 = LINE('',#8688,#8689);
#8688 = CARTESIAN_POINT('',(0.4,0.295,-1.055));
#8689 = VECTOR('',#8690,1.);
#8690 = DIRECTION('',(1.,0.,-6.982966722219E-15));
#8691 = PLANE('',#8692);
#8692 = AXIS2_PLACEMENT_3D('',#8693,#8694,#8695);
#8693 = CARTESIAN_POINT('',(0.4,0.295,-0.255));
#8694 = DIRECTION('',(2.361198774698E-29,1.,3.381369077966E-15));
#8695 = DIRECTION('',(-6.982966722219E-15,3.381369077966E-15,-1.));
#8696 = ADVANCED_FACE('',(#8697),#8703,.F.);
#8697 = FACE_BOUND('',#8698,.T.);
#8698 = EDGE_LOOP('',(#8699,#8700,#8701,#8702));
#8699 = ORIENTED_EDGE('',*,*,#8227,.T.);
#8700 = ORIENTED_EDGE('',*,*,#8686,.F.);
#8701 = ORIENTED_EDGE('',*,*,#8073,.F.);
#8702 = ORIENTED_EDGE('',*,*,#8633,.T.);
#8703 = PLANE('',#8704);
#8704 = AXIS2_PLACEMENT_3D('',#8705,#8706,#8707);
#8705 = CARTESIAN_POINT('',(0.4,0.295,-1.055));
#8706 = DIRECTION('',(6.982966722219E-15,-6.201988792323E-15,1.));
#8707 = DIRECTION('',(4.330828134837E-29,1.,6.201988792323E-15));
#8708 = ADVANCED_FACE('',(#8709),#8720,.F.);
#8709 = FACE_BOUND('',#8710,.T.);
#8710 = EDGE_LOOP('',(#8711,#8712,#8713,#8714));
#8711 = ORIENTED_EDGE('',*,*,#8122,.T.);
#8712 = ORIENTED_EDGE('',*,*,#8454,.F.);
#8713 = ORIENTED_EDGE('',*,*,#8429,.F.);
#8714 = ORIENTED_EDGE('',*,*,#8715,.T.);
#8715 = EDGE_CURVE('',#8422,#8123,#8716,.T.);
#8716 = LINE('',#8717,#8718);
#8717 = CARTESIAN_POINT('',(1.4,0.295,-1.055));
#8718 = VECTOR('',#8719,1.);
#8719 = DIRECTION('',(1.,0.,-6.982966722219E-15));
#8720 = PLANE('',#8721);
#8721 = AXIS2_PLACEMENT_3D('',#8722,#8723,#8724);
#8722 = CARTESIAN_POINT('',(1.4,0.295,-0.255));
#8723 = DIRECTION('',(2.361198774698E-29,1.,3.381369077966E-15));
#8724 = DIRECTION('',(-6.982966722219E-15,3.381369077966E-15,-1.));
#8725 = ADVANCED_FACE('',(#8726),#8732,.F.);
#8726 = FACE_BOUND('',#8727,.T.);
#8727 = EDGE_LOOP('',(#8728,#8729,#8730,#8731));
#8728 = ORIENTED_EDGE('',*,*,#8130,.T.);
#8729 = ORIENTED_EDGE('',*,*,#8715,.F.);
#8730 = ORIENTED_EDGE('',*,*,#8421,.F.);
#8731 = ORIENTED_EDGE('',*,*,#8667,.T.);
#8732 = PLANE('',#8733);
#8733 = AXIS2_PLACEMENT_3D('',#8734,#8735,#8736);
#8734 = CARTESIAN_POINT('',(1.4,0.295,-1.055));
#8735 = DIRECTION('',(6.982966722219E-15,-6.201988792323E-15,1.));
#8736 = DIRECTION('',(4.330828134837E-29,1.,6.201988792323E-15));
#8737 = ADVANCED_FACE('',(#8738),#8749,.F.);
#8738 = FACE_BOUND('',#8739,.T.);
#8739 = EDGE_LOOP('',(#8740,#8741,#8747,#8748));
#8740 = ORIENTED_EDGE('',*,*,#8381,.T.);
#8741 = ORIENTED_EDGE('',*,*,#8742,.F.);
#8742 = EDGE_CURVE('',#8171,#8374,#8743,.T.);
#8743 = LINE('',#8744,#8745);
#8744 = CARTESIAN_POINT('',(-1.6,0.295,-1.055));
#8745 = VECTOR('',#8746,1.);
#8746 = DIRECTION('',(1.,0.,-6.982966722219E-15));
#8747 = ORIENTED_EDGE('',*,*,#8170,.F.);
#8748 = ORIENTED_EDGE('',*,*,#8616,.T.);
#8749 = PLANE('',#8750);
#8750 = AXIS2_PLACEMENT_3D('',#8751,#8752,#8753);
#8751 = CARTESIAN_POINT('',(-1.6,0.295,-1.055));
#8752 = DIRECTION('',(6.982966722219E-15,-6.201988792323E-15,1.));
#8753 = DIRECTION('',(4.330828134837E-29,1.,6.201988792323E-15));
#8754 = ADVANCED_FACE('',(#8755),#8761,.F.);
#8755 = FACE_BOUND('',#8756,.T.);
#8756 = EDGE_LOOP('',(#8757,#8758,#8759,#8760));
#8757 = ORIENTED_EDGE('',*,*,#8373,.T.);
#8758 = ORIENTED_EDGE('',*,*,#8397,.F.);
#8759 = ORIENTED_EDGE('',*,*,#8178,.F.);
#8760 = ORIENTED_EDGE('',*,*,#8742,.T.);
#8761 = PLANE('',#8762);
#8762 = AXIS2_PLACEMENT_3D('',#8763,#8764,#8765);
#8763 = CARTESIAN_POINT('',(-1.6,0.295,-0.255));
#8764 = DIRECTION('',(2.361198774698E-29,1.,3.381369077966E-15));
#8765 = DIRECTION('',(-6.982966722219E-15,3.381369077966E-15,-1.));
#8766 = ADVANCED_FACE('',(#8767),#8778,.F.);
#8767 = FACE_BOUND('',#8768,.T.);
#8768 = EDGE_LOOP('',(#8769,#8770,#8771,#8772));
#8769 = ORIENTED_EDGE('',*,*,#8259,.T.);
#8770 = ORIENTED_EDGE('',*,*,#8340,.F.);
#8771 = ORIENTED_EDGE('',*,*,#8315,.F.);
#8772 = ORIENTED_EDGE('',*,*,#8773,.T.);
#8773 = EDGE_CURVE('',#8308,#8260,#8774,.T.);
#8774 = LINE('',#8775,#8776);
#8775 = CARTESIAN_POINT('',(-0.6,0.295,-1.055));
#8776 = VECTOR('',#8777,1.);
#8777 = DIRECTION('',(1.,0.,-6.982966722219E-15));
#8778 = PLANE('',#8779);
#8779 = AXIS2_PLACEMENT_3D('',#8780,#8781,#8782);
#8780 = CARTESIAN_POINT('',(-0.6,0.295,-0.255));
#8781 = DIRECTION('',(2.361198774698E-29,1.,3.381369077966E-15));
#8782 = DIRECTION('',(-6.982966722219E-15,3.381369077966E-15,-1.));
#8783 = ADVANCED_FACE('',(#8784),#8790,.F.);
#8784 = FACE_BOUND('',#8785,.T.);
#8785 = EDGE_LOOP('',(#8786,#8787,#8788,#8789));
#8786 = ORIENTED_EDGE('',*,*,#8267,.T.);
#8787 = ORIENTED_EDGE('',*,*,#8773,.F.);
#8788 = ORIENTED_EDGE('',*,*,#8307,.F.);
#8789 = ORIENTED_EDGE('',*,*,#8650,.T.);
#8790 = PLANE('',#8791);
#8791 = AXIS2_PLACEMENT_3D('',#8792,#8793,#8794);
#8792 = CARTESIAN_POINT('',(-0.6,0.295,-1.055));
#8793 = DIRECTION('',(6.982966722219E-15,-6.201988792323E-15,1.));
#8794 = DIRECTION('',(4.330828134837E-29,1.,6.201988792323E-15));
#8795 = ( GEOMETRIC_REPRESENTATION_CONTEXT(3) 
GLOBAL_UNCERTAINTY_ASSIGNED_CONTEXT((#8799)) 
GLOBAL_UNIT_ASSIGNED_CONTEXT((#8796,#8797,#8798)) REPRESENTATION_CONTEXT
('Context #1','3D Context with UNIT and UNCERTAINTY') );
#8796 = ( LENGTH_UNIT() NAMED_UNIT(*) SI_UNIT(.MILLI.,.METRE.) );
#8797 = ( NAMED_UNIT(*) PLANE_ANGLE_UNIT() SI_UNIT($,.RADIAN.) );
#8798 = ( NAMED_UNIT(*) SI_UNIT($,.STERADIAN.) SOLID_ANGLE_UNIT() );
#8799 = UNCERTAINTY_MEASURE_WITH_UNIT(LENGTH_MEASURE(1.E-07),#8796,
  'distance_accuracy_value','confusion accuracy');
#8800 = CONTEXT_DEPENDENT_SHAPE_REPRESENTATION(#8801,#8803);
#8801 = ( REPRESENTATION_RELATIONSHIP('','',#6038,#10) 
REPRESENTATION_RELATIONSHIP_WITH_TRANSFORMATION(#8802) 
SHAPE_REPRESENTATION_RELATIONSHIP() );
#8802 = ITEM_DEFINED_TRANSFORMATION('','',#11,#35);
#8803 = PRODUCT_DEFINITION_SHAPE('Placement','Placement of an item',
  #8804);
#8804 = NEXT_ASSEMBLY_USAGE_OCCURRENCE('6','QT1','',#5,#6033,$);
#8805 = PRODUCT_RELATED_PRODUCT_CATEGORY('part',$,(#6035));
#8806 = CONTEXT_DEPENDENT_SHAPE_REPRESENTATION(#8807,#8809);
#8807 = ( REPRESENTATION_RELATIONSHIP('','',#4346,#10) 
REPRESENTATION_RELATIONSHIP_WITH_TRANSFORMATION(#8808) 
SHAPE_REPRESENTATION_RELATIONSHIP() );
#8808 = ITEM_DEFINED_TRANSFORMATION('','',#11,#39);
#8809 = PRODUCT_DEFINITION_SHAPE('Placement','Placement of an item',
  #8810);
#8810 = NEXT_ASSEMBLY_USAGE_OCCURRENCE('7','R4','',#5,#4341,$);
#8811 = CONTEXT_DEPENDENT_SHAPE_REPRESENTATION(#8812,#8814);
#8812 = ( REPRESENTATION_RELATIONSHIP('','',#5155,#10) 
REPRESENTATION_RELATIONSHIP_WITH_TRANSFORMATION(#8813) 
SHAPE_REPRESENTATION_RELATIONSHIP() );
#8813 = ITEM_DEFINED_TRANSFORMATION('','',#11,#43);
#8814 = PRODUCT_DEFINITION_SHAPE('Placement','Placement of an item',
  #8815);
#8815 = NEXT_ASSEMBLY_USAGE_OCCURRENCE('8','C1','',#5,#5150,$);
#8816 = SHAPE_DEFINITION_REPRESENTATION(#8817,#8823);
#8817 = PRODUCT_DEFINITION_SHAPE('','',#8818);
#8818 = PRODUCT_DEFINITION('design','',#8819,#8822);
#8819 = PRODUCT_DEFINITION_FORMATION('','',#8820);
#8820 = PRODUCT('BH1750_pad','BH1750_pad','',(#8821));
#8821 = PRODUCT_CONTEXT('',#2,'mechanical');
#8822 = PRODUCT_DEFINITION_CONTEXT('part definition',#2,'design');
#8823 = SHAPE_REPRESENTATION('',(#11,#8824,#8974,#9124,#9216,#9308,#9400
    ,#9492,#9584,#9676,#9826,#10116,#10406,#10556,#10846,#10996,#11355,
    #11505,#11865,#12155,#12305,#12523,#12813,#12963,#13253,#13506,
    #13656,#13946,#14305,#14595,#14745),#15035);
#8824 = MANIFOLD_SOLID_BREP('',#8825);
#8825 = CLOSED_SHELL('',(#8826,#8866,#8897,#8928,#8950,#8962));
#8826 = ADVANCED_FACE('',(#8827),#8861,.F.);
#8827 = FACE_BOUND('',#8828,.F.);
#8828 = EDGE_LOOP('',(#8829,#8839,#8847,#8855));
#8829 = ORIENTED_EDGE('',*,*,#8830,.T.);
#8830 = EDGE_CURVE('',#8831,#8833,#8835,.T.);
#8831 = VERTEX_POINT('',#8832);
#8832 = CARTESIAN_POINT('',(-3.392,-4.775,0.));
#8833 = VERTEX_POINT('',#8834);
#8834 = CARTESIAN_POINT('',(-3.392,-4.775,-4.E-02));
#8835 = LINE('',#8836,#8837);
#8836 = CARTESIAN_POINT('',(-3.392,-4.775,0.));
#8837 = VECTOR('',#8838,1.);
#8838 = DIRECTION('',(0.,0.,-1.));
#8839 = ORIENTED_EDGE('',*,*,#8840,.T.);
#8840 = EDGE_CURVE('',#8833,#8841,#8843,.T.);
#8841 = VERTEX_POINT('',#8842);
#8842 = CARTESIAN_POINT('',(-3.392,-2.975,-4.E-02));
#8843 = LINE('',#8844,#8845);
#8844 = CARTESIAN_POINT('',(-3.392,-4.775,-4.E-02));
#8845 = VECTOR('',#8846,1.);
#8846 = DIRECTION('',(0.,1.,0.));
#8847 = ORIENTED_EDGE('',*,*,#8848,.F.);
#8848 = EDGE_CURVE('',#8849,#8841,#8851,.T.);
#8849 = VERTEX_POINT('',#8850);
#8850 = CARTESIAN_POINT('',(-3.392,-2.975,0.));
#8851 = LINE('',#8852,#8853);
#8852 = CARTESIAN_POINT('',(-3.392,-2.975,0.));
#8853 = VECTOR('',#8854,1.);
#8854 = DIRECTION('',(0.,0.,-1.));
#8855 = ORIENTED_EDGE('',*,*,#8856,.F.);
#8856 = EDGE_CURVE('',#8831,#8849,#8857,.T.);
#8857 = LINE('',#8858,#8859);
#8858 = CARTESIAN_POINT('',(-3.392,-4.775,0.));
#8859 = VECTOR('',#8860,1.);
#8860 = DIRECTION('',(0.,1.,0.));
#8861 = PLANE('',#8862);
#8862 = AXIS2_PLACEMENT_3D('',#8863,#8864,#8865);
#8863 = CARTESIAN_POINT('',(-3.392,-4.775,0.));
#8864 = DIRECTION('',(1.,-0.,0.));
#8865 = DIRECTION('',(0.,1.,0.));
#8866 = ADVANCED_FACE('',(#8867),#8892,.F.);
#8867 = FACE_BOUND('',#8868,.F.);
#8868 = EDGE_LOOP('',(#8869,#8870,#8878,#8886));
#8869 = ORIENTED_EDGE('',*,*,#8848,.T.);
#8870 = ORIENTED_EDGE('',*,*,#8871,.T.);
#8871 = EDGE_CURVE('',#8841,#8872,#8874,.T.);
#8872 = VERTEX_POINT('',#8873);
#8873 = CARTESIAN_POINT('',(-2.192,-2.975,-4.E-02));
#8874 = LINE('',#8875,#8876);
#8875 = CARTESIAN_POINT('',(-3.392,-2.975,-4.E-02));
#8876 = VECTOR('',#8877,1.);
#8877 = DIRECTION('',(1.,0.,0.));
#8878 = ORIENTED_EDGE('',*,*,#8879,.F.);
#8879 = EDGE_CURVE('',#8880,#8872,#8882,.T.);
#8880 = VERTEX_POINT('',#8881);
#8881 = CARTESIAN_POINT('',(-2.192,-2.975,0.));
#8882 = LINE('',#8883,#8884);
#8883 = CARTESIAN_POINT('',(-2.192,-2.975,0.));
#8884 = VECTOR('',#8885,1.);
#8885 = DIRECTION('',(0.,0.,-1.));
#8886 = ORIENTED_EDGE('',*,*,#8887,.F.);
#8887 = EDGE_CURVE('',#8849,#8880,#8888,.T.);
#8888 = LINE('',#8889,#8890);
#8889 = CARTESIAN_POINT('',(-3.392,-2.975,0.));
#8890 = VECTOR('',#8891,1.);
#8891 = DIRECTION('',(1.,0.,0.));
#8892 = PLANE('',#8893);
#8893 = AXIS2_PLACEMENT_3D('',#8894,#8895,#8896);
#8894 = CARTESIAN_POINT('',(-3.392,-2.975,0.));
#8895 = DIRECTION('',(0.,-1.,0.));
#8896 = DIRECTION('',(1.,0.,0.));
#8897 = ADVANCED_FACE('',(#8898),#8923,.F.);
#8898 = FACE_BOUND('',#8899,.F.);
#8899 = EDGE_LOOP('',(#8900,#8901,#8909,#8917));
#8900 = ORIENTED_EDGE('',*,*,#8879,.T.);
#8901 = ORIENTED_EDGE('',*,*,#8902,.T.);
#8902 = EDGE_CURVE('',#8872,#8903,#8905,.T.);
#8903 = VERTEX_POINT('',#8904);
#8904 = CARTESIAN_POINT('',(-2.192,-4.775,-4.E-02));
#8905 = LINE('',#8906,#8907);
#8906 = CARTESIAN_POINT('',(-2.192,-2.975,-4.E-02));
#8907 = VECTOR('',#8908,1.);
#8908 = DIRECTION('',(0.,-1.,0.));
#8909 = ORIENTED_EDGE('',*,*,#8910,.F.);
#8910 = EDGE_CURVE('',#8911,#8903,#8913,.T.);
#8911 = VERTEX_POINT('',#8912);
#8912 = CARTESIAN_POINT('',(-2.192,-4.775,0.));
#8913 = LINE('',#8914,#8915);
#8914 = CARTESIAN_POINT('',(-2.192,-4.775,0.));
#8915 = VECTOR('',#8916,1.);
#8916 = DIRECTION('',(0.,0.,-1.));
#8917 = ORIENTED_EDGE('',*,*,#8918,.F.);
#8918 = EDGE_CURVE('',#8880,#8911,#8919,.T.);
#8919 = LINE('',#8920,#8921);
#8920 = CARTESIAN_POINT('',(-2.192,-2.975,0.));
#8921 = VECTOR('',#8922,1.);
#8922 = DIRECTION('',(0.,-1.,0.));
#8923 = PLANE('',#8924);
#8924 = AXIS2_PLACEMENT_3D('',#8925,#8926,#8927);
#8925 = CARTESIAN_POINT('',(-2.192,-2.975,0.));
#8926 = DIRECTION('',(-1.,-0.,-0.));
#8927 = DIRECTION('',(0.,-1.,0.));
#8928 = ADVANCED_FACE('',(#8929),#8945,.F.);
#8929 = FACE_BOUND('',#8930,.F.);
#8930 = EDGE_LOOP('',(#8931,#8932,#8938,#8939));
#8931 = ORIENTED_EDGE('',*,*,#8910,.T.);
#8932 = ORIENTED_EDGE('',*,*,#8933,.T.);
#8933 = EDGE_CURVE('',#8903,#8833,#8934,.T.);
#8934 = LINE('',#8935,#8936);
#8935 = CARTESIAN_POINT('',(-2.192,-4.775,-4.E-02));
#8936 = VECTOR('',#8937,1.);
#8937 = DIRECTION('',(-1.,0.,0.));
#8938 = ORIENTED_EDGE('',*,*,#8830,.F.);
#8939 = ORIENTED_EDGE('',*,*,#8940,.F.);
#8940 = EDGE_CURVE('',#8911,#8831,#8941,.T.);
#8941 = LINE('',#8942,#8943);
#8942 = CARTESIAN_POINT('',(-2.192,-4.775,0.));
#8943 = VECTOR('',#8944,1.);
#8944 = DIRECTION('',(-1.,0.,0.));
#8945 = PLANE('',#8946);
#8946 = AXIS2_PLACEMENT_3D('',#8947,#8948,#8949);
#8947 = CARTESIAN_POINT('',(-2.192,-4.775,0.));
#8948 = DIRECTION('',(0.,1.,0.));
#8949 = DIRECTION('',(-1.,0.,0.));
#8950 = ADVANCED_FACE('',(#8951),#8957,.F.);
#8951 = FACE_BOUND('',#8952,.F.);
#8952 = EDGE_LOOP('',(#8953,#8954,#8955,#8956));
#8953 = ORIENTED_EDGE('',*,*,#8856,.T.);
#8954 = ORIENTED_EDGE('',*,*,#8887,.T.);
#8955 = ORIENTED_EDGE('',*,*,#8918,.T.);
#8956 = ORIENTED_EDGE('',*,*,#8940,.T.);
#8957 = PLANE('',#8958);
#8958 = AXIS2_PLACEMENT_3D('',#8959,#8960,#8961);
#8959 = CARTESIAN_POINT('',(0.,0.,0.));
#8960 = DIRECTION('',(-0.,-0.,-1.));
#8961 = DIRECTION('',(-1.,0.,0.));
#8962 = ADVANCED_FACE('',(#8963),#8969,.T.);
#8963 = FACE_BOUND('',#8964,.T.);
#8964 = EDGE_LOOP('',(#8965,#8966,#8967,#8968));
#8965 = ORIENTED_EDGE('',*,*,#8840,.T.);
#8966 = ORIENTED_EDGE('',*,*,#8871,.T.);
#8967 = ORIENTED_EDGE('',*,*,#8902,.T.);
#8968 = ORIENTED_EDGE('',*,*,#8933,.T.);
#8969 = PLANE('',#8970);
#8970 = AXIS2_PLACEMENT_3D('',#8971,#8972,#8973);
#8971 = CARTESIAN_POINT('',(0.,0.,-4.E-02));
#8972 = DIRECTION('',(-0.,-0.,-1.));
#8973 = DIRECTION('',(-1.,0.,0.));
#8974 = MANIFOLD_SOLID_BREP('',#8975);
#8975 = CLOSED_SHELL('',(#8976,#9016,#9047,#9078,#9100,#9112));
#8976 = ADVANCED_FACE('',(#8977),#9011,.F.);
#8977 = FACE_BOUND('',#8978,.F.);
#8978 = EDGE_LOOP('',(#8979,#8989,#8997,#9005));
#8979 = ORIENTED_EDGE('',*,*,#8980,.T.);
#8980 = EDGE_CURVE('',#8981,#8983,#8985,.T.);
#8981 = VERTEX_POINT('',#8982);
#8982 = CARTESIAN_POINT('',(2.208,-4.775,0.));
#8983 = VERTEX_POINT('',#8984);
#8984 = CARTESIAN_POINT('',(2.208,-4.775,-4.E-02));
#8985 = LINE('',#8986,#8987);
#8986 = CARTESIAN_POINT('',(2.208,-4.775,0.));
#8987 = VECTOR('',#8988,1.);
#8988 = DIRECTION('',(0.,0.,-1.));
#8989 = ORIENTED_EDGE('',*,*,#8990,.T.);
#8990 = EDGE_CURVE('',#8983,#8991,#8993,.T.);
#8991 = VERTEX_POINT('',#8992);
#8992 = CARTESIAN_POINT('',(2.208,-2.975,-4.E-02));
#8993 = LINE('',#8994,#8995);
#8994 = CARTESIAN_POINT('',(2.208,-4.775,-4.E-02));
#8995 = VECTOR('',#8996,1.);
#8996 = DIRECTION('',(0.,1.,0.));
#8997 = ORIENTED_EDGE('',*,*,#8998,.F.);
#8998 = EDGE_CURVE('',#8999,#8991,#9001,.T.);
#8999 = VERTEX_POINT('',#9000);
#9000 = CARTESIAN_POINT('',(2.208,-2.975,0.));
#9001 = LINE('',#9002,#9003);
#9002 = CARTESIAN_POINT('',(2.208,-2.975,0.));
#9003 = VECTOR('',#9004,1.);
#9004 = DIRECTION('',(0.,0.,-1.));
#9005 = ORIENTED_EDGE('',*,*,#9006,.F.);
#9006 = EDGE_CURVE('',#8981,#8999,#9007,.T.);
#9007 = LINE('',#9008,#9009);
#9008 = CARTESIAN_POINT('',(2.208,-4.775,0.));
#9009 = VECTOR('',#9010,1.);
#9010 = DIRECTION('',(0.,1.,0.));
#9011 = PLANE('',#9012);
#9012 = AXIS2_PLACEMENT_3D('',#9013,#9014,#9015);
#9013 = CARTESIAN_POINT('',(2.208,-4.775,0.));
#9014 = DIRECTION('',(1.,-0.,0.));
#9015 = DIRECTION('',(0.,1.,0.));
#9016 = ADVANCED_FACE('',(#9017),#9042,.F.);
#9017 = FACE_BOUND('',#9018,.F.);
#9018 = EDGE_LOOP('',(#9019,#9020,#9028,#9036));
#9019 = ORIENTED_EDGE('',*,*,#8998,.T.);
#9020 = ORIENTED_EDGE('',*,*,#9021,.T.);
#9021 = EDGE_CURVE('',#8991,#9022,#9024,.T.);
#9022 = VERTEX_POINT('',#9023);
#9023 = CARTESIAN_POINT('',(3.408,-2.975,-4.E-02));
#9024 = LINE('',#9025,#9026);
#9025 = CARTESIAN_POINT('',(2.208,-2.975,-4.E-02));
#9026 = VECTOR('',#9027,1.);
#9027 = DIRECTION('',(1.,0.,0.));
#9028 = ORIENTED_EDGE('',*,*,#9029,.F.);
#9029 = EDGE_CURVE('',#9030,#9022,#9032,.T.);
#9030 = VERTEX_POINT('',#9031);
#9031 = CARTESIAN_POINT('',(3.408,-2.975,0.));
#9032 = LINE('',#9033,#9034);
#9033 = CARTESIAN_POINT('',(3.408,-2.975,0.));
#9034 = VECTOR('',#9035,1.);
#9035 = DIRECTION('',(0.,0.,-1.));
#9036 = ORIENTED_EDGE('',*,*,#9037,.F.);
#9037 = EDGE_CURVE('',#8999,#9030,#9038,.T.);
#9038 = LINE('',#9039,#9040);
#9039 = CARTESIAN_POINT('',(2.208,-2.975,0.));
#9040 = VECTOR('',#9041,1.);
#9041 = DIRECTION('',(1.,0.,0.));
#9042 = PLANE('',#9043);
#9043 = AXIS2_PLACEMENT_3D('',#9044,#9045,#9046);
#9044 = CARTESIAN_POINT('',(2.208,-2.975,0.));
#9045 = DIRECTION('',(0.,-1.,0.));
#9046 = DIRECTION('',(1.,0.,0.));
#9047 = ADVANCED_FACE('',(#9048),#9073,.F.);
#9048 = FACE_BOUND('',#9049,.F.);
#9049 = EDGE_LOOP('',(#9050,#9051,#9059,#9067));
#9050 = ORIENTED_EDGE('',*,*,#9029,.T.);
#9051 = ORIENTED_EDGE('',*,*,#9052,.T.);
#9052 = EDGE_CURVE('',#9022,#9053,#9055,.T.);
#9053 = VERTEX_POINT('',#9054);
#9054 = CARTESIAN_POINT('',(3.408,-4.775,-4.E-02));
#9055 = LINE('',#9056,#9057);
#9056 = CARTESIAN_POINT('',(3.408,-2.975,-4.E-02));
#9057 = VECTOR('',#9058,1.);
#9058 = DIRECTION('',(0.,-1.,0.));
#9059 = ORIENTED_EDGE('',*,*,#9060,.F.);
#9060 = EDGE_CURVE('',#9061,#9053,#9063,.T.);
#9061 = VERTEX_POINT('',#9062);
#9062 = CARTESIAN_POINT('',(3.408,-4.775,0.));
#9063 = LINE('',#9064,#9065);
#9064 = CARTESIAN_POINT('',(3.408,-4.775,0.));
#9065 = VECTOR('',#9066,1.);
#9066 = DIRECTION('',(0.,0.,-1.));
#9067 = ORIENTED_EDGE('',*,*,#9068,.F.);
#9068 = EDGE_CURVE('',#9030,#9061,#9069,.T.);
#9069 = LINE('',#9070,#9071);
#9070 = CARTESIAN_POINT('',(3.408,-2.975,0.));
#9071 = VECTOR('',#9072,1.);
#9072 = DIRECTION('',(0.,-1.,0.));
#9073 = PLANE('',#9074);
#9074 = AXIS2_PLACEMENT_3D('',#9075,#9076,#9077);
#9075 = CARTESIAN_POINT('',(3.408,-2.975,0.));
#9076 = DIRECTION('',(-1.,-0.,-0.));
#9077 = DIRECTION('',(0.,-1.,0.));
#9078 = ADVANCED_FACE('',(#9079),#9095,.F.);
#9079 = FACE_BOUND('',#9080,.F.);
#9080 = EDGE_LOOP('',(#9081,#9082,#9088,#9089));
#9081 = ORIENTED_EDGE('',*,*,#9060,.T.);
#9082 = ORIENTED_EDGE('',*,*,#9083,.T.);
#9083 = EDGE_CURVE('',#9053,#8983,#9084,.T.);
#9084 = LINE('',#9085,#9086);
#9085 = CARTESIAN_POINT('',(3.408,-4.775,-4.E-02));
#9086 = VECTOR('',#9087,1.);
#9087 = DIRECTION('',(-1.,0.,0.));
#9088 = ORIENTED_EDGE('',*,*,#8980,.F.);
#9089 = ORIENTED_EDGE('',*,*,#9090,.F.);
#9090 = EDGE_CURVE('',#9061,#8981,#9091,.T.);
#9091 = LINE('',#9092,#9093);
#9092 = CARTESIAN_POINT('',(3.408,-4.775,0.));
#9093 = VECTOR('',#9094,1.);
#9094 = DIRECTION('',(-1.,0.,0.));
#9095 = PLANE('',#9096);
#9096 = AXIS2_PLACEMENT_3D('',#9097,#9098,#9099);
#9097 = CARTESIAN_POINT('',(3.408,-4.775,0.));
#9098 = DIRECTION('',(0.,1.,0.));
#9099 = DIRECTION('',(-1.,0.,0.));
#9100 = ADVANCED_FACE('',(#9101),#9107,.F.);
#9101 = FACE_BOUND('',#9102,.F.);
#9102 = EDGE_LOOP('',(#9103,#9104,#9105,#9106));
#9103 = ORIENTED_EDGE('',*,*,#9006,.T.);
#9104 = ORIENTED_EDGE('',*,*,#9037,.T.);
#9105 = ORIENTED_EDGE('',*,*,#9068,.T.);
#9106 = ORIENTED_EDGE('',*,*,#9090,.T.);
#9107 = PLANE('',#9108);
#9108 = AXIS2_PLACEMENT_3D('',#9109,#9110,#9111);
#9109 = CARTESIAN_POINT('',(0.,0.,0.));
#9110 = DIRECTION('',(-0.,-0.,-1.));
#9111 = DIRECTION('',(-1.,0.,0.));
#9112 = ADVANCED_FACE('',(#9113),#9119,.T.);
#9113 = FACE_BOUND('',#9114,.T.);
#9114 = EDGE_LOOP('',(#9115,#9116,#9117,#9118));
#9115 = ORIENTED_EDGE('',*,*,#8990,.T.);
#9116 = ORIENTED_EDGE('',*,*,#9021,.T.);
#9117 = ORIENTED_EDGE('',*,*,#9052,.T.);
#9118 = ORIENTED_EDGE('',*,*,#9083,.T.);
#9119 = PLANE('',#9120);
#9120 = AXIS2_PLACEMENT_3D('',#9121,#9122,#9123);
#9121 = CARTESIAN_POINT('',(0.,0.,-4.E-02));
#9122 = DIRECTION('',(-0.,-0.,-1.));
#9123 = DIRECTION('',(-1.,0.,0.));
#9124 = MANIFOLD_SOLID_BREP('',#9125);
#9125 = CLOSED_SHELL('',(#9126,#9159,#9179,#9199));
#9126 = ADVANCED_FACE('',(#9127),#9154,.T.);
#9127 = FACE_BOUND('',#9128,.F.);
#9128 = EDGE_LOOP('',(#9129,#9139,#9146,#9147));
#9129 = ORIENTED_EDGE('',*,*,#9130,.T.);
#9130 = EDGE_CURVE('',#9131,#9133,#9135,.T.);
#9131 = VERTEX_POINT('',#9132);
#9132 = CARTESIAN_POINT('',(8.885,0.,1.51));
#9133 = VERTEX_POINT('',#9134);
#9134 = CARTESIAN_POINT('',(8.885,0.,1.55));
#9135 = LINE('',#9136,#9137);
#9136 = CARTESIAN_POINT('',(8.885,0.,1.51));
#9137 = VECTOR('',#9138,1.);
#9138 = DIRECTION('',(0.,0.,1.));
#9139 = ORIENTED_EDGE('',*,*,#9140,.T.);
#9140 = EDGE_CURVE('',#9133,#9133,#9141,.T.);
#9141 = CIRCLE('',#9142,1.9);
#9142 = AXIS2_PLACEMENT_3D('',#9143,#9144,#9145);
#9143 = CARTESIAN_POINT('',(6.985,0.,1.55));
#9144 = DIRECTION('',(0.,0.,1.));
#9145 = DIRECTION('',(1.,0.,-0.));
#9146 = ORIENTED_EDGE('',*,*,#9130,.F.);
#9147 = ORIENTED_EDGE('',*,*,#9148,.F.);
#9148 = EDGE_CURVE('',#9131,#9131,#9149,.T.);
#9149 = CIRCLE('',#9150,1.9);
#9150 = AXIS2_PLACEMENT_3D('',#9151,#9152,#9153);
#9151 = CARTESIAN_POINT('',(6.985,-0.,1.51));
#9152 = DIRECTION('',(0.,0.,1.));
#9153 = DIRECTION('',(1.,0.,-0.));
#9154 = CYLINDRICAL_SURFACE('',#9155,1.9);
#9155 = AXIS2_PLACEMENT_3D('',#9156,#9157,#9158);
#9156 = CARTESIAN_POINT('',(6.985,-0.,1.51));
#9157 = DIRECTION('',(-0.,-0.,-1.));
#9158 = DIRECTION('',(1.,0.,-0.));
#9159 = ADVANCED_FACE('',(#9160,#9163),#9174,.F.);
#9160 = FACE_BOUND('',#9161,.F.);
#9161 = EDGE_LOOP('',(#9162));
#9162 = ORIENTED_EDGE('',*,*,#9148,.T.);
#9163 = FACE_BOUND('',#9164,.F.);
#9164 = EDGE_LOOP('',(#9165));
#9165 = ORIENTED_EDGE('',*,*,#9166,.T.);
#9166 = EDGE_CURVE('',#9167,#9167,#9169,.T.);
#9167 = VERTEX_POINT('',#9168);
#9168 = CARTESIAN_POINT('',(6.985,-1.075,1.51));
#9169 = CIRCLE('',#9170,1.075);
#9170 = AXIS2_PLACEMENT_3D('',#9171,#9172,#9173);
#9171 = CARTESIAN_POINT('',(6.985,7.216449660064E-16,1.51));
#9172 = DIRECTION('',(-0.,0.,-1.));
#9173 = DIRECTION('',(-0.,-1.,0.));
#9174 = PLANE('',#9175);
#9175 = AXIS2_PLACEMENT_3D('',#9176,#9177,#9178);
#9176 = CARTESIAN_POINT('',(0.,0.,1.51));
#9177 = DIRECTION('',(0.,0.,1.));
#9178 = DIRECTION('',(1.,0.,-0.));
#9179 = ADVANCED_FACE('',(#9180,#9183),#9194,.T.);
#9180 = FACE_BOUND('',#9181,.T.);
#9181 = EDGE_LOOP('',(#9182));
#9182 = ORIENTED_EDGE('',*,*,#9140,.T.);
#9183 = FACE_BOUND('',#9184,.T.);
#9184 = EDGE_LOOP('',(#9185));
#9185 = ORIENTED_EDGE('',*,*,#9186,.T.);
#9186 = EDGE_CURVE('',#9187,#9187,#9189,.T.);
#9187 = VERTEX_POINT('',#9188);
#9188 = CARTESIAN_POINT('',(6.985,-1.075,1.55));
#9189 = CIRCLE('',#9190,1.075);
#9190 = AXIS2_PLACEMENT_3D('',#9191,#9192,#9193);
#9191 = CARTESIAN_POINT('',(6.985,7.216449660064E-16,1.55));
#9192 = DIRECTION('',(-0.,0.,-1.));
#9193 = DIRECTION('',(-0.,-1.,0.));
#9194 = PLANE('',#9195);
#9195 = AXIS2_PLACEMENT_3D('',#9196,#9197,#9198);
#9196 = CARTESIAN_POINT('',(0.,0.,1.55));
#9197 = DIRECTION('',(0.,0.,1.));
#9198 = DIRECTION('',(1.,0.,-0.));
#9199 = ADVANCED_FACE('',(#9200),#9211,.F.);
#9200 = FACE_BOUND('',#9201,.T.);
#9201 = EDGE_LOOP('',(#9202,#9203,#9209,#9210));
#9202 = ORIENTED_EDGE('',*,*,#9166,.T.);
#9203 = ORIENTED_EDGE('',*,*,#9204,.T.);
#9204 = EDGE_CURVE('',#9167,#9187,#9205,.T.);
#9205 = LINE('',#9206,#9207);
#9206 = CARTESIAN_POINT('',(6.985,-1.075,-4.6E-02));
#9207 = VECTOR('',#9208,1.);
#9208 = DIRECTION('',(0.,0.,1.));
#9209 = ORIENTED_EDGE('',*,*,#9186,.F.);
#9210 = ORIENTED_EDGE('',*,*,#9204,.F.);
#9211 = CYLINDRICAL_SURFACE('',#9212,1.075);
#9212 = AXIS2_PLACEMENT_3D('',#9213,#9214,#9215);
#9213 = CARTESIAN_POINT('',(6.985,7.216449660064E-16,-4.6E-02));
#9214 = DIRECTION('',(-0.,-0.,-1.));
#9215 = DIRECTION('',(-0.,-1.,0.));
#9216 = MANIFOLD_SOLID_BREP('',#9217);
#9217 = CLOSED_SHELL('',(#9218,#9251,#9271,#9291));
#9218 = ADVANCED_FACE('',(#9219),#9246,.T.);
#9219 = FACE_BOUND('',#9220,.T.);
#9220 = EDGE_LOOP('',(#9221,#9231,#9238,#9239));
#9221 = ORIENTED_EDGE('',*,*,#9222,.T.);
#9222 = EDGE_CURVE('',#9223,#9225,#9227,.T.);
#9223 = VERTEX_POINT('',#9224);
#9224 = CARTESIAN_POINT('',(8.885,0.,0.));
#9225 = VERTEX_POINT('',#9226);
#9226 = CARTESIAN_POINT('',(8.885,0.,-4.E-02));
#9227 = LINE('',#9228,#9229);
#9228 = CARTESIAN_POINT('',(8.885,0.,0.));
#9229 = VECTOR('',#9230,1.);
#9230 = DIRECTION('',(0.,0.,-1.));
#9231 = ORIENTED_EDGE('',*,*,#9232,.T.);
#9232 = EDGE_CURVE('',#9225,#9225,#9233,.T.);
#9233 = CIRCLE('',#9234,1.9);
#9234 = AXIS2_PLACEMENT_3D('',#9235,#9236,#9237);
#9235 = CARTESIAN_POINT('',(6.985,0.,-4.E-02));
#9236 = DIRECTION('',(0.,0.,1.));
#9237 = DIRECTION('',(1.,0.,-0.));
#9238 = ORIENTED_EDGE('',*,*,#9222,.F.);
#9239 = ORIENTED_EDGE('',*,*,#9240,.F.);
#9240 = EDGE_CURVE('',#9223,#9223,#9241,.T.);
#9241 = CIRCLE('',#9242,1.9);
#9242 = AXIS2_PLACEMENT_3D('',#9243,#9244,#9245);
#9243 = CARTESIAN_POINT('',(6.985,-0.,0.));
#9244 = DIRECTION('',(0.,0.,1.));
#9245 = DIRECTION('',(1.,0.,-0.));
#9246 = CYLINDRICAL_SURFACE('',#9247,1.9);
#9247 = AXIS2_PLACEMENT_3D('',#9248,#9249,#9250);
#9248 = CARTESIAN_POINT('',(6.985,-0.,0.));
#9249 = DIRECTION('',(0.,0.,1.));
#9250 = DIRECTION('',(1.,0.,-0.));
#9251 = ADVANCED_FACE('',(#9252,#9255),#9266,.F.);
#9252 = FACE_BOUND('',#9253,.F.);
#9253 = EDGE_LOOP('',(#9254));
#9254 = ORIENTED_EDGE('',*,*,#9240,.F.);
#9255 = FACE_BOUND('',#9256,.F.);
#9256 = EDGE_LOOP('',(#9257));
#9257 = ORIENTED_EDGE('',*,*,#9258,.F.);
#9258 = EDGE_CURVE('',#9259,#9259,#9261,.T.);
#9259 = VERTEX_POINT('',#9260);
#9260 = CARTESIAN_POINT('',(6.985,-1.075,0.));
#9261 = CIRCLE('',#9262,1.075);
#9262 = AXIS2_PLACEMENT_3D('',#9263,#9264,#9265);
#9263 = CARTESIAN_POINT('',(6.985,7.216449660064E-16,0.));
#9264 = DIRECTION('',(-0.,0.,-1.));
#9265 = DIRECTION('',(-0.,-1.,0.));
#9266 = PLANE('',#9267);
#9267 = AXIS2_PLACEMENT_3D('',#9268,#9269,#9270);
#9268 = CARTESIAN_POINT('',(0.,0.,0.));
#9269 = DIRECTION('',(-0.,-0.,-1.));
#9270 = DIRECTION('',(-1.,0.,0.));
#9271 = ADVANCED_FACE('',(#9272,#9275),#9286,.T.);
#9272 = FACE_BOUND('',#9273,.T.);
#9273 = EDGE_LOOP('',(#9274));
#9274 = ORIENTED_EDGE('',*,*,#9232,.F.);
#9275 = FACE_BOUND('',#9276,.T.);
#9276 = EDGE_LOOP('',(#9277));
#9277 = ORIENTED_EDGE('',*,*,#9278,.F.);
#9278 = EDGE_CURVE('',#9279,#9279,#9281,.T.);
#9279 = VERTEX_POINT('',#9280);
#9280 = CARTESIAN_POINT('',(6.985,-1.075,-4.E-02));
#9281 = CIRCLE('',#9282,1.075);
#9282 = AXIS2_PLACEMENT_3D('',#9283,#9284,#9285);
#9283 = CARTESIAN_POINT('',(6.985,7.216449660064E-16,-4.E-02));
#9284 = DIRECTION('',(-0.,0.,-1.));
#9285 = DIRECTION('',(-0.,-1.,0.));
#9286 = PLANE('',#9287);
#9287 = AXIS2_PLACEMENT_3D('',#9288,#9289,#9290);
#9288 = CARTESIAN_POINT('',(0.,0.,-4.E-02));
#9289 = DIRECTION('',(-0.,-0.,-1.));
#9290 = DIRECTION('',(-1.,0.,0.));
#9291 = ADVANCED_FACE('',(#9292),#9303,.F.);
#9292 = FACE_BOUND('',#9293,.T.);
#9293 = EDGE_LOOP('',(#9294,#9295,#9301,#9302));
#9294 = ORIENTED_EDGE('',*,*,#9278,.T.);
#9295 = ORIENTED_EDGE('',*,*,#9296,.T.);
#9296 = EDGE_CURVE('',#9279,#9259,#9297,.T.);
#9297 = LINE('',#9298,#9299);
#9298 = CARTESIAN_POINT('',(6.985,-1.075,-4.6E-02));
#9299 = VECTOR('',#9300,1.);
#9300 = DIRECTION('',(0.,0.,1.));
#9301 = ORIENTED_EDGE('',*,*,#9258,.F.);
#9302 = ORIENTED_EDGE('',*,*,#9296,.F.);
#9303 = CYLINDRICAL_SURFACE('',#9304,1.075);
#9304 = AXIS2_PLACEMENT_3D('',#9305,#9306,#9307);
#9305 = CARTESIAN_POINT('',(6.985,7.216449660064E-16,-4.6E-02));
#9306 = DIRECTION('',(-0.,-0.,-1.));
#9307 = DIRECTION('',(-0.,-1.,0.));
#9308 = MANIFOLD_SOLID_BREP('',#9309);
#9309 = CLOSED_SHELL('',(#9310,#9343,#9363,#9383));
#9310 = ADVANCED_FACE('',(#9311),#9338,.T.);
#9311 = FACE_BOUND('',#9312,.F.);
#9312 = EDGE_LOOP('',(#9313,#9323,#9330,#9331));
#9313 = ORIENTED_EDGE('',*,*,#9314,.T.);
#9314 = EDGE_CURVE('',#9315,#9317,#9319,.T.);
#9315 = VERTEX_POINT('',#9316);
#9316 = CARTESIAN_POINT('',(6.985,-1.1,-4.E-02));
#9317 = VERTEX_POINT('',#9318);
#9318 = CARTESIAN_POINT('',(6.985,-1.1,1.55));
#9319 = LINE('',#9320,#9321);
#9320 = CARTESIAN_POINT('',(6.985,-1.1,-4.E-02));
#9321 = VECTOR('',#9322,1.);
#9322 = DIRECTION('',(0.,0.,1.));
#9323 = ORIENTED_EDGE('',*,*,#9324,.T.);
#9324 = EDGE_CURVE('',#9317,#9317,#9325,.T.);
#9325 = CIRCLE('',#9326,1.1);
#9326 = AXIS2_PLACEMENT_3D('',#9327,#9328,#9329);
#9327 = CARTESIAN_POINT('',(6.985,0.,1.55));
#9328 = DIRECTION('',(0.,0.,1.));
#9329 = DIRECTION('',(-0.,-1.,0.));
#9330 = ORIENTED_EDGE('',*,*,#9314,.F.);
#9331 = ORIENTED_EDGE('',*,*,#9332,.F.);
#9332 = EDGE_CURVE('',#9315,#9315,#9333,.T.);
#9333 = CIRCLE('',#9334,1.1);
#9334 = AXIS2_PLACEMENT_3D('',#9335,#9336,#9337);
#9335 = CARTESIAN_POINT('',(6.985,0.,-4.E-02));
#9336 = DIRECTION('',(0.,0.,1.));
#9337 = DIRECTION('',(-0.,-1.,0.));
#9338 = CYLINDRICAL_SURFACE('',#9339,1.1);
#9339 = AXIS2_PLACEMENT_3D('',#9340,#9341,#9342);
#9340 = CARTESIAN_POINT('',(6.985,0.,-4.E-02));
#9341 = DIRECTION('',(-0.,-0.,-1.));
#9342 = DIRECTION('',(-0.,-1.,0.));
#9343 = ADVANCED_FACE('',(#9344,#9347),#9358,.F.);
#9344 = FACE_BOUND('',#9345,.F.);
#9345 = EDGE_LOOP('',(#9346));
#9346 = ORIENTED_EDGE('',*,*,#9332,.T.);
#9347 = FACE_BOUND('',#9348,.F.);
#9348 = EDGE_LOOP('',(#9349));
#9349 = ORIENTED_EDGE('',*,*,#9350,.T.);
#9350 = EDGE_CURVE('',#9351,#9351,#9353,.T.);
#9351 = VERTEX_POINT('',#9352);
#9352 = CARTESIAN_POINT('',(6.985,-1.075,-4.E-02));
#9353 = CIRCLE('',#9354,1.075);
#9354 = AXIS2_PLACEMENT_3D('',#9355,#9356,#9357);
#9355 = CARTESIAN_POINT('',(6.985,7.216449660064E-16,-4.E-02));
#9356 = DIRECTION('',(-0.,0.,-1.));
#9357 = DIRECTION('',(-0.,-1.,0.));
#9358 = PLANE('',#9359);
#9359 = AXIS2_PLACEMENT_3D('',#9360,#9361,#9362);
#9360 = CARTESIAN_POINT('',(6.985,-1.1,-4.E-02));
#9361 = DIRECTION('',(0.,0.,1.));
#9362 = DIRECTION('',(1.,0.,-0.));
#9363 = ADVANCED_FACE('',(#9364,#9367),#9378,.T.);
#9364 = FACE_BOUND('',#9365,.T.);
#9365 = EDGE_LOOP('',(#9366));
#9366 = ORIENTED_EDGE('',*,*,#9324,.T.);
#9367 = FACE_BOUND('',#9368,.T.);
#9368 = EDGE_LOOP('',(#9369));
#9369 = ORIENTED_EDGE('',*,*,#9370,.T.);
#9370 = EDGE_CURVE('',#9371,#9371,#9373,.T.);
#9371 = VERTEX_POINT('',#9372);
#9372 = CARTESIAN_POINT('',(6.985,-1.075,1.55));
#9373 = CIRCLE('',#9374,1.075);
#9374 = AXIS2_PLACEMENT_3D('',#9375,#9376,#9377);
#9375 = CARTESIAN_POINT('',(6.985,7.216449660064E-16,1.55));
#9376 = DIRECTION('',(-0.,0.,-1.));
#9377 = DIRECTION('',(-0.,-1.,0.));
#9378 = PLANE('',#9379);
#9379 = AXIS2_PLACEMENT_3D('',#9380,#9381,#9382);
#9380 = CARTESIAN_POINT('',(6.985,-1.1,1.55));
#9381 = DIRECTION('',(0.,0.,1.));
#9382 = DIRECTION('',(1.,0.,-0.));
#9383 = ADVANCED_FACE('',(#9384),#9395,.F.);
#9384 = FACE_BOUND('',#9385,.T.);
#9385 = EDGE_LOOP('',(#9386,#9387,#9393,#9394));
#9386 = ORIENTED_EDGE('',*,*,#9350,.T.);
#9387 = ORIENTED_EDGE('',*,*,#9388,.T.);
#9388 = EDGE_CURVE('',#9351,#9371,#9389,.T.);
#9389 = LINE('',#9390,#9391);
#9390 = CARTESIAN_POINT('',(6.985,-1.075,-4.6E-02));
#9391 = VECTOR('',#9392,1.);
#9392 = DIRECTION('',(0.,0.,1.));
#9393 = ORIENTED_EDGE('',*,*,#9370,.F.);
#9394 = ORIENTED_EDGE('',*,*,#9388,.F.);
#9395 = CYLINDRICAL_SURFACE('',#9396,1.075);
#9396 = AXIS2_PLACEMENT_3D('',#9397,#9398,#9399);
#9397 = CARTESIAN_POINT('',(6.985,7.216449660064E-16,-4.6E-02));
#9398 = DIRECTION('',(-0.,-0.,-1.));
#9399 = DIRECTION('',(-0.,-1.,0.));
#9400 = MANIFOLD_SOLID_BREP('',#9401);
#9401 = CLOSED_SHELL('',(#9402,#9435,#9455,#9475));
#9402 = ADVANCED_FACE('',(#9403),#9430,.T.);
#9403 = FACE_BOUND('',#9404,.F.);
#9404 = EDGE_LOOP('',(#9405,#9415,#9422,#9423));
#9405 = ORIENTED_EDGE('',*,*,#9406,.T.);
#9406 = EDGE_CURVE('',#9407,#9409,#9411,.T.);
#9407 = VERTEX_POINT('',#9408);
#9408 = CARTESIAN_POINT('',(-5.085,0.,1.51));
#9409 = VERTEX_POINT('',#9410);
#9410 = CARTESIAN_POINT('',(-5.085,0.,1.55));
#9411 = LINE('',#9412,#9413);
#9412 = CARTESIAN_POINT('',(-5.085,0.,1.51));
#9413 = VECTOR('',#9414,1.);
#9414 = DIRECTION('',(0.,0.,1.));
#9415 = ORIENTED_EDGE('',*,*,#9416,.T.);
#9416 = EDGE_CURVE('',#9409,#9409,#9417,.T.);
#9417 = CIRCLE('',#9418,1.9);
#9418 = AXIS2_PLACEMENT_3D('',#9419,#9420,#9421);
#9419 = CARTESIAN_POINT('',(-6.985,0.,1.55));
#9420 = DIRECTION('',(0.,0.,1.));
#9421 = DIRECTION('',(1.,0.,-0.));
#9422 = ORIENTED_EDGE('',*,*,#9406,.F.);
#9423 = ORIENTED_EDGE('',*,*,#9424,.F.);
#9424 = EDGE_CURVE('',#9407,#9407,#9425,.T.);
#9425 = CIRCLE('',#9426,1.9);
#9426 = AXIS2_PLACEMENT_3D('',#9427,#9428,#9429);
#9427 = CARTESIAN_POINT('',(-6.985,-0.,1.51));
#9428 = DIRECTION('',(0.,0.,1.));
#9429 = DIRECTION('',(1.,0.,-0.));
#9430 = CYLINDRICAL_SURFACE('',#9431,1.9);
#9431 = AXIS2_PLACEMENT_3D('',#9432,#9433,#9434);
#9432 = CARTESIAN_POINT('',(-6.985,-0.,1.51));
#9433 = DIRECTION('',(-0.,-0.,-1.));
#9434 = DIRECTION('',(1.,0.,-0.));
#9435 = ADVANCED_FACE('',(#9436,#9439),#9450,.F.);
#9436 = FACE_BOUND('',#9437,.F.);
#9437 = EDGE_LOOP('',(#9438));
#9438 = ORIENTED_EDGE('',*,*,#9424,.T.);
#9439 = FACE_BOUND('',#9440,.F.);
#9440 = EDGE_LOOP('',(#9441));
#9441 = ORIENTED_EDGE('',*,*,#9442,.T.);
#9442 = EDGE_CURVE('',#9443,#9443,#9445,.T.);
#9443 = VERTEX_POINT('',#9444);
#9444 = CARTESIAN_POINT('',(-6.985,-1.075,1.51));
#9445 = CIRCLE('',#9446,1.075);
#9446 = AXIS2_PLACEMENT_3D('',#9447,#9448,#9449);
#9447 = CARTESIAN_POINT('',(-6.985,7.216449660064E-16,1.51));
#9448 = DIRECTION('',(-0.,0.,-1.));
#9449 = DIRECTION('',(-0.,-1.,0.));
#9450 = PLANE('',#9451);
#9451 = AXIS2_PLACEMENT_3D('',#9452,#9453,#9454);
#9452 = CARTESIAN_POINT('',(0.,0.,1.51));
#9453 = DIRECTION('',(0.,0.,1.));
#9454 = DIRECTION('',(1.,0.,-0.));
#9455 = ADVANCED_FACE('',(#9456,#9459),#9470,.T.);
#9456 = FACE_BOUND('',#9457,.T.);
#9457 = EDGE_LOOP('',(#9458));
#9458 = ORIENTED_EDGE('',*,*,#9416,.T.);
#9459 = FACE_BOUND('',#9460,.T.);
#9460 = EDGE_LOOP('',(#9461));
#9461 = ORIENTED_EDGE('',*,*,#9462,.T.);
#9462 = EDGE_CURVE('',#9463,#9463,#9465,.T.);
#9463 = VERTEX_POINT('',#9464);
#9464 = CARTESIAN_POINT('',(-6.985,-1.075,1.55));
#9465 = CIRCLE('',#9466,1.075);
#9466 = AXIS2_PLACEMENT_3D('',#9467,#9468,#9469);
#9467 = CARTESIAN_POINT('',(-6.985,7.216449660064E-16,1.55));
#9468 = DIRECTION('',(-0.,0.,-1.));
#9469 = DIRECTION('',(-0.,-1.,0.));
#9470 = PLANE('',#9471);
#9471 = AXIS2_PLACEMENT_3D('',#9472,#9473,#9474);
#9472 = CARTESIAN_POINT('',(0.,0.,1.55));
#9473 = DIRECTION('',(0.,0.,1.));
#9474 = DIRECTION('',(1.,0.,-0.));
#9475 = ADVANCED_FACE('',(#9476),#9487,.F.);
#9476 = FACE_BOUND('',#9477,.T.);
#9477 = EDGE_LOOP('',(#9478,#9479,#9485,#9486));
#9478 = ORIENTED_EDGE('',*,*,#9442,.T.);
#9479 = ORIENTED_EDGE('',*,*,#9480,.T.);
#9480 = EDGE_CURVE('',#9443,#9463,#9481,.T.);
#9481 = LINE('',#9482,#9483);
#9482 = CARTESIAN_POINT('',(-6.985,-1.075,-4.6E-02));
#9483 = VECTOR('',#9484,1.);
#9484 = DIRECTION('',(0.,0.,1.));
#9485 = ORIENTED_EDGE('',*,*,#9462,.F.);
#9486 = ORIENTED_EDGE('',*,*,#9480,.F.);
#9487 = CYLINDRICAL_SURFACE('',#9488,1.075);
#9488 = AXIS2_PLACEMENT_3D('',#9489,#9490,#9491);
#9489 = CARTESIAN_POINT('',(-6.985,7.216449660064E-16,-4.6E-02));
#9490 = DIRECTION('',(-0.,-0.,-1.));
#9491 = DIRECTION('',(-0.,-1.,0.));
#9492 = MANIFOLD_SOLID_BREP('',#9493);
#9493 = CLOSED_SHELL('',(#9494,#9527,#9547,#9567));
#9494 = ADVANCED_FACE('',(#9495),#9522,.T.);
#9495 = FACE_BOUND('',#9496,.T.);
#9496 = EDGE_LOOP('',(#9497,#9507,#9514,#9515));
#9497 = ORIENTED_EDGE('',*,*,#9498,.T.);
#9498 = EDGE_CURVE('',#9499,#9501,#9503,.T.);
#9499 = VERTEX_POINT('',#9500);
#9500 = CARTESIAN_POINT('',(-5.085,0.,0.));
#9501 = VERTEX_POINT('',#9502);
#9502 = CARTESIAN_POINT('',(-5.085,0.,-4.E-02));
#9503 = LINE('',#9504,#9505);
#9504 = CARTESIAN_POINT('',(-5.085,0.,0.));
#9505 = VECTOR('',#9506,1.);
#9506 = DIRECTION('',(0.,0.,-1.));
#9507 = ORIENTED_EDGE('',*,*,#9508,.T.);
#9508 = EDGE_CURVE('',#9501,#9501,#9509,.T.);
#9509 = CIRCLE('',#9510,1.9);
#9510 = AXIS2_PLACEMENT_3D('',#9511,#9512,#9513);
#9511 = CARTESIAN_POINT('',(-6.985,0.,-4.E-02));
#9512 = DIRECTION('',(0.,0.,1.));
#9513 = DIRECTION('',(1.,0.,-0.));
#9514 = ORIENTED_EDGE('',*,*,#9498,.F.);
#9515 = ORIENTED_EDGE('',*,*,#9516,.F.);
#9516 = EDGE_CURVE('',#9499,#9499,#9517,.T.);
#9517 = CIRCLE('',#9518,1.9);
#9518 = AXIS2_PLACEMENT_3D('',#9519,#9520,#9521);
#9519 = CARTESIAN_POINT('',(-6.985,-0.,0.));
#9520 = DIRECTION('',(0.,0.,1.));
#9521 = DIRECTION('',(1.,0.,-0.));
#9522 = CYLINDRICAL_SURFACE('',#9523,1.9);
#9523 = AXIS2_PLACEMENT_3D('',#9524,#9525,#9526);
#9524 = CARTESIAN_POINT('',(-6.985,-0.,0.));
#9525 = DIRECTION('',(0.,0.,1.));
#9526 = DIRECTION('',(1.,0.,-0.));
#9527 = ADVANCED_FACE('',(#9528,#9531),#9542,.F.);
#9528 = FACE_BOUND('',#9529,.F.);
#9529 = EDGE_LOOP('',(#9530));
#9530 = ORIENTED_EDGE('',*,*,#9516,.F.);
#9531 = FACE_BOUND('',#9532,.F.);
#9532 = EDGE_LOOP('',(#9533));
#9533 = ORIENTED_EDGE('',*,*,#9534,.F.);
#9534 = EDGE_CURVE('',#9535,#9535,#9537,.T.);
#9535 = VERTEX_POINT('',#9536);
#9536 = CARTESIAN_POINT('',(-6.985,-1.075,0.));
#9537 = CIRCLE('',#9538,1.075);
#9538 = AXIS2_PLACEMENT_3D('',#9539,#9540,#9541);
#9539 = CARTESIAN_POINT('',(-6.985,7.216449660064E-16,0.));
#9540 = DIRECTION('',(-0.,0.,-1.));
#9541 = DIRECTION('',(-0.,-1.,0.));
#9542 = PLANE('',#9543);
#9543 = AXIS2_PLACEMENT_3D('',#9544,#9545,#9546);
#9544 = CARTESIAN_POINT('',(0.,0.,0.));
#9545 = DIRECTION('',(-0.,-0.,-1.));
#9546 = DIRECTION('',(-1.,0.,0.));
#9547 = ADVANCED_FACE('',(#9548,#9551),#9562,.T.);
#9548 = FACE_BOUND('',#9549,.T.);
#9549 = EDGE_LOOP('',(#9550));
#9550 = ORIENTED_EDGE('',*,*,#9508,.F.);
#9551 = FACE_BOUND('',#9552,.T.);
#9552 = EDGE_LOOP('',(#9553));
#9553 = ORIENTED_EDGE('',*,*,#9554,.F.);
#9554 = EDGE_CURVE('',#9555,#9555,#9557,.T.);
#9555 = VERTEX_POINT('',#9556);
#9556 = CARTESIAN_POINT('',(-6.985,-1.075,-4.E-02));
#9557 = CIRCLE('',#9558,1.075);
#9558 = AXIS2_PLACEMENT_3D('',#9559,#9560,#9561);
#9559 = CARTESIAN_POINT('',(-6.985,7.216449660064E-16,-4.E-02));
#9560 = DIRECTION('',(-0.,0.,-1.));
#9561 = DIRECTION('',(-0.,-1.,0.));
#9562 = PLANE('',#9563);
#9563 = AXIS2_PLACEMENT_3D('',#9564,#9565,#9566);
#9564 = CARTESIAN_POINT('',(0.,0.,-4.E-02));
#9565 = DIRECTION('',(-0.,-0.,-1.));
#9566 = DIRECTION('',(-1.,0.,0.));
#9567 = ADVANCED_FACE('',(#9568),#9579,.F.);
#9568 = FACE_BOUND('',#9569,.T.);
#9569 = EDGE_LOOP('',(#9570,#9571,#9577,#9578));
#9570 = ORIENTED_EDGE('',*,*,#9554,.T.);
#9571 = ORIENTED_EDGE('',*,*,#9572,.T.);
#9572 = EDGE_CURVE('',#9555,#9535,#9573,.T.);
#9573 = LINE('',#9574,#9575);
#9574 = CARTESIAN_POINT('',(-6.985,-1.075,-4.6E-02));
#9575 = VECTOR('',#9576,1.);
#9576 = DIRECTION('',(0.,0.,1.));
#9577 = ORIENTED_EDGE('',*,*,#9534,.F.);
#9578 = ORIENTED_EDGE('',*,*,#9572,.F.);
#9579 = CYLINDRICAL_SURFACE('',#9580,1.075);
#9580 = AXIS2_PLACEMENT_3D('',#9581,#9582,#9583);
#9581 = CARTESIAN_POINT('',(-6.985,7.216449660064E-16,-4.6E-02));
#9582 = DIRECTION('',(-0.,-0.,-1.));
#9583 = DIRECTION('',(-0.,-1.,0.));
#9584 = MANIFOLD_SOLID_BREP('',#9585);
#9585 = CLOSED_SHELL('',(#9586,#9619,#9639,#9659));
#9586 = ADVANCED_FACE('',(#9587),#9614,.T.);
#9587 = FACE_BOUND('',#9588,.F.);
#9588 = EDGE_LOOP('',(#9589,#9599,#9606,#9607));
#9589 = ORIENTED_EDGE('',*,*,#9590,.T.);
#9590 = EDGE_CURVE('',#9591,#9593,#9595,.T.);
#9591 = VERTEX_POINT('',#9592);
#9592 = CARTESIAN_POINT('',(-6.985,-1.1,-4.E-02));
#9593 = VERTEX_POINT('',#9594);
#9594 = CARTESIAN_POINT('',(-6.985,-1.1,1.55));
#9595 = LINE('',#9596,#9597);
#9596 = CARTESIAN_POINT('',(-6.985,-1.1,-4.E-02));
#9597 = VECTOR('',#9598,1.);
#9598 = DIRECTION('',(0.,0.,1.));
#9599 = ORIENTED_EDGE('',*,*,#9600,.T.);
#9600 = EDGE_CURVE('',#9593,#9593,#9601,.T.);
#9601 = CIRCLE('',#9602,1.1);
#9602 = AXIS2_PLACEMENT_3D('',#9603,#9604,#9605);
#9603 = CARTESIAN_POINT('',(-6.985,0.,1.55));
#9604 = DIRECTION('',(0.,0.,1.));
#9605 = DIRECTION('',(-0.,-1.,0.));
#9606 = ORIENTED_EDGE('',*,*,#9590,.F.);
#9607 = ORIENTED_EDGE('',*,*,#9608,.F.);
#9608 = EDGE_CURVE('',#9591,#9591,#9609,.T.);
#9609 = CIRCLE('',#9610,1.1);
#9610 = AXIS2_PLACEMENT_3D('',#9611,#9612,#9613);
#9611 = CARTESIAN_POINT('',(-6.985,0.,-4.E-02));
#9612 = DIRECTION('',(0.,0.,1.));
#9613 = DIRECTION('',(-0.,-1.,0.));
#9614 = CYLINDRICAL_SURFACE('',#9615,1.1);
#9615 = AXIS2_PLACEMENT_3D('',#9616,#9617,#9618);
#9616 = CARTESIAN_POINT('',(-6.985,0.,-4.E-02));
#9617 = DIRECTION('',(-0.,-0.,-1.));
#9618 = DIRECTION('',(-0.,-1.,0.));
#9619 = ADVANCED_FACE('',(#9620,#9623),#9634,.F.);
#9620 = FACE_BOUND('',#9621,.F.);
#9621 = EDGE_LOOP('',(#9622));
#9622 = ORIENTED_EDGE('',*,*,#9608,.T.);
#9623 = FACE_BOUND('',#9624,.F.);
#9624 = EDGE_LOOP('',(#9625));
#9625 = ORIENTED_EDGE('',*,*,#9626,.T.);
#9626 = EDGE_CURVE('',#9627,#9627,#9629,.T.);
#9627 = VERTEX_POINT('',#9628);
#9628 = CARTESIAN_POINT('',(-6.985,-1.075,-4.E-02));
#9629 = CIRCLE('',#9630,1.075);
#9630 = AXIS2_PLACEMENT_3D('',#9631,#9632,#9633);
#9631 = CARTESIAN_POINT('',(-6.985,7.216449660064E-16,-4.E-02));
#9632 = DIRECTION('',(-0.,0.,-1.));
#9633 = DIRECTION('',(-0.,-1.,0.));
#9634 = PLANE('',#9635);
#9635 = AXIS2_PLACEMENT_3D('',#9636,#9637,#9638);
#9636 = CARTESIAN_POINT('',(-6.985,-1.1,-4.E-02));
#9637 = DIRECTION('',(0.,0.,1.));
#9638 = DIRECTION('',(1.,0.,-0.));
#9639 = ADVANCED_FACE('',(#9640,#9643),#9654,.T.);
#9640 = FACE_BOUND('',#9641,.T.);
#9641 = EDGE_LOOP('',(#9642));
#9642 = ORIENTED_EDGE('',*,*,#9600,.T.);
#9643 = FACE_BOUND('',#9644,.T.);
#9644 = EDGE_LOOP('',(#9645));
#9645 = ORIENTED_EDGE('',*,*,#9646,.T.);
#9646 = EDGE_CURVE('',#9647,#9647,#9649,.T.);
#9647 = VERTEX_POINT('',#9648);
#9648 = CARTESIAN_POINT('',(-6.985,-1.075,1.55));
#9649 = CIRCLE('',#9650,1.075);
#9650 = AXIS2_PLACEMENT_3D('',#9651,#9652,#9653);
#9651 = CARTESIAN_POINT('',(-6.985,7.216449660064E-16,1.55));
#9652 = DIRECTION('',(-0.,0.,-1.));
#9653 = DIRECTION('',(-0.,-1.,0.));
#9654 = PLANE('',#9655);
#9655 = AXIS2_PLACEMENT_3D('',#9656,#9657,#9658);
#9656 = CARTESIAN_POINT('',(-6.985,-1.1,1.55));
#9657 = DIRECTION('',(0.,0.,1.));
#9658 = DIRECTION('',(1.,0.,-0.));
#9659 = ADVANCED_FACE('',(#9660),#9671,.F.);
#9660 = FACE_BOUND('',#9661,.T.);
#9661 = EDGE_LOOP('',(#9662,#9663,#9669,#9670));
#9662 = ORIENTED_EDGE('',*,*,#9626,.T.);
#9663 = ORIENTED_EDGE('',*,*,#9664,.T.);
#9664 = EDGE_CURVE('',#9627,#9647,#9665,.T.);
#9665 = LINE('',#9666,#9667);
#9666 = CARTESIAN_POINT('',(-6.985,-1.075,-4.6E-02));
#9667 = VECTOR('',#9668,1.);
#9668 = DIRECTION('',(0.,0.,1.));
#9669 = ORIENTED_EDGE('',*,*,#9646,.F.);
#9670 = ORIENTED_EDGE('',*,*,#9664,.F.);
#9671 = CYLINDRICAL_SURFACE('',#9672,1.075);
#9672 = AXIS2_PLACEMENT_3D('',#9673,#9674,#9675);
#9673 = CARTESIAN_POINT('',(-6.985,7.216449660064E-16,-4.6E-02));
#9674 = DIRECTION('',(-0.,-0.,-1.));
#9675 = DIRECTION('',(-0.,-1.,0.));
#9676 = MANIFOLD_SOLID_BREP('',#9677);
#9677 = CLOSED_SHELL('',(#9678,#9718,#9749,#9780,#9802,#9814));
#9678 = ADVANCED_FACE('',(#9679),#9713,.T.);
#9679 = FACE_BOUND('',#9680,.T.);
#9680 = EDGE_LOOP('',(#9681,#9691,#9699,#9707));
#9681 = ORIENTED_EDGE('',*,*,#9682,.T.);
#9682 = EDGE_CURVE('',#9683,#9685,#9687,.T.);
#9683 = VERTEX_POINT('',#9684);
#9684 = CARTESIAN_POINT('',(1.1,0.375,1.51));
#9685 = VERTEX_POINT('',#9686);
#9686 = CARTESIAN_POINT('',(1.1,0.375,1.55));
#9687 = LINE('',#9688,#9689);
#9688 = CARTESIAN_POINT('',(1.1,0.375,1.51));
#9689 = VECTOR('',#9690,1.);
#9690 = DIRECTION('',(0.,0.,1.));
#9691 = ORIENTED_EDGE('',*,*,#9692,.T.);
#9692 = EDGE_CURVE('',#9685,#9693,#9695,.T.);
#9693 = VERTEX_POINT('',#9694);
#9694 = CARTESIAN_POINT('',(1.1,0.625,1.55));
#9695 = LINE('',#9696,#9697);
#9696 = CARTESIAN_POINT('',(1.1,0.375,1.55));
#9697 = VECTOR('',#9698,1.);
#9698 = DIRECTION('',(0.,1.,0.));
#9699 = ORIENTED_EDGE('',*,*,#9700,.F.);
#9700 = EDGE_CURVE('',#9701,#9693,#9703,.T.);
#9701 = VERTEX_POINT('',#9702);
#9702 = CARTESIAN_POINT('',(1.1,0.625,1.51));
#9703 = LINE('',#9704,#9705);
#9704 = CARTESIAN_POINT('',(1.1,0.625,1.51));
#9705 = VECTOR('',#9706,1.);
#9706 = DIRECTION('',(0.,0.,1.));
#9707 = ORIENTED_EDGE('',*,*,#9708,.F.);
#9708 = EDGE_CURVE('',#9683,#9701,#9709,.T.);
#9709 = LINE('',#9710,#9711);
#9710 = CARTESIAN_POINT('',(1.1,0.375,1.51));
#9711 = VECTOR('',#9712,1.);
#9712 = DIRECTION('',(0.,1.,0.));
#9713 = PLANE('',#9714);
#9714 = AXIS2_PLACEMENT_3D('',#9715,#9716,#9717);
#9715 = CARTESIAN_POINT('',(1.1,0.375,1.51));
#9716 = DIRECTION('',(-1.,0.,0.));
#9717 = DIRECTION('',(0.,1.,0.));
#9718 = ADVANCED_FACE('',(#9719),#9744,.T.);
#9719 = FACE_BOUND('',#9720,.T.);
#9720 = EDGE_LOOP('',(#9721,#9722,#9730,#9738));
#9721 = ORIENTED_EDGE('',*,*,#9700,.T.);
#9722 = ORIENTED_EDGE('',*,*,#9723,.T.);
#9723 = EDGE_CURVE('',#9693,#9724,#9726,.T.);
#9724 = VERTEX_POINT('',#9725);
#9725 = CARTESIAN_POINT('',(1.65,0.625,1.55));
#9726 = LINE('',#9727,#9728);
#9727 = CARTESIAN_POINT('',(1.1,0.625,1.55));
#9728 = VECTOR('',#9729,1.);
#9729 = DIRECTION('',(1.,0.,0.));
#9730 = ORIENTED_EDGE('',*,*,#9731,.F.);
#9731 = EDGE_CURVE('',#9732,#9724,#9734,.T.);
#9732 = VERTEX_POINT('',#9733);
#9733 = CARTESIAN_POINT('',(1.65,0.625,1.51));
#9734 = LINE('',#9735,#9736);
#9735 = CARTESIAN_POINT('',(1.65,0.625,1.51));
#9736 = VECTOR('',#9737,1.);
#9737 = DIRECTION('',(0.,0.,1.));
#9738 = ORIENTED_EDGE('',*,*,#9739,.F.);
#9739 = EDGE_CURVE('',#9701,#9732,#9740,.T.);
#9740 = LINE('',#9741,#9742);
#9741 = CARTESIAN_POINT('',(1.1,0.625,1.51));
#9742 = VECTOR('',#9743,1.);
#9743 = DIRECTION('',(1.,0.,0.));
#9744 = PLANE('',#9745);
#9745 = AXIS2_PLACEMENT_3D('',#9746,#9747,#9748);
#9746 = CARTESIAN_POINT('',(1.1,0.625,1.51));
#9747 = DIRECTION('',(0.,1.,0.));
#9748 = DIRECTION('',(1.,0.,0.));
#9749 = ADVANCED_FACE('',(#9750),#9775,.T.);
#9750 = FACE_BOUND('',#9751,.T.);
#9751 = EDGE_LOOP('',(#9752,#9753,#9761,#9769));
#9752 = ORIENTED_EDGE('',*,*,#9731,.T.);
#9753 = ORIENTED_EDGE('',*,*,#9754,.T.);
#9754 = EDGE_CURVE('',#9724,#9755,#9757,.T.);
#9755 = VERTEX_POINT('',#9756);
#9756 = CARTESIAN_POINT('',(1.65,0.375,1.55));
#9757 = LINE('',#9758,#9759);
#9758 = CARTESIAN_POINT('',(1.65,0.625,1.55));
#9759 = VECTOR('',#9760,1.);
#9760 = DIRECTION('',(0.,-1.,0.));
#9761 = ORIENTED_EDGE('',*,*,#9762,.F.);
#9762 = EDGE_CURVE('',#9763,#9755,#9765,.T.);
#9763 = VERTEX_POINT('',#9764);
#9764 = CARTESIAN_POINT('',(1.65,0.375,1.51));
#9765 = LINE('',#9766,#9767);
#9766 = CARTESIAN_POINT('',(1.65,0.375,1.51));
#9767 = VECTOR('',#9768,1.);
#9768 = DIRECTION('',(0.,0.,1.));
#9769 = ORIENTED_EDGE('',*,*,#9770,.F.);
#9770 = EDGE_CURVE('',#9732,#9763,#9771,.T.);
#9771 = LINE('',#9772,#9773);
#9772 = CARTESIAN_POINT('',(1.65,0.625,1.51));
#9773 = VECTOR('',#9774,1.);
#9774 = DIRECTION('',(0.,-1.,0.));
#9775 = PLANE('',#9776);
#9776 = AXIS2_PLACEMENT_3D('',#9777,#9778,#9779);
#9777 = CARTESIAN_POINT('',(1.65,0.625,1.51));
#9778 = DIRECTION('',(1.,0.,-0.));
#9779 = DIRECTION('',(0.,-1.,0.));
#9780 = ADVANCED_FACE('',(#9781),#9797,.T.);
#9781 = FACE_BOUND('',#9782,.T.);
#9782 = EDGE_LOOP('',(#9783,#9784,#9790,#9791));
#9783 = ORIENTED_EDGE('',*,*,#9762,.T.);
#9784 = ORIENTED_EDGE('',*,*,#9785,.T.);
#9785 = EDGE_CURVE('',#9755,#9685,#9786,.T.);
#9786 = LINE('',#9787,#9788);
#9787 = CARTESIAN_POINT('',(1.65,0.375,1.55));
#9788 = VECTOR('',#9789,1.);
#9789 = DIRECTION('',(-1.,0.,0.));
#9790 = ORIENTED_EDGE('',*,*,#9682,.F.);
#9791 = ORIENTED_EDGE('',*,*,#9792,.F.);
#9792 = EDGE_CURVE('',#9763,#9683,#9793,.T.);
#9793 = LINE('',#9794,#9795);
#9794 = CARTESIAN_POINT('',(1.65,0.375,1.51));
#9795 = VECTOR('',#9796,1.);
#9796 = DIRECTION('',(-1.,0.,0.));
#9797 = PLANE('',#9798);
#9798 = AXIS2_PLACEMENT_3D('',#9799,#9800,#9801);
#9799 = CARTESIAN_POINT('',(1.65,0.375,1.51));
#9800 = DIRECTION('',(0.,-1.,0.));
#9801 = DIRECTION('',(-1.,0.,0.));
#9802 = ADVANCED_FACE('',(#9803),#9809,.F.);
#9803 = FACE_BOUND('',#9804,.T.);
#9804 = EDGE_LOOP('',(#9805,#9806,#9807,#9808));
#9805 = ORIENTED_EDGE('',*,*,#9708,.T.);
#9806 = ORIENTED_EDGE('',*,*,#9739,.T.);
#9807 = ORIENTED_EDGE('',*,*,#9770,.T.);
#9808 = ORIENTED_EDGE('',*,*,#9792,.T.);
#9809 = PLANE('',#9810);
#9810 = AXIS2_PLACEMENT_3D('',#9811,#9812,#9813);
#9811 = CARTESIAN_POINT('',(0.,0.,1.51));
#9812 = DIRECTION('',(0.,0.,1.));
#9813 = DIRECTION('',(1.,0.,-0.));
#9814 = ADVANCED_FACE('',(#9815),#9821,.T.);
#9815 = FACE_BOUND('',#9816,.F.);
#9816 = EDGE_LOOP('',(#9817,#9818,#9819,#9820));
#9817 = ORIENTED_EDGE('',*,*,#9692,.T.);
#9818 = ORIENTED_EDGE('',*,*,#9723,.T.);
#9819 = ORIENTED_EDGE('',*,*,#9754,.T.);
#9820 = ORIENTED_EDGE('',*,*,#9785,.T.);
#9821 = PLANE('',#9822);
#9822 = AXIS2_PLACEMENT_3D('',#9823,#9824,#9825);
#9823 = CARTESIAN_POINT('',(0.,0.,1.55));
#9824 = DIRECTION('',(0.,0.,1.));
#9825 = DIRECTION('',(1.,0.,-0.));
#9826 = MANIFOLD_SOLID_BREP('',#9827);
#9827 = CLOSED_SHELL('',(#9828,#9870,#9901,#9934,#9965,#9998,#10029,
    #10062,#10084,#10100));
#9828 = ADVANCED_FACE('',(#9829),#9865,.T.);
#9829 = FACE_BOUND('',#9830,.F.);
#9830 = EDGE_LOOP('',(#9831,#9841,#9850,#9858));
#9831 = ORIENTED_EDGE('',*,*,#9832,.T.);
#9832 = EDGE_CURVE('',#9833,#9835,#9837,.T.);
#9833 = VERTEX_POINT('',#9834);
#9834 = CARTESIAN_POINT('',(0.287,4.2105,0.));
#9835 = VERTEX_POINT('',#9836);
#9836 = CARTESIAN_POINT('',(0.287,4.2105,-4.E-02));
#9837 = LINE('',#9838,#9839);
#9838 = CARTESIAN_POINT('',(0.287,4.2105,0.));
#9839 = VECTOR('',#9840,1.);
#9840 = DIRECTION('',(0.,0.,-1.));
#9841 = ORIENTED_EDGE('',*,*,#9842,.T.);
#9842 = EDGE_CURVE('',#9835,#9843,#9845,.T.);
#9843 = VERTEX_POINT('',#9844);
#9844 = CARTESIAN_POINT('',(0.5245,4.448,-4.E-02));
#9845 = CIRCLE('',#9846,0.237499523827);
#9846 = AXIS2_PLACEMENT_3D('',#9847,#9848,#9849);
#9847 = CARTESIAN_POINT('',(0.524499523827,4.210500476173,-4.E-02));
#9848 = DIRECTION('',(0.,0.,-1.));
#9849 = DIRECTION('',(-0.999999999998,-2.004943179041E-06,-0.));
#9850 = ORIENTED_EDGE('',*,*,#9851,.F.);
#9851 = EDGE_CURVE('',#9852,#9843,#9854,.T.);
#9852 = VERTEX_POINT('',#9853);
#9853 = CARTESIAN_POINT('',(0.5245,4.448,0.));
#9854 = LINE('',#9855,#9856);
#9855 = CARTESIAN_POINT('',(0.5245,4.448,0.));
#9856 = VECTOR('',#9857,1.);
#9857 = DIRECTION('',(0.,0.,-1.));
#9858 = ORIENTED_EDGE('',*,*,#9859,.F.);
#9859 = EDGE_CURVE('',#9833,#9852,#9860,.T.);
#9860 = CIRCLE('',#9861,0.237499523827);
#9861 = AXIS2_PLACEMENT_3D('',#9862,#9863,#9864);
#9862 = CARTESIAN_POINT('',(0.524499523827,4.210500476173,0.));
#9863 = DIRECTION('',(0.,0.,-1.));
#9864 = DIRECTION('',(-0.999999999998,-2.004943179041E-06,-0.));
#9865 = CYLINDRICAL_SURFACE('',#9866,0.237499523827);
#9866 = AXIS2_PLACEMENT_3D('',#9867,#9868,#9869);
#9867 = CARTESIAN_POINT('',(0.524499523827,4.210500476173,0.));
#9868 = DIRECTION('',(-0.,-0.,1.));
#9869 = DIRECTION('',(-0.999999999998,-2.004943179041E-06,-0.));
#9870 = ADVANCED_FACE('',(#9871),#9896,.F.);
#9871 = FACE_BOUND('',#9872,.F.);
#9872 = EDGE_LOOP('',(#9873,#9874,#9882,#9890));
#9873 = ORIENTED_EDGE('',*,*,#9851,.T.);
#9874 = ORIENTED_EDGE('',*,*,#9875,.T.);
#9875 = EDGE_CURVE('',#9843,#9876,#9878,.T.);
#9876 = VERTEX_POINT('',#9877);
#9877 = CARTESIAN_POINT('',(0.9995,4.448,-4.E-02));
#9878 = LINE('',#9879,#9880);
#9879 = CARTESIAN_POINT('',(0.5245,4.448,-4.E-02));
#9880 = VECTOR('',#9881,1.);
#9881 = DIRECTION('',(1.,0.,0.));
#9882 = ORIENTED_EDGE('',*,*,#9883,.F.);
#9883 = EDGE_CURVE('',#9884,#9876,#9886,.T.);
#9884 = VERTEX_POINT('',#9885);
#9885 = CARTESIAN_POINT('',(0.9995,4.448,0.));
#9886 = LINE('',#9887,#9888);
#9887 = CARTESIAN_POINT('',(0.9995,4.448,0.));
#9888 = VECTOR('',#9889,1.);
#9889 = DIRECTION('',(0.,0.,-1.));
#9890 = ORIENTED_EDGE('',*,*,#9891,.F.);
#9891 = EDGE_CURVE('',#9852,#9884,#9892,.T.);
#9892 = LINE('',#9893,#9894);
#9893 = CARTESIAN_POINT('',(0.5245,4.448,0.));
#9894 = VECTOR('',#9895,1.);
#9895 = DIRECTION('',(1.,0.,0.));
#9896 = PLANE('',#9897);
#9897 = AXIS2_PLACEMENT_3D('',#9898,#9899,#9900);
#9898 = CARTESIAN_POINT('',(0.5245,4.448,0.));
#9899 = DIRECTION('',(0.,-1.,0.));
#9900 = DIRECTION('',(1.,0.,0.));
#9901 = ADVANCED_FACE('',(#9902),#9929,.T.);
#9902 = FACE_BOUND('',#9903,.F.);
#9903 = EDGE_LOOP('',(#9904,#9905,#9914,#9922));
#9904 = ORIENTED_EDGE('',*,*,#9883,.T.);
#9905 = ORIENTED_EDGE('',*,*,#9906,.T.);
#9906 = EDGE_CURVE('',#9876,#9907,#9909,.T.);
#9907 = VERTEX_POINT('',#9908);
#9908 = CARTESIAN_POINT('',(1.237,4.2105,-4.E-02));
#9909 = CIRCLE('',#9910,0.237499523827);
#9910 = AXIS2_PLACEMENT_3D('',#9911,#9912,#9913);
#9911 = CARTESIAN_POINT('',(0.999500476173,4.210500476173,-4.E-02));
#9912 = DIRECTION('',(0.,0.,-1.));
#9913 = DIRECTION('',(-2.004943175769E-06,0.999999999998,0.));
#9914 = ORIENTED_EDGE('',*,*,#9915,.F.);
#9915 = EDGE_CURVE('',#9916,#9907,#9918,.T.);
#9916 = VERTEX_POINT('',#9917);
#9917 = CARTESIAN_POINT('',(1.237,4.2105,0.));
#9918 = LINE('',#9919,#9920);
#9919 = CARTESIAN_POINT('',(1.237,4.2105,0.));
#9920 = VECTOR('',#9921,1.);
#9921 = DIRECTION('',(0.,0.,-1.));
#9922 = ORIENTED_EDGE('',*,*,#9923,.F.);
#9923 = EDGE_CURVE('',#9884,#9916,#9924,.T.);
#9924 = CIRCLE('',#9925,0.237499523827);
#9925 = AXIS2_PLACEMENT_3D('',#9926,#9927,#9928);
#9926 = CARTESIAN_POINT('',(0.999500476173,4.210500476173,0.));
#9927 = DIRECTION('',(0.,0.,-1.));
#9928 = DIRECTION('',(-2.004943175769E-06,0.999999999998,0.));
#9929 = CYLINDRICAL_SURFACE('',#9930,0.237499523827);
#9930 = AXIS2_PLACEMENT_3D('',#9931,#9932,#9933);
#9931 = CARTESIAN_POINT('',(0.999500476173,4.210500476173,0.));
#9932 = DIRECTION('',(-0.,-0.,1.));
#9933 = DIRECTION('',(-2.004943175769E-06,0.999999999998,0.));
#9934 = ADVANCED_FACE('',(#9935),#9960,.F.);
#9935 = FACE_BOUND('',#9936,.F.);
#9936 = EDGE_LOOP('',(#9937,#9938,#9946,#9954));
#9937 = ORIENTED_EDGE('',*,*,#9915,.T.);
#9938 = ORIENTED_EDGE('',*,*,#9939,.T.);
#9939 = EDGE_CURVE('',#9907,#9940,#9942,.T.);
#9940 = VERTEX_POINT('',#9941);
#9941 = CARTESIAN_POINT('',(1.237,3.6105,-4.E-02));
#9942 = LINE('',#9943,#9944);
#9943 = CARTESIAN_POINT('',(1.237,4.2105,-4.E-02));
#9944 = VECTOR('',#9945,1.);
#9945 = DIRECTION('',(0.,-1.,0.));
#9946 = ORIENTED_EDGE('',*,*,#9947,.F.);
#9947 = EDGE_CURVE('',#9948,#9940,#9950,.T.);
#9948 = VERTEX_POINT('',#9949);
#9949 = CARTESIAN_POINT('',(1.237,3.6105,0.));
#9950 = LINE('',#9951,#9952);
#9951 = CARTESIAN_POINT('',(1.237,3.6105,0.));
#9952 = VECTOR('',#9953,1.);
#9953 = DIRECTION('',(0.,0.,-1.));
#9954 = ORIENTED_EDGE('',*,*,#9955,.F.);
#9955 = EDGE_CURVE('',#9916,#9948,#9956,.T.);
#9956 = LINE('',#9957,#9958);
#9957 = CARTESIAN_POINT('',(1.237,4.2105,0.));
#9958 = VECTOR('',#9959,1.);
#9959 = DIRECTION('',(0.,-1.,0.));
#9960 = PLANE('',#9961);
#9961 = AXIS2_PLACEMENT_3D('',#9962,#9963,#9964);
#9962 = CARTESIAN_POINT('',(1.237,4.2105,0.));
#9963 = DIRECTION('',(-1.,-0.,-0.));
#9964 = DIRECTION('',(0.,-1.,0.));
#9965 = ADVANCED_FACE('',(#9966),#9993,.T.);
#9966 = FACE_BOUND('',#9967,.F.);
#9967 = EDGE_LOOP('',(#9968,#9969,#9978,#9986));
#9968 = ORIENTED_EDGE('',*,*,#9947,.T.);
#9969 = ORIENTED_EDGE('',*,*,#9970,.T.);
#9970 = EDGE_CURVE('',#9940,#9971,#9973,.T.);
#9971 = VERTEX_POINT('',#9972);
#9972 = CARTESIAN_POINT('',(0.9995,3.373,-4.E-02));
#9973 = CIRCLE('',#9974,0.237499523827);
#9974 = AXIS2_PLACEMENT_3D('',#9975,#9976,#9977);
#9975 = CARTESIAN_POINT('',(0.999500476173,3.610499523827,-4.E-02));
#9976 = DIRECTION('',(0.,0.,-1.));
#9977 = DIRECTION('',(0.999999999998,2.004943177171E-06,0.));
#9978 = ORIENTED_EDGE('',*,*,#9979,.F.);
#9979 = EDGE_CURVE('',#9980,#9971,#9982,.T.);
#9980 = VERTEX_POINT('',#9981);
#9981 = CARTESIAN_POINT('',(0.9995,3.373,0.));
#9982 = LINE('',#9983,#9984);
#9983 = CARTESIAN_POINT('',(0.9995,3.373,0.));
#9984 = VECTOR('',#9985,1.);
#9985 = DIRECTION('',(0.,0.,-1.));
#9986 = ORIENTED_EDGE('',*,*,#9987,.F.);
#9987 = EDGE_CURVE('',#9948,#9980,#9988,.T.);
#9988 = CIRCLE('',#9989,0.237499523827);
#9989 = AXIS2_PLACEMENT_3D('',#9990,#9991,#9992);
#9990 = CARTESIAN_POINT('',(0.999500476173,3.610499523827,0.));
#9991 = DIRECTION('',(0.,0.,-1.));
#9992 = DIRECTION('',(0.999999999998,2.004943177171E-06,0.));
#9993 = CYLINDRICAL_SURFACE('',#9994,0.237499523827);
#9994 = AXIS2_PLACEMENT_3D('',#9995,#9996,#9997);
#9995 = CARTESIAN_POINT('',(0.999500476173,3.610499523827,0.));
#9996 = DIRECTION('',(-0.,-0.,1.));
#9997 = DIRECTION('',(0.999999999998,2.004943177171E-06,0.));
#9998 = ADVANCED_FACE('',(#9999),#10024,.F.);
#9999 = FACE_BOUND('',#10000,.F.);
#10000 = EDGE_LOOP('',(#10001,#10002,#10010,#10018));
#10001 = ORIENTED_EDGE('',*,*,#9979,.T.);
#10002 = ORIENTED_EDGE('',*,*,#10003,.T.);
#10003 = EDGE_CURVE('',#9971,#10004,#10006,.T.);
#10004 = VERTEX_POINT('',#10005);
#10005 = CARTESIAN_POINT('',(0.5245,3.373,-4.E-02));
#10006 = LINE('',#10007,#10008);
#10007 = CARTESIAN_POINT('',(0.9995,3.373,-4.E-02));
#10008 = VECTOR('',#10009,1.);
#10009 = DIRECTION('',(-1.,0.,0.));
#10010 = ORIENTED_EDGE('',*,*,#10011,.F.);
#10011 = EDGE_CURVE('',#10012,#10004,#10014,.T.);
#10012 = VERTEX_POINT('',#10013);
#10013 = CARTESIAN_POINT('',(0.5245,3.373,0.));
#10014 = LINE('',#10015,#10016);
#10015 = CARTESIAN_POINT('',(0.5245,3.373,0.));
#10016 = VECTOR('',#10017,1.);
#10017 = DIRECTION('',(0.,0.,-1.));
#10018 = ORIENTED_EDGE('',*,*,#10019,.F.);
#10019 = EDGE_CURVE('',#9980,#10012,#10020,.T.);
#10020 = LINE('',#10021,#10022);
#10021 = CARTESIAN_POINT('',(0.9995,3.373,0.));
#10022 = VECTOR('',#10023,1.);
#10023 = DIRECTION('',(-1.,0.,0.));
#10024 = PLANE('',#10025);
#10025 = AXIS2_PLACEMENT_3D('',#10026,#10027,#10028);
#10026 = CARTESIAN_POINT('',(0.9995,3.373,0.));
#10027 = DIRECTION('',(0.,1.,0.));
#10028 = DIRECTION('',(-1.,0.,0.));
#10029 = ADVANCED_FACE('',(#10030),#10057,.T.);
#10030 = FACE_BOUND('',#10031,.F.);
#10031 = EDGE_LOOP('',(#10032,#10033,#10042,#10050));
#10032 = ORIENTED_EDGE('',*,*,#10011,.T.);
#10033 = ORIENTED_EDGE('',*,*,#10034,.T.);
#10034 = EDGE_CURVE('',#10004,#10035,#10037,.T.);
#10035 = VERTEX_POINT('',#10036);
#10036 = CARTESIAN_POINT('',(0.287,3.6105,-4.E-02));
#10037 = CIRCLE('',#10038,0.237499523827);
#10038 = AXIS2_PLACEMENT_3D('',#10039,#10040,#10041);
#10039 = CARTESIAN_POINT('',(0.524499523827,3.610499523827,-4.E-02));
#10040 = DIRECTION('',(0.,0.,-1.));
#10041 = DIRECTION('',(2.004943178106E-06,-0.999999999998,0.));
#10042 = ORIENTED_EDGE('',*,*,#10043,.F.);
#10043 = EDGE_CURVE('',#10044,#10035,#10046,.T.);
#10044 = VERTEX_POINT('',#10045);
#10045 = CARTESIAN_POINT('',(0.287,3.6105,0.));
#10046 = LINE('',#10047,#10048);
#10047 = CARTESIAN_POINT('',(0.287,3.6105,0.));
#10048 = VECTOR('',#10049,1.);
#10049 = DIRECTION('',(0.,0.,-1.));
#10050 = ORIENTED_EDGE('',*,*,#10051,.F.);
#10051 = EDGE_CURVE('',#10012,#10044,#10052,.T.);
#10052 = CIRCLE('',#10053,0.237499523827);
#10053 = AXIS2_PLACEMENT_3D('',#10054,#10055,#10056);
#10054 = CARTESIAN_POINT('',(0.524499523827,3.610499523827,0.));
#10055 = DIRECTION('',(0.,0.,-1.));
#10056 = DIRECTION('',(2.004943178106E-06,-0.999999999998,0.));
#10057 = CYLINDRICAL_SURFACE('',#10058,0.237499523827);
#10058 = AXIS2_PLACEMENT_3D('',#10059,#10060,#10061);
#10059 = CARTESIAN_POINT('',(0.524499523827,3.610499523827,0.));
#10060 = DIRECTION('',(-0.,-0.,1.));
#10061 = DIRECTION('',(2.004943178106E-06,-0.999999999998,0.));
#10062 = ADVANCED_FACE('',(#10063),#10079,.F.);
#10063 = FACE_BOUND('',#10064,.F.);
#10064 = EDGE_LOOP('',(#10065,#10066,#10072,#10073));
#10065 = ORIENTED_EDGE('',*,*,#10043,.T.);
#10066 = ORIENTED_EDGE('',*,*,#10067,.T.);
#10067 = EDGE_CURVE('',#10035,#9835,#10068,.T.);
#10068 = LINE('',#10069,#10070);
#10069 = CARTESIAN_POINT('',(0.287,3.6105,-4.E-02));
#10070 = VECTOR('',#10071,1.);
#10071 = DIRECTION('',(0.,1.,0.));
#10072 = ORIENTED_EDGE('',*,*,#9832,.F.);
#10073 = ORIENTED_EDGE('',*,*,#10074,.F.);
#10074 = EDGE_CURVE('',#10044,#9833,#10075,.T.);
#10075 = LINE('',#10076,#10077);
#10076 = CARTESIAN_POINT('',(0.287,3.6105,0.));
#10077 = VECTOR('',#10078,1.);
#10078 = DIRECTION('',(0.,1.,0.));
#10079 = PLANE('',#10080);
#10080 = AXIS2_PLACEMENT_3D('',#10081,#10082,#10083);
#10081 = CARTESIAN_POINT('',(0.287,3.6105,0.));
#10082 = DIRECTION('',(1.,-0.,0.));
#10083 = DIRECTION('',(0.,1.,0.));
#10084 = ADVANCED_FACE('',(#10085),#10095,.F.);
#10085 = FACE_BOUND('',#10086,.F.);
#10086 = EDGE_LOOP('',(#10087,#10088,#10089,#10090,#10091,#10092,#10093,
    #10094));
#10087 = ORIENTED_EDGE('',*,*,#9859,.T.);
#10088 = ORIENTED_EDGE('',*,*,#9891,.T.);
#10089 = ORIENTED_EDGE('',*,*,#9923,.T.);
#10090 = ORIENTED_EDGE('',*,*,#9955,.T.);
#10091 = ORIENTED_EDGE('',*,*,#9987,.T.);
#10092 = ORIENTED_EDGE('',*,*,#10019,.T.);
#10093 = ORIENTED_EDGE('',*,*,#10051,.T.);
#10094 = ORIENTED_EDGE('',*,*,#10074,.T.);
#10095 = PLANE('',#10096);
#10096 = AXIS2_PLACEMENT_3D('',#10097,#10098,#10099);
#10097 = CARTESIAN_POINT('',(0.,0.,0.));
#10098 = DIRECTION('',(-0.,-0.,-1.));
#10099 = DIRECTION('',(-1.,0.,0.));
#10100 = ADVANCED_FACE('',(#10101),#10111,.T.);
#10101 = FACE_BOUND('',#10102,.T.);
#10102 = EDGE_LOOP('',(#10103,#10104,#10105,#10106,#10107,#10108,#10109,
    #10110));
#10103 = ORIENTED_EDGE('',*,*,#9842,.T.);
#10104 = ORIENTED_EDGE('',*,*,#9875,.T.);
#10105 = ORIENTED_EDGE('',*,*,#9906,.T.);
#10106 = ORIENTED_EDGE('',*,*,#9939,.T.);
#10107 = ORIENTED_EDGE('',*,*,#9970,.T.);
#10108 = ORIENTED_EDGE('',*,*,#10003,.T.);
#10109 = ORIENTED_EDGE('',*,*,#10034,.T.);
#10110 = ORIENTED_EDGE('',*,*,#10067,.T.);
#10111 = PLANE('',#10112);
#10112 = AXIS2_PLACEMENT_3D('',#10113,#10114,#10115);
#10113 = CARTESIAN_POINT('',(0.,0.,-4.E-02));
#10114 = DIRECTION('',(-0.,-0.,-1.));
#10115 = DIRECTION('',(-1.,0.,0.));
#10116 = MANIFOLD_SOLID_BREP('',#10117);
#10117 = CLOSED_SHELL('',(#10118,#10160,#10191,#10224,#10255,#10288,
    #10319,#10352,#10374,#10390));
#10118 = ADVANCED_FACE('',(#10119),#10155,.T.);
#10119 = FACE_BOUND('',#10120,.F.);
#10120 = EDGE_LOOP('',(#10121,#10131,#10140,#10148));
#10121 = ORIENTED_EDGE('',*,*,#10122,.T.);
#10122 = EDGE_CURVE('',#10123,#10125,#10127,.T.);
#10123 = VERTEX_POINT('',#10124);
#10124 = CARTESIAN_POINT('',(1.811,4.234,0.));
#10125 = VERTEX_POINT('',#10126);
#10126 = CARTESIAN_POINT('',(1.811,4.234,-4.E-02));
#10127 = LINE('',#10128,#10129);
#10128 = CARTESIAN_POINT('',(1.811,4.234,0.));
#10129 = VECTOR('',#10130,1.);
#10130 = DIRECTION('',(0.,0.,-1.));
#10131 = ORIENTED_EDGE('',*,*,#10132,.T.);
#10132 = EDGE_CURVE('',#10125,#10133,#10135,.T.);
#10133 = VERTEX_POINT('',#10134);
#10134 = CARTESIAN_POINT('',(2.0485,4.4715,-4.E-02));
#10135 = CIRCLE('',#10136,0.237499523827);
#10136 = AXIS2_PLACEMENT_3D('',#10137,#10138,#10139);
#10137 = CARTESIAN_POINT('',(2.048499523827,4.234000476173,-4.E-02));
#10138 = DIRECTION('',(0.,0.,-1.));
#10139 = DIRECTION('',(-0.999999999998,-2.004943179041E-06,-0.));
#10140 = ORIENTED_EDGE('',*,*,#10141,.F.);
#10141 = EDGE_CURVE('',#10142,#10133,#10144,.T.);
#10142 = VERTEX_POINT('',#10143);
#10143 = CARTESIAN_POINT('',(2.0485,4.4715,0.));
#10144 = LINE('',#10145,#10146);
#10145 = CARTESIAN_POINT('',(2.0485,4.4715,0.));
#10146 = VECTOR('',#10147,1.);
#10147 = DIRECTION('',(0.,0.,-1.));
#10148 = ORIENTED_EDGE('',*,*,#10149,.F.);
#10149 = EDGE_CURVE('',#10123,#10142,#10150,.T.);
#10150 = CIRCLE('',#10151,0.237499523827);
#10151 = AXIS2_PLACEMENT_3D('',#10152,#10153,#10154);
#10152 = CARTESIAN_POINT('',(2.048499523827,4.234000476173,0.));
#10153 = DIRECTION('',(0.,0.,-1.));
#10154 = DIRECTION('',(-0.999999999998,-2.004943179041E-06,-0.));
#10155 = CYLINDRICAL_SURFACE('',#10156,0.237499523827);
#10156 = AXIS2_PLACEMENT_3D('',#10157,#10158,#10159);
#10157 = CARTESIAN_POINT('',(2.048499523827,4.234000476173,0.));
#10158 = DIRECTION('',(-0.,-0.,1.));
#10159 = DIRECTION('',(-0.999999999998,-2.004943179041E-06,-0.));
#10160 = ADVANCED_FACE('',(#10161),#10186,.F.);
#10161 = FACE_BOUND('',#10162,.F.);
#10162 = EDGE_LOOP('',(#10163,#10164,#10172,#10180));
#10163 = ORIENTED_EDGE('',*,*,#10141,.T.);
#10164 = ORIENTED_EDGE('',*,*,#10165,.T.);
#10165 = EDGE_CURVE('',#10133,#10166,#10168,.T.);
#10166 = VERTEX_POINT('',#10167);
#10167 = CARTESIAN_POINT('',(2.5235,4.4715,-4.E-02));
#10168 = LINE('',#10169,#10170);
#10169 = CARTESIAN_POINT('',(2.0485,4.4715,-4.E-02));
#10170 = VECTOR('',#10171,1.);
#10171 = DIRECTION('',(1.,0.,0.));
#10172 = ORIENTED_EDGE('',*,*,#10173,.F.);
#10173 = EDGE_CURVE('',#10174,#10166,#10176,.T.);
#10174 = VERTEX_POINT('',#10175);
#10175 = CARTESIAN_POINT('',(2.5235,4.4715,0.));
#10176 = LINE('',#10177,#10178);
#10177 = CARTESIAN_POINT('',(2.5235,4.4715,0.));
#10178 = VECTOR('',#10179,1.);
#10179 = DIRECTION('',(0.,0.,-1.));
#10180 = ORIENTED_EDGE('',*,*,#10181,.F.);
#10181 = EDGE_CURVE('',#10142,#10174,#10182,.T.);
#10182 = LINE('',#10183,#10184);
#10183 = CARTESIAN_POINT('',(2.0485,4.4715,0.));
#10184 = VECTOR('',#10185,1.);
#10185 = DIRECTION('',(1.,0.,0.));
#10186 = PLANE('',#10187);
#10187 = AXIS2_PLACEMENT_3D('',#10188,#10189,#10190);
#10188 = CARTESIAN_POINT('',(2.0485,4.4715,0.));
#10189 = DIRECTION('',(0.,-1.,0.));
#10190 = DIRECTION('',(1.,0.,0.));
#10191 = ADVANCED_FACE('',(#10192),#10219,.T.);
#10192 = FACE_BOUND('',#10193,.F.);
#10193 = EDGE_LOOP('',(#10194,#10195,#10204,#10212));
#10194 = ORIENTED_EDGE('',*,*,#10173,.T.);
#10195 = ORIENTED_EDGE('',*,*,#10196,.T.);
#10196 = EDGE_CURVE('',#10166,#10197,#10199,.T.);
#10197 = VERTEX_POINT('',#10198);
#10198 = CARTESIAN_POINT('',(2.761,4.234,-4.E-02));
#10199 = CIRCLE('',#10200,0.237499523827);
#10200 = AXIS2_PLACEMENT_3D('',#10201,#10202,#10203);
#10201 = CARTESIAN_POINT('',(2.523500476173,4.234000476173,-4.E-02));
#10202 = DIRECTION('',(0.,0.,-1.));
#10203 = DIRECTION('',(-2.004943182781E-06,0.999999999998,0.));
#10204 = ORIENTED_EDGE('',*,*,#10205,.F.);
#10205 = EDGE_CURVE('',#10206,#10197,#10208,.T.);
#10206 = VERTEX_POINT('',#10207);
#10207 = CARTESIAN_POINT('',(2.761,4.234,0.));
#10208 = LINE('',#10209,#10210);
#10209 = CARTESIAN_POINT('',(2.761,4.234,0.));
#10210 = VECTOR('',#10211,1.);
#10211 = DIRECTION('',(0.,0.,-1.));
#10212 = ORIENTED_EDGE('',*,*,#10213,.F.);
#10213 = EDGE_CURVE('',#10174,#10206,#10214,.T.);
#10214 = CIRCLE('',#10215,0.237499523827);
#10215 = AXIS2_PLACEMENT_3D('',#10216,#10217,#10218);
#10216 = CARTESIAN_POINT('',(2.523500476173,4.234000476173,0.));
#10217 = DIRECTION('',(0.,0.,-1.));
#10218 = DIRECTION('',(-2.004943182781E-06,0.999999999998,0.));
#10219 = CYLINDRICAL_SURFACE('',#10220,0.237499523827);
#10220 = AXIS2_PLACEMENT_3D('',#10221,#10222,#10223);
#10221 = CARTESIAN_POINT('',(2.523500476173,4.234000476173,0.));
#10222 = DIRECTION('',(-0.,-0.,1.));
#10223 = DIRECTION('',(-2.004943182781E-06,0.999999999998,0.));
#10224 = ADVANCED_FACE('',(#10225),#10250,.F.);
#10225 = FACE_BOUND('',#10226,.F.);
#10226 = EDGE_LOOP('',(#10227,#10228,#10236,#10244));
#10227 = ORIENTED_EDGE('',*,*,#10205,.T.);
#10228 = ORIENTED_EDGE('',*,*,#10229,.T.);
#10229 = EDGE_CURVE('',#10197,#10230,#10232,.T.);
#10230 = VERTEX_POINT('',#10231);
#10231 = CARTESIAN_POINT('',(2.761,3.734,-4.E-02));
#10232 = LINE('',#10233,#10234);
#10233 = CARTESIAN_POINT('',(2.761,4.234,-4.E-02));
#10234 = VECTOR('',#10235,1.);
#10235 = DIRECTION('',(0.,-1.,0.));
#10236 = ORIENTED_EDGE('',*,*,#10237,.F.);
#10237 = EDGE_CURVE('',#10238,#10230,#10240,.T.);
#10238 = VERTEX_POINT('',#10239);
#10239 = CARTESIAN_POINT('',(2.761,3.734,0.));
#10240 = LINE('',#10241,#10242);
#10241 = CARTESIAN_POINT('',(2.761,3.734,0.));
#10242 = VECTOR('',#10243,1.);
#10243 = DIRECTION('',(0.,0.,-1.));
#10244 = ORIENTED_EDGE('',*,*,#10245,.F.);
#10245 = EDGE_CURVE('',#10206,#10238,#10246,.T.);
#10246 = LINE('',#10247,#10248);
#10247 = CARTESIAN_POINT('',(2.761,4.234,0.));
#10248 = VECTOR('',#10249,1.);
#10249 = DIRECTION('',(0.,-1.,0.));
#10250 = PLANE('',#10251);
#10251 = AXIS2_PLACEMENT_3D('',#10252,#10253,#10254);
#10252 = CARTESIAN_POINT('',(2.761,4.234,0.));
#10253 = DIRECTION('',(-1.,-0.,-0.));
#10254 = DIRECTION('',(0.,-1.,0.));
#10255 = ADVANCED_FACE('',(#10256),#10283,.T.);
#10256 = FACE_BOUND('',#10257,.F.);
#10257 = EDGE_LOOP('',(#10258,#10259,#10268,#10276));
#10258 = ORIENTED_EDGE('',*,*,#10237,.T.);
#10259 = ORIENTED_EDGE('',*,*,#10260,.T.);
#10260 = EDGE_CURVE('',#10230,#10261,#10263,.T.);
#10261 = VERTEX_POINT('',#10262);
#10262 = CARTESIAN_POINT('',(2.5235,3.4965,-4.E-02));
#10263 = CIRCLE('',#10264,0.237499523827);
#10264 = AXIS2_PLACEMENT_3D('',#10265,#10266,#10267);
#10265 = CARTESIAN_POINT('',(2.523500476173,3.733999523827,-4.E-02));
#10266 = DIRECTION('',(0.,0.,-1.));
#10267 = DIRECTION('',(0.999999999998,2.004943177171E-06,0.));
#10268 = ORIENTED_EDGE('',*,*,#10269,.F.);
#10269 = EDGE_CURVE('',#10270,#10261,#10272,.T.);
#10270 = VERTEX_POINT('',#10271);
#10271 = CARTESIAN_POINT('',(2.5235,3.4965,0.));
#10272 = LINE('',#10273,#10274);
#10273 = CARTESIAN_POINT('',(2.5235,3.4965,0.));
#10274 = VECTOR('',#10275,1.);
#10275 = DIRECTION('',(0.,0.,-1.));
#10276 = ORIENTED_EDGE('',*,*,#10277,.F.);
#10277 = EDGE_CURVE('',#10238,#10270,#10278,.T.);
#10278 = CIRCLE('',#10279,0.237499523827);
#10279 = AXIS2_PLACEMENT_3D('',#10280,#10281,#10282);
#10280 = CARTESIAN_POINT('',(2.523500476173,3.733999523827,0.));
#10281 = DIRECTION('',(0.,0.,-1.));
#10282 = DIRECTION('',(0.999999999998,2.004943177171E-06,0.));
#10283 = CYLINDRICAL_SURFACE('',#10284,0.237499523827);
#10284 = AXIS2_PLACEMENT_3D('',#10285,#10286,#10287);
#10285 = CARTESIAN_POINT('',(2.523500476173,3.733999523827,0.));
#10286 = DIRECTION('',(-0.,-0.,1.));
#10287 = DIRECTION('',(0.999999999998,2.004943177171E-06,0.));
#10288 = ADVANCED_FACE('',(#10289),#10314,.F.);
#10289 = FACE_BOUND('',#10290,.F.);
#10290 = EDGE_LOOP('',(#10291,#10292,#10300,#10308));
#10291 = ORIENTED_EDGE('',*,*,#10269,.T.);
#10292 = ORIENTED_EDGE('',*,*,#10293,.T.);
#10293 = EDGE_CURVE('',#10261,#10294,#10296,.T.);
#10294 = VERTEX_POINT('',#10295);
#10295 = CARTESIAN_POINT('',(2.0485,3.4965,-4.E-02));
#10296 = LINE('',#10297,#10298);
#10297 = CARTESIAN_POINT('',(2.5235,3.4965,-4.E-02));
#10298 = VECTOR('',#10299,1.);
#10299 = DIRECTION('',(-1.,0.,0.));
#10300 = ORIENTED_EDGE('',*,*,#10301,.F.);
#10301 = EDGE_CURVE('',#10302,#10294,#10304,.T.);
#10302 = VERTEX_POINT('',#10303);
#10303 = CARTESIAN_POINT('',(2.0485,3.4965,0.));
#10304 = LINE('',#10305,#10306);
#10305 = CARTESIAN_POINT('',(2.0485,3.4965,0.));
#10306 = VECTOR('',#10307,1.);
#10307 = DIRECTION('',(0.,0.,-1.));
#10308 = ORIENTED_EDGE('',*,*,#10309,.F.);
#10309 = EDGE_CURVE('',#10270,#10302,#10310,.T.);
#10310 = LINE('',#10311,#10312);
#10311 = CARTESIAN_POINT('',(2.5235,3.4965,0.));
#10312 = VECTOR('',#10313,1.);
#10313 = DIRECTION('',(-1.,0.,0.));
#10314 = PLANE('',#10315);
#10315 = AXIS2_PLACEMENT_3D('',#10316,#10317,#10318);
#10316 = CARTESIAN_POINT('',(2.5235,3.4965,0.));
#10317 = DIRECTION('',(0.,1.,0.));
#10318 = DIRECTION('',(-1.,0.,0.));
#10319 = ADVANCED_FACE('',(#10320),#10347,.T.);
#10320 = FACE_BOUND('',#10321,.F.);
#10321 = EDGE_LOOP('',(#10322,#10323,#10332,#10340));
#10322 = ORIENTED_EDGE('',*,*,#10301,.T.);
#10323 = ORIENTED_EDGE('',*,*,#10324,.T.);
#10324 = EDGE_CURVE('',#10294,#10325,#10327,.T.);
#10325 = VERTEX_POINT('',#10326);
#10326 = CARTESIAN_POINT('',(1.811,3.734,-4.E-02));
#10327 = CIRCLE('',#10328,0.237499523827);
#10328 = AXIS2_PLACEMENT_3D('',#10329,#10330,#10331);
#10329 = CARTESIAN_POINT('',(2.048499523827,3.733999523827,-4.E-02));
#10330 = DIRECTION('',(0.,0.,-1.));
#10331 = DIRECTION('',(2.004943179041E-06,-0.999999999998,0.));
#10332 = ORIENTED_EDGE('',*,*,#10333,.F.);
#10333 = EDGE_CURVE('',#10334,#10325,#10336,.T.);
#10334 = VERTEX_POINT('',#10335);
#10335 = CARTESIAN_POINT('',(1.811,3.734,0.));
#10336 = LINE('',#10337,#10338);
#10337 = CARTESIAN_POINT('',(1.811,3.734,0.));
#10338 = VECTOR('',#10339,1.);
#10339 = DIRECTION('',(0.,0.,-1.));
#10340 = ORIENTED_EDGE('',*,*,#10341,.F.);
#10341 = EDGE_CURVE('',#10302,#10334,#10342,.T.);
#10342 = CIRCLE('',#10343,0.237499523827);
#10343 = AXIS2_PLACEMENT_3D('',#10344,#10345,#10346);
#10344 = CARTESIAN_POINT('',(2.048499523827,3.733999523827,0.));
#10345 = DIRECTION('',(0.,0.,-1.));
#10346 = DIRECTION('',(2.004943179041E-06,-0.999999999998,0.));
#10347 = CYLINDRICAL_SURFACE('',#10348,0.237499523827);
#10348 = AXIS2_PLACEMENT_3D('',#10349,#10350,#10351);
#10349 = CARTESIAN_POINT('',(2.048499523827,3.733999523827,0.));
#10350 = DIRECTION('',(-0.,-0.,1.));
#10351 = DIRECTION('',(2.004943179041E-06,-0.999999999998,0.));
#10352 = ADVANCED_FACE('',(#10353),#10369,.F.);
#10353 = FACE_BOUND('',#10354,.F.);
#10354 = EDGE_LOOP('',(#10355,#10356,#10362,#10363));
#10355 = ORIENTED_EDGE('',*,*,#10333,.T.);
#10356 = ORIENTED_EDGE('',*,*,#10357,.T.);
#10357 = EDGE_CURVE('',#10325,#10125,#10358,.T.);
#10358 = LINE('',#10359,#10360);
#10359 = CARTESIAN_POINT('',(1.811,3.734,-4.E-02));
#10360 = VECTOR('',#10361,1.);
#10361 = DIRECTION('',(0.,1.,0.));
#10362 = ORIENTED_EDGE('',*,*,#10122,.F.);
#10363 = ORIENTED_EDGE('',*,*,#10364,.F.);
#10364 = EDGE_CURVE('',#10334,#10123,#10365,.T.);
#10365 = LINE('',#10366,#10367);
#10366 = CARTESIAN_POINT('',(1.811,3.734,0.));
#10367 = VECTOR('',#10368,1.);
#10368 = DIRECTION('',(0.,1.,0.));
#10369 = PLANE('',#10370);
#10370 = AXIS2_PLACEMENT_3D('',#10371,#10372,#10373);
#10371 = CARTESIAN_POINT('',(1.811,3.734,0.));
#10372 = DIRECTION('',(1.,-0.,0.));
#10373 = DIRECTION('',(0.,1.,0.));
#10374 = ADVANCED_FACE('',(#10375),#10385,.F.);
#10375 = FACE_BOUND('',#10376,.F.);
#10376 = EDGE_LOOP('',(#10377,#10378,#10379,#10380,#10381,#10382,#10383,
    #10384));
#10377 = ORIENTED_EDGE('',*,*,#10149,.T.);
#10378 = ORIENTED_EDGE('',*,*,#10181,.T.);
#10379 = ORIENTED_EDGE('',*,*,#10213,.T.);
#10380 = ORIENTED_EDGE('',*,*,#10245,.T.);
#10381 = ORIENTED_EDGE('',*,*,#10277,.T.);
#10382 = ORIENTED_EDGE('',*,*,#10309,.T.);
#10383 = ORIENTED_EDGE('',*,*,#10341,.T.);
#10384 = ORIENTED_EDGE('',*,*,#10364,.T.);
#10385 = PLANE('',#10386);
#10386 = AXIS2_PLACEMENT_3D('',#10387,#10388,#10389);
#10387 = CARTESIAN_POINT('',(0.,0.,0.));
#10388 = DIRECTION('',(-0.,-0.,-1.));
#10389 = DIRECTION('',(-1.,0.,0.));
#10390 = ADVANCED_FACE('',(#10391),#10401,.T.);
#10391 = FACE_BOUND('',#10392,.T.);
#10392 = EDGE_LOOP('',(#10393,#10394,#10395,#10396,#10397,#10398,#10399,
    #10400));
#10393 = ORIENTED_EDGE('',*,*,#10132,.T.);
#10394 = ORIENTED_EDGE('',*,*,#10165,.T.);
#10395 = ORIENTED_EDGE('',*,*,#10196,.T.);
#10396 = ORIENTED_EDGE('',*,*,#10229,.T.);
#10397 = ORIENTED_EDGE('',*,*,#10260,.T.);
#10398 = ORIENTED_EDGE('',*,*,#10293,.T.);
#10399 = ORIENTED_EDGE('',*,*,#10324,.T.);
#10400 = ORIENTED_EDGE('',*,*,#10357,.T.);
#10401 = PLANE('',#10402);
#10402 = AXIS2_PLACEMENT_3D('',#10403,#10404,#10405);
#10403 = CARTESIAN_POINT('',(0.,0.,-4.E-02));
#10404 = DIRECTION('',(-0.,-0.,-1.));
#10405 = DIRECTION('',(-1.,0.,0.));
#10406 = MANIFOLD_SOLID_BREP('',#10407);
#10407 = CLOSED_SHELL('',(#10408,#10448,#10479,#10510,#10532,#10544));
#10408 = ADVANCED_FACE('',(#10409),#10443,.F.);
#10409 = FACE_BOUND('',#10410,.F.);
#10410 = EDGE_LOOP('',(#10411,#10421,#10429,#10437));
#10411 = ORIENTED_EDGE('',*,*,#10412,.T.);
#10412 = EDGE_CURVE('',#10413,#10415,#10417,.T.);
#10413 = VERTEX_POINT('',#10414);
#10414 = CARTESIAN_POINT('',(1.208,-0.775,0.));
#10415 = VERTEX_POINT('',#10416);
#10416 = CARTESIAN_POINT('',(1.208,-0.775,-4.E-02));
#10417 = LINE('',#10418,#10419);
#10418 = CARTESIAN_POINT('',(1.208,-0.775,0.));
#10419 = VECTOR('',#10420,1.);
#10420 = DIRECTION('',(0.,0.,-1.));
#10421 = ORIENTED_EDGE('',*,*,#10422,.T.);
#10422 = EDGE_CURVE('',#10415,#10423,#10425,.T.);
#10423 = VERTEX_POINT('',#10424);
#10424 = CARTESIAN_POINT('',(1.208,0.775,-4.E-02));
#10425 = LINE('',#10426,#10427);
#10426 = CARTESIAN_POINT('',(1.208,-0.775,-4.E-02));
#10427 = VECTOR('',#10428,1.);
#10428 = DIRECTION('',(0.,1.,0.));
#10429 = ORIENTED_EDGE('',*,*,#10430,.F.);
#10430 = EDGE_CURVE('',#10431,#10423,#10433,.T.);
#10431 = VERTEX_POINT('',#10432);
#10432 = CARTESIAN_POINT('',(1.208,0.775,0.));
#10433 = LINE('',#10434,#10435);
#10434 = CARTESIAN_POINT('',(1.208,0.775,0.));
#10435 = VECTOR('',#10436,1.);
#10436 = DIRECTION('',(0.,0.,-1.));
#10437 = ORIENTED_EDGE('',*,*,#10438,.F.);
#10438 = EDGE_CURVE('',#10413,#10431,#10439,.T.);
#10439 = LINE('',#10440,#10441);
#10440 = CARTESIAN_POINT('',(1.208,-0.775,0.));
#10441 = VECTOR('',#10442,1.);
#10442 = DIRECTION('',(0.,1.,0.));
#10443 = PLANE('',#10444);
#10444 = AXIS2_PLACEMENT_3D('',#10445,#10446,#10447);
#10445 = CARTESIAN_POINT('',(1.208,-0.775,0.));
#10446 = DIRECTION('',(1.,-0.,0.));
#10447 = DIRECTION('',(0.,1.,0.));
#10448 = ADVANCED_FACE('',(#10449),#10474,.F.);
#10449 = FACE_BOUND('',#10450,.F.);
#10450 = EDGE_LOOP('',(#10451,#10452,#10460,#10468));
#10451 = ORIENTED_EDGE('',*,*,#10430,.T.);
#10452 = ORIENTED_EDGE('',*,*,#10453,.T.);
#10453 = EDGE_CURVE('',#10423,#10454,#10456,.T.);
#10454 = VERTEX_POINT('',#10455);
#10455 = CARTESIAN_POINT('',(1.808,0.775,-4.E-02));
#10456 = LINE('',#10457,#10458);
#10457 = CARTESIAN_POINT('',(1.208,0.775,-4.E-02));
#10458 = VECTOR('',#10459,1.);
#10459 = DIRECTION('',(1.,0.,0.));
#10460 = ORIENTED_EDGE('',*,*,#10461,.F.);
#10461 = EDGE_CURVE('',#10462,#10454,#10464,.T.);
#10462 = VERTEX_POINT('',#10463);
#10463 = CARTESIAN_POINT('',(1.808,0.775,0.));
#10464 = LINE('',#10465,#10466);
#10465 = CARTESIAN_POINT('',(1.808,0.775,0.));
#10466 = VECTOR('',#10467,1.);
#10467 = DIRECTION('',(0.,0.,-1.));
#10468 = ORIENTED_EDGE('',*,*,#10469,.F.);
#10469 = EDGE_CURVE('',#10431,#10462,#10470,.T.);
#10470 = LINE('',#10471,#10472);
#10471 = CARTESIAN_POINT('',(1.208,0.775,0.));
#10472 = VECTOR('',#10473,1.);
#10473 = DIRECTION('',(1.,0.,0.));
#10474 = PLANE('',#10475);
#10475 = AXIS2_PLACEMENT_3D('',#10476,#10477,#10478);
#10476 = CARTESIAN_POINT('',(1.208,0.775,0.));
#10477 = DIRECTION('',(0.,-1.,0.));
#10478 = DIRECTION('',(1.,0.,0.));
#10479 = ADVANCED_FACE('',(#10480),#10505,.F.);
#10480 = FACE_BOUND('',#10481,.F.);
#10481 = EDGE_LOOP('',(#10482,#10483,#10491,#10499));
#10482 = ORIENTED_EDGE('',*,*,#10461,.T.);
#10483 = ORIENTED_EDGE('',*,*,#10484,.T.);
#10484 = EDGE_CURVE('',#10454,#10485,#10487,.T.);
#10485 = VERTEX_POINT('',#10486);
#10486 = CARTESIAN_POINT('',(1.808,-0.775,-4.E-02));
#10487 = LINE('',#10488,#10489);
#10488 = CARTESIAN_POINT('',(1.808,0.775,-4.E-02));
#10489 = VECTOR('',#10490,1.);
#10490 = DIRECTION('',(0.,-1.,0.));
#10491 = ORIENTED_EDGE('',*,*,#10492,.F.);
#10492 = EDGE_CURVE('',#10493,#10485,#10495,.T.);
#10493 = VERTEX_POINT('',#10494);
#10494 = CARTESIAN_POINT('',(1.808,-0.775,0.));
#10495 = LINE('',#10496,#10497);
#10496 = CARTESIAN_POINT('',(1.808,-0.775,0.));
#10497 = VECTOR('',#10498,1.);
#10498 = DIRECTION('',(0.,0.,-1.));
#10499 = ORIENTED_EDGE('',*,*,#10500,.F.);
#10500 = EDGE_CURVE('',#10462,#10493,#10501,.T.);
#10501 = LINE('',#10502,#10503);
#10502 = CARTESIAN_POINT('',(1.808,0.775,0.));
#10503 = VECTOR('',#10504,1.);
#10504 = DIRECTION('',(0.,-1.,0.));
#10505 = PLANE('',#10506);
#10506 = AXIS2_PLACEMENT_3D('',#10507,#10508,#10509);
#10507 = CARTESIAN_POINT('',(1.808,0.775,0.));
#10508 = DIRECTION('',(-1.,-0.,-0.));
#10509 = DIRECTION('',(0.,-1.,0.));
#10510 = ADVANCED_FACE('',(#10511),#10527,.F.);
#10511 = FACE_BOUND('',#10512,.F.);
#10512 = EDGE_LOOP('',(#10513,#10514,#10520,#10521));
#10513 = ORIENTED_EDGE('',*,*,#10492,.T.);
#10514 = ORIENTED_EDGE('',*,*,#10515,.T.);
#10515 = EDGE_CURVE('',#10485,#10415,#10516,.T.);
#10516 = LINE('',#10517,#10518);
#10517 = CARTESIAN_POINT('',(1.808,-0.775,-4.E-02));
#10518 = VECTOR('',#10519,1.);
#10519 = DIRECTION('',(-1.,0.,0.));
#10520 = ORIENTED_EDGE('',*,*,#10412,.F.);
#10521 = ORIENTED_EDGE('',*,*,#10522,.F.);
#10522 = EDGE_CURVE('',#10493,#10413,#10523,.T.);
#10523 = LINE('',#10524,#10525);
#10524 = CARTESIAN_POINT('',(1.808,-0.775,0.));
#10525 = VECTOR('',#10526,1.);
#10526 = DIRECTION('',(-1.,0.,0.));
#10527 = PLANE('',#10528);
#10528 = AXIS2_PLACEMENT_3D('',#10529,#10530,#10531);
#10529 = CARTESIAN_POINT('',(1.808,-0.775,0.));
#10530 = DIRECTION('',(0.,1.,0.));
#10531 = DIRECTION('',(-1.,0.,0.));
#10532 = ADVANCED_FACE('',(#10533),#10539,.F.);
#10533 = FACE_BOUND('',#10534,.F.);
#10534 = EDGE_LOOP('',(#10535,#10536,#10537,#10538));
#10535 = ORIENTED_EDGE('',*,*,#10438,.T.);
#10536 = ORIENTED_EDGE('',*,*,#10469,.T.);
#10537 = ORIENTED_EDGE('',*,*,#10500,.T.);
#10538 = ORIENTED_EDGE('',*,*,#10522,.T.);
#10539 = PLANE('',#10540);
#10540 = AXIS2_PLACEMENT_3D('',#10541,#10542,#10543);
#10541 = CARTESIAN_POINT('',(0.,0.,0.));
#10542 = DIRECTION('',(-0.,-0.,-1.));
#10543 = DIRECTION('',(-1.,0.,0.));
#10544 = ADVANCED_FACE('',(#10545),#10551,.T.);
#10545 = FACE_BOUND('',#10546,.T.);
#10546 = EDGE_LOOP('',(#10547,#10548,#10549,#10550));
#10547 = ORIENTED_EDGE('',*,*,#10422,.T.);
#10548 = ORIENTED_EDGE('',*,*,#10453,.T.);
#10549 = ORIENTED_EDGE('',*,*,#10484,.T.);
#10550 = ORIENTED_EDGE('',*,*,#10515,.T.);
#10551 = PLANE('',#10552);
#10552 = AXIS2_PLACEMENT_3D('',#10553,#10554,#10555);
#10553 = CARTESIAN_POINT('',(0.,0.,-4.E-02));
#10554 = DIRECTION('',(-0.,-0.,-1.));
#10555 = DIRECTION('',(-1.,0.,0.));
#10556 = MANIFOLD_SOLID_BREP('',#10557);
#10557 = CLOSED_SHELL('',(#10558,#10600,#10631,#10664,#10695,#10728,
    #10759,#10792,#10814,#10830));
#10558 = ADVANCED_FACE('',(#10559),#10595,.T.);
#10559 = FACE_BOUND('',#10560,.F.);
#10560 = EDGE_LOOP('',(#10561,#10571,#10580,#10588));
#10561 = ORIENTED_EDGE('',*,*,#10562,.T.);
#10562 = EDGE_CURVE('',#10563,#10565,#10567,.T.);
#10563 = VERTEX_POINT('',#10564);
#10564 = CARTESIAN_POINT('',(-4.285,4.2105,0.));
#10565 = VERTEX_POINT('',#10566);
#10566 = CARTESIAN_POINT('',(-4.285,4.2105,-4.E-02));
#10567 = LINE('',#10568,#10569);
#10568 = CARTESIAN_POINT('',(-4.285,4.2105,0.));
#10569 = VECTOR('',#10570,1.);
#10570 = DIRECTION('',(0.,0.,-1.));
#10571 = ORIENTED_EDGE('',*,*,#10572,.T.);
#10572 = EDGE_CURVE('',#10565,#10573,#10575,.T.);
#10573 = VERTEX_POINT('',#10574);
#10574 = CARTESIAN_POINT('',(-4.0475,4.448,-4.E-02));
#10575 = CIRCLE('',#10576,0.237499523827);
#10576 = AXIS2_PLACEMENT_3D('',#10577,#10578,#10579);
#10577 = CARTESIAN_POINT('',(-4.047500476173,4.210500476173,-4.E-02));
#10578 = DIRECTION('',(0.,0.,-1.));
#10579 = DIRECTION('',(-0.999999999998,-2.004943175301E-06,-0.));
#10580 = ORIENTED_EDGE('',*,*,#10581,.F.);
#10581 = EDGE_CURVE('',#10582,#10573,#10584,.T.);
#10582 = VERTEX_POINT('',#10583);
#10583 = CARTESIAN_POINT('',(-4.0475,4.448,0.));
#10584 = LINE('',#10585,#10586);
#10585 = CARTESIAN_POINT('',(-4.0475,4.448,0.));
#10586 = VECTOR('',#10587,1.);
#10587 = DIRECTION('',(0.,0.,-1.));
#10588 = ORIENTED_EDGE('',*,*,#10589,.F.);
#10589 = EDGE_CURVE('',#10563,#10582,#10590,.T.);
#10590 = CIRCLE('',#10591,0.237499523827);
#10591 = AXIS2_PLACEMENT_3D('',#10592,#10593,#10594);
#10592 = CARTESIAN_POINT('',(-4.047500476173,4.210500476173,0.));
#10593 = DIRECTION('',(0.,0.,-1.));
#10594 = DIRECTION('',(-0.999999999998,-2.004943175301E-06,-0.));
#10595 = CYLINDRICAL_SURFACE('',#10596,0.237499523827);
#10596 = AXIS2_PLACEMENT_3D('',#10597,#10598,#10599);
#10597 = CARTESIAN_POINT('',(-4.047500476173,4.210500476173,0.));
#10598 = DIRECTION('',(-0.,-0.,1.));
#10599 = DIRECTION('',(-0.999999999998,-2.004943175301E-06,-0.));
#10600 = ADVANCED_FACE('',(#10601),#10626,.F.);
#10601 = FACE_BOUND('',#10602,.F.);
#10602 = EDGE_LOOP('',(#10603,#10604,#10612,#10620));
#10603 = ORIENTED_EDGE('',*,*,#10581,.T.);
#10604 = ORIENTED_EDGE('',*,*,#10605,.T.);
#10605 = EDGE_CURVE('',#10573,#10606,#10608,.T.);
#10606 = VERTEX_POINT('',#10607);
#10607 = CARTESIAN_POINT('',(-3.5725,4.448,-4.E-02));
#10608 = LINE('',#10609,#10610);
#10609 = CARTESIAN_POINT('',(-4.0475,4.448,-4.E-02));
#10610 = VECTOR('',#10611,1.);
#10611 = DIRECTION('',(1.,0.,0.));
#10612 = ORIENTED_EDGE('',*,*,#10613,.F.);
#10613 = EDGE_CURVE('',#10614,#10606,#10616,.T.);
#10614 = VERTEX_POINT('',#10615);
#10615 = CARTESIAN_POINT('',(-3.5725,4.448,0.));
#10616 = LINE('',#10617,#10618);
#10617 = CARTESIAN_POINT('',(-3.5725,4.448,0.));
#10618 = VECTOR('',#10619,1.);
#10619 = DIRECTION('',(0.,0.,-1.));
#10620 = ORIENTED_EDGE('',*,*,#10621,.F.);
#10621 = EDGE_CURVE('',#10582,#10614,#10622,.T.);
#10622 = LINE('',#10623,#10624);
#10623 = CARTESIAN_POINT('',(-4.0475,4.448,0.));
#10624 = VECTOR('',#10625,1.);
#10625 = DIRECTION('',(1.,0.,0.));
#10626 = PLANE('',#10627);
#10627 = AXIS2_PLACEMENT_3D('',#10628,#10629,#10630);
#10628 = CARTESIAN_POINT('',(-4.0475,4.448,0.));
#10629 = DIRECTION('',(0.,-1.,0.));
#10630 = DIRECTION('',(1.,0.,0.));
#10631 = ADVANCED_FACE('',(#10632),#10659,.T.);
#10632 = FACE_BOUND('',#10633,.F.);
#10633 = EDGE_LOOP('',(#10634,#10635,#10644,#10652));
#10634 = ORIENTED_EDGE('',*,*,#10613,.T.);
#10635 = ORIENTED_EDGE('',*,*,#10636,.T.);
#10636 = EDGE_CURVE('',#10606,#10637,#10639,.T.);
#10637 = VERTEX_POINT('',#10638);
#10638 = CARTESIAN_POINT('',(-3.335,4.2105,-4.E-02));
#10639 = CIRCLE('',#10640,0.237499523827);
#10640 = AXIS2_PLACEMENT_3D('',#10641,#10642,#10643);
#10641 = CARTESIAN_POINT('',(-3.572499523827,4.210500476173,-4.E-02));
#10642 = DIRECTION('',(0.,0.,-1.));
#10643 = DIRECTION('',(-2.004943175301E-06,0.999999999998,0.));
#10644 = ORIENTED_EDGE('',*,*,#10645,.F.);
#10645 = EDGE_CURVE('',#10646,#10637,#10648,.T.);
#10646 = VERTEX_POINT('',#10647);
#10647 = CARTESIAN_POINT('',(-3.335,4.2105,0.));
#10648 = LINE('',#10649,#10650);
#10649 = CARTESIAN_POINT('',(-3.335,4.2105,0.));
#10650 = VECTOR('',#10651,1.);
#10651 = DIRECTION('',(0.,0.,-1.));
#10652 = ORIENTED_EDGE('',*,*,#10653,.F.);
#10653 = EDGE_CURVE('',#10614,#10646,#10654,.T.);
#10654 = CIRCLE('',#10655,0.237499523827);
#10655 = AXIS2_PLACEMENT_3D('',#10656,#10657,#10658);
#10656 = CARTESIAN_POINT('',(-3.572499523827,4.210500476173,0.));
#10657 = DIRECTION('',(0.,0.,-1.));
#10658 = DIRECTION('',(-2.004943175301E-06,0.999999999998,0.));
#10659 = CYLINDRICAL_SURFACE('',#10660,0.237499523827);
#10660 = AXIS2_PLACEMENT_3D('',#10661,#10662,#10663);
#10661 = CARTESIAN_POINT('',(-3.572499523827,4.210500476173,0.));
#10662 = DIRECTION('',(-0.,-0.,1.));
#10663 = DIRECTION('',(-2.004943175301E-06,0.999999999998,0.));
#10664 = ADVANCED_FACE('',(#10665),#10690,.F.);
#10665 = FACE_BOUND('',#10666,.F.);
#10666 = EDGE_LOOP('',(#10667,#10668,#10676,#10684));
#10667 = ORIENTED_EDGE('',*,*,#10645,.T.);
#10668 = ORIENTED_EDGE('',*,*,#10669,.T.);
#10669 = EDGE_CURVE('',#10637,#10670,#10672,.T.);
#10670 = VERTEX_POINT('',#10671);
#10671 = CARTESIAN_POINT('',(-3.335,3.6105,-4.E-02));
#10672 = LINE('',#10673,#10674);
#10673 = CARTESIAN_POINT('',(-3.335,4.2105,-4.E-02));
#10674 = VECTOR('',#10675,1.);
#10675 = DIRECTION('',(0.,-1.,0.));
#10676 = ORIENTED_EDGE('',*,*,#10677,.F.);
#10677 = EDGE_CURVE('',#10678,#10670,#10680,.T.);
#10678 = VERTEX_POINT('',#10679);
#10679 = CARTESIAN_POINT('',(-3.335,3.6105,0.));
#10680 = LINE('',#10681,#10682);
#10681 = CARTESIAN_POINT('',(-3.335,3.6105,0.));
#10682 = VECTOR('',#10683,1.);
#10683 = DIRECTION('',(0.,0.,-1.));
#10684 = ORIENTED_EDGE('',*,*,#10685,.F.);
#10685 = EDGE_CURVE('',#10646,#10678,#10686,.T.);
#10686 = LINE('',#10687,#10688);
#10687 = CARTESIAN_POINT('',(-3.335,4.2105,0.));
#10688 = VECTOR('',#10689,1.);
#10689 = DIRECTION('',(0.,-1.,0.));
#10690 = PLANE('',#10691);
#10691 = AXIS2_PLACEMENT_3D('',#10692,#10693,#10694);
#10692 = CARTESIAN_POINT('',(-3.335,4.2105,0.));
#10693 = DIRECTION('',(-1.,-0.,-0.));
#10694 = DIRECTION('',(0.,-1.,0.));
#10695 = ADVANCED_FACE('',(#10696),#10723,.T.);
#10696 = FACE_BOUND('',#10697,.F.);
#10697 = EDGE_LOOP('',(#10698,#10699,#10708,#10716));
#10698 = ORIENTED_EDGE('',*,*,#10677,.T.);
#10699 = ORIENTED_EDGE('',*,*,#10700,.T.);
#10700 = EDGE_CURVE('',#10670,#10701,#10703,.T.);
#10701 = VERTEX_POINT('',#10702);
#10702 = CARTESIAN_POINT('',(-3.5725,3.373,-4.E-02));
#10703 = CIRCLE('',#10704,0.237499523827);
#10704 = AXIS2_PLACEMENT_3D('',#10705,#10706,#10707);
#10705 = CARTESIAN_POINT('',(-3.572499523827,3.610499523827,-4.E-02));
#10706 = DIRECTION('',(0.,0.,-1.));
#10707 = DIRECTION('',(0.999999999998,2.004943177171E-06,0.));
#10708 = ORIENTED_EDGE('',*,*,#10709,.F.);
#10709 = EDGE_CURVE('',#10710,#10701,#10712,.T.);
#10710 = VERTEX_POINT('',#10711);
#10711 = CARTESIAN_POINT('',(-3.5725,3.373,0.));
#10712 = LINE('',#10713,#10714);
#10713 = CARTESIAN_POINT('',(-3.5725,3.373,0.));
#10714 = VECTOR('',#10715,1.);
#10715 = DIRECTION('',(0.,0.,-1.));
#10716 = ORIENTED_EDGE('',*,*,#10717,.F.);
#10717 = EDGE_CURVE('',#10678,#10710,#10718,.T.);
#10718 = CIRCLE('',#10719,0.237499523827);
#10719 = AXIS2_PLACEMENT_3D('',#10720,#10721,#10722);
#10720 = CARTESIAN_POINT('',(-3.572499523827,3.610499523827,0.));
#10721 = DIRECTION('',(0.,0.,-1.));
#10722 = DIRECTION('',(0.999999999998,2.004943177171E-06,0.));
#10723 = CYLINDRICAL_SURFACE('',#10724,0.237499523827);
#10724 = AXIS2_PLACEMENT_3D('',#10725,#10726,#10727);
#10725 = CARTESIAN_POINT('',(-3.572499523827,3.610499523827,0.));
#10726 = DIRECTION('',(-0.,-0.,1.));
#10727 = DIRECTION('',(0.999999999998,2.004943177171E-06,0.));
#10728 = ADVANCED_FACE('',(#10729),#10754,.F.);
#10729 = FACE_BOUND('',#10730,.F.);
#10730 = EDGE_LOOP('',(#10731,#10732,#10740,#10748));
#10731 = ORIENTED_EDGE('',*,*,#10709,.T.);
#10732 = ORIENTED_EDGE('',*,*,#10733,.T.);
#10733 = EDGE_CURVE('',#10701,#10734,#10736,.T.);
#10734 = VERTEX_POINT('',#10735);
#10735 = CARTESIAN_POINT('',(-4.0475,3.373,-4.E-02));
#10736 = LINE('',#10737,#10738);
#10737 = CARTESIAN_POINT('',(-3.5725,3.373,-4.E-02));
#10738 = VECTOR('',#10739,1.);
#10739 = DIRECTION('',(-1.,0.,0.));
#10740 = ORIENTED_EDGE('',*,*,#10741,.F.);
#10741 = EDGE_CURVE('',#10742,#10734,#10744,.T.);
#10742 = VERTEX_POINT('',#10743);
#10743 = CARTESIAN_POINT('',(-4.0475,3.373,0.));
#10744 = LINE('',#10745,#10746);
#10745 = CARTESIAN_POINT('',(-4.0475,3.373,0.));
#10746 = VECTOR('',#10747,1.);
#10747 = DIRECTION('',(0.,0.,-1.));
#10748 = ORIENTED_EDGE('',*,*,#10749,.F.);
#10749 = EDGE_CURVE('',#10710,#10742,#10750,.T.);
#10750 = LINE('',#10751,#10752);
#10751 = CARTESIAN_POINT('',(-3.5725,3.373,0.));
#10752 = VECTOR('',#10753,1.);
#10753 = DIRECTION('',(-1.,0.,0.));
#10754 = PLANE('',#10755);
#10755 = AXIS2_PLACEMENT_3D('',#10756,#10757,#10758);
#10756 = CARTESIAN_POINT('',(-3.5725,3.373,0.));
#10757 = DIRECTION('',(0.,1.,0.));
#10758 = DIRECTION('',(-1.,0.,0.));
#10759 = ADVANCED_FACE('',(#10760),#10787,.T.);
#10760 = FACE_BOUND('',#10761,.F.);
#10761 = EDGE_LOOP('',(#10762,#10763,#10772,#10780));
#10762 = ORIENTED_EDGE('',*,*,#10741,.T.);
#10763 = ORIENTED_EDGE('',*,*,#10764,.T.);
#10764 = EDGE_CURVE('',#10734,#10765,#10767,.T.);
#10765 = VERTEX_POINT('',#10766);
#10766 = CARTESIAN_POINT('',(-4.285,3.6105,-4.E-02));
#10767 = CIRCLE('',#10768,0.237499523827);
#10768 = AXIS2_PLACEMENT_3D('',#10769,#10770,#10771);
#10769 = CARTESIAN_POINT('',(-4.047500476173,3.610499523827,-4.E-02));
#10770 = DIRECTION('',(0.,0.,-1.));
#10771 = DIRECTION('',(2.004943175301E-06,-0.999999999998,0.));
#10772 = ORIENTED_EDGE('',*,*,#10773,.F.);
#10773 = EDGE_CURVE('',#10774,#10765,#10776,.T.);
#10774 = VERTEX_POINT('',#10775);
#10775 = CARTESIAN_POINT('',(-4.285,3.6105,0.));
#10776 = LINE('',#10777,#10778);
#10777 = CARTESIAN_POINT('',(-4.285,3.6105,0.));
#10778 = VECTOR('',#10779,1.);
#10779 = DIRECTION('',(0.,0.,-1.));
#10780 = ORIENTED_EDGE('',*,*,#10781,.F.);
#10781 = EDGE_CURVE('',#10742,#10774,#10782,.T.);
#10782 = CIRCLE('',#10783,0.237499523827);
#10783 = AXIS2_PLACEMENT_3D('',#10784,#10785,#10786);
#10784 = CARTESIAN_POINT('',(-4.047500476173,3.610499523827,0.));
#10785 = DIRECTION('',(0.,0.,-1.));
#10786 = DIRECTION('',(2.004943175301E-06,-0.999999999998,0.));
#10787 = CYLINDRICAL_SURFACE('',#10788,0.237499523827);
#10788 = AXIS2_PLACEMENT_3D('',#10789,#10790,#10791);
#10789 = CARTESIAN_POINT('',(-4.047500476173,3.610499523827,0.));
#10790 = DIRECTION('',(-0.,-0.,1.));
#10791 = DIRECTION('',(2.004943175301E-06,-0.999999999998,0.));
#10792 = ADVANCED_FACE('',(#10793),#10809,.F.);
#10793 = FACE_BOUND('',#10794,.F.);
#10794 = EDGE_LOOP('',(#10795,#10796,#10802,#10803));
#10795 = ORIENTED_EDGE('',*,*,#10773,.T.);
#10796 = ORIENTED_EDGE('',*,*,#10797,.T.);
#10797 = EDGE_CURVE('',#10765,#10565,#10798,.T.);
#10798 = LINE('',#10799,#10800);
#10799 = CARTESIAN_POINT('',(-4.285,3.6105,-4.E-02));
#10800 = VECTOR('',#10801,1.);
#10801 = DIRECTION('',(0.,1.,0.));
#10802 = ORIENTED_EDGE('',*,*,#10562,.F.);
#10803 = ORIENTED_EDGE('',*,*,#10804,.F.);
#10804 = EDGE_CURVE('',#10774,#10563,#10805,.T.);
#10805 = LINE('',#10806,#10807);
#10806 = CARTESIAN_POINT('',(-4.285,3.6105,0.));
#10807 = VECTOR('',#10808,1.);
#10808 = DIRECTION('',(0.,1.,0.));
#10809 = PLANE('',#10810);
#10810 = AXIS2_PLACEMENT_3D('',#10811,#10812,#10813);
#10811 = CARTESIAN_POINT('',(-4.285,3.6105,0.));
#10812 = DIRECTION('',(1.,-0.,0.));
#10813 = DIRECTION('',(0.,1.,0.));
#10814 = ADVANCED_FACE('',(#10815),#10825,.F.);
#10815 = FACE_BOUND('',#10816,.F.);
#10816 = EDGE_LOOP('',(#10817,#10818,#10819,#10820,#10821,#10822,#10823,
    #10824));
#10817 = ORIENTED_EDGE('',*,*,#10589,.T.);
#10818 = ORIENTED_EDGE('',*,*,#10621,.T.);
#10819 = ORIENTED_EDGE('',*,*,#10653,.T.);
#10820 = ORIENTED_EDGE('',*,*,#10685,.T.);
#10821 = ORIENTED_EDGE('',*,*,#10717,.T.);
#10822 = ORIENTED_EDGE('',*,*,#10749,.T.);
#10823 = ORIENTED_EDGE('',*,*,#10781,.T.);
#10824 = ORIENTED_EDGE('',*,*,#10804,.T.);
#10825 = PLANE('',#10826);
#10826 = AXIS2_PLACEMENT_3D('',#10827,#10828,#10829);
#10827 = CARTESIAN_POINT('',(0.,0.,0.));
#10828 = DIRECTION('',(-0.,-0.,-1.));
#10829 = DIRECTION('',(-1.,0.,0.));
#10830 = ADVANCED_FACE('',(#10831),#10841,.T.);
#10831 = FACE_BOUND('',#10832,.T.);
#10832 = EDGE_LOOP('',(#10833,#10834,#10835,#10836,#10837,#10838,#10839,
    #10840));
#10833 = ORIENTED_EDGE('',*,*,#10572,.T.);
#10834 = ORIENTED_EDGE('',*,*,#10605,.T.);
#10835 = ORIENTED_EDGE('',*,*,#10636,.T.);
#10836 = ORIENTED_EDGE('',*,*,#10669,.T.);
#10837 = ORIENTED_EDGE('',*,*,#10700,.T.);
#10838 = ORIENTED_EDGE('',*,*,#10733,.T.);
#10839 = ORIENTED_EDGE('',*,*,#10764,.T.);
#10840 = ORIENTED_EDGE('',*,*,#10797,.T.);
#10841 = PLANE('',#10842);
#10842 = AXIS2_PLACEMENT_3D('',#10843,#10844,#10845);
#10843 = CARTESIAN_POINT('',(0.,0.,-4.E-02));
#10844 = DIRECTION('',(-0.,-0.,-1.));
#10845 = DIRECTION('',(-1.,0.,0.));
#10846 = MANIFOLD_SOLID_BREP('',#10847);
#10847 = CLOSED_SHELL('',(#10848,#10888,#10919,#10950,#10972,#10984));
#10848 = ADVANCED_FACE('',(#10849),#10883,.T.);
#10849 = FACE_BOUND('',#10850,.T.);
#10850 = EDGE_LOOP('',(#10851,#10861,#10869,#10877));
#10851 = ORIENTED_EDGE('',*,*,#10852,.T.);
#10852 = EDGE_CURVE('',#10853,#10855,#10857,.T.);
#10853 = VERTEX_POINT('',#10854);
#10854 = CARTESIAN_POINT('',(1.1,-0.125,1.51));
#10855 = VERTEX_POINT('',#10856);
#10856 = CARTESIAN_POINT('',(1.1,-0.125,1.55));
#10857 = LINE('',#10858,#10859);
#10858 = CARTESIAN_POINT('',(1.1,-0.125,1.51));
#10859 = VECTOR('',#10860,1.);
#10860 = DIRECTION('',(0.,0.,1.));
#10861 = ORIENTED_EDGE('',*,*,#10862,.T.);
#10862 = EDGE_CURVE('',#10855,#10863,#10865,.T.);
#10863 = VERTEX_POINT('',#10864);
#10864 = CARTESIAN_POINT('',(1.1,0.125,1.55));
#10865 = LINE('',#10866,#10867);
#10866 = CARTESIAN_POINT('',(1.1,-0.125,1.55));
#10867 = VECTOR('',#10868,1.);
#10868 = DIRECTION('',(0.,1.,0.));
#10869 = ORIENTED_EDGE('',*,*,#10870,.F.);
#10870 = EDGE_CURVE('',#10871,#10863,#10873,.T.);
#10871 = VERTEX_POINT('',#10872);
#10872 = CARTESIAN_POINT('',(1.1,0.125,1.51));
#10873 = LINE('',#10874,#10875);
#10874 = CARTESIAN_POINT('',(1.1,0.125,1.51));
#10875 = VECTOR('',#10876,1.);
#10876 = DIRECTION('',(0.,0.,1.));
#10877 = ORIENTED_EDGE('',*,*,#10878,.F.);
#10878 = EDGE_CURVE('',#10853,#10871,#10879,.T.);
#10879 = LINE('',#10880,#10881);
#10880 = CARTESIAN_POINT('',(1.1,-0.125,1.51));
#10881 = VECTOR('',#10882,1.);
#10882 = DIRECTION('',(0.,1.,0.));
#10883 = PLANE('',#10884);
#10884 = AXIS2_PLACEMENT_3D('',#10885,#10886,#10887);
#10885 = CARTESIAN_POINT('',(1.1,-0.125,1.51));
#10886 = DIRECTION('',(-1.,0.,0.));
#10887 = DIRECTION('',(0.,1.,0.));
#10888 = ADVANCED_FACE('',(#10889),#10914,.T.);
#10889 = FACE_BOUND('',#10890,.T.);
#10890 = EDGE_LOOP('',(#10891,#10892,#10900,#10908));
#10891 = ORIENTED_EDGE('',*,*,#10870,.T.);
#10892 = ORIENTED_EDGE('',*,*,#10893,.T.);
#10893 = EDGE_CURVE('',#10863,#10894,#10896,.T.);
#10894 = VERTEX_POINT('',#10895);
#10895 = CARTESIAN_POINT('',(1.65,0.125,1.55));
#10896 = LINE('',#10897,#10898);
#10897 = CARTESIAN_POINT('',(1.1,0.125,1.55));
#10898 = VECTOR('',#10899,1.);
#10899 = DIRECTION('',(1.,0.,0.));
#10900 = ORIENTED_EDGE('',*,*,#10901,.F.);
#10901 = EDGE_CURVE('',#10902,#10894,#10904,.T.);
#10902 = VERTEX_POINT('',#10903);
#10903 = CARTESIAN_POINT('',(1.65,0.125,1.51));
#10904 = LINE('',#10905,#10906);
#10905 = CARTESIAN_POINT('',(1.65,0.125,1.51));
#10906 = VECTOR('',#10907,1.);
#10907 = DIRECTION('',(0.,0.,1.));
#10908 = ORIENTED_EDGE('',*,*,#10909,.F.);
#10909 = EDGE_CURVE('',#10871,#10902,#10910,.T.);
#10910 = LINE('',#10911,#10912);
#10911 = CARTESIAN_POINT('',(1.1,0.125,1.51));
#10912 = VECTOR('',#10913,1.);
#10913 = DIRECTION('',(1.,0.,0.));
#10914 = PLANE('',#10915);
#10915 = AXIS2_PLACEMENT_3D('',#10916,#10917,#10918);
#10916 = CARTESIAN_POINT('',(1.1,0.125,1.51));
#10917 = DIRECTION('',(0.,1.,0.));
#10918 = DIRECTION('',(1.,0.,0.));
#10919 = ADVANCED_FACE('',(#10920),#10945,.T.);
#10920 = FACE_BOUND('',#10921,.T.);
#10921 = EDGE_LOOP('',(#10922,#10923,#10931,#10939));
#10922 = ORIENTED_EDGE('',*,*,#10901,.T.);
#10923 = ORIENTED_EDGE('',*,*,#10924,.T.);
#10924 = EDGE_CURVE('',#10894,#10925,#10927,.T.);
#10925 = VERTEX_POINT('',#10926);
#10926 = CARTESIAN_POINT('',(1.65,-0.125,1.55));
#10927 = LINE('',#10928,#10929);
#10928 = CARTESIAN_POINT('',(1.65,0.125,1.55));
#10929 = VECTOR('',#10930,1.);
#10930 = DIRECTION('',(0.,-1.,0.));
#10931 = ORIENTED_EDGE('',*,*,#10932,.F.);
#10932 = EDGE_CURVE('',#10933,#10925,#10935,.T.);
#10933 = VERTEX_POINT('',#10934);
#10934 = CARTESIAN_POINT('',(1.65,-0.125,1.51));
#10935 = LINE('',#10936,#10937);
#10936 = CARTESIAN_POINT('',(1.65,-0.125,1.51));
#10937 = VECTOR('',#10938,1.);
#10938 = DIRECTION('',(0.,0.,1.));
#10939 = ORIENTED_EDGE('',*,*,#10940,.F.);
#10940 = EDGE_CURVE('',#10902,#10933,#10941,.T.);
#10941 = LINE('',#10942,#10943);
#10942 = CARTESIAN_POINT('',(1.65,0.125,1.51));
#10943 = VECTOR('',#10944,1.);
#10944 = DIRECTION('',(0.,-1.,0.));
#10945 = PLANE('',#10946);
#10946 = AXIS2_PLACEMENT_3D('',#10947,#10948,#10949);
#10947 = CARTESIAN_POINT('',(1.65,0.125,1.51));
#10948 = DIRECTION('',(1.,0.,-0.));
#10949 = DIRECTION('',(0.,-1.,0.));
#10950 = ADVANCED_FACE('',(#10951),#10967,.T.);
#10951 = FACE_BOUND('',#10952,.T.);
#10952 = EDGE_LOOP('',(#10953,#10954,#10960,#10961));
#10953 = ORIENTED_EDGE('',*,*,#10932,.T.);
#10954 = ORIENTED_EDGE('',*,*,#10955,.T.);
#10955 = EDGE_CURVE('',#10925,#10855,#10956,.T.);
#10956 = LINE('',#10957,#10958);
#10957 = CARTESIAN_POINT('',(1.65,-0.125,1.55));
#10958 = VECTOR('',#10959,1.);
#10959 = DIRECTION('',(-1.,0.,0.));
#10960 = ORIENTED_EDGE('',*,*,#10852,.F.);
#10961 = ORIENTED_EDGE('',*,*,#10962,.F.);
#10962 = EDGE_CURVE('',#10933,#10853,#10963,.T.);
#10963 = LINE('',#10964,#10965);
#10964 = CARTESIAN_POINT('',(1.65,-0.125,1.51));
#10965 = VECTOR('',#10966,1.);
#10966 = DIRECTION('',(-1.,0.,0.));
#10967 = PLANE('',#10968);
#10968 = AXIS2_PLACEMENT_3D('',#10969,#10970,#10971);
#10969 = CARTESIAN_POINT('',(1.65,-0.125,1.51));
#10970 = DIRECTION('',(0.,-1.,0.));
#10971 = DIRECTION('',(-1.,0.,0.));
#10972 = ADVANCED_FACE('',(#10973),#10979,.F.);
#10973 = FACE_BOUND('',#10974,.T.);
#10974 = EDGE_LOOP('',(#10975,#10976,#10977,#10978));
#10975 = ORIENTED_EDGE('',*,*,#10878,.T.);
#10976 = ORIENTED_EDGE('',*,*,#10909,.T.);
#10977 = ORIENTED_EDGE('',*,*,#10940,.T.);
#10978 = ORIENTED_EDGE('',*,*,#10962,.T.);
#10979 = PLANE('',#10980);
#10980 = AXIS2_PLACEMENT_3D('',#10981,#10982,#10983);
#10981 = CARTESIAN_POINT('',(0.,0.,1.51));
#10982 = DIRECTION('',(0.,0.,1.));
#10983 = DIRECTION('',(1.,0.,-0.));
#10984 = ADVANCED_FACE('',(#10985),#10991,.T.);
#10985 = FACE_BOUND('',#10986,.F.);
#10986 = EDGE_LOOP('',(#10987,#10988,#10989,#10990));
#10987 = ORIENTED_EDGE('',*,*,#10862,.T.);
#10988 = ORIENTED_EDGE('',*,*,#10893,.T.);
#10989 = ORIENTED_EDGE('',*,*,#10924,.T.);
#10990 = ORIENTED_EDGE('',*,*,#10955,.T.);
#10991 = PLANE('',#10992);
#10992 = AXIS2_PLACEMENT_3D('',#10993,#10994,#10995);
#10993 = CARTESIAN_POINT('',(0.,0.,1.55));
#10994 = DIRECTION('',(0.,0.,1.));
#10995 = DIRECTION('',(1.,0.,-0.));
#10996 = MANIFOLD_SOLID_BREP('',#10997);
#10997 = CLOSED_SHELL('',(#10998,#11040,#11087,#11118,#11179,#11231,
    #11256,#11273,#11292,#11309,#11326,#11343));
#10998 = ADVANCED_FACE('',(#10999),#11035,.T.);
#10999 = FACE_BOUND('',#11000,.F.);
#11000 = EDGE_LOOP('',(#11001,#11011,#11020,#11028));
#11001 = ORIENTED_EDGE('',*,*,#11002,.T.);
#11002 = EDGE_CURVE('',#11003,#11005,#11007,.T.);
#11003 = VERTEX_POINT('',#11004);
#11004 = CARTESIAN_POINT('',(1.811,2.409,0.));
#11005 = VERTEX_POINT('',#11006);
#11006 = CARTESIAN_POINT('',(1.811,2.409,-4.E-02));
#11007 = LINE('',#11008,#11009);
#11008 = CARTESIAN_POINT('',(1.811,2.409,0.));
#11009 = VECTOR('',#11010,1.);
#11010 = DIRECTION('',(0.,0.,-1.));
#11011 = ORIENTED_EDGE('',*,*,#11012,.T.);
#11012 = EDGE_CURVE('',#11005,#11013,#11015,.T.);
#11013 = VERTEX_POINT('',#11014);
#11014 = CARTESIAN_POINT('',(2.0485,2.6465,-4.E-02));
#11015 = CIRCLE('',#11016,0.237499523827);
#11016 = AXIS2_PLACEMENT_3D('',#11017,#11018,#11019);
#11017 = CARTESIAN_POINT('',(2.048499523827,2.409000476173,-4.E-02));
#11018 = DIRECTION('',(0.,0.,-1.));
#11019 = DIRECTION('',(-0.999999999998,-2.004943180911E-06,-0.));
#11020 = ORIENTED_EDGE('',*,*,#11021,.F.);
#11021 = EDGE_CURVE('',#11022,#11013,#11024,.T.);
#11022 = VERTEX_POINT('',#11023);
#11023 = CARTESIAN_POINT('',(2.0485,2.6465,0.));
#11024 = LINE('',#11025,#11026);
#11025 = CARTESIAN_POINT('',(2.0485,2.6465,0.));
#11026 = VECTOR('',#11027,1.);
#11027 = DIRECTION('',(0.,0.,-1.));
#11028 = ORIENTED_EDGE('',*,*,#11029,.F.);
#11029 = EDGE_CURVE('',#11003,#11022,#11030,.T.);
#11030 = CIRCLE('',#11031,0.237499523827);
#11031 = AXIS2_PLACEMENT_3D('',#11032,#11033,#11034);
#11032 = CARTESIAN_POINT('',(2.048499523827,2.409000476173,0.));
#11033 = DIRECTION('',(0.,0.,-1.));
#11034 = DIRECTION('',(-0.999999999998,-2.004943180911E-06,-0.));
#11035 = CYLINDRICAL_SURFACE('',#11036,0.237499523827);
#11036 = AXIS2_PLACEMENT_3D('',#11037,#11038,#11039);
#11037 = CARTESIAN_POINT('',(2.048499523827,2.409000476173,0.));
#11038 = DIRECTION('',(-0.,-0.,1.));
#11039 = DIRECTION('',(-0.999999999998,-2.004943180911E-06,-0.));
#11040 = ADVANCED_FACE('',(#11041),#11082,.F.);
#11041 = FACE_BOUND('',#11042,.F.);
#11042 = EDGE_LOOP('',(#11043,#11053,#11061,#11067,#11068,#11076));
#11043 = ORIENTED_EDGE('',*,*,#11044,.T.);
#11044 = EDGE_CURVE('',#11045,#11047,#11049,.T.);
#11045 = VERTEX_POINT('',#11046);
#11046 = CARTESIAN_POINT('',(1.811,2.010742245359,-3.6E-02));
#11047 = VERTEX_POINT('',#11048);
#11048 = CARTESIAN_POINT('',(1.811,1.909,-3.6E-02));
#11049 = LINE('',#11050,#11051);
#11050 = CARTESIAN_POINT('',(1.811,1.847,-3.6E-02));
#11051 = VECTOR('',#11052,1.);
#11052 = DIRECTION('',(-0.,-1.,0.));
#11053 = ORIENTED_EDGE('',*,*,#11054,.T.);
#11054 = EDGE_CURVE('',#11047,#11055,#11057,.T.);
#11055 = VERTEX_POINT('',#11056);
#11056 = CARTESIAN_POINT('',(1.811,1.909,-4.E-02));
#11057 = LINE('',#11058,#11059);
#11058 = CARTESIAN_POINT('',(1.811,1.909,0.));
#11059 = VECTOR('',#11060,1.);
#11060 = DIRECTION('',(0.,0.,-1.));
#11061 = ORIENTED_EDGE('',*,*,#11062,.T.);
#11062 = EDGE_CURVE('',#11055,#11005,#11063,.T.);
#11063 = LINE('',#11064,#11065);
#11064 = CARTESIAN_POINT('',(1.811,1.909,-4.E-02));
#11065 = VECTOR('',#11066,1.);
#11066 = DIRECTION('',(0.,1.,0.));
#11067 = ORIENTED_EDGE('',*,*,#11002,.F.);
#11068 = ORIENTED_EDGE('',*,*,#11069,.F.);
#11069 = EDGE_CURVE('',#11070,#11003,#11072,.T.);
#11070 = VERTEX_POINT('',#11071);
#11071 = CARTESIAN_POINT('',(1.811,2.010742245359,0.));
#11072 = LINE('',#11073,#11074);
#11073 = CARTESIAN_POINT('',(1.811,1.909,0.));
#11074 = VECTOR('',#11075,1.);
#11075 = DIRECTION('',(0.,1.,0.));
#11076 = ORIENTED_EDGE('',*,*,#11077,.T.);
#11077 = EDGE_CURVE('',#11070,#11045,#11078,.T.);
#11078 = LINE('',#11079,#11080);
#11079 = CARTESIAN_POINT('',(1.811,2.010742245359,-3.6E-02));
#11080 = VECTOR('',#11081,1.);
#11081 = DIRECTION('',(-0.,-0.,-1.));
#11082 = PLANE('',#11083);
#11083 = AXIS2_PLACEMENT_3D('',#11084,#11085,#11086);
#11084 = CARTESIAN_POINT('',(1.811,1.909,0.));
#11085 = DIRECTION('',(1.,-0.,0.));
#11086 = DIRECTION('',(0.,1.,0.));
#11087 = ADVANCED_FACE('',(#11088),#11113,.F.);
#11088 = FACE_BOUND('',#11089,.F.);
#11089 = EDGE_LOOP('',(#11090,#11091,#11099,#11107));
#11090 = ORIENTED_EDGE('',*,*,#11021,.T.);
#11091 = ORIENTED_EDGE('',*,*,#11092,.T.);
#11092 = EDGE_CURVE('',#11013,#11093,#11095,.T.);
#11093 = VERTEX_POINT('',#11094);
#11094 = CARTESIAN_POINT('',(2.5235,2.6465,-4.E-02));
#11095 = LINE('',#11096,#11097);
#11096 = CARTESIAN_POINT('',(2.0485,2.6465,-4.E-02));
#11097 = VECTOR('',#11098,1.);
#11098 = DIRECTION('',(1.,0.,0.));
#11099 = ORIENTED_EDGE('',*,*,#11100,.F.);
#11100 = EDGE_CURVE('',#11101,#11093,#11103,.T.);
#11101 = VERTEX_POINT('',#11102);
#11102 = CARTESIAN_POINT('',(2.5235,2.6465,0.));
#11103 = LINE('',#11104,#11105);
#11104 = CARTESIAN_POINT('',(2.5235,2.6465,0.));
#11105 = VECTOR('',#11106,1.);
#11106 = DIRECTION('',(0.,0.,-1.));
#11107 = ORIENTED_EDGE('',*,*,#11108,.F.);
#11108 = EDGE_CURVE('',#11022,#11101,#11109,.T.);
#11109 = LINE('',#11110,#11111);
#11110 = CARTESIAN_POINT('',(2.0485,2.6465,0.));
#11111 = VECTOR('',#11112,1.);
#11112 = DIRECTION('',(1.,0.,0.));
#11113 = PLANE('',#11114);
#11114 = AXIS2_PLACEMENT_3D('',#11115,#11116,#11117);
#11115 = CARTESIAN_POINT('',(2.0485,2.6465,0.));
#11116 = DIRECTION('',(0.,-1.,0.));
#11117 = DIRECTION('',(1.,0.,0.));
#11118 = ADVANCED_FACE('',(#11119),#11174,.F.);
#11119 = FACE_BOUND('',#11120,.F.);
#11120 = EDGE_LOOP('',(#11121,#11122,#11123,#11124,#11133,#11141,#11150,
    #11158,#11167));
#11121 = ORIENTED_EDGE('',*,*,#11069,.T.);
#11122 = ORIENTED_EDGE('',*,*,#11029,.T.);
#11123 = ORIENTED_EDGE('',*,*,#11108,.T.);
#11124 = ORIENTED_EDGE('',*,*,#11125,.T.);
#11125 = EDGE_CURVE('',#11101,#11126,#11128,.T.);
#11126 = VERTEX_POINT('',#11127);
#11127 = CARTESIAN_POINT('',(2.761,2.409,0.));
#11128 = CIRCLE('',#11129,0.237499523827);
#11129 = AXIS2_PLACEMENT_3D('',#11130,#11131,#11132);
#11130 = CARTESIAN_POINT('',(2.523500476173,2.409000476173,0.));
#11131 = DIRECTION('',(0.,0.,-1.));
#11132 = DIRECTION('',(-2.004943180911E-06,0.999999999998,0.));
#11133 = ORIENTED_EDGE('',*,*,#11134,.T.);
#11134 = EDGE_CURVE('',#11126,#11135,#11137,.T.);
#11135 = VERTEX_POINT('',#11136);
#11136 = CARTESIAN_POINT('',(2.761,1.909,0.));
#11137 = LINE('',#11138,#11139);
#11138 = CARTESIAN_POINT('',(2.761,2.409,0.));
#11139 = VECTOR('',#11140,1.);
#11140 = DIRECTION('',(0.,-1.,0.));
#11141 = ORIENTED_EDGE('',*,*,#11142,.T.);
#11142 = EDGE_CURVE('',#11135,#11143,#11145,.T.);
#11143 = VERTEX_POINT('',#11144);
#11144 = CARTESIAN_POINT('',(2.5235,1.6715,0.));
#11145 = CIRCLE('',#11146,0.237499523827);
#11146 = AXIS2_PLACEMENT_3D('',#11147,#11148,#11149);
#11147 = CARTESIAN_POINT('',(2.523500476173,1.908999523827,0.));
#11148 = DIRECTION('',(0.,0.,-1.));
#11149 = DIRECTION('',(0.999999999998,2.004943178106E-06,0.));
#11150 = ORIENTED_EDGE('',*,*,#11151,.T.);
#11151 = EDGE_CURVE('',#11143,#11152,#11154,.T.);
#11152 = VERTEX_POINT('',#11153);
#11153 = CARTESIAN_POINT('',(2.0485,1.6715,0.));
#11154 = LINE('',#11155,#11156);
#11155 = CARTESIAN_POINT('',(2.5235,1.6715,0.));
#11156 = VECTOR('',#11157,1.);
#11157 = DIRECTION('',(-1.,0.,0.));
#11158 = ORIENTED_EDGE('',*,*,#11159,.T.);
#11159 = EDGE_CURVE('',#11152,#11160,#11162,.T.);
#11160 = VERTEX_POINT('',#11161);
#11161 = CARTESIAN_POINT('',(1.827013592772,1.823267346886,0.));
#11162 = CIRCLE('',#11163,0.237499523827);
#11163 = AXIS2_PLACEMENT_3D('',#11164,#11165,#11166);
#11164 = CARTESIAN_POINT('',(2.048499523827,1.908999523827,0.));
#11165 = DIRECTION('',(0.,0.,-1.));
#11166 = DIRECTION('',(2.004943179041E-06,-0.999999999998,0.));
#11167 = ORIENTED_EDGE('',*,*,#11168,.F.);
#11168 = EDGE_CURVE('',#11070,#11160,#11169,.T.);
#11169 = CIRCLE('',#11170,0.125);
#11170 = AXIS2_PLACEMENT_3D('',#11171,#11172,#11173);
#11171 = CARTESIAN_POINT('',(1.737,1.91,0.));
#11172 = DIRECTION('',(-0.,0.,-1.));
#11173 = DIRECTION('',(-0.,-1.,0.));
#11174 = PLANE('',#11175);
#11175 = AXIS2_PLACEMENT_3D('',#11176,#11177,#11178);
#11176 = CARTESIAN_POINT('',(0.,0.,0.));
#11177 = DIRECTION('',(-0.,-0.,-1.));
#11178 = DIRECTION('',(-1.,0.,0.));
#11179 = ADVANCED_FACE('',(#11180),#11226,.T.);
#11180 = FACE_BOUND('',#11181,.T.);
#11181 = EDGE_LOOP('',(#11182,#11183,#11184,#11193,#11201,#11210,#11218,
    #11225));
#11182 = ORIENTED_EDGE('',*,*,#11012,.T.);
#11183 = ORIENTED_EDGE('',*,*,#11092,.T.);
#11184 = ORIENTED_EDGE('',*,*,#11185,.T.);
#11185 = EDGE_CURVE('',#11093,#11186,#11188,.T.);
#11186 = VERTEX_POINT('',#11187);
#11187 = CARTESIAN_POINT('',(2.761,2.409,-4.E-02));
#11188 = CIRCLE('',#11189,0.237499523827);
#11189 = AXIS2_PLACEMENT_3D('',#11190,#11191,#11192);
#11190 = CARTESIAN_POINT('',(2.523500476173,2.409000476173,-4.E-02));
#11191 = DIRECTION('',(0.,0.,-1.));
#11192 = DIRECTION('',(-2.004943180911E-06,0.999999999998,0.));
#11193 = ORIENTED_EDGE('',*,*,#11194,.T.);
#11194 = EDGE_CURVE('',#11186,#11195,#11197,.T.);
#11195 = VERTEX_POINT('',#11196);
#11196 = CARTESIAN_POINT('',(2.761,1.909,-4.E-02));
#11197 = LINE('',#11198,#11199);
#11198 = CARTESIAN_POINT('',(2.761,2.409,-4.E-02));
#11199 = VECTOR('',#11200,1.);
#11200 = DIRECTION('',(0.,-1.,0.));
#11201 = ORIENTED_EDGE('',*,*,#11202,.T.);
#11202 = EDGE_CURVE('',#11195,#11203,#11205,.T.);
#11203 = VERTEX_POINT('',#11204);
#11204 = CARTESIAN_POINT('',(2.5235,1.6715,-4.E-02));
#11205 = CIRCLE('',#11206,0.237499523827);
#11206 = AXIS2_PLACEMENT_3D('',#11207,#11208,#11209);
#11207 = CARTESIAN_POINT('',(2.523500476173,1.908999523827,-4.E-02));
#11208 = DIRECTION('',(0.,0.,-1.));
#11209 = DIRECTION('',(0.999999999998,2.004943178106E-06,0.));
#11210 = ORIENTED_EDGE('',*,*,#11211,.T.);
#11211 = EDGE_CURVE('',#11203,#11212,#11214,.T.);
#11212 = VERTEX_POINT('',#11213);
#11213 = CARTESIAN_POINT('',(2.0485,1.6715,-4.E-02));
#11214 = LINE('',#11215,#11216);
#11215 = CARTESIAN_POINT('',(2.5235,1.6715,-4.E-02));
#11216 = VECTOR('',#11217,1.);
#11217 = DIRECTION('',(-1.,0.,0.));
#11218 = ORIENTED_EDGE('',*,*,#11219,.T.);
#11219 = EDGE_CURVE('',#11212,#11055,#11220,.T.);
#11220 = CIRCLE('',#11221,0.237499523827);
#11221 = AXIS2_PLACEMENT_3D('',#11222,#11223,#11224);
#11222 = CARTESIAN_POINT('',(2.048499523827,1.908999523827,-4.E-02));
#11223 = DIRECTION('',(0.,0.,-1.));
#11224 = DIRECTION('',(2.004943179041E-06,-0.999999999998,0.));
#11225 = ORIENTED_EDGE('',*,*,#11062,.T.);
#11226 = PLANE('',#11227);
#11227 = AXIS2_PLACEMENT_3D('',#11228,#11229,#11230);
#11228 = CARTESIAN_POINT('',(0.,0.,-4.E-02));
#11229 = DIRECTION('',(-0.,-0.,-1.));
#11230 = DIRECTION('',(-1.,0.,0.));
#11231 = ADVANCED_FACE('',(#11232),#11251,.T.);
#11232 = FACE_BOUND('',#11233,.T.);
#11233 = EDGE_LOOP('',(#11234,#11243,#11250));
#11234 = ORIENTED_EDGE('',*,*,#11235,.T.);
#11235 = EDGE_CURVE('',#11047,#11236,#11238,.T.);
#11236 = VERTEX_POINT('',#11237);
#11237 = CARTESIAN_POINT('',(1.827013592772,1.823267346886,-3.6E-02));
#11238 = CIRCLE('',#11239,0.237499523827);
#11239 = AXIS2_PLACEMENT_3D('',#11240,#11241,#11242);
#11240 = CARTESIAN_POINT('',(2.048499523827,1.908999523827,-3.6E-02));
#11241 = DIRECTION('',(-0.,0.,1.));
#11242 = DIRECTION('',(2.004943179041E-06,-0.999999999998,0.));
#11243 = ORIENTED_EDGE('',*,*,#11244,.T.);
#11244 = EDGE_CURVE('',#11236,#11045,#11245,.T.);
#11245 = CIRCLE('',#11246,0.125);
#11246 = AXIS2_PLACEMENT_3D('',#11247,#11248,#11249);
#11247 = CARTESIAN_POINT('',(1.737,1.91,-3.6E-02));
#11248 = DIRECTION('',(0.,0.,1.));
#11249 = DIRECTION('',(-0.,-1.,0.));
#11250 = ORIENTED_EDGE('',*,*,#11044,.T.);
#11251 = PLANE('',#11252);
#11252 = AXIS2_PLACEMENT_3D('',#11253,#11254,#11255);
#11253 = CARTESIAN_POINT('',(1.737,1.785,-3.6E-02));
#11254 = DIRECTION('',(0.,0.,1.));
#11255 = DIRECTION('',(1.,0.,-0.));
#11256 = ADVANCED_FACE('',(#11257),#11268,.F.);
#11257 = FACE_BOUND('',#11258,.T.);
#11258 = EDGE_LOOP('',(#11259,#11260,#11266,#11267));
#11259 = ORIENTED_EDGE('',*,*,#11244,.F.);
#11260 = ORIENTED_EDGE('',*,*,#11261,.T.);
#11261 = EDGE_CURVE('',#11236,#11160,#11262,.T.);
#11262 = LINE('',#11263,#11264);
#11263 = CARTESIAN_POINT('',(1.827013592772,1.823267346886,0.));
#11264 = VECTOR('',#11265,1.);
#11265 = DIRECTION('',(-0.,-0.,1.));
#11266 = ORIENTED_EDGE('',*,*,#11168,.F.);
#11267 = ORIENTED_EDGE('',*,*,#11077,.T.);
#11268 = CYLINDRICAL_SURFACE('',#11269,0.125);
#11269 = AXIS2_PLACEMENT_3D('',#11270,#11271,#11272);
#11270 = CARTESIAN_POINT('',(1.737,1.91,-3.6E-02));
#11271 = DIRECTION('',(-0.,-0.,-1.));
#11272 = DIRECTION('',(-0.,-1.,0.));
#11273 = ADVANCED_FACE('',(#11274),#11287,.T.);
#11274 = FACE_BOUND('',#11275,.F.);
#11275 = EDGE_LOOP('',(#11276,#11277,#11283,#11284,#11285,#11286));
#11276 = ORIENTED_EDGE('',*,*,#11159,.F.);
#11277 = ORIENTED_EDGE('',*,*,#11278,.T.);
#11278 = EDGE_CURVE('',#11152,#11212,#11279,.T.);
#11279 = LINE('',#11280,#11281);
#11280 = CARTESIAN_POINT('',(2.0485,1.6715,0.));
#11281 = VECTOR('',#11282,1.);
#11282 = DIRECTION('',(0.,0.,-1.));
#11283 = ORIENTED_EDGE('',*,*,#11219,.T.);
#11284 = ORIENTED_EDGE('',*,*,#11054,.F.);
#11285 = ORIENTED_EDGE('',*,*,#11235,.T.);
#11286 = ORIENTED_EDGE('',*,*,#11261,.T.);
#11287 = CYLINDRICAL_SURFACE('',#11288,0.237499523827);
#11288 = AXIS2_PLACEMENT_3D('',#11289,#11290,#11291);
#11289 = CARTESIAN_POINT('',(2.048499523827,1.908999523827,0.));
#11290 = DIRECTION('',(-0.,-0.,1.));
#11291 = DIRECTION('',(2.004943179041E-06,-0.999999999998,0.));
#11292 = ADVANCED_FACE('',(#11293),#11304,.T.);
#11293 = FACE_BOUND('',#11294,.F.);
#11294 = EDGE_LOOP('',(#11295,#11296,#11297,#11303));
#11295 = ORIENTED_EDGE('',*,*,#11100,.T.);
#11296 = ORIENTED_EDGE('',*,*,#11185,.T.);
#11297 = ORIENTED_EDGE('',*,*,#11298,.F.);
#11298 = EDGE_CURVE('',#11126,#11186,#11299,.T.);
#11299 = LINE('',#11300,#11301);
#11300 = CARTESIAN_POINT('',(2.761,2.409,0.));
#11301 = VECTOR('',#11302,1.);
#11302 = DIRECTION('',(0.,0.,-1.));
#11303 = ORIENTED_EDGE('',*,*,#11125,.F.);
#11304 = CYLINDRICAL_SURFACE('',#11305,0.237499523827);
#11305 = AXIS2_PLACEMENT_3D('',#11306,#11307,#11308);
#11306 = CARTESIAN_POINT('',(2.523500476173,2.409000476173,0.));
#11307 = DIRECTION('',(-0.,-0.,1.));
#11308 = DIRECTION('',(-2.004943180911E-06,0.999999999998,0.));
#11309 = ADVANCED_FACE('',(#11310),#11321,.F.);
#11310 = FACE_BOUND('',#11311,.F.);
#11311 = EDGE_LOOP('',(#11312,#11318,#11319,#11320));
#11312 = ORIENTED_EDGE('',*,*,#11313,.T.);
#11313 = EDGE_CURVE('',#11143,#11203,#11314,.T.);
#11314 = LINE('',#11315,#11316);
#11315 = CARTESIAN_POINT('',(2.5235,1.6715,0.));
#11316 = VECTOR('',#11317,1.);
#11317 = DIRECTION('',(0.,0.,-1.));
#11318 = ORIENTED_EDGE('',*,*,#11211,.T.);
#11319 = ORIENTED_EDGE('',*,*,#11278,.F.);
#11320 = ORIENTED_EDGE('',*,*,#11151,.F.);
#11321 = PLANE('',#11322);
#11322 = AXIS2_PLACEMENT_3D('',#11323,#11324,#11325);
#11323 = CARTESIAN_POINT('',(2.5235,1.6715,0.));
#11324 = DIRECTION('',(0.,1.,0.));
#11325 = DIRECTION('',(-1.,0.,0.));
#11326 = ADVANCED_FACE('',(#11327),#11338,.T.);
#11327 = FACE_BOUND('',#11328,.F.);
#11328 = EDGE_LOOP('',(#11329,#11335,#11336,#11337));
#11329 = ORIENTED_EDGE('',*,*,#11330,.T.);
#11330 = EDGE_CURVE('',#11135,#11195,#11331,.T.);
#11331 = LINE('',#11332,#11333);
#11332 = CARTESIAN_POINT('',(2.761,1.909,0.));
#11333 = VECTOR('',#11334,1.);
#11334 = DIRECTION('',(0.,0.,-1.));
#11335 = ORIENTED_EDGE('',*,*,#11202,.T.);
#11336 = ORIENTED_EDGE('',*,*,#11313,.F.);
#11337 = ORIENTED_EDGE('',*,*,#11142,.F.);
#11338 = CYLINDRICAL_SURFACE('',#11339,0.237499523827);
#11339 = AXIS2_PLACEMENT_3D('',#11340,#11341,#11342);
#11340 = CARTESIAN_POINT('',(2.523500476173,1.908999523827,0.));
#11341 = DIRECTION('',(-0.,-0.,1.));
#11342 = DIRECTION('',(0.999999999998,2.004943178106E-06,0.));
#11343 = ADVANCED_FACE('',(#11344),#11350,.F.);
#11344 = FACE_BOUND('',#11345,.F.);
#11345 = EDGE_LOOP('',(#11346,#11347,#11348,#11349));
#11346 = ORIENTED_EDGE('',*,*,#11298,.T.);
#11347 = ORIENTED_EDGE('',*,*,#11194,.T.);
#11348 = ORIENTED_EDGE('',*,*,#11330,.F.);
#11349 = ORIENTED_EDGE('',*,*,#11134,.F.);
#11350 = PLANE('',#11351);
#11351 = AXIS2_PLACEMENT_3D('',#11352,#11353,#11354);
#11352 = CARTESIAN_POINT('',(2.761,2.409,0.));
#11353 = DIRECTION('',(-1.,-0.,-0.));
#11354 = DIRECTION('',(0.,-1.,0.));
#11355 = MANIFOLD_SOLID_BREP('',#11356);
#11356 = CLOSED_SHELL('',(#11357,#11397,#11428,#11459,#11481,#11493));
#11357 = ADVANCED_FACE('',(#11358),#11392,.T.);
#11358 = FACE_BOUND('',#11359,.T.);
#11359 = EDGE_LOOP('',(#11360,#11370,#11378,#11386));
#11360 = ORIENTED_EDGE('',*,*,#11361,.T.);
#11361 = EDGE_CURVE('',#11362,#11364,#11366,.T.);
#11362 = VERTEX_POINT('',#11363);
#11363 = CARTESIAN_POINT('',(-1.65,-0.125,1.51));
#11364 = VERTEX_POINT('',#11365);
#11365 = CARTESIAN_POINT('',(-1.65,-0.125,1.55));
#11366 = LINE('',#11367,#11368);
#11367 = CARTESIAN_POINT('',(-1.65,-0.125,1.51));
#11368 = VECTOR('',#11369,1.);
#11369 = DIRECTION('',(0.,0.,1.));
#11370 = ORIENTED_EDGE('',*,*,#11371,.T.);
#11371 = EDGE_CURVE('',#11364,#11372,#11374,.T.);
#11372 = VERTEX_POINT('',#11373);
#11373 = CARTESIAN_POINT('',(-1.65,0.125,1.55));
#11374 = LINE('',#11375,#11376);
#11375 = CARTESIAN_POINT('',(-1.65,-0.125,1.55));
#11376 = VECTOR('',#11377,1.);
#11377 = DIRECTION('',(0.,1.,0.));
#11378 = ORIENTED_EDGE('',*,*,#11379,.F.);
#11379 = EDGE_CURVE('',#11380,#11372,#11382,.T.);
#11380 = VERTEX_POINT('',#11381);
#11381 = CARTESIAN_POINT('',(-1.65,0.125,1.51));
#11382 = LINE('',#11383,#11384);
#11383 = CARTESIAN_POINT('',(-1.65,0.125,1.51));
#11384 = VECTOR('',#11385,1.);
#11385 = DIRECTION('',(0.,0.,1.));
#11386 = ORIENTED_EDGE('',*,*,#11387,.F.);
#11387 = EDGE_CURVE('',#11362,#11380,#11388,.T.);
#11388 = LINE('',#11389,#11390);
#11389 = CARTESIAN_POINT('',(-1.65,-0.125,1.51));
#11390 = VECTOR('',#11391,1.);
#11391 = DIRECTION('',(0.,1.,0.));
#11392 = PLANE('',#11393);
#11393 = AXIS2_PLACEMENT_3D('',#11394,#11395,#11396);
#11394 = CARTESIAN_POINT('',(-1.65,-0.125,1.51));
#11395 = DIRECTION('',(-1.,0.,0.));
#11396 = DIRECTION('',(0.,1.,0.));
#11397 = ADVANCED_FACE('',(#11398),#11423,.T.);
#11398 = FACE_BOUND('',#11399,.T.);
#11399 = EDGE_LOOP('',(#11400,#11401,#11409,#11417));
#11400 = ORIENTED_EDGE('',*,*,#11379,.T.);
#11401 = ORIENTED_EDGE('',*,*,#11402,.T.);
#11402 = EDGE_CURVE('',#11372,#11403,#11405,.T.);
#11403 = VERTEX_POINT('',#11404);
#11404 = CARTESIAN_POINT('',(-1.1,0.125,1.55));
#11405 = LINE('',#11406,#11407);
#11406 = CARTESIAN_POINT('',(-1.65,0.125,1.55));
#11407 = VECTOR('',#11408,1.);
#11408 = DIRECTION('',(1.,0.,0.));
#11409 = ORIENTED_EDGE('',*,*,#11410,.F.);
#11410 = EDGE_CURVE('',#11411,#11403,#11413,.T.);
#11411 = VERTEX_POINT('',#11412);
#11412 = CARTESIAN_POINT('',(-1.1,0.125,1.51));
#11413 = LINE('',#11414,#11415);
#11414 = CARTESIAN_POINT('',(-1.1,0.125,1.51));
#11415 = VECTOR('',#11416,1.);
#11416 = DIRECTION('',(0.,0.,1.));
#11417 = ORIENTED_EDGE('',*,*,#11418,.F.);
#11418 = EDGE_CURVE('',#11380,#11411,#11419,.T.);
#11419 = LINE('',#11420,#11421);
#11420 = CARTESIAN_POINT('',(-1.65,0.125,1.51));
#11421 = VECTOR('',#11422,1.);
#11422 = DIRECTION('',(1.,0.,0.));
#11423 = PLANE('',#11424);
#11424 = AXIS2_PLACEMENT_3D('',#11425,#11426,#11427);
#11425 = CARTESIAN_POINT('',(-1.65,0.125,1.51));
#11426 = DIRECTION('',(0.,1.,0.));
#11427 = DIRECTION('',(1.,0.,0.));
#11428 = ADVANCED_FACE('',(#11429),#11454,.T.);
#11429 = FACE_BOUND('',#11430,.T.);
#11430 = EDGE_LOOP('',(#11431,#11432,#11440,#11448));
#11431 = ORIENTED_EDGE('',*,*,#11410,.T.);
#11432 = ORIENTED_EDGE('',*,*,#11433,.T.);
#11433 = EDGE_CURVE('',#11403,#11434,#11436,.T.);
#11434 = VERTEX_POINT('',#11435);
#11435 = CARTESIAN_POINT('',(-1.1,-0.125,1.55));
#11436 = LINE('',#11437,#11438);
#11437 = CARTESIAN_POINT('',(-1.1,0.125,1.55));
#11438 = VECTOR('',#11439,1.);
#11439 = DIRECTION('',(0.,-1.,0.));
#11440 = ORIENTED_EDGE('',*,*,#11441,.F.);
#11441 = EDGE_CURVE('',#11442,#11434,#11444,.T.);
#11442 = VERTEX_POINT('',#11443);
#11443 = CARTESIAN_POINT('',(-1.1,-0.125,1.51));
#11444 = LINE('',#11445,#11446);
#11445 = CARTESIAN_POINT('',(-1.1,-0.125,1.51));
#11446 = VECTOR('',#11447,1.);
#11447 = DIRECTION('',(0.,0.,1.));
#11448 = ORIENTED_EDGE('',*,*,#11449,.F.);
#11449 = EDGE_CURVE('',#11411,#11442,#11450,.T.);
#11450 = LINE('',#11451,#11452);
#11451 = CARTESIAN_POINT('',(-1.1,0.125,1.51));
#11452 = VECTOR('',#11453,1.);
#11453 = DIRECTION('',(0.,-1.,0.));
#11454 = PLANE('',#11455);
#11455 = AXIS2_PLACEMENT_3D('',#11456,#11457,#11458);
#11456 = CARTESIAN_POINT('',(-1.1,0.125,1.51));
#11457 = DIRECTION('',(1.,0.,-0.));
#11458 = DIRECTION('',(0.,-1.,0.));
#11459 = ADVANCED_FACE('',(#11460),#11476,.T.);
#11460 = FACE_BOUND('',#11461,.T.);
#11461 = EDGE_LOOP('',(#11462,#11463,#11469,#11470));
#11462 = ORIENTED_EDGE('',*,*,#11441,.T.);
#11463 = ORIENTED_EDGE('',*,*,#11464,.T.);
#11464 = EDGE_CURVE('',#11434,#11364,#11465,.T.);
#11465 = LINE('',#11466,#11467);
#11466 = CARTESIAN_POINT('',(-1.1,-0.125,1.55));
#11467 = VECTOR('',#11468,1.);
#11468 = DIRECTION('',(-1.,0.,0.));
#11469 = ORIENTED_EDGE('',*,*,#11361,.F.);
#11470 = ORIENTED_EDGE('',*,*,#11471,.F.);
#11471 = EDGE_CURVE('',#11442,#11362,#11472,.T.);
#11472 = LINE('',#11473,#11474);
#11473 = CARTESIAN_POINT('',(-1.1,-0.125,1.51));
#11474 = VECTOR('',#11475,1.);
#11475 = DIRECTION('',(-1.,0.,0.));
#11476 = PLANE('',#11477);
#11477 = AXIS2_PLACEMENT_3D('',#11478,#11479,#11480);
#11478 = CARTESIAN_POINT('',(-1.1,-0.125,1.51));
#11479 = DIRECTION('',(0.,-1.,0.));
#11480 = DIRECTION('',(-1.,0.,0.));
#11481 = ADVANCED_FACE('',(#11482),#11488,.F.);
#11482 = FACE_BOUND('',#11483,.T.);
#11483 = EDGE_LOOP('',(#11484,#11485,#11486,#11487));
#11484 = ORIENTED_EDGE('',*,*,#11387,.T.);
#11485 = ORIENTED_EDGE('',*,*,#11418,.T.);
#11486 = ORIENTED_EDGE('',*,*,#11449,.T.);
#11487 = ORIENTED_EDGE('',*,*,#11471,.T.);
#11488 = PLANE('',#11489);
#11489 = AXIS2_PLACEMENT_3D('',#11490,#11491,#11492);
#11490 = CARTESIAN_POINT('',(0.,0.,1.51));
#11491 = DIRECTION('',(0.,0.,1.));
#11492 = DIRECTION('',(1.,0.,-0.));
#11493 = ADVANCED_FACE('',(#11494),#11500,.T.);
#11494 = FACE_BOUND('',#11495,.F.);
#11495 = EDGE_LOOP('',(#11496,#11497,#11498,#11499));
#11496 = ORIENTED_EDGE('',*,*,#11371,.T.);
#11497 = ORIENTED_EDGE('',*,*,#11402,.T.);
#11498 = ORIENTED_EDGE('',*,*,#11433,.T.);
#11499 = ORIENTED_EDGE('',*,*,#11464,.T.);
#11500 = PLANE('',#11501);
#11501 = AXIS2_PLACEMENT_3D('',#11502,#11503,#11504);
#11502 = CARTESIAN_POINT('',(0.,0.,1.55));
#11503 = DIRECTION('',(0.,0.,1.));
#11504 = DIRECTION('',(1.,0.,-0.));
#11505 = MANIFOLD_SOLID_BREP('',#11506);
#11506 = CLOSED_SHELL('',(#11507,#11549,#11580,#11611,#11681,#11733,
    #11750,#11767,#11784,#11825,#11843,#11855));
#11507 = ADVANCED_FACE('',(#11508),#11544,.T.);
#11508 = FACE_BOUND('',#11509,.F.);
#11509 = EDGE_LOOP('',(#11510,#11520,#11529,#11537));
#11510 = ORIENTED_EDGE('',*,*,#11511,.T.);
#11511 = EDGE_CURVE('',#11512,#11514,#11516,.T.);
#11512 = VERTEX_POINT('',#11513);
#11513 = CARTESIAN_POINT('',(-4.285,0.9085,0.));
#11514 = VERTEX_POINT('',#11515);
#11515 = CARTESIAN_POINT('',(-4.285,0.9085,-4.E-02));
#11516 = LINE('',#11517,#11518);
#11517 = CARTESIAN_POINT('',(-4.285,0.9085,0.));
#11518 = VECTOR('',#11519,1.);
#11519 = DIRECTION('',(0.,0.,-1.));
#11520 = ORIENTED_EDGE('',*,*,#11521,.T.);
#11521 = EDGE_CURVE('',#11514,#11522,#11524,.T.);
#11522 = VERTEX_POINT('',#11523);
#11523 = CARTESIAN_POINT('',(-4.0475,1.146,-4.E-02));
#11524 = CIRCLE('',#11525,0.237499523827);
#11525 = AXIS2_PLACEMENT_3D('',#11526,#11527,#11528);
#11526 = CARTESIAN_POINT('',(-4.047500476173,0.908500476173,-4.E-02));
#11527 = DIRECTION('',(0.,0.,-1.));
#11528 = DIRECTION('',(-0.999999999998,-2.004943178106E-06,-0.));
#11529 = ORIENTED_EDGE('',*,*,#11530,.F.);
#11530 = EDGE_CURVE('',#11531,#11522,#11533,.T.);
#11531 = VERTEX_POINT('',#11532);
#11532 = CARTESIAN_POINT('',(-4.0475,1.146,0.));
#11533 = LINE('',#11534,#11535);
#11534 = CARTESIAN_POINT('',(-4.0475,1.146,0.));
#11535 = VECTOR('',#11536,1.);
#11536 = DIRECTION('',(0.,0.,-1.));
#11537 = ORIENTED_EDGE('',*,*,#11538,.F.);
#11538 = EDGE_CURVE('',#11512,#11531,#11539,.T.);
#11539 = CIRCLE('',#11540,0.237499523827);
#11540 = AXIS2_PLACEMENT_3D('',#11541,#11542,#11543);
#11541 = CARTESIAN_POINT('',(-4.047500476173,0.908500476173,0.));
#11542 = DIRECTION('',(0.,0.,-1.));
#11543 = DIRECTION('',(-0.999999999998,-2.004943178106E-06,-0.));
#11544 = CYLINDRICAL_SURFACE('',#11545,0.237499523827);
#11545 = AXIS2_PLACEMENT_3D('',#11546,#11547,#11548);
#11546 = CARTESIAN_POINT('',(-4.047500476173,0.908500476173,0.));
#11547 = DIRECTION('',(-0.,-0.,1.));
#11548 = DIRECTION('',(-0.999999999998,-2.004943178106E-06,-0.));
#11549 = ADVANCED_FACE('',(#11550),#11575,.F.);
#11550 = FACE_BOUND('',#11551,.F.);
#11551 = EDGE_LOOP('',(#11552,#11562,#11568,#11569));
#11552 = ORIENTED_EDGE('',*,*,#11553,.T.);
#11553 = EDGE_CURVE('',#11554,#11556,#11558,.T.);
#11554 = VERTEX_POINT('',#11555);
#11555 = CARTESIAN_POINT('',(-4.285,0.4085,0.));
#11556 = VERTEX_POINT('',#11557);
#11557 = CARTESIAN_POINT('',(-4.285,0.4085,-4.E-02));
#11558 = LINE('',#11559,#11560);
#11559 = CARTESIAN_POINT('',(-4.285,0.4085,0.));
#11560 = VECTOR('',#11561,1.);
#11561 = DIRECTION('',(0.,0.,-1.));
#11562 = ORIENTED_EDGE('',*,*,#11563,.T.);
#11563 = EDGE_CURVE('',#11556,#11514,#11564,.T.);
#11564 = LINE('',#11565,#11566);
#11565 = CARTESIAN_POINT('',(-4.285,0.4085,-4.E-02));
#11566 = VECTOR('',#11567,1.);
#11567 = DIRECTION('',(0.,1.,0.));
#11568 = ORIENTED_EDGE('',*,*,#11511,.F.);
#11569 = ORIENTED_EDGE('',*,*,#11570,.F.);
#11570 = EDGE_CURVE('',#11554,#11512,#11571,.T.);
#11571 = LINE('',#11572,#11573);
#11572 = CARTESIAN_POINT('',(-4.285,0.4085,0.));
#11573 = VECTOR('',#11574,1.);
#11574 = DIRECTION('',(0.,1.,0.));
#11575 = PLANE('',#11576);
#11576 = AXIS2_PLACEMENT_3D('',#11577,#11578,#11579);
#11577 = CARTESIAN_POINT('',(-4.285,0.4085,0.));
#11578 = DIRECTION('',(1.,-0.,0.));
#11579 = DIRECTION('',(0.,1.,0.));
#11580 = ADVANCED_FACE('',(#11581),#11606,.F.);
#11581 = FACE_BOUND('',#11582,.F.);
#11582 = EDGE_LOOP('',(#11583,#11584,#11592,#11600));
#11583 = ORIENTED_EDGE('',*,*,#11530,.T.);
#11584 = ORIENTED_EDGE('',*,*,#11585,.T.);
#11585 = EDGE_CURVE('',#11522,#11586,#11588,.T.);
#11586 = VERTEX_POINT('',#11587);
#11587 = CARTESIAN_POINT('',(-3.5725,1.146,-4.E-02));
#11588 = LINE('',#11589,#11590);
#11589 = CARTESIAN_POINT('',(-4.0475,1.146,-4.E-02));
#11590 = VECTOR('',#11591,1.);
#11591 = DIRECTION('',(1.,0.,0.));
#11592 = ORIENTED_EDGE('',*,*,#11593,.F.);
#11593 = EDGE_CURVE('',#11594,#11586,#11596,.T.);
#11594 = VERTEX_POINT('',#11595);
#11595 = CARTESIAN_POINT('',(-3.5725,1.146,0.));
#11596 = LINE('',#11597,#11598);
#11597 = CARTESIAN_POINT('',(-3.5725,1.146,0.));
#11598 = VECTOR('',#11599,1.);
#11599 = DIRECTION('',(0.,0.,-1.));
#11600 = ORIENTED_EDGE('',*,*,#11601,.F.);
#11601 = EDGE_CURVE('',#11531,#11594,#11602,.T.);
#11602 = LINE('',#11603,#11604);
#11603 = CARTESIAN_POINT('',(-4.0475,1.146,0.));
#11604 = VECTOR('',#11605,1.);
#11605 = DIRECTION('',(1.,0.,0.));
#11606 = PLANE('',#11607);
#11607 = AXIS2_PLACEMENT_3D('',#11608,#11609,#11610);
#11608 = CARTESIAN_POINT('',(-4.0475,1.146,0.));
#11609 = DIRECTION('',(0.,-1.,0.));
#11610 = DIRECTION('',(1.,0.,0.));
#11611 = ADVANCED_FACE('',(#11612),#11676,.F.);
#11612 = FACE_BOUND('',#11613,.F.);
#11613 = EDGE_LOOP('',(#11614,#11615,#11616,#11617,#11626,#11634,#11643,
    #11652,#11661,#11669));
#11614 = ORIENTED_EDGE('',*,*,#11570,.T.);
#11615 = ORIENTED_EDGE('',*,*,#11538,.T.);
#11616 = ORIENTED_EDGE('',*,*,#11601,.T.);
#11617 = ORIENTED_EDGE('',*,*,#11618,.T.);
#11618 = EDGE_CURVE('',#11594,#11619,#11621,.T.);
#11619 = VERTEX_POINT('',#11620);
#11620 = CARTESIAN_POINT('',(-3.335,0.9085,0.));
#11621 = CIRCLE('',#11622,0.237499523827);
#11622 = AXIS2_PLACEMENT_3D('',#11623,#11624,#11625);
#11623 = CARTESIAN_POINT('',(-3.572499523827,0.908500476173,0.));
#11624 = DIRECTION('',(0.,0.,-1.));
#11625 = DIRECTION('',(-2.004943179041E-06,0.999999999998,0.));
#11626 = ORIENTED_EDGE('',*,*,#11627,.T.);
#11627 = EDGE_CURVE('',#11619,#11628,#11630,.T.);
#11628 = VERTEX_POINT('',#11629);
#11629 = CARTESIAN_POINT('',(-3.335,0.4085,0.));
#11630 = LINE('',#11631,#11632);
#11631 = CARTESIAN_POINT('',(-3.335,0.9085,0.));
#11632 = VECTOR('',#11633,1.);
#11633 = DIRECTION('',(0.,-1.,0.));
#11634 = ORIENTED_EDGE('',*,*,#11635,.T.);
#11635 = EDGE_CURVE('',#11628,#11636,#11638,.T.);
#11636 = VERTEX_POINT('',#11637);
#11637 = CARTESIAN_POINT('',(-3.33529887149,0.396588421898,0.));
#11638 = CIRCLE('',#11639,0.237499523827);
#11639 = AXIS2_PLACEMENT_3D('',#11640,#11641,#11642);
#11640 = CARTESIAN_POINT('',(-3.572499523827,0.408499523827,0.));
#11641 = DIRECTION('',(0.,0.,-1.));
#11642 = DIRECTION('',(0.999999999998,2.004943178807E-06,0.));
#11643 = ORIENTED_EDGE('',*,*,#11644,.F.);
#11644 = EDGE_CURVE('',#11645,#11636,#11647,.T.);
#11645 = VERTEX_POINT('',#11646);
#11646 = CARTESIAN_POINT('',(-3.362038857226,0.298443485228,0.));
#11647 = CIRCLE('',#11648,0.125);
#11648 = AXIS2_PLACEMENT_3D('',#11649,#11650,#11651);
#11649 = CARTESIAN_POINT('',(-3.2385,0.3175,0.));
#11650 = DIRECTION('',(-0.,0.,-1.));
#11651 = DIRECTION('',(-0.,-1.,0.));
#11652 = ORIENTED_EDGE('',*,*,#11653,.T.);
#11653 = EDGE_CURVE('',#11645,#11654,#11656,.T.);
#11654 = VERTEX_POINT('',#11655);
#11655 = CARTESIAN_POINT('',(-3.5725,0.171,0.));
#11656 = CIRCLE('',#11657,0.237499523827);
#11657 = AXIS2_PLACEMENT_3D('',#11658,#11659,#11660);
#11658 = CARTESIAN_POINT('',(-3.572499523827,0.408499523827,0.));
#11659 = DIRECTION('',(0.,0.,-1.));
#11660 = DIRECTION('',(0.999999999998,2.004943178807E-06,0.));
#11661 = ORIENTED_EDGE('',*,*,#11662,.T.);
#11662 = EDGE_CURVE('',#11654,#11663,#11665,.T.);
#11663 = VERTEX_POINT('',#11664);
#11664 = CARTESIAN_POINT('',(-4.0475,0.171,0.));
#11665 = LINE('',#11666,#11667);
#11666 = CARTESIAN_POINT('',(-3.5725,0.171,0.));
#11667 = VECTOR('',#11668,1.);
#11668 = DIRECTION('',(-1.,0.,0.));
#11669 = ORIENTED_EDGE('',*,*,#11670,.T.);
#11670 = EDGE_CURVE('',#11663,#11554,#11671,.T.);
#11671 = CIRCLE('',#11672,0.237499523827);
#11672 = AXIS2_PLACEMENT_3D('',#11673,#11674,#11675);
#11673 = CARTESIAN_POINT('',(-4.047500476173,0.408499523827,0.));
#11674 = DIRECTION('',(0.,0.,-1.));
#11675 = DIRECTION('',(2.004943175301E-06,-0.999999999998,0.));
#11676 = PLANE('',#11677);
#11677 = AXIS2_PLACEMENT_3D('',#11678,#11679,#11680);
#11678 = CARTESIAN_POINT('',(0.,0.,0.));
#11679 = DIRECTION('',(-0.,-0.,-1.));
#11680 = DIRECTION('',(-1.,0.,0.));
#11681 = ADVANCED_FACE('',(#11682),#11728,.T.);
#11682 = FACE_BOUND('',#11683,.T.);
#11683 = EDGE_LOOP('',(#11684,#11685,#11686,#11695,#11703,#11712,#11720,
    #11727));
#11684 = ORIENTED_EDGE('',*,*,#11521,.T.);
#11685 = ORIENTED_EDGE('',*,*,#11585,.T.);
#11686 = ORIENTED_EDGE('',*,*,#11687,.T.);
#11687 = EDGE_CURVE('',#11586,#11688,#11690,.T.);
#11688 = VERTEX_POINT('',#11689);
#11689 = CARTESIAN_POINT('',(-3.335,0.9085,-4.E-02));
#11690 = CIRCLE('',#11691,0.237499523827);
#11691 = AXIS2_PLACEMENT_3D('',#11692,#11693,#11694);
#11692 = CARTESIAN_POINT('',(-3.572499523827,0.908500476173,-4.E-02));
#11693 = DIRECTION('',(0.,0.,-1.));
#11694 = DIRECTION('',(-2.004943179041E-06,0.999999999998,0.));
#11695 = ORIENTED_EDGE('',*,*,#11696,.T.);
#11696 = EDGE_CURVE('',#11688,#11697,#11699,.T.);
#11697 = VERTEX_POINT('',#11698);
#11698 = CARTESIAN_POINT('',(-3.335,0.4085,-4.E-02));
#11699 = LINE('',#11700,#11701);
#11700 = CARTESIAN_POINT('',(-3.335,0.9085,-4.E-02));
#11701 = VECTOR('',#11702,1.);
#11702 = DIRECTION('',(0.,-1.,0.));
#11703 = ORIENTED_EDGE('',*,*,#11704,.T.);
#11704 = EDGE_CURVE('',#11697,#11705,#11707,.T.);
#11705 = VERTEX_POINT('',#11706);
#11706 = CARTESIAN_POINT('',(-3.5725,0.171,-4.E-02));
#11707 = CIRCLE('',#11708,0.237499523827);
#11708 = AXIS2_PLACEMENT_3D('',#11709,#11710,#11711);
#11709 = CARTESIAN_POINT('',(-3.572499523827,0.408499523827,-4.E-02));
#11710 = DIRECTION('',(0.,0.,-1.));
#11711 = DIRECTION('',(0.999999999998,2.004943178807E-06,0.));
#11712 = ORIENTED_EDGE('',*,*,#11713,.T.);
#11713 = EDGE_CURVE('',#11705,#11714,#11716,.T.);
#11714 = VERTEX_POINT('',#11715);
#11715 = CARTESIAN_POINT('',(-4.0475,0.171,-4.E-02));
#11716 = LINE('',#11717,#11718);
#11717 = CARTESIAN_POINT('',(-3.5725,0.171,-4.E-02));
#11718 = VECTOR('',#11719,1.);
#11719 = DIRECTION('',(-1.,0.,0.));
#11720 = ORIENTED_EDGE('',*,*,#11721,.T.);
#11721 = EDGE_CURVE('',#11714,#11556,#11722,.T.);
#11722 = CIRCLE('',#11723,0.237499523827);
#11723 = AXIS2_PLACEMENT_3D('',#11724,#11725,#11726);
#11724 = CARTESIAN_POINT('',(-4.047500476173,0.408499523827,-4.E-02));
#11725 = DIRECTION('',(0.,0.,-1.));
#11726 = DIRECTION('',(2.004943175301E-06,-0.999999999998,0.));
#11727 = ORIENTED_EDGE('',*,*,#11563,.T.);
#11728 = PLANE('',#11729);
#11729 = AXIS2_PLACEMENT_3D('',#11730,#11731,#11732);
#11730 = CARTESIAN_POINT('',(0.,0.,-4.E-02));
#11731 = DIRECTION('',(-0.,-0.,-1.));
#11732 = DIRECTION('',(-1.,0.,0.));
#11733 = ADVANCED_FACE('',(#11734),#11745,.T.);
#11734 = FACE_BOUND('',#11735,.F.);
#11735 = EDGE_LOOP('',(#11736,#11742,#11743,#11744));
#11736 = ORIENTED_EDGE('',*,*,#11737,.T.);
#11737 = EDGE_CURVE('',#11663,#11714,#11738,.T.);
#11738 = LINE('',#11739,#11740);
#11739 = CARTESIAN_POINT('',(-4.0475,0.171,0.));
#11740 = VECTOR('',#11741,1.);
#11741 = DIRECTION('',(0.,0.,-1.));
#11742 = ORIENTED_EDGE('',*,*,#11721,.T.);
#11743 = ORIENTED_EDGE('',*,*,#11553,.F.);
#11744 = ORIENTED_EDGE('',*,*,#11670,.F.);
#11745 = CYLINDRICAL_SURFACE('',#11746,0.237499523827);
#11746 = AXIS2_PLACEMENT_3D('',#11747,#11748,#11749);
#11747 = CARTESIAN_POINT('',(-4.047500476173,0.408499523827,0.));
#11748 = DIRECTION('',(-0.,-0.,1.));
#11749 = DIRECTION('',(2.004943175301E-06,-0.999999999998,0.));
#11750 = ADVANCED_FACE('',(#11751),#11762,.T.);
#11751 = FACE_BOUND('',#11752,.F.);
#11752 = EDGE_LOOP('',(#11753,#11754,#11755,#11761));
#11753 = ORIENTED_EDGE('',*,*,#11593,.T.);
#11754 = ORIENTED_EDGE('',*,*,#11687,.T.);
#11755 = ORIENTED_EDGE('',*,*,#11756,.F.);
#11756 = EDGE_CURVE('',#11619,#11688,#11757,.T.);
#11757 = LINE('',#11758,#11759);
#11758 = CARTESIAN_POINT('',(-3.335,0.9085,0.));
#11759 = VECTOR('',#11760,1.);
#11760 = DIRECTION('',(0.,0.,-1.));
#11761 = ORIENTED_EDGE('',*,*,#11618,.F.);
#11762 = CYLINDRICAL_SURFACE('',#11763,0.237499523827);
#11763 = AXIS2_PLACEMENT_3D('',#11764,#11765,#11766);
#11764 = CARTESIAN_POINT('',(-3.572499523827,0.908500476173,0.));
#11765 = DIRECTION('',(-0.,-0.,1.));
#11766 = DIRECTION('',(-2.004943179041E-06,0.999999999998,0.));
#11767 = ADVANCED_FACE('',(#11768),#11779,.F.);
#11768 = FACE_BOUND('',#11769,.F.);
#11769 = EDGE_LOOP('',(#11770,#11776,#11777,#11778));
#11770 = ORIENTED_EDGE('',*,*,#11771,.T.);
#11771 = EDGE_CURVE('',#11654,#11705,#11772,.T.);
#11772 = LINE('',#11773,#11774);
#11773 = CARTESIAN_POINT('',(-3.5725,0.171,0.));
#11774 = VECTOR('',#11775,1.);
#11775 = DIRECTION('',(0.,0.,-1.));
#11776 = ORIENTED_EDGE('',*,*,#11713,.T.);
#11777 = ORIENTED_EDGE('',*,*,#11737,.F.);
#11778 = ORIENTED_EDGE('',*,*,#11662,.F.);
#11779 = PLANE('',#11780);
#11780 = AXIS2_PLACEMENT_3D('',#11781,#11782,#11783);
#11781 = CARTESIAN_POINT('',(-3.5725,0.171,0.));
#11782 = DIRECTION('',(0.,1.,0.));
#11783 = DIRECTION('',(-1.,0.,0.));
#11784 = ADVANCED_FACE('',(#11785),#11820,.T.);
#11785 = FACE_BOUND('',#11786,.F.);
#11786 = EDGE_LOOP('',(#11787,#11788,#11794,#11795,#11796,#11797,#11805,
    #11814));
#11787 = ORIENTED_EDGE('',*,*,#11635,.F.);
#11788 = ORIENTED_EDGE('',*,*,#11789,.T.);
#11789 = EDGE_CURVE('',#11628,#11697,#11790,.T.);
#11790 = LINE('',#11791,#11792);
#11791 = CARTESIAN_POINT('',(-3.335,0.4085,0.));
#11792 = VECTOR('',#11793,1.);
#11793 = DIRECTION('',(0.,0.,-1.));
#11794 = ORIENTED_EDGE('',*,*,#11704,.T.);
#11795 = ORIENTED_EDGE('',*,*,#11771,.F.);
#11796 = ORIENTED_EDGE('',*,*,#11653,.F.);
#11797 = ORIENTED_EDGE('',*,*,#11798,.F.);
#11798 = EDGE_CURVE('',#11799,#11645,#11801,.T.);
#11799 = VERTEX_POINT('',#11800);
#11800 = CARTESIAN_POINT('',(-3.362038857226,0.298443485228,-3.6E-02));
#11801 = LINE('',#11802,#11803);
#11802 = CARTESIAN_POINT('',(-3.362038857226,0.298443485228,0.));
#11803 = VECTOR('',#11804,1.);
#11804 = DIRECTION('',(-0.,-0.,1.));
#11805 = ORIENTED_EDGE('',*,*,#11806,.T.);
#11806 = EDGE_CURVE('',#11799,#11807,#11809,.T.);
#11807 = VERTEX_POINT('',#11808);
#11808 = CARTESIAN_POINT('',(-3.33529887149,0.396588421898,-3.6E-02));
#11809 = CIRCLE('',#11810,0.237499523827);
#11810 = AXIS2_PLACEMENT_3D('',#11811,#11812,#11813);
#11811 = CARTESIAN_POINT('',(-3.572499523827,0.408499523827,-3.6E-02));
#11812 = DIRECTION('',(0.,-0.,1.));
#11813 = DIRECTION('',(0.999999999998,2.004943178807E-06,0.));
#11814 = ORIENTED_EDGE('',*,*,#11815,.T.);
#11815 = EDGE_CURVE('',#11807,#11636,#11816,.T.);
#11816 = LINE('',#11817,#11818);
#11817 = CARTESIAN_POINT('',(-3.33529887149,0.396588421898,0.));
#11818 = VECTOR('',#11819,1.);
#11819 = DIRECTION('',(-0.,-0.,1.));
#11820 = CYLINDRICAL_SURFACE('',#11821,0.237499523827);
#11821 = AXIS2_PLACEMENT_3D('',#11822,#11823,#11824);
#11822 = CARTESIAN_POINT('',(-3.572499523827,0.408499523827,0.));
#11823 = DIRECTION('',(-0.,-0.,1.));
#11824 = DIRECTION('',(0.999999999998,2.004943178807E-06,0.));
#11825 = ADVANCED_FACE('',(#11826),#11838,.F.);
#11826 = FACE_BOUND('',#11827,.T.);
#11827 = EDGE_LOOP('',(#11828,#11835,#11836,#11837));
#11828 = ORIENTED_EDGE('',*,*,#11829,.F.);
#11829 = EDGE_CURVE('',#11807,#11799,#11830,.T.);
#11830 = CIRCLE('',#11831,0.125);
#11831 = AXIS2_PLACEMENT_3D('',#11832,#11833,#11834);
#11832 = CARTESIAN_POINT('',(-3.2385,0.3175,-3.6E-02));
#11833 = DIRECTION('',(0.,0.,1.));
#11834 = DIRECTION('',(-0.,-1.,0.));
#11835 = ORIENTED_EDGE('',*,*,#11815,.T.);
#11836 = ORIENTED_EDGE('',*,*,#11644,.F.);
#11837 = ORIENTED_EDGE('',*,*,#11798,.F.);
#11838 = CYLINDRICAL_SURFACE('',#11839,0.125);
#11839 = AXIS2_PLACEMENT_3D('',#11840,#11841,#11842);
#11840 = CARTESIAN_POINT('',(-3.2385,0.3175,-3.6E-02));
#11841 = DIRECTION('',(-0.,-0.,-1.));
#11842 = DIRECTION('',(-0.,-1.,0.));
#11843 = ADVANCED_FACE('',(#11844),#11850,.F.);
#11844 = FACE_BOUND('',#11845,.F.);
#11845 = EDGE_LOOP('',(#11846,#11847,#11848,#11849));
#11846 = ORIENTED_EDGE('',*,*,#11756,.T.);
#11847 = ORIENTED_EDGE('',*,*,#11696,.T.);
#11848 = ORIENTED_EDGE('',*,*,#11789,.F.);
#11849 = ORIENTED_EDGE('',*,*,#11627,.F.);
#11850 = PLANE('',#11851);
#11851 = AXIS2_PLACEMENT_3D('',#11852,#11853,#11854);
#11852 = CARTESIAN_POINT('',(-3.335,0.9085,0.));
#11853 = DIRECTION('',(-1.,-0.,-0.));
#11854 = DIRECTION('',(0.,-1.,0.));
#11855 = ADVANCED_FACE('',(#11856),#11860,.T.);
#11856 = FACE_BOUND('',#11857,.T.);
#11857 = EDGE_LOOP('',(#11858,#11859));
#11858 = ORIENTED_EDGE('',*,*,#11806,.T.);
#11859 = ORIENTED_EDGE('',*,*,#11829,.T.);
#11860 = PLANE('',#11861);
#11861 = AXIS2_PLACEMENT_3D('',#11862,#11863,#11864);
#11862 = CARTESIAN_POINT('',(-3.2385,0.1925,-3.6E-02));
#11863 = DIRECTION('',(0.,0.,1.));
#11864 = DIRECTION('',(1.,0.,-0.));
#11865 = MANIFOLD_SOLID_BREP('',#11866);
#11866 = CLOSED_SHELL('',(#11867,#11909,#11940,#11973,#12004,#12037,
    #12068,#12101,#12123,#12139));
#11867 = ADVANCED_FACE('',(#11868),#11904,.T.);
#11868 = FACE_BOUND('',#11869,.F.);
#11869 = EDGE_LOOP('',(#11870,#11880,#11889,#11897));
#11870 = ORIENTED_EDGE('',*,*,#11871,.T.);
#11871 = EDGE_CURVE('',#11872,#11874,#11876,.T.);
#11872 = VERTEX_POINT('',#11873);
#11873 = CARTESIAN_POINT('',(-4.285,2.4855,0.));
#11874 = VERTEX_POINT('',#11875);
#11875 = CARTESIAN_POINT('',(-4.285,2.4855,-4.E-02));
#11876 = LINE('',#11877,#11878);
#11877 = CARTESIAN_POINT('',(-4.285,2.4855,0.));
#11878 = VECTOR('',#11879,1.);
#11879 = DIRECTION('',(0.,0.,-1.));
#11880 = ORIENTED_EDGE('',*,*,#11881,.T.);
#11881 = EDGE_CURVE('',#11874,#11882,#11884,.T.);
#11882 = VERTEX_POINT('',#11883);
#11883 = CARTESIAN_POINT('',(-4.0475,2.723,-4.E-02));
#11884 = CIRCLE('',#11885,0.237499523827);
#11885 = AXIS2_PLACEMENT_3D('',#11886,#11887,#11888);
#11886 = CARTESIAN_POINT('',(-4.047500476173,2.485500476173,-4.E-02));
#11887 = DIRECTION('',(0.,0.,-1.));
#11888 = DIRECTION('',(-0.999999999998,-2.004943175301E-06,-0.));
#11889 = ORIENTED_EDGE('',*,*,#11890,.F.);
#11890 = EDGE_CURVE('',#11891,#11882,#11893,.T.);
#11891 = VERTEX_POINT('',#11892);
#11892 = CARTESIAN_POINT('',(-4.0475,2.723,0.));
#11893 = LINE('',#11894,#11895);
#11894 = CARTESIAN_POINT('',(-4.0475,2.723,0.));
#11895 = VECTOR('',#11896,1.);
#11896 = DIRECTION('',(0.,0.,-1.));
#11897 = ORIENTED_EDGE('',*,*,#11898,.F.);
#11898 = EDGE_CURVE('',#11872,#11891,#11899,.T.);
#11899 = CIRCLE('',#11900,0.237499523827);
#11900 = AXIS2_PLACEMENT_3D('',#11901,#11902,#11903);
#11901 = CARTESIAN_POINT('',(-4.047500476173,2.485500476173,0.));
#11902 = DIRECTION('',(0.,0.,-1.));
#11903 = DIRECTION('',(-0.999999999998,-2.004943175301E-06,-0.));
#11904 = CYLINDRICAL_SURFACE('',#11905,0.237499523827);
#11905 = AXIS2_PLACEMENT_3D('',#11906,#11907,#11908);
#11906 = CARTESIAN_POINT('',(-4.047500476173,2.485500476173,0.));
#11907 = DIRECTION('',(-0.,-0.,1.));
#11908 = DIRECTION('',(-0.999999999998,-2.004943175301E-06,-0.));
#11909 = ADVANCED_FACE('',(#11910),#11935,.F.);
#11910 = FACE_BOUND('',#11911,.F.);
#11911 = EDGE_LOOP('',(#11912,#11913,#11921,#11929));
#11912 = ORIENTED_EDGE('',*,*,#11890,.T.);
#11913 = ORIENTED_EDGE('',*,*,#11914,.T.);
#11914 = EDGE_CURVE('',#11882,#11915,#11917,.T.);
#11915 = VERTEX_POINT('',#11916);
#11916 = CARTESIAN_POINT('',(-3.5725,2.723,-4.E-02));
#11917 = LINE('',#11918,#11919);
#11918 = CARTESIAN_POINT('',(-4.0475,2.723,-4.E-02));
#11919 = VECTOR('',#11920,1.);
#11920 = DIRECTION('',(1.,0.,0.));
#11921 = ORIENTED_EDGE('',*,*,#11922,.F.);
#11922 = EDGE_CURVE('',#11923,#11915,#11925,.T.);
#11923 = VERTEX_POINT('',#11924);
#11924 = CARTESIAN_POINT('',(-3.5725,2.723,0.));
#11925 = LINE('',#11926,#11927);
#11926 = CARTESIAN_POINT('',(-3.5725,2.723,0.));
#11927 = VECTOR('',#11928,1.);
#11928 = DIRECTION('',(0.,0.,-1.));
#11929 = ORIENTED_EDGE('',*,*,#11930,.F.);
#11930 = EDGE_CURVE('',#11891,#11923,#11931,.T.);
#11931 = LINE('',#11932,#11933);
#11932 = CARTESIAN_POINT('',(-4.0475,2.723,0.));
#11933 = VECTOR('',#11934,1.);
#11934 = DIRECTION('',(1.,0.,0.));
#11935 = PLANE('',#11936);
#11936 = AXIS2_PLACEMENT_3D('',#11937,#11938,#11939);
#11937 = CARTESIAN_POINT('',(-4.0475,2.723,0.));
#11938 = DIRECTION('',(0.,-1.,0.));
#11939 = DIRECTION('',(1.,0.,0.));
#11940 = ADVANCED_FACE('',(#11941),#11968,.T.);
#11941 = FACE_BOUND('',#11942,.F.);
#11942 = EDGE_LOOP('',(#11943,#11944,#11953,#11961));
#11943 = ORIENTED_EDGE('',*,*,#11922,.T.);
#11944 = ORIENTED_EDGE('',*,*,#11945,.T.);
#11945 = EDGE_CURVE('',#11915,#11946,#11948,.T.);
#11946 = VERTEX_POINT('',#11947);
#11947 = CARTESIAN_POINT('',(-3.335,2.4855,-4.E-02));
#11948 = CIRCLE('',#11949,0.237499523827);
#11949 = AXIS2_PLACEMENT_3D('',#11950,#11951,#11952);
#11950 = CARTESIAN_POINT('',(-3.572499523827,2.485500476173,-4.E-02));
#11951 = DIRECTION('',(0.,0.,-1.));
#11952 = DIRECTION('',(-2.004943177171E-06,0.999999999998,0.));
#11953 = ORIENTED_EDGE('',*,*,#11954,.F.);
#11954 = EDGE_CURVE('',#11955,#11946,#11957,.T.);
#11955 = VERTEX_POINT('',#11956);
#11956 = CARTESIAN_POINT('',(-3.335,2.4855,0.));
#11957 = LINE('',#11958,#11959);
#11958 = CARTESIAN_POINT('',(-3.335,2.4855,0.));
#11959 = VECTOR('',#11960,1.);
#11960 = DIRECTION('',(0.,0.,-1.));
#11961 = ORIENTED_EDGE('',*,*,#11962,.F.);
#11962 = EDGE_CURVE('',#11923,#11955,#11963,.T.);
#11963 = CIRCLE('',#11964,0.237499523827);
#11964 = AXIS2_PLACEMENT_3D('',#11965,#11966,#11967);
#11965 = CARTESIAN_POINT('',(-3.572499523827,2.485500476173,0.));
#11966 = DIRECTION('',(0.,0.,-1.));
#11967 = DIRECTION('',(-2.004943177171E-06,0.999999999998,0.));
#11968 = CYLINDRICAL_SURFACE('',#11969,0.237499523827);
#11969 = AXIS2_PLACEMENT_3D('',#11970,#11971,#11972);
#11970 = CARTESIAN_POINT('',(-3.572499523827,2.485500476173,0.));
#11971 = DIRECTION('',(-0.,-0.,1.));
#11972 = DIRECTION('',(-2.004943177171E-06,0.999999999998,0.));
#11973 = ADVANCED_FACE('',(#11974),#11999,.F.);
#11974 = FACE_BOUND('',#11975,.F.);
#11975 = EDGE_LOOP('',(#11976,#11977,#11985,#11993));
#11976 = ORIENTED_EDGE('',*,*,#11954,.T.);
#11977 = ORIENTED_EDGE('',*,*,#11978,.T.);
#11978 = EDGE_CURVE('',#11946,#11979,#11981,.T.);
#11979 = VERTEX_POINT('',#11980);
#11980 = CARTESIAN_POINT('',(-3.335,1.8855,-4.E-02));
#11981 = LINE('',#11982,#11983);
#11982 = CARTESIAN_POINT('',(-3.335,2.4855,-4.E-02));
#11983 = VECTOR('',#11984,1.);
#11984 = DIRECTION('',(0.,-1.,0.));
#11985 = ORIENTED_EDGE('',*,*,#11986,.F.);
#11986 = EDGE_CURVE('',#11987,#11979,#11989,.T.);
#11987 = VERTEX_POINT('',#11988);
#11988 = CARTESIAN_POINT('',(-3.335,1.8855,0.));
#11989 = LINE('',#11990,#11991);
#11990 = CARTESIAN_POINT('',(-3.335,1.8855,0.));
#11991 = VECTOR('',#11992,1.);
#11992 = DIRECTION('',(0.,0.,-1.));
#11993 = ORIENTED_EDGE('',*,*,#11994,.F.);
#11994 = EDGE_CURVE('',#11955,#11987,#11995,.T.);
#11995 = LINE('',#11996,#11997);
#11996 = CARTESIAN_POINT('',(-3.335,2.4855,0.));
#11997 = VECTOR('',#11998,1.);
#11998 = DIRECTION('',(0.,-1.,0.));
#11999 = PLANE('',#12000);
#12000 = AXIS2_PLACEMENT_3D('',#12001,#12002,#12003);
#12001 = CARTESIAN_POINT('',(-3.335,2.4855,0.));
#12002 = DIRECTION('',(-1.,-0.,-0.));
#12003 = DIRECTION('',(0.,-1.,0.));
#12004 = ADVANCED_FACE('',(#12005),#12032,.T.);
#12005 = FACE_BOUND('',#12006,.F.);
#12006 = EDGE_LOOP('',(#12007,#12008,#12017,#12025));
#12007 = ORIENTED_EDGE('',*,*,#11986,.T.);
#12008 = ORIENTED_EDGE('',*,*,#12009,.T.);
#12009 = EDGE_CURVE('',#11979,#12010,#12012,.T.);
#12010 = VERTEX_POINT('',#12011);
#12011 = CARTESIAN_POINT('',(-3.5725,1.648,-4.E-02));
#12012 = CIRCLE('',#12013,0.237499523827);
#12013 = AXIS2_PLACEMENT_3D('',#12014,#12015,#12016);
#12014 = CARTESIAN_POINT('',(-3.572499523827,1.885499523827,-4.E-02));
#12015 = DIRECTION('',(0.,0.,-1.));
#12016 = DIRECTION('',(0.999999999998,2.004943178106E-06,0.));
#12017 = ORIENTED_EDGE('',*,*,#12018,.F.);
#12018 = EDGE_CURVE('',#12019,#12010,#12021,.T.);
#12019 = VERTEX_POINT('',#12020);
#12020 = CARTESIAN_POINT('',(-3.5725,1.648,0.));
#12021 = LINE('',#12022,#12023);
#12022 = CARTESIAN_POINT('',(-3.5725,1.648,0.));
#12023 = VECTOR('',#12024,1.);
#12024 = DIRECTION('',(0.,0.,-1.));
#12025 = ORIENTED_EDGE('',*,*,#12026,.F.);
#12026 = EDGE_CURVE('',#11987,#12019,#12027,.T.);
#12027 = CIRCLE('',#12028,0.237499523827);
#12028 = AXIS2_PLACEMENT_3D('',#12029,#12030,#12031);
#12029 = CARTESIAN_POINT('',(-3.572499523827,1.885499523827,0.));
#12030 = DIRECTION('',(0.,0.,-1.));
#12031 = DIRECTION('',(0.999999999998,2.004943178106E-06,0.));
#12032 = CYLINDRICAL_SURFACE('',#12033,0.237499523827);
#12033 = AXIS2_PLACEMENT_3D('',#12034,#12035,#12036);
#12034 = CARTESIAN_POINT('',(-3.572499523827,1.885499523827,0.));
#12035 = DIRECTION('',(-0.,-0.,1.));
#12036 = DIRECTION('',(0.999999999998,2.004943178106E-06,0.));
#12037 = ADVANCED_FACE('',(#12038),#12063,.F.);
#12038 = FACE_BOUND('',#12039,.F.);
#12039 = EDGE_LOOP('',(#12040,#12041,#12049,#12057));
#12040 = ORIENTED_EDGE('',*,*,#12018,.T.);
#12041 = ORIENTED_EDGE('',*,*,#12042,.T.);
#12042 = EDGE_CURVE('',#12010,#12043,#12045,.T.);
#12043 = VERTEX_POINT('',#12044);
#12044 = CARTESIAN_POINT('',(-4.0475,1.648,-4.E-02));
#12045 = LINE('',#12046,#12047);
#12046 = CARTESIAN_POINT('',(-3.5725,1.648,-4.E-02));
#12047 = VECTOR('',#12048,1.);
#12048 = DIRECTION('',(-1.,0.,0.));
#12049 = ORIENTED_EDGE('',*,*,#12050,.F.);
#12050 = EDGE_CURVE('',#12051,#12043,#12053,.T.);
#12051 = VERTEX_POINT('',#12052);
#12052 = CARTESIAN_POINT('',(-4.0475,1.648,0.));
#12053 = LINE('',#12054,#12055);
#12054 = CARTESIAN_POINT('',(-4.0475,1.648,0.));
#12055 = VECTOR('',#12056,1.);
#12056 = DIRECTION('',(0.,0.,-1.));
#12057 = ORIENTED_EDGE('',*,*,#12058,.F.);
#12058 = EDGE_CURVE('',#12019,#12051,#12059,.T.);
#12059 = LINE('',#12060,#12061);
#12060 = CARTESIAN_POINT('',(-3.5725,1.648,0.));
#12061 = VECTOR('',#12062,1.);
#12062 = DIRECTION('',(-1.,0.,0.));
#12063 = PLANE('',#12064);
#12064 = AXIS2_PLACEMENT_3D('',#12065,#12066,#12067);
#12065 = CARTESIAN_POINT('',(-3.5725,1.648,0.));
#12066 = DIRECTION('',(0.,1.,0.));
#12067 = DIRECTION('',(-1.,0.,0.));
#12068 = ADVANCED_FACE('',(#12069),#12096,.T.);
#12069 = FACE_BOUND('',#12070,.F.);
#12070 = EDGE_LOOP('',(#12071,#12072,#12081,#12089));
#12071 = ORIENTED_EDGE('',*,*,#12050,.T.);
#12072 = ORIENTED_EDGE('',*,*,#12073,.T.);
#12073 = EDGE_CURVE('',#12043,#12074,#12076,.T.);
#12074 = VERTEX_POINT('',#12075);
#12075 = CARTESIAN_POINT('',(-4.285,1.8855,-4.E-02));
#12076 = CIRCLE('',#12077,0.237499523827);
#12077 = AXIS2_PLACEMENT_3D('',#12078,#12079,#12080);
#12078 = CARTESIAN_POINT('',(-4.047500476173,1.885499523827,-4.E-02));
#12079 = DIRECTION('',(0.,0.,-1.));
#12080 = DIRECTION('',(2.004943175301E-06,-0.999999999998,0.));
#12081 = ORIENTED_EDGE('',*,*,#12082,.F.);
#12082 = EDGE_CURVE('',#12083,#12074,#12085,.T.);
#12083 = VERTEX_POINT('',#12084);
#12084 = CARTESIAN_POINT('',(-4.285,1.8855,0.));
#12085 = LINE('',#12086,#12087);
#12086 = CARTESIAN_POINT('',(-4.285,1.8855,0.));
#12087 = VECTOR('',#12088,1.);
#12088 = DIRECTION('',(0.,0.,-1.));
#12089 = ORIENTED_EDGE('',*,*,#12090,.F.);
#12090 = EDGE_CURVE('',#12051,#12083,#12091,.T.);
#12091 = CIRCLE('',#12092,0.237499523827);
#12092 = AXIS2_PLACEMENT_3D('',#12093,#12094,#12095);
#12093 = CARTESIAN_POINT('',(-4.047500476173,1.885499523827,0.));
#12094 = DIRECTION('',(0.,0.,-1.));
#12095 = DIRECTION('',(2.004943175301E-06,-0.999999999998,0.));
#12096 = CYLINDRICAL_SURFACE('',#12097,0.237499523827);
#12097 = AXIS2_PLACEMENT_3D('',#12098,#12099,#12100);
#12098 = CARTESIAN_POINT('',(-4.047500476173,1.885499523827,0.));
#12099 = DIRECTION('',(-0.,-0.,1.));
#12100 = DIRECTION('',(2.004943175301E-06,-0.999999999998,0.));
#12101 = ADVANCED_FACE('',(#12102),#12118,.F.);
#12102 = FACE_BOUND('',#12103,.F.);
#12103 = EDGE_LOOP('',(#12104,#12105,#12111,#12112));
#12104 = ORIENTED_EDGE('',*,*,#12082,.T.);
#12105 = ORIENTED_EDGE('',*,*,#12106,.T.);
#12106 = EDGE_CURVE('',#12074,#11874,#12107,.T.);
#12107 = LINE('',#12108,#12109);
#12108 = CARTESIAN_POINT('',(-4.285,1.8855,-4.E-02));
#12109 = VECTOR('',#12110,1.);
#12110 = DIRECTION('',(0.,1.,0.));
#12111 = ORIENTED_EDGE('',*,*,#11871,.F.);
#12112 = ORIENTED_EDGE('',*,*,#12113,.F.);
#12113 = EDGE_CURVE('',#12083,#11872,#12114,.T.);
#12114 = LINE('',#12115,#12116);
#12115 = CARTESIAN_POINT('',(-4.285,1.8855,0.));
#12116 = VECTOR('',#12117,1.);
#12117 = DIRECTION('',(0.,1.,0.));
#12118 = PLANE('',#12119);
#12119 = AXIS2_PLACEMENT_3D('',#12120,#12121,#12122);
#12120 = CARTESIAN_POINT('',(-4.285,1.8855,0.));
#12121 = DIRECTION('',(1.,-0.,0.));
#12122 = DIRECTION('',(0.,1.,0.));
#12123 = ADVANCED_FACE('',(#12124),#12134,.F.);
#12124 = FACE_BOUND('',#12125,.F.);
#12125 = EDGE_LOOP('',(#12126,#12127,#12128,#12129,#12130,#12131,#12132,
    #12133));
#12126 = ORIENTED_EDGE('',*,*,#11898,.T.);
#12127 = ORIENTED_EDGE('',*,*,#11930,.T.);
#12128 = ORIENTED_EDGE('',*,*,#11962,.T.);
#12129 = ORIENTED_EDGE('',*,*,#11994,.T.);
#12130 = ORIENTED_EDGE('',*,*,#12026,.T.);
#12131 = ORIENTED_EDGE('',*,*,#12058,.T.);
#12132 = ORIENTED_EDGE('',*,*,#12090,.T.);
#12133 = ORIENTED_EDGE('',*,*,#12113,.T.);
#12134 = PLANE('',#12135);
#12135 = AXIS2_PLACEMENT_3D('',#12136,#12137,#12138);
#12136 = CARTESIAN_POINT('',(0.,0.,0.));
#12137 = DIRECTION('',(-0.,-0.,-1.));
#12138 = DIRECTION('',(-1.,0.,0.));
#12139 = ADVANCED_FACE('',(#12140),#12150,.T.);
#12140 = FACE_BOUND('',#12141,.T.);
#12141 = EDGE_LOOP('',(#12142,#12143,#12144,#12145,#12146,#12147,#12148,
    #12149));
#12142 = ORIENTED_EDGE('',*,*,#11881,.T.);
#12143 = ORIENTED_EDGE('',*,*,#11914,.T.);
#12144 = ORIENTED_EDGE('',*,*,#11945,.T.);
#12145 = ORIENTED_EDGE('',*,*,#11978,.T.);
#12146 = ORIENTED_EDGE('',*,*,#12009,.T.);
#12147 = ORIENTED_EDGE('',*,*,#12042,.T.);
#12148 = ORIENTED_EDGE('',*,*,#12073,.T.);
#12149 = ORIENTED_EDGE('',*,*,#12106,.T.);
#12150 = PLANE('',#12151);
#12151 = AXIS2_PLACEMENT_3D('',#12152,#12153,#12154);
#12152 = CARTESIAN_POINT('',(0.,0.,-4.E-02));
#12153 = DIRECTION('',(-0.,-0.,-1.));
#12154 = DIRECTION('',(-1.,0.,0.));
#12155 = MANIFOLD_SOLID_BREP('',#12156);
#12156 = CLOSED_SHELL('',(#12157,#12197,#12228,#12259,#12281,#12293));
#12157 = ADVANCED_FACE('',(#12158),#12192,.T.);
#12158 = FACE_BOUND('',#12159,.T.);
#12159 = EDGE_LOOP('',(#12160,#12170,#12178,#12186));
#12160 = ORIENTED_EDGE('',*,*,#12161,.T.);
#12161 = EDGE_CURVE('',#12162,#12164,#12166,.T.);
#12162 = VERTEX_POINT('',#12163);
#12163 = CARTESIAN_POINT('',(-1.65,-0.625,1.51));
#12164 = VERTEX_POINT('',#12165);
#12165 = CARTESIAN_POINT('',(-1.65,-0.625,1.55));
#12166 = LINE('',#12167,#12168);
#12167 = CARTESIAN_POINT('',(-1.65,-0.625,1.51));
#12168 = VECTOR('',#12169,1.);
#12169 = DIRECTION('',(0.,0.,1.));
#12170 = ORIENTED_EDGE('',*,*,#12171,.T.);
#12171 = EDGE_CURVE('',#12164,#12172,#12174,.T.);
#12172 = VERTEX_POINT('',#12173);
#12173 = CARTESIAN_POINT('',(-1.65,-0.375,1.55));
#12174 = LINE('',#12175,#12176);
#12175 = CARTESIAN_POINT('',(-1.65,-0.625,1.55));
#12176 = VECTOR('',#12177,1.);
#12177 = DIRECTION('',(0.,1.,0.));
#12178 = ORIENTED_EDGE('',*,*,#12179,.F.);
#12179 = EDGE_CURVE('',#12180,#12172,#12182,.T.);
#12180 = VERTEX_POINT('',#12181);
#12181 = CARTESIAN_POINT('',(-1.65,-0.375,1.51));
#12182 = LINE('',#12183,#12184);
#12183 = CARTESIAN_POINT('',(-1.65,-0.375,1.51));
#12184 = VECTOR('',#12185,1.);
#12185 = DIRECTION('',(0.,0.,1.));
#12186 = ORIENTED_EDGE('',*,*,#12187,.F.);
#12187 = EDGE_CURVE('',#12162,#12180,#12188,.T.);
#12188 = LINE('',#12189,#12190);
#12189 = CARTESIAN_POINT('',(-1.65,-0.625,1.51));
#12190 = VECTOR('',#12191,1.);
#12191 = DIRECTION('',(0.,1.,0.));
#12192 = PLANE('',#12193);
#12193 = AXIS2_PLACEMENT_3D('',#12194,#12195,#12196);
#12194 = CARTESIAN_POINT('',(-1.65,-0.625,1.51));
#12195 = DIRECTION('',(-1.,0.,0.));
#12196 = DIRECTION('',(0.,1.,0.));
#12197 = ADVANCED_FACE('',(#12198),#12223,.T.);
#12198 = FACE_BOUND('',#12199,.T.);
#12199 = EDGE_LOOP('',(#12200,#12201,#12209,#12217));
#12200 = ORIENTED_EDGE('',*,*,#12179,.T.);
#12201 = ORIENTED_EDGE('',*,*,#12202,.T.);
#12202 = EDGE_CURVE('',#12172,#12203,#12205,.T.);
#12203 = VERTEX_POINT('',#12204);
#12204 = CARTESIAN_POINT('',(-1.1,-0.375,1.55));
#12205 = LINE('',#12206,#12207);
#12206 = CARTESIAN_POINT('',(-1.65,-0.375,1.55));
#12207 = VECTOR('',#12208,1.);
#12208 = DIRECTION('',(1.,0.,0.));
#12209 = ORIENTED_EDGE('',*,*,#12210,.F.);
#12210 = EDGE_CURVE('',#12211,#12203,#12213,.T.);
#12211 = VERTEX_POINT('',#12212);
#12212 = CARTESIAN_POINT('',(-1.1,-0.375,1.51));
#12213 = LINE('',#12214,#12215);
#12214 = CARTESIAN_POINT('',(-1.1,-0.375,1.51));
#12215 = VECTOR('',#12216,1.);
#12216 = DIRECTION('',(0.,0.,1.));
#12217 = ORIENTED_EDGE('',*,*,#12218,.F.);
#12218 = EDGE_CURVE('',#12180,#12211,#12219,.T.);
#12219 = LINE('',#12220,#12221);
#12220 = CARTESIAN_POINT('',(-1.65,-0.375,1.51));
#12221 = VECTOR('',#12222,1.);
#12222 = DIRECTION('',(1.,0.,0.));
#12223 = PLANE('',#12224);
#12224 = AXIS2_PLACEMENT_3D('',#12225,#12226,#12227);
#12225 = CARTESIAN_POINT('',(-1.65,-0.375,1.51));
#12226 = DIRECTION('',(0.,1.,0.));
#12227 = DIRECTION('',(1.,0.,0.));
#12228 = ADVANCED_FACE('',(#12229),#12254,.T.);
#12229 = FACE_BOUND('',#12230,.T.);
#12230 = EDGE_LOOP('',(#12231,#12232,#12240,#12248));
#12231 = ORIENTED_EDGE('',*,*,#12210,.T.);
#12232 = ORIENTED_EDGE('',*,*,#12233,.T.);
#12233 = EDGE_CURVE('',#12203,#12234,#12236,.T.);
#12234 = VERTEX_POINT('',#12235);
#12235 = CARTESIAN_POINT('',(-1.1,-0.625,1.55));
#12236 = LINE('',#12237,#12238);
#12237 = CARTESIAN_POINT('',(-1.1,-0.375,1.55));
#12238 = VECTOR('',#12239,1.);
#12239 = DIRECTION('',(0.,-1.,0.));
#12240 = ORIENTED_EDGE('',*,*,#12241,.F.);
#12241 = EDGE_CURVE('',#12242,#12234,#12244,.T.);
#12242 = VERTEX_POINT('',#12243);
#12243 = CARTESIAN_POINT('',(-1.1,-0.625,1.51));
#12244 = LINE('',#12245,#12246);
#12245 = CARTESIAN_POINT('',(-1.1,-0.625,1.51));
#12246 = VECTOR('',#12247,1.);
#12247 = DIRECTION('',(0.,0.,1.));
#12248 = ORIENTED_EDGE('',*,*,#12249,.F.);
#12249 = EDGE_CURVE('',#12211,#12242,#12250,.T.);
#12250 = LINE('',#12251,#12252);
#12251 = CARTESIAN_POINT('',(-1.1,-0.375,1.51));
#12252 = VECTOR('',#12253,1.);
#12253 = DIRECTION('',(0.,-1.,0.));
#12254 = PLANE('',#12255);
#12255 = AXIS2_PLACEMENT_3D('',#12256,#12257,#12258);
#12256 = CARTESIAN_POINT('',(-1.1,-0.375,1.51));
#12257 = DIRECTION('',(1.,0.,-0.));
#12258 = DIRECTION('',(0.,-1.,0.));
#12259 = ADVANCED_FACE('',(#12260),#12276,.T.);
#12260 = FACE_BOUND('',#12261,.T.);
#12261 = EDGE_LOOP('',(#12262,#12263,#12269,#12270));
#12262 = ORIENTED_EDGE('',*,*,#12241,.T.);
#12263 = ORIENTED_EDGE('',*,*,#12264,.T.);
#12264 = EDGE_CURVE('',#12234,#12164,#12265,.T.);
#12265 = LINE('',#12266,#12267);
#12266 = CARTESIAN_POINT('',(-1.1,-0.625,1.55));
#12267 = VECTOR('',#12268,1.);
#12268 = DIRECTION('',(-1.,0.,0.));
#12269 = ORIENTED_EDGE('',*,*,#12161,.F.);
#12270 = ORIENTED_EDGE('',*,*,#12271,.F.);
#12271 = EDGE_CURVE('',#12242,#12162,#12272,.T.);
#12272 = LINE('',#12273,#12274);
#12273 = CARTESIAN_POINT('',(-1.1,-0.625,1.51));
#12274 = VECTOR('',#12275,1.);
#12275 = DIRECTION('',(-1.,0.,0.));
#12276 = PLANE('',#12277);
#12277 = AXIS2_PLACEMENT_3D('',#12278,#12279,#12280);
#12278 = CARTESIAN_POINT('',(-1.1,-0.625,1.51));
#12279 = DIRECTION('',(0.,-1.,0.));
#12280 = DIRECTION('',(-1.,0.,0.));
#12281 = ADVANCED_FACE('',(#12282),#12288,.F.);
#12282 = FACE_BOUND('',#12283,.T.);
#12283 = EDGE_LOOP('',(#12284,#12285,#12286,#12287));
#12284 = ORIENTED_EDGE('',*,*,#12187,.T.);
#12285 = ORIENTED_EDGE('',*,*,#12218,.T.);
#12286 = ORIENTED_EDGE('',*,*,#12249,.T.);
#12287 = ORIENTED_EDGE('',*,*,#12271,.T.);
#12288 = PLANE('',#12289);
#12289 = AXIS2_PLACEMENT_3D('',#12290,#12291,#12292);
#12290 = CARTESIAN_POINT('',(0.,0.,1.51));
#12291 = DIRECTION('',(0.,0.,1.));
#12292 = DIRECTION('',(1.,0.,-0.));
#12293 = ADVANCED_FACE('',(#12294),#12300,.T.);
#12294 = FACE_BOUND('',#12295,.F.);
#12295 = EDGE_LOOP('',(#12296,#12297,#12298,#12299));
#12296 = ORIENTED_EDGE('',*,*,#12171,.T.);
#12297 = ORIENTED_EDGE('',*,*,#12202,.T.);
#12298 = ORIENTED_EDGE('',*,*,#12233,.T.);
#12299 = ORIENTED_EDGE('',*,*,#12264,.T.);
#12300 = PLANE('',#12301);
#12301 = AXIS2_PLACEMENT_3D('',#12302,#12303,#12304);
#12302 = CARTESIAN_POINT('',(0.,0.,1.55));
#12303 = DIRECTION('',(0.,0.,1.));
#12304 = DIRECTION('',(1.,0.,-0.));
#12305 = MANIFOLD_SOLID_BREP('',#12306);
#12306 = CLOSED_SHELL('',(#12307,#12347,#12410,#12441,#12466,#12483,
    #12501,#12511));
#12307 = ADVANCED_FACE('',(#12308),#12342,.F.);
#12308 = FACE_BOUND('',#12309,.F.);
#12309 = EDGE_LOOP('',(#12310,#12320,#12328,#12336));
#12310 = ORIENTED_EDGE('',*,*,#12311,.T.);
#12311 = EDGE_CURVE('',#12312,#12314,#12316,.T.);
#12312 = VERTEX_POINT('',#12313);
#12313 = CARTESIAN_POINT('',(-1.792,-0.775,0.));
#12314 = VERTEX_POINT('',#12315);
#12315 = CARTESIAN_POINT('',(-1.792,-0.775,-4.E-02));
#12316 = LINE('',#12317,#12318);
#12317 = CARTESIAN_POINT('',(-1.792,-0.775,0.));
#12318 = VECTOR('',#12319,1.);
#12319 = DIRECTION('',(0.,0.,-1.));
#12320 = ORIENTED_EDGE('',*,*,#12321,.T.);
#12321 = EDGE_CURVE('',#12314,#12322,#12324,.T.);
#12322 = VERTEX_POINT('',#12323);
#12323 = CARTESIAN_POINT('',(-1.792,0.775,-4.E-02));
#12324 = LINE('',#12325,#12326);
#12325 = CARTESIAN_POINT('',(-1.792,-0.775,-4.E-02));
#12326 = VECTOR('',#12327,1.);
#12327 = DIRECTION('',(0.,1.,0.));
#12328 = ORIENTED_EDGE('',*,*,#12329,.F.);
#12329 = EDGE_CURVE('',#12330,#12322,#12332,.T.);
#12330 = VERTEX_POINT('',#12331);
#12331 = CARTESIAN_POINT('',(-1.792,0.775,0.));
#12332 = LINE('',#12333,#12334);
#12333 = CARTESIAN_POINT('',(-1.792,0.775,0.));
#12334 = VECTOR('',#12335,1.);
#12335 = DIRECTION('',(0.,0.,-1.));
#12336 = ORIENTED_EDGE('',*,*,#12337,.F.);
#12337 = EDGE_CURVE('',#12312,#12330,#12338,.T.);
#12338 = LINE('',#12339,#12340);
#12339 = CARTESIAN_POINT('',(-1.792,-0.775,0.));
#12340 = VECTOR('',#12341,1.);
#12341 = DIRECTION('',(0.,1.,0.));
#12342 = PLANE('',#12343);
#12343 = AXIS2_PLACEMENT_3D('',#12344,#12345,#12346);
#12344 = CARTESIAN_POINT('',(-1.792,-0.775,0.));
#12345 = DIRECTION('',(1.,-0.,0.));
#12346 = DIRECTION('',(0.,1.,0.));
#12347 = ADVANCED_FACE('',(#12348),#12405,.F.);
#12348 = FACE_BOUND('',#12349,.F.);
#12349 = EDGE_LOOP('',(#12350,#12360,#12368,#12374,#12375,#12383,#12391,
    #12399));
#12350 = ORIENTED_EDGE('',*,*,#12351,.F.);
#12351 = EDGE_CURVE('',#12352,#12354,#12356,.T.);
#12352 = VERTEX_POINT('',#12353);
#12353 = CARTESIAN_POINT('',(-1.192,-0.775,0.));
#12354 = VERTEX_POINT('',#12355);
#12355 = CARTESIAN_POINT('',(-1.599726225027,-0.775,0.));
#12356 = LINE('',#12357,#12358);
#12357 = CARTESIAN_POINT('',(-1.192,-0.775,0.));
#12358 = VECTOR('',#12359,1.);
#12359 = DIRECTION('',(-1.,0.,0.));
#12360 = ORIENTED_EDGE('',*,*,#12361,.T.);
#12361 = EDGE_CURVE('',#12352,#12362,#12364,.T.);
#12362 = VERTEX_POINT('',#12363);
#12363 = CARTESIAN_POINT('',(-1.192,-0.775,-4.E-02));
#12364 = LINE('',#12365,#12366);
#12365 = CARTESIAN_POINT('',(-1.192,-0.775,0.));
#12366 = VECTOR('',#12367,1.);
#12367 = DIRECTION('',(0.,0.,-1.));
#12368 = ORIENTED_EDGE('',*,*,#12369,.T.);
#12369 = EDGE_CURVE('',#12362,#12314,#12370,.T.);
#12370 = LINE('',#12371,#12372);
#12371 = CARTESIAN_POINT('',(-1.192,-0.775,-4.E-02));
#12372 = VECTOR('',#12373,1.);
#12373 = DIRECTION('',(-1.,0.,0.));
#12374 = ORIENTED_EDGE('',*,*,#12311,.F.);
#12375 = ORIENTED_EDGE('',*,*,#12376,.F.);
#12376 = EDGE_CURVE('',#12377,#12312,#12379,.T.);
#12377 = VERTEX_POINT('',#12378);
#12378 = CARTESIAN_POINT('',(-1.702273774973,-0.775,0.));
#12379 = LINE('',#12380,#12381);
#12380 = CARTESIAN_POINT('',(-1.192,-0.775,0.));
#12381 = VECTOR('',#12382,1.);
#12382 = DIRECTION('',(-1.,0.,0.));
#12383 = ORIENTED_EDGE('',*,*,#12384,.T.);
#12384 = EDGE_CURVE('',#12377,#12385,#12387,.T.);
#12385 = VERTEX_POINT('',#12386);
#12386 = CARTESIAN_POINT('',(-1.702273774973,-0.775,-3.6E-02));
#12387 = LINE('',#12388,#12389);
#12388 = CARTESIAN_POINT('',(-1.702273774973,-0.775,-3.6E-02));
#12389 = VECTOR('',#12390,1.);
#12390 = DIRECTION('',(-0.,-0.,-1.));
#12391 = ORIENTED_EDGE('',*,*,#12392,.T.);
#12392 = EDGE_CURVE('',#12385,#12393,#12395,.T.);
#12393 = VERTEX_POINT('',#12394);
#12394 = CARTESIAN_POINT('',(-1.599726225027,-0.775,-3.6E-02));
#12395 = LINE('',#12396,#12397);
#12396 = CARTESIAN_POINT('',(-1.4215,-0.775,-3.6E-02));
#12397 = VECTOR('',#12398,1.);
#12398 = DIRECTION('',(1.,0.,0.));
#12399 = ORIENTED_EDGE('',*,*,#12400,.F.);
#12400 = EDGE_CURVE('',#12354,#12393,#12401,.T.);
#12401 = LINE('',#12402,#12403);
#12402 = CARTESIAN_POINT('',(-1.599726225027,-0.775,-3.6E-02));
#12403 = VECTOR('',#12404,1.);
#12404 = DIRECTION('',(-0.,-0.,-1.));
#12405 = PLANE('',#12406);
#12406 = AXIS2_PLACEMENT_3D('',#12407,#12408,#12409);
#12407 = CARTESIAN_POINT('',(-1.192,-0.775,0.));
#12408 = DIRECTION('',(0.,1.,0.));
#12409 = DIRECTION('',(-1.,0.,0.));
#12410 = ADVANCED_FACE('',(#12411),#12436,.F.);
#12411 = FACE_BOUND('',#12412,.F.);
#12412 = EDGE_LOOP('',(#12413,#12414,#12422,#12430));
#12413 = ORIENTED_EDGE('',*,*,#12329,.T.);
#12414 = ORIENTED_EDGE('',*,*,#12415,.T.);
#12415 = EDGE_CURVE('',#12322,#12416,#12418,.T.);
#12416 = VERTEX_POINT('',#12417);
#12417 = CARTESIAN_POINT('',(-1.192,0.775,-4.E-02));
#12418 = LINE('',#12419,#12420);
#12419 = CARTESIAN_POINT('',(-1.792,0.775,-4.E-02));
#12420 = VECTOR('',#12421,1.);
#12421 = DIRECTION('',(1.,0.,0.));
#12422 = ORIENTED_EDGE('',*,*,#12423,.F.);
#12423 = EDGE_CURVE('',#12424,#12416,#12426,.T.);
#12424 = VERTEX_POINT('',#12425);
#12425 = CARTESIAN_POINT('',(-1.192,0.775,0.));
#12426 = LINE('',#12427,#12428);
#12427 = CARTESIAN_POINT('',(-1.192,0.775,0.));
#12428 = VECTOR('',#12429,1.);
#12429 = DIRECTION('',(0.,0.,-1.));
#12430 = ORIENTED_EDGE('',*,*,#12431,.F.);
#12431 = EDGE_CURVE('',#12330,#12424,#12432,.T.);
#12432 = LINE('',#12433,#12434);
#12433 = CARTESIAN_POINT('',(-1.792,0.775,0.));
#12434 = VECTOR('',#12435,1.);
#12435 = DIRECTION('',(1.,0.,0.));
#12436 = PLANE('',#12437);
#12437 = AXIS2_PLACEMENT_3D('',#12438,#12439,#12440);
#12438 = CARTESIAN_POINT('',(-1.792,0.775,0.));
#12439 = DIRECTION('',(0.,-1.,0.));
#12440 = DIRECTION('',(1.,0.,0.));
#12441 = ADVANCED_FACE('',(#12442),#12461,.F.);
#12442 = FACE_BOUND('',#12443,.F.);
#12443 = EDGE_LOOP('',(#12444,#12445,#12446,#12447,#12453,#12454));
#12444 = ORIENTED_EDGE('',*,*,#12376,.T.);
#12445 = ORIENTED_EDGE('',*,*,#12337,.T.);
#12446 = ORIENTED_EDGE('',*,*,#12431,.T.);
#12447 = ORIENTED_EDGE('',*,*,#12448,.T.);
#12448 = EDGE_CURVE('',#12424,#12352,#12449,.T.);
#12449 = LINE('',#12450,#12451);
#12450 = CARTESIAN_POINT('',(-1.192,0.775,0.));
#12451 = VECTOR('',#12452,1.);
#12452 = DIRECTION('',(0.,-1.,0.));
#12453 = ORIENTED_EDGE('',*,*,#12351,.T.);
#12454 = ORIENTED_EDGE('',*,*,#12455,.F.);
#12455 = EDGE_CURVE('',#12377,#12354,#12456,.T.);
#12456 = CIRCLE('',#12457,0.125);
#12457 = AXIS2_PLACEMENT_3D('',#12458,#12459,#12460);
#12458 = CARTESIAN_POINT('',(-1.651,-0.889,0.));
#12459 = DIRECTION('',(-0.,0.,-1.));
#12460 = DIRECTION('',(-0.,-1.,0.));
#12461 = PLANE('',#12462);
#12462 = AXIS2_PLACEMENT_3D('',#12463,#12464,#12465);
#12463 = CARTESIAN_POINT('',(0.,0.,0.));
#12464 = DIRECTION('',(-0.,-0.,-1.));
#12465 = DIRECTION('',(-1.,0.,0.));
#12466 = ADVANCED_FACE('',(#12467),#12478,.T.);
#12467 = FACE_BOUND('',#12468,.T.);
#12468 = EDGE_LOOP('',(#12469,#12470,#12471,#12477));
#12469 = ORIENTED_EDGE('',*,*,#12321,.T.);
#12470 = ORIENTED_EDGE('',*,*,#12415,.T.);
#12471 = ORIENTED_EDGE('',*,*,#12472,.T.);
#12472 = EDGE_CURVE('',#12416,#12362,#12473,.T.);
#12473 = LINE('',#12474,#12475);
#12474 = CARTESIAN_POINT('',(-1.192,0.775,-4.E-02));
#12475 = VECTOR('',#12476,1.);
#12476 = DIRECTION('',(0.,-1.,0.));
#12477 = ORIENTED_EDGE('',*,*,#12369,.T.);
#12478 = PLANE('',#12479);
#12479 = AXIS2_PLACEMENT_3D('',#12480,#12481,#12482);
#12480 = CARTESIAN_POINT('',(0.,0.,-4.E-02));
#12481 = DIRECTION('',(-0.,-0.,-1.));
#12482 = DIRECTION('',(-1.,0.,0.));
#12483 = ADVANCED_FACE('',(#12484),#12496,.F.);
#12484 = FACE_BOUND('',#12485,.T.);
#12485 = EDGE_LOOP('',(#12486,#12493,#12494,#12495));
#12486 = ORIENTED_EDGE('',*,*,#12487,.F.);
#12487 = EDGE_CURVE('',#12393,#12385,#12488,.T.);
#12488 = CIRCLE('',#12489,0.125);
#12489 = AXIS2_PLACEMENT_3D('',#12490,#12491,#12492);
#12490 = CARTESIAN_POINT('',(-1.651,-0.889,-3.6E-02));
#12491 = DIRECTION('',(0.,0.,1.));
#12492 = DIRECTION('',(-0.,-1.,0.));
#12493 = ORIENTED_EDGE('',*,*,#12400,.F.);
#12494 = ORIENTED_EDGE('',*,*,#12455,.F.);
#12495 = ORIENTED_EDGE('',*,*,#12384,.T.);
#12496 = CYLINDRICAL_SURFACE('',#12497,0.125);
#12497 = AXIS2_PLACEMENT_3D('',#12498,#12499,#12500);
#12498 = CARTESIAN_POINT('',(-1.651,-0.889,-3.6E-02));
#12499 = DIRECTION('',(-0.,-0.,-1.));
#12500 = DIRECTION('',(-0.,-1.,0.));
#12501 = ADVANCED_FACE('',(#12502),#12506,.T.);
#12502 = FACE_BOUND('',#12503,.T.);
#12503 = EDGE_LOOP('',(#12504,#12505));
#12504 = ORIENTED_EDGE('',*,*,#12392,.T.);
#12505 = ORIENTED_EDGE('',*,*,#12487,.T.);
#12506 = PLANE('',#12507);
#12507 = AXIS2_PLACEMENT_3D('',#12508,#12509,#12510);
#12508 = CARTESIAN_POINT('',(-1.651,-1.014,-3.6E-02));
#12509 = DIRECTION('',(0.,0.,1.));
#12510 = DIRECTION('',(1.,0.,-0.));
#12511 = ADVANCED_FACE('',(#12512),#12518,.F.);
#12512 = FACE_BOUND('',#12513,.F.);
#12513 = EDGE_LOOP('',(#12514,#12515,#12516,#12517));
#12514 = ORIENTED_EDGE('',*,*,#12423,.T.);
#12515 = ORIENTED_EDGE('',*,*,#12472,.T.);
#12516 = ORIENTED_EDGE('',*,*,#12361,.F.);
#12517 = ORIENTED_EDGE('',*,*,#12448,.F.);
#12518 = PLANE('',#12519);
#12519 = AXIS2_PLACEMENT_3D('',#12520,#12521,#12522);
#12520 = CARTESIAN_POINT('',(-1.192,0.775,0.));
#12521 = DIRECTION('',(-1.,-0.,-0.));
#12522 = DIRECTION('',(0.,-1.,0.));
#12523 = MANIFOLD_SOLID_BREP('',#12524);
#12524 = CLOSED_SHELL('',(#12525,#12567,#12598,#12631,#12662,#12695,
    #12726,#12759,#12781,#12797));
#12525 = ADVANCED_FACE('',(#12526),#12562,.T.);
#12526 = FACE_BOUND('',#12527,.F.);
#12527 = EDGE_LOOP('',(#12528,#12538,#12547,#12555));
#12528 = ORIENTED_EDGE('',*,*,#12529,.T.);
#12529 = EDGE_CURVE('',#12530,#12532,#12534,.T.);
#12530 = VERTEX_POINT('',#12531);
#12531 = CARTESIAN_POINT('',(-2.761,2.3855,0.));
#12532 = VERTEX_POINT('',#12533);
#12533 = CARTESIAN_POINT('',(-2.761,2.3855,-4.E-02));
#12534 = LINE('',#12535,#12536);
#12535 = CARTESIAN_POINT('',(-2.761,2.3855,0.));
#12536 = VECTOR('',#12537,1.);
#12537 = DIRECTION('',(0.,0.,-1.));
#12538 = ORIENTED_EDGE('',*,*,#12539,.T.);
#12539 = EDGE_CURVE('',#12532,#12540,#12542,.T.);
#12540 = VERTEX_POINT('',#12541);
#12541 = CARTESIAN_POINT('',(-2.5235,2.623,-4.E-02));
#12542 = CIRCLE('',#12543,0.237499523827);
#12543 = AXIS2_PLACEMENT_3D('',#12544,#12545,#12546);
#12544 = CARTESIAN_POINT('',(-2.523500476173,2.385500476173,-4.E-02));
#12545 = DIRECTION('',(0.,0.,-1.));
#12546 = DIRECTION('',(-0.999999999998,-2.004943179041E-06,-0.));
#12547 = ORIENTED_EDGE('',*,*,#12548,.F.);
#12548 = EDGE_CURVE('',#12549,#12540,#12551,.T.);
#12549 = VERTEX_POINT('',#12550);
#12550 = CARTESIAN_POINT('',(-2.5235,2.623,0.));
#12551 = LINE('',#12552,#12553);
#12552 = CARTESIAN_POINT('',(-2.5235,2.623,0.));
#12553 = VECTOR('',#12554,1.);
#12554 = DIRECTION('',(0.,0.,-1.));
#12555 = ORIENTED_EDGE('',*,*,#12556,.F.);
#12556 = EDGE_CURVE('',#12530,#12549,#12557,.T.);
#12557 = CIRCLE('',#12558,0.237499523827);
#12558 = AXIS2_PLACEMENT_3D('',#12559,#12560,#12561);
#12559 = CARTESIAN_POINT('',(-2.523500476173,2.385500476173,0.));
#12560 = DIRECTION('',(0.,0.,-1.));
#12561 = DIRECTION('',(-0.999999999998,-2.004943179041E-06,-0.));
#12562 = CYLINDRICAL_SURFACE('',#12563,0.237499523827);
#12563 = AXIS2_PLACEMENT_3D('',#12564,#12565,#12566);
#12564 = CARTESIAN_POINT('',(-2.523500476173,2.385500476173,0.));
#12565 = DIRECTION('',(-0.,-0.,1.));
#12566 = DIRECTION('',(-0.999999999998,-2.004943179041E-06,-0.));
#12567 = ADVANCED_FACE('',(#12568),#12593,.F.);
#12568 = FACE_BOUND('',#12569,.F.);
#12569 = EDGE_LOOP('',(#12570,#12571,#12579,#12587));
#12570 = ORIENTED_EDGE('',*,*,#12548,.T.);
#12571 = ORIENTED_EDGE('',*,*,#12572,.T.);
#12572 = EDGE_CURVE('',#12540,#12573,#12575,.T.);
#12573 = VERTEX_POINT('',#12574);
#12574 = CARTESIAN_POINT('',(-2.0485,2.623,-4.E-02));
#12575 = LINE('',#12576,#12577);
#12576 = CARTESIAN_POINT('',(-2.5235,2.623,-4.E-02));
#12577 = VECTOR('',#12578,1.);
#12578 = DIRECTION('',(1.,0.,0.));
#12579 = ORIENTED_EDGE('',*,*,#12580,.F.);
#12580 = EDGE_CURVE('',#12581,#12573,#12583,.T.);
#12581 = VERTEX_POINT('',#12582);
#12582 = CARTESIAN_POINT('',(-2.0485,2.623,0.));
#12583 = LINE('',#12584,#12585);
#12584 = CARTESIAN_POINT('',(-2.0485,2.623,0.));
#12585 = VECTOR('',#12586,1.);
#12586 = DIRECTION('',(0.,0.,-1.));
#12587 = ORIENTED_EDGE('',*,*,#12588,.F.);
#12588 = EDGE_CURVE('',#12549,#12581,#12589,.T.);
#12589 = LINE('',#12590,#12591);
#12590 = CARTESIAN_POINT('',(-2.5235,2.623,0.));
#12591 = VECTOR('',#12592,1.);
#12592 = DIRECTION('',(1.,0.,0.));
#12593 = PLANE('',#12594);
#12594 = AXIS2_PLACEMENT_3D('',#12595,#12596,#12597);
#12595 = CARTESIAN_POINT('',(-2.5235,2.623,0.));
#12596 = DIRECTION('',(0.,-1.,0.));
#12597 = DIRECTION('',(1.,0.,0.));
#12598 = ADVANCED_FACE('',(#12599),#12626,.T.);
#12599 = FACE_BOUND('',#12600,.F.);
#12600 = EDGE_LOOP('',(#12601,#12602,#12611,#12619));
#12601 = ORIENTED_EDGE('',*,*,#12580,.T.);
#12602 = ORIENTED_EDGE('',*,*,#12603,.T.);
#12603 = EDGE_CURVE('',#12573,#12604,#12606,.T.);
#12604 = VERTEX_POINT('',#12605);
#12605 = CARTESIAN_POINT('',(-1.811,2.3855,-4.E-02));
#12606 = CIRCLE('',#12607,0.237499523827);
#12607 = AXIS2_PLACEMENT_3D('',#12608,#12609,#12610);
#12608 = CARTESIAN_POINT('',(-2.048499523827,2.385500476173,-4.E-02));
#12609 = DIRECTION('',(0.,0.,-1.));
#12610 = DIRECTION('',(-2.004943177171E-06,0.999999999998,0.));
#12611 = ORIENTED_EDGE('',*,*,#12612,.F.);
#12612 = EDGE_CURVE('',#12613,#12604,#12615,.T.);
#12613 = VERTEX_POINT('',#12614);
#12614 = CARTESIAN_POINT('',(-1.811,2.3855,0.));
#12615 = LINE('',#12616,#12617);
#12616 = CARTESIAN_POINT('',(-1.811,2.3855,0.));
#12617 = VECTOR('',#12618,1.);
#12618 = DIRECTION('',(0.,0.,-1.));
#12619 = ORIENTED_EDGE('',*,*,#12620,.F.);
#12620 = EDGE_CURVE('',#12581,#12613,#12621,.T.);
#12621 = CIRCLE('',#12622,0.237499523827);
#12622 = AXIS2_PLACEMENT_3D('',#12623,#12624,#12625);
#12623 = CARTESIAN_POINT('',(-2.048499523827,2.385500476173,0.));
#12624 = DIRECTION('',(0.,0.,-1.));
#12625 = DIRECTION('',(-2.004943177171E-06,0.999999999998,0.));
#12626 = CYLINDRICAL_SURFACE('',#12627,0.237499523827);
#12627 = AXIS2_PLACEMENT_3D('',#12628,#12629,#12630);
#12628 = CARTESIAN_POINT('',(-2.048499523827,2.385500476173,0.));
#12629 = DIRECTION('',(-0.,-0.,1.));
#12630 = DIRECTION('',(-2.004943177171E-06,0.999999999998,0.));
#12631 = ADVANCED_FACE('',(#12632),#12657,.F.);
#12632 = FACE_BOUND('',#12633,.F.);
#12633 = EDGE_LOOP('',(#12634,#12635,#12643,#12651));
#12634 = ORIENTED_EDGE('',*,*,#12612,.T.);
#12635 = ORIENTED_EDGE('',*,*,#12636,.T.);
#12636 = EDGE_CURVE('',#12604,#12637,#12639,.T.);
#12637 = VERTEX_POINT('',#12638);
#12638 = CARTESIAN_POINT('',(-1.811,1.8855,-4.E-02));
#12639 = LINE('',#12640,#12641);
#12640 = CARTESIAN_POINT('',(-1.811,2.3855,-4.E-02));
#12641 = VECTOR('',#12642,1.);
#12642 = DIRECTION('',(0.,-1.,0.));
#12643 = ORIENTED_EDGE('',*,*,#12644,.F.);
#12644 = EDGE_CURVE('',#12645,#12637,#12647,.T.);
#12645 = VERTEX_POINT('',#12646);
#12646 = CARTESIAN_POINT('',(-1.811,1.8855,0.));
#12647 = LINE('',#12648,#12649);
#12648 = CARTESIAN_POINT('',(-1.811,1.8855,0.));
#12649 = VECTOR('',#12650,1.);
#12650 = DIRECTION('',(0.,0.,-1.));
#12651 = ORIENTED_EDGE('',*,*,#12652,.F.);
#12652 = EDGE_CURVE('',#12613,#12645,#12653,.T.);
#12653 = LINE('',#12654,#12655);
#12654 = CARTESIAN_POINT('',(-1.811,2.3855,0.));
#12655 = VECTOR('',#12656,1.);
#12656 = DIRECTION('',(0.,-1.,0.));
#12657 = PLANE('',#12658);
#12658 = AXIS2_PLACEMENT_3D('',#12659,#12660,#12661);
#12659 = CARTESIAN_POINT('',(-1.811,2.3855,0.));
#12660 = DIRECTION('',(-1.,-0.,-0.));
#12661 = DIRECTION('',(0.,-1.,0.));
#12662 = ADVANCED_FACE('',(#12663),#12690,.T.);
#12663 = FACE_BOUND('',#12664,.F.);
#12664 = EDGE_LOOP('',(#12665,#12666,#12675,#12683));
#12665 = ORIENTED_EDGE('',*,*,#12644,.T.);
#12666 = ORIENTED_EDGE('',*,*,#12667,.T.);
#12667 = EDGE_CURVE('',#12637,#12668,#12670,.T.);
#12668 = VERTEX_POINT('',#12669);
#12669 = CARTESIAN_POINT('',(-2.0485,1.648,-4.E-02));
#12670 = CIRCLE('',#12671,0.237499523827);
#12671 = AXIS2_PLACEMENT_3D('',#12672,#12673,#12674);
#12672 = CARTESIAN_POINT('',(-2.048499523827,1.885499523827,-4.E-02));
#12673 = DIRECTION('',(0.,0.,-1.));
#12674 = DIRECTION('',(0.999999999998,2.004943178106E-06,0.));
#12675 = ORIENTED_EDGE('',*,*,#12676,.F.);
#12676 = EDGE_CURVE('',#12677,#12668,#12679,.T.);
#12677 = VERTEX_POINT('',#12678);
#12678 = CARTESIAN_POINT('',(-2.0485,1.648,0.));
#12679 = LINE('',#12680,#12681);
#12680 = CARTESIAN_POINT('',(-2.0485,1.648,0.));
#12681 = VECTOR('',#12682,1.);
#12682 = DIRECTION('',(0.,0.,-1.));
#12683 = ORIENTED_EDGE('',*,*,#12684,.F.);
#12684 = EDGE_CURVE('',#12645,#12677,#12685,.T.);
#12685 = CIRCLE('',#12686,0.237499523827);
#12686 = AXIS2_PLACEMENT_3D('',#12687,#12688,#12689);
#12687 = CARTESIAN_POINT('',(-2.048499523827,1.885499523827,0.));
#12688 = DIRECTION('',(0.,0.,-1.));
#12689 = DIRECTION('',(0.999999999998,2.004943178106E-06,0.));
#12690 = CYLINDRICAL_SURFACE('',#12691,0.237499523827);
#12691 = AXIS2_PLACEMENT_3D('',#12692,#12693,#12694);
#12692 = CARTESIAN_POINT('',(-2.048499523827,1.885499523827,0.));
#12693 = DIRECTION('',(-0.,-0.,1.));
#12694 = DIRECTION('',(0.999999999998,2.004943178106E-06,0.));
#12695 = ADVANCED_FACE('',(#12696),#12721,.F.);
#12696 = FACE_BOUND('',#12697,.F.);
#12697 = EDGE_LOOP('',(#12698,#12699,#12707,#12715));
#12698 = ORIENTED_EDGE('',*,*,#12676,.T.);
#12699 = ORIENTED_EDGE('',*,*,#12700,.T.);
#12700 = EDGE_CURVE('',#12668,#12701,#12703,.T.);
#12701 = VERTEX_POINT('',#12702);
#12702 = CARTESIAN_POINT('',(-2.5235,1.648,-4.E-02));
#12703 = LINE('',#12704,#12705);
#12704 = CARTESIAN_POINT('',(-2.0485,1.648,-4.E-02));
#12705 = VECTOR('',#12706,1.);
#12706 = DIRECTION('',(-1.,0.,0.));
#12707 = ORIENTED_EDGE('',*,*,#12708,.F.);
#12708 = EDGE_CURVE('',#12709,#12701,#12711,.T.);
#12709 = VERTEX_POINT('',#12710);
#12710 = CARTESIAN_POINT('',(-2.5235,1.648,0.));
#12711 = LINE('',#12712,#12713);
#12712 = CARTESIAN_POINT('',(-2.5235,1.648,0.));
#12713 = VECTOR('',#12714,1.);
#12714 = DIRECTION('',(0.,0.,-1.));
#12715 = ORIENTED_EDGE('',*,*,#12716,.F.);
#12716 = EDGE_CURVE('',#12677,#12709,#12717,.T.);
#12717 = LINE('',#12718,#12719);
#12718 = CARTESIAN_POINT('',(-2.0485,1.648,0.));
#12719 = VECTOR('',#12720,1.);
#12720 = DIRECTION('',(-1.,0.,0.));
#12721 = PLANE('',#12722);
#12722 = AXIS2_PLACEMENT_3D('',#12723,#12724,#12725);
#12723 = CARTESIAN_POINT('',(-2.0485,1.648,0.));
#12724 = DIRECTION('',(0.,1.,0.));
#12725 = DIRECTION('',(-1.,0.,0.));
#12726 = ADVANCED_FACE('',(#12727),#12754,.T.);
#12727 = FACE_BOUND('',#12728,.F.);
#12728 = EDGE_LOOP('',(#12729,#12730,#12739,#12747));
#12729 = ORIENTED_EDGE('',*,*,#12708,.T.);
#12730 = ORIENTED_EDGE('',*,*,#12731,.T.);
#12731 = EDGE_CURVE('',#12701,#12732,#12734,.T.);
#12732 = VERTEX_POINT('',#12733);
#12733 = CARTESIAN_POINT('',(-2.761,1.8855,-4.E-02));
#12734 = CIRCLE('',#12735,0.237499523827);
#12735 = AXIS2_PLACEMENT_3D('',#12736,#12737,#12738);
#12736 = CARTESIAN_POINT('',(-2.523500476173,1.885499523827,-4.E-02));
#12737 = DIRECTION('',(0.,0.,-1.));
#12738 = DIRECTION('',(2.004943179041E-06,-0.999999999998,0.));
#12739 = ORIENTED_EDGE('',*,*,#12740,.F.);
#12740 = EDGE_CURVE('',#12741,#12732,#12743,.T.);
#12741 = VERTEX_POINT('',#12742);
#12742 = CARTESIAN_POINT('',(-2.761,1.8855,0.));
#12743 = LINE('',#12744,#12745);
#12744 = CARTESIAN_POINT('',(-2.761,1.8855,0.));
#12745 = VECTOR('',#12746,1.);
#12746 = DIRECTION('',(0.,0.,-1.));
#12747 = ORIENTED_EDGE('',*,*,#12748,.F.);
#12748 = EDGE_CURVE('',#12709,#12741,#12749,.T.);
#12749 = CIRCLE('',#12750,0.237499523827);
#12750 = AXIS2_PLACEMENT_3D('',#12751,#12752,#12753);
#12751 = CARTESIAN_POINT('',(-2.523500476173,1.885499523827,0.));
#12752 = DIRECTION('',(0.,0.,-1.));
#12753 = DIRECTION('',(2.004943179041E-06,-0.999999999998,0.));
#12754 = CYLINDRICAL_SURFACE('',#12755,0.237499523827);
#12755 = AXIS2_PLACEMENT_3D('',#12756,#12757,#12758);
#12756 = CARTESIAN_POINT('',(-2.523500476173,1.885499523827,0.));
#12757 = DIRECTION('',(-0.,-0.,1.));
#12758 = DIRECTION('',(2.004943179041E-06,-0.999999999998,0.));
#12759 = ADVANCED_FACE('',(#12760),#12776,.F.);
#12760 = FACE_BOUND('',#12761,.F.);
#12761 = EDGE_LOOP('',(#12762,#12763,#12769,#12770));
#12762 = ORIENTED_EDGE('',*,*,#12740,.T.);
#12763 = ORIENTED_EDGE('',*,*,#12764,.T.);
#12764 = EDGE_CURVE('',#12732,#12532,#12765,.T.);
#12765 = LINE('',#12766,#12767);
#12766 = CARTESIAN_POINT('',(-2.761,1.8855,-4.E-02));
#12767 = VECTOR('',#12768,1.);
#12768 = DIRECTION('',(0.,1.,0.));
#12769 = ORIENTED_EDGE('',*,*,#12529,.F.);
#12770 = ORIENTED_EDGE('',*,*,#12771,.F.);
#12771 = EDGE_CURVE('',#12741,#12530,#12772,.T.);
#12772 = LINE('',#12773,#12774);
#12773 = CARTESIAN_POINT('',(-2.761,1.8855,0.));
#12774 = VECTOR('',#12775,1.);
#12775 = DIRECTION('',(0.,1.,0.));
#12776 = PLANE('',#12777);
#12777 = AXIS2_PLACEMENT_3D('',#12778,#12779,#12780);
#12778 = CARTESIAN_POINT('',(-2.761,1.8855,0.));
#12779 = DIRECTION('',(1.,-0.,0.));
#12780 = DIRECTION('',(0.,1.,0.));
#12781 = ADVANCED_FACE('',(#12782),#12792,.F.);
#12782 = FACE_BOUND('',#12783,.F.);
#12783 = EDGE_LOOP('',(#12784,#12785,#12786,#12787,#12788,#12789,#12790,
    #12791));
#12784 = ORIENTED_EDGE('',*,*,#12556,.T.);
#12785 = ORIENTED_EDGE('',*,*,#12588,.T.);
#12786 = ORIENTED_EDGE('',*,*,#12620,.T.);
#12787 = ORIENTED_EDGE('',*,*,#12652,.T.);
#12788 = ORIENTED_EDGE('',*,*,#12684,.T.);
#12789 = ORIENTED_EDGE('',*,*,#12716,.T.);
#12790 = ORIENTED_EDGE('',*,*,#12748,.T.);
#12791 = ORIENTED_EDGE('',*,*,#12771,.T.);
#12792 = PLANE('',#12793);
#12793 = AXIS2_PLACEMENT_3D('',#12794,#12795,#12796);
#12794 = CARTESIAN_POINT('',(0.,0.,0.));
#12795 = DIRECTION('',(-0.,-0.,-1.));
#12796 = DIRECTION('',(-1.,0.,0.));
#12797 = ADVANCED_FACE('',(#12798),#12808,.T.);
#12798 = FACE_BOUND('',#12799,.T.);
#12799 = EDGE_LOOP('',(#12800,#12801,#12802,#12803,#12804,#12805,#12806,
    #12807));
#12800 = ORIENTED_EDGE('',*,*,#12539,.T.);
#12801 = ORIENTED_EDGE('',*,*,#12572,.T.);
#12802 = ORIENTED_EDGE('',*,*,#12603,.T.);
#12803 = ORIENTED_EDGE('',*,*,#12636,.T.);
#12804 = ORIENTED_EDGE('',*,*,#12667,.T.);
#12805 = ORIENTED_EDGE('',*,*,#12700,.T.);
#12806 = ORIENTED_EDGE('',*,*,#12731,.T.);
#12807 = ORIENTED_EDGE('',*,*,#12764,.T.);
#12808 = PLANE('',#12809);
#12809 = AXIS2_PLACEMENT_3D('',#12810,#12811,#12812);
#12810 = CARTESIAN_POINT('',(0.,0.,-4.E-02));
#12811 = DIRECTION('',(-0.,-0.,-1.));
#12812 = DIRECTION('',(-1.,0.,0.));
#12813 = MANIFOLD_SOLID_BREP('',#12814);
#12814 = CLOSED_SHELL('',(#12815,#12855,#12886,#12917,#12939,#12951));
#12815 = ADVANCED_FACE('',(#12816),#12850,.T.);
#12816 = FACE_BOUND('',#12817,.T.);
#12817 = EDGE_LOOP('',(#12818,#12828,#12836,#12844));
#12818 = ORIENTED_EDGE('',*,*,#12819,.T.);
#12819 = EDGE_CURVE('',#12820,#12822,#12824,.T.);
#12820 = VERTEX_POINT('',#12821);
#12821 = CARTESIAN_POINT('',(-1.65,0.375,1.51));
#12822 = VERTEX_POINT('',#12823);
#12823 = CARTESIAN_POINT('',(-1.65,0.375,1.55));
#12824 = LINE('',#12825,#12826);
#12825 = CARTESIAN_POINT('',(-1.65,0.375,1.51));
#12826 = VECTOR('',#12827,1.);
#12827 = DIRECTION('',(0.,0.,1.));
#12828 = ORIENTED_EDGE('',*,*,#12829,.T.);
#12829 = EDGE_CURVE('',#12822,#12830,#12832,.T.);
#12830 = VERTEX_POINT('',#12831);
#12831 = CARTESIAN_POINT('',(-1.65,0.625,1.55));
#12832 = LINE('',#12833,#12834);
#12833 = CARTESIAN_POINT('',(-1.65,0.375,1.55));
#12834 = VECTOR('',#12835,1.);
#12835 = DIRECTION('',(0.,1.,0.));
#12836 = ORIENTED_EDGE('',*,*,#12837,.F.);
#12837 = EDGE_CURVE('',#12838,#12830,#12840,.T.);
#12838 = VERTEX_POINT('',#12839);
#12839 = CARTESIAN_POINT('',(-1.65,0.625,1.51));
#12840 = LINE('',#12841,#12842);
#12841 = CARTESIAN_POINT('',(-1.65,0.625,1.51));
#12842 = VECTOR('',#12843,1.);
#12843 = DIRECTION('',(0.,0.,1.));
#12844 = ORIENTED_EDGE('',*,*,#12845,.F.);
#12845 = EDGE_CURVE('',#12820,#12838,#12846,.T.);
#12846 = LINE('',#12847,#12848);
#12847 = CARTESIAN_POINT('',(-1.65,0.375,1.51));
#12848 = VECTOR('',#12849,1.);
#12849 = DIRECTION('',(0.,1.,0.));
#12850 = PLANE('',#12851);
#12851 = AXIS2_PLACEMENT_3D('',#12852,#12853,#12854);
#12852 = CARTESIAN_POINT('',(-1.65,0.375,1.51));
#12853 = DIRECTION('',(-1.,0.,0.));
#12854 = DIRECTION('',(0.,1.,0.));
#12855 = ADVANCED_FACE('',(#12856),#12881,.T.);
#12856 = FACE_BOUND('',#12857,.T.);
#12857 = EDGE_LOOP('',(#12858,#12859,#12867,#12875));
#12858 = ORIENTED_EDGE('',*,*,#12837,.T.);
#12859 = ORIENTED_EDGE('',*,*,#12860,.T.);
#12860 = EDGE_CURVE('',#12830,#12861,#12863,.T.);
#12861 = VERTEX_POINT('',#12862);
#12862 = CARTESIAN_POINT('',(-1.1,0.625,1.55));
#12863 = LINE('',#12864,#12865);
#12864 = CARTESIAN_POINT('',(-1.65,0.625,1.55));
#12865 = VECTOR('',#12866,1.);
#12866 = DIRECTION('',(1.,0.,0.));
#12867 = ORIENTED_EDGE('',*,*,#12868,.F.);
#12868 = EDGE_CURVE('',#12869,#12861,#12871,.T.);
#12869 = VERTEX_POINT('',#12870);
#12870 = CARTESIAN_POINT('',(-1.1,0.625,1.51));
#12871 = LINE('',#12872,#12873);
#12872 = CARTESIAN_POINT('',(-1.1,0.625,1.51));
#12873 = VECTOR('',#12874,1.);
#12874 = DIRECTION('',(0.,0.,1.));
#12875 = ORIENTED_EDGE('',*,*,#12876,.F.);
#12876 = EDGE_CURVE('',#12838,#12869,#12877,.T.);
#12877 = LINE('',#12878,#12879);
#12878 = CARTESIAN_POINT('',(-1.65,0.625,1.51));
#12879 = VECTOR('',#12880,1.);
#12880 = DIRECTION('',(1.,0.,0.));
#12881 = PLANE('',#12882);
#12882 = AXIS2_PLACEMENT_3D('',#12883,#12884,#12885);
#12883 = CARTESIAN_POINT('',(-1.65,0.625,1.51));
#12884 = DIRECTION('',(0.,1.,0.));
#12885 = DIRECTION('',(1.,0.,0.));
#12886 = ADVANCED_FACE('',(#12887),#12912,.T.);
#12887 = FACE_BOUND('',#12888,.T.);
#12888 = EDGE_LOOP('',(#12889,#12890,#12898,#12906));
#12889 = ORIENTED_EDGE('',*,*,#12868,.T.);
#12890 = ORIENTED_EDGE('',*,*,#12891,.T.);
#12891 = EDGE_CURVE('',#12861,#12892,#12894,.T.);
#12892 = VERTEX_POINT('',#12893);
#12893 = CARTESIAN_POINT('',(-1.1,0.375,1.55));
#12894 = LINE('',#12895,#12896);
#12895 = CARTESIAN_POINT('',(-1.1,0.625,1.55));
#12896 = VECTOR('',#12897,1.);
#12897 = DIRECTION('',(0.,-1.,0.));
#12898 = ORIENTED_EDGE('',*,*,#12899,.F.);
#12899 = EDGE_CURVE('',#12900,#12892,#12902,.T.);
#12900 = VERTEX_POINT('',#12901);
#12901 = CARTESIAN_POINT('',(-1.1,0.375,1.51));
#12902 = LINE('',#12903,#12904);
#12903 = CARTESIAN_POINT('',(-1.1,0.375,1.51));
#12904 = VECTOR('',#12905,1.);
#12905 = DIRECTION('',(0.,0.,1.));
#12906 = ORIENTED_EDGE('',*,*,#12907,.F.);
#12907 = EDGE_CURVE('',#12869,#12900,#12908,.T.);
#12908 = LINE('',#12909,#12910);
#12909 = CARTESIAN_POINT('',(-1.1,0.625,1.51));
#12910 = VECTOR('',#12911,1.);
#12911 = DIRECTION('',(0.,-1.,0.));
#12912 = PLANE('',#12913);
#12913 = AXIS2_PLACEMENT_3D('',#12914,#12915,#12916);
#12914 = CARTESIAN_POINT('',(-1.1,0.625,1.51));
#12915 = DIRECTION('',(1.,0.,-0.));
#12916 = DIRECTION('',(0.,-1.,0.));
#12917 = ADVANCED_FACE('',(#12918),#12934,.T.);
#12918 = FACE_BOUND('',#12919,.T.);
#12919 = EDGE_LOOP('',(#12920,#12921,#12927,#12928));
#12920 = ORIENTED_EDGE('',*,*,#12899,.T.);
#12921 = ORIENTED_EDGE('',*,*,#12922,.T.);
#12922 = EDGE_CURVE('',#12892,#12822,#12923,.T.);
#12923 = LINE('',#12924,#12925);
#12924 = CARTESIAN_POINT('',(-1.1,0.375,1.55));
#12925 = VECTOR('',#12926,1.);
#12926 = DIRECTION('',(-1.,0.,0.));
#12927 = ORIENTED_EDGE('',*,*,#12819,.F.);
#12928 = ORIENTED_EDGE('',*,*,#12929,.F.);
#12929 = EDGE_CURVE('',#12900,#12820,#12930,.T.);
#12930 = LINE('',#12931,#12932);
#12931 = CARTESIAN_POINT('',(-1.1,0.375,1.51));
#12932 = VECTOR('',#12933,1.);
#12933 = DIRECTION('',(-1.,0.,0.));
#12934 = PLANE('',#12935);
#12935 = AXIS2_PLACEMENT_3D('',#12936,#12937,#12938);
#12936 = CARTESIAN_POINT('',(-1.1,0.375,1.51));
#12937 = DIRECTION('',(0.,-1.,0.));
#12938 = DIRECTION('',(-1.,0.,0.));
#12939 = ADVANCED_FACE('',(#12940),#12946,.F.);
#12940 = FACE_BOUND('',#12941,.T.);
#12941 = EDGE_LOOP('',(#12942,#12943,#12944,#12945));
#12942 = ORIENTED_EDGE('',*,*,#12845,.T.);
#12943 = ORIENTED_EDGE('',*,*,#12876,.T.);
#12944 = ORIENTED_EDGE('',*,*,#12907,.T.);
#12945 = ORIENTED_EDGE('',*,*,#12929,.T.);
#12946 = PLANE('',#12947);
#12947 = AXIS2_PLACEMENT_3D('',#12948,#12949,#12950);
#12948 = CARTESIAN_POINT('',(0.,0.,1.51));
#12949 = DIRECTION('',(0.,0.,1.));
#12950 = DIRECTION('',(1.,0.,-0.));
#12951 = ADVANCED_FACE('',(#12952),#12958,.T.);
#12952 = FACE_BOUND('',#12953,.F.);
#12953 = EDGE_LOOP('',(#12954,#12955,#12956,#12957));
#12954 = ORIENTED_EDGE('',*,*,#12829,.T.);
#12955 = ORIENTED_EDGE('',*,*,#12860,.T.);
#12956 = ORIENTED_EDGE('',*,*,#12891,.T.);
#12957 = ORIENTED_EDGE('',*,*,#12922,.T.);
#12958 = PLANE('',#12959);
#12959 = AXIS2_PLACEMENT_3D('',#12960,#12961,#12962);
#12960 = CARTESIAN_POINT('',(0.,0.,1.55));
#12961 = DIRECTION('',(0.,0.,1.));
#12962 = DIRECTION('',(1.,0.,-0.));
#12963 = MANIFOLD_SOLID_BREP('',#12964);
#12964 = CLOSED_SHELL('',(#12965,#13007,#13038,#13071,#13102,#13135,
    #13166,#13199,#13221,#13237));
#12965 = ADVANCED_FACE('',(#12966),#13002,.T.);
#12966 = FACE_BOUND('',#12967,.F.);
#12967 = EDGE_LOOP('',(#12968,#12978,#12987,#12995));
#12968 = ORIENTED_EDGE('',*,*,#12969,.T.);
#12969 = EDGE_CURVE('',#12970,#12972,#12974,.T.);
#12970 = VERTEX_POINT('',#12971);
#12971 = CARTESIAN_POINT('',(-1.237,2.3855,0.));
#12972 = VERTEX_POINT('',#12973);
#12973 = CARTESIAN_POINT('',(-1.237,2.3855,-4.E-02));
#12974 = LINE('',#12975,#12976);
#12975 = CARTESIAN_POINT('',(-1.237,2.3855,0.));
#12976 = VECTOR('',#12977,1.);
#12977 = DIRECTION('',(0.,0.,-1.));
#12978 = ORIENTED_EDGE('',*,*,#12979,.T.);
#12979 = EDGE_CURVE('',#12972,#12980,#12982,.T.);
#12980 = VERTEX_POINT('',#12981);
#12981 = CARTESIAN_POINT('',(-0.9995,2.623,-4.E-02));
#12982 = CIRCLE('',#12983,0.237499523827);
#12983 = AXIS2_PLACEMENT_3D('',#12984,#12985,#12986);
#12984 = CARTESIAN_POINT('',(-0.999500476173,2.385500476173,-4.E-02));
#12985 = DIRECTION('',(0.,0.,-1.));
#12986 = DIRECTION('',(-0.999999999998,-2.004943179041E-06,-0.));
#12987 = ORIENTED_EDGE('',*,*,#12988,.F.);
#12988 = EDGE_CURVE('',#12989,#12980,#12991,.T.);
#12989 = VERTEX_POINT('',#12990);
#12990 = CARTESIAN_POINT('',(-0.9995,2.623,0.));
#12991 = LINE('',#12992,#12993);
#12992 = CARTESIAN_POINT('',(-0.9995,2.623,0.));
#12993 = VECTOR('',#12994,1.);
#12994 = DIRECTION('',(0.,0.,-1.));
#12995 = ORIENTED_EDGE('',*,*,#12996,.F.);
#12996 = EDGE_CURVE('',#12970,#12989,#12997,.T.);
#12997 = CIRCLE('',#12998,0.237499523827);
#12998 = AXIS2_PLACEMENT_3D('',#12999,#13000,#13001);
#12999 = CARTESIAN_POINT('',(-0.999500476173,2.385500476173,0.));
#13000 = DIRECTION('',(0.,0.,-1.));
#13001 = DIRECTION('',(-0.999999999998,-2.004943179041E-06,-0.));
#13002 = CYLINDRICAL_SURFACE('',#13003,0.237499523827);
#13003 = AXIS2_PLACEMENT_3D('',#13004,#13005,#13006);
#13004 = CARTESIAN_POINT('',(-0.999500476173,2.385500476173,0.));
#13005 = DIRECTION('',(-0.,-0.,1.));
#13006 = DIRECTION('',(-0.999999999998,-2.004943179041E-06,-0.));
#13007 = ADVANCED_FACE('',(#13008),#13033,.F.);
#13008 = FACE_BOUND('',#13009,.F.);
#13009 = EDGE_LOOP('',(#13010,#13011,#13019,#13027));
#13010 = ORIENTED_EDGE('',*,*,#12988,.T.);
#13011 = ORIENTED_EDGE('',*,*,#13012,.T.);
#13012 = EDGE_CURVE('',#12980,#13013,#13015,.T.);
#13013 = VERTEX_POINT('',#13014);
#13014 = CARTESIAN_POINT('',(-0.5245,2.623,-4.E-02));
#13015 = LINE('',#13016,#13017);
#13016 = CARTESIAN_POINT('',(-0.9995,2.623,-4.E-02));
#13017 = VECTOR('',#13018,1.);
#13018 = DIRECTION('',(1.,0.,0.));
#13019 = ORIENTED_EDGE('',*,*,#13020,.F.);
#13020 = EDGE_CURVE('',#13021,#13013,#13023,.T.);
#13021 = VERTEX_POINT('',#13022);
#13022 = CARTESIAN_POINT('',(-0.5245,2.623,0.));
#13023 = LINE('',#13024,#13025);
#13024 = CARTESIAN_POINT('',(-0.5245,2.623,0.));
#13025 = VECTOR('',#13026,1.);
#13026 = DIRECTION('',(0.,0.,-1.));
#13027 = ORIENTED_EDGE('',*,*,#13028,.F.);
#13028 = EDGE_CURVE('',#12989,#13021,#13029,.T.);
#13029 = LINE('',#13030,#13031);
#13030 = CARTESIAN_POINT('',(-0.9995,2.623,0.));
#13031 = VECTOR('',#13032,1.);
#13032 = DIRECTION('',(1.,0.,0.));
#13033 = PLANE('',#13034);
#13034 = AXIS2_PLACEMENT_3D('',#13035,#13036,#13037);
#13035 = CARTESIAN_POINT('',(-0.9995,2.623,0.));
#13036 = DIRECTION('',(0.,-1.,0.));
#13037 = DIRECTION('',(1.,0.,0.));
#13038 = ADVANCED_FACE('',(#13039),#13066,.T.);
#13039 = FACE_BOUND('',#13040,.F.);
#13040 = EDGE_LOOP('',(#13041,#13042,#13051,#13059));
#13041 = ORIENTED_EDGE('',*,*,#13020,.T.);
#13042 = ORIENTED_EDGE('',*,*,#13043,.T.);
#13043 = EDGE_CURVE('',#13013,#13044,#13046,.T.);
#13044 = VERTEX_POINT('',#13045);
#13045 = CARTESIAN_POINT('',(-0.287,2.3855,-4.E-02));
#13046 = CIRCLE('',#13047,0.237499523827);
#13047 = AXIS2_PLACEMENT_3D('',#13048,#13049,#13050);
#13048 = CARTESIAN_POINT('',(-0.524499523827,2.385500476173,-4.E-02));
#13049 = DIRECTION('',(0.,0.,-1.));
#13050 = DIRECTION('',(-2.004943176704E-06,0.999999999998,0.));
#13051 = ORIENTED_EDGE('',*,*,#13052,.F.);
#13052 = EDGE_CURVE('',#13053,#13044,#13055,.T.);
#13053 = VERTEX_POINT('',#13054);
#13054 = CARTESIAN_POINT('',(-0.287,2.3855,0.));
#13055 = LINE('',#13056,#13057);
#13056 = CARTESIAN_POINT('',(-0.287,2.3855,0.));
#13057 = VECTOR('',#13058,1.);
#13058 = DIRECTION('',(0.,0.,-1.));
#13059 = ORIENTED_EDGE('',*,*,#13060,.F.);
#13060 = EDGE_CURVE('',#13021,#13053,#13061,.T.);
#13061 = CIRCLE('',#13062,0.237499523827);
#13062 = AXIS2_PLACEMENT_3D('',#13063,#13064,#13065);
#13063 = CARTESIAN_POINT('',(-0.524499523827,2.385500476173,0.));
#13064 = DIRECTION('',(0.,0.,-1.));
#13065 = DIRECTION('',(-2.004943176704E-06,0.999999999998,0.));
#13066 = CYLINDRICAL_SURFACE('',#13067,0.237499523827);
#13067 = AXIS2_PLACEMENT_3D('',#13068,#13069,#13070);
#13068 = CARTESIAN_POINT('',(-0.524499523827,2.385500476173,0.));
#13069 = DIRECTION('',(-0.,-0.,1.));
#13070 = DIRECTION('',(-2.004943176704E-06,0.999999999998,0.));
#13071 = ADVANCED_FACE('',(#13072),#13097,.F.);
#13072 = FACE_BOUND('',#13073,.F.);
#13073 = EDGE_LOOP('',(#13074,#13075,#13083,#13091));
#13074 = ORIENTED_EDGE('',*,*,#13052,.T.);
#13075 = ORIENTED_EDGE('',*,*,#13076,.T.);
#13076 = EDGE_CURVE('',#13044,#13077,#13079,.T.);
#13077 = VERTEX_POINT('',#13078);
#13078 = CARTESIAN_POINT('',(-0.287,1.8855,-4.E-02));
#13079 = LINE('',#13080,#13081);
#13080 = CARTESIAN_POINT('',(-0.287,2.3855,-4.E-02));
#13081 = VECTOR('',#13082,1.);
#13082 = DIRECTION('',(0.,-1.,0.));
#13083 = ORIENTED_EDGE('',*,*,#13084,.F.);
#13084 = EDGE_CURVE('',#13085,#13077,#13087,.T.);
#13085 = VERTEX_POINT('',#13086);
#13086 = CARTESIAN_POINT('',(-0.287,1.8855,0.));
#13087 = LINE('',#13088,#13089);
#13088 = CARTESIAN_POINT('',(-0.287,1.8855,0.));
#13089 = VECTOR('',#13090,1.);
#13090 = DIRECTION('',(0.,0.,-1.));
#13091 = ORIENTED_EDGE('',*,*,#13092,.F.);
#13092 = EDGE_CURVE('',#13053,#13085,#13093,.T.);
#13093 = LINE('',#13094,#13095);
#13094 = CARTESIAN_POINT('',(-0.287,2.3855,0.));
#13095 = VECTOR('',#13096,1.);
#13096 = DIRECTION('',(0.,-1.,0.));
#13097 = PLANE('',#13098);
#13098 = AXIS2_PLACEMENT_3D('',#13099,#13100,#13101);
#13099 = CARTESIAN_POINT('',(-0.287,2.3855,0.));
#13100 = DIRECTION('',(-1.,-0.,-0.));
#13101 = DIRECTION('',(0.,-1.,0.));
#13102 = ADVANCED_FACE('',(#13103),#13130,.T.);
#13103 = FACE_BOUND('',#13104,.F.);
#13104 = EDGE_LOOP('',(#13105,#13106,#13115,#13123));
#13105 = ORIENTED_EDGE('',*,*,#13084,.T.);
#13106 = ORIENTED_EDGE('',*,*,#13107,.T.);
#13107 = EDGE_CURVE('',#13077,#13108,#13110,.T.);
#13108 = VERTEX_POINT('',#13109);
#13109 = CARTESIAN_POINT('',(-0.5245,1.648,-4.E-02));
#13110 = CIRCLE('',#13111,0.237499523827);
#13111 = AXIS2_PLACEMENT_3D('',#13112,#13113,#13114);
#13112 = CARTESIAN_POINT('',(-0.524499523827,1.885499523827,-4.E-02));
#13113 = DIRECTION('',(0.,0.,-1.));
#13114 = DIRECTION('',(0.999999999998,2.004943179041E-06,0.));
#13115 = ORIENTED_EDGE('',*,*,#13116,.F.);
#13116 = EDGE_CURVE('',#13117,#13108,#13119,.T.);
#13117 = VERTEX_POINT('',#13118);
#13118 = CARTESIAN_POINT('',(-0.5245,1.648,0.));
#13119 = LINE('',#13120,#13121);
#13120 = CARTESIAN_POINT('',(-0.5245,1.648,0.));
#13121 = VECTOR('',#13122,1.);
#13122 = DIRECTION('',(0.,0.,-1.));
#13123 = ORIENTED_EDGE('',*,*,#13124,.F.);
#13124 = EDGE_CURVE('',#13085,#13117,#13125,.T.);
#13125 = CIRCLE('',#13126,0.237499523827);
#13126 = AXIS2_PLACEMENT_3D('',#13127,#13128,#13129);
#13127 = CARTESIAN_POINT('',(-0.524499523827,1.885499523827,0.));
#13128 = DIRECTION('',(0.,0.,-1.));
#13129 = DIRECTION('',(0.999999999998,2.004943179041E-06,0.));
#13130 = CYLINDRICAL_SURFACE('',#13131,0.237499523827);
#13131 = AXIS2_PLACEMENT_3D('',#13132,#13133,#13134);
#13132 = CARTESIAN_POINT('',(-0.524499523827,1.885499523827,0.));
#13133 = DIRECTION('',(-0.,-0.,1.));
#13134 = DIRECTION('',(0.999999999998,2.004943179041E-06,0.));
#13135 = ADVANCED_FACE('',(#13136),#13161,.F.);
#13136 = FACE_BOUND('',#13137,.F.);
#13137 = EDGE_LOOP('',(#13138,#13139,#13147,#13155));
#13138 = ORIENTED_EDGE('',*,*,#13116,.T.);
#13139 = ORIENTED_EDGE('',*,*,#13140,.T.);
#13140 = EDGE_CURVE('',#13108,#13141,#13143,.T.);
#13141 = VERTEX_POINT('',#13142);
#13142 = CARTESIAN_POINT('',(-0.9995,1.648,-4.E-02));
#13143 = LINE('',#13144,#13145);
#13144 = CARTESIAN_POINT('',(-0.5245,1.648,-4.E-02));
#13145 = VECTOR('',#13146,1.);
#13146 = DIRECTION('',(-1.,0.,0.));
#13147 = ORIENTED_EDGE('',*,*,#13148,.F.);
#13148 = EDGE_CURVE('',#13149,#13141,#13151,.T.);
#13149 = VERTEX_POINT('',#13150);
#13150 = CARTESIAN_POINT('',(-0.9995,1.648,0.));
#13151 = LINE('',#13152,#13153);
#13152 = CARTESIAN_POINT('',(-0.9995,1.648,0.));
#13153 = VECTOR('',#13154,1.);
#13154 = DIRECTION('',(0.,0.,-1.));
#13155 = ORIENTED_EDGE('',*,*,#13156,.F.);
#13156 = EDGE_CURVE('',#13117,#13149,#13157,.T.);
#13157 = LINE('',#13158,#13159);
#13158 = CARTESIAN_POINT('',(-0.5245,1.648,0.));
#13159 = VECTOR('',#13160,1.);
#13160 = DIRECTION('',(-1.,0.,0.));
#13161 = PLANE('',#13162);
#13162 = AXIS2_PLACEMENT_3D('',#13163,#13164,#13165);
#13163 = CARTESIAN_POINT('',(-0.5245,1.648,0.));
#13164 = DIRECTION('',(0.,1.,0.));
#13165 = DIRECTION('',(-1.,0.,0.));
#13166 = ADVANCED_FACE('',(#13167),#13194,.T.);
#13167 = FACE_BOUND('',#13168,.F.);
#13168 = EDGE_LOOP('',(#13169,#13170,#13179,#13187));
#13169 = ORIENTED_EDGE('',*,*,#13148,.T.);
#13170 = ORIENTED_EDGE('',*,*,#13171,.T.);
#13171 = EDGE_CURVE('',#13141,#13172,#13174,.T.);
#13172 = VERTEX_POINT('',#13173);
#13173 = CARTESIAN_POINT('',(-1.237,1.8855,-4.E-02));
#13174 = CIRCLE('',#13175,0.237499523827);
#13175 = AXIS2_PLACEMENT_3D('',#13176,#13177,#13178);
#13176 = CARTESIAN_POINT('',(-0.999500476173,1.885499523827,-4.E-02));
#13177 = DIRECTION('',(0.,0.,-1.));
#13178 = DIRECTION('',(2.004943177171E-06,-0.999999999998,0.));
#13179 = ORIENTED_EDGE('',*,*,#13180,.F.);
#13180 = EDGE_CURVE('',#13181,#13172,#13183,.T.);
#13181 = VERTEX_POINT('',#13182);
#13182 = CARTESIAN_POINT('',(-1.237,1.8855,0.));
#13183 = LINE('',#13184,#13185);
#13184 = CARTESIAN_POINT('',(-1.237,1.8855,0.));
#13185 = VECTOR('',#13186,1.);
#13186 = DIRECTION('',(0.,0.,-1.));
#13187 = ORIENTED_EDGE('',*,*,#13188,.F.);
#13188 = EDGE_CURVE('',#13149,#13181,#13189,.T.);
#13189 = CIRCLE('',#13190,0.237499523827);
#13190 = AXIS2_PLACEMENT_3D('',#13191,#13192,#13193);
#13191 = CARTESIAN_POINT('',(-0.999500476173,1.885499523827,0.));
#13192 = DIRECTION('',(0.,0.,-1.));
#13193 = DIRECTION('',(2.004943177171E-06,-0.999999999998,0.));
#13194 = CYLINDRICAL_SURFACE('',#13195,0.237499523827);
#13195 = AXIS2_PLACEMENT_3D('',#13196,#13197,#13198);
#13196 = CARTESIAN_POINT('',(-0.999500476173,1.885499523827,0.));
#13197 = DIRECTION('',(-0.,-0.,1.));
#13198 = DIRECTION('',(2.004943177171E-06,-0.999999999998,0.));
#13199 = ADVANCED_FACE('',(#13200),#13216,.F.);
#13200 = FACE_BOUND('',#13201,.F.);
#13201 = EDGE_LOOP('',(#13202,#13203,#13209,#13210));
#13202 = ORIENTED_EDGE('',*,*,#13180,.T.);
#13203 = ORIENTED_EDGE('',*,*,#13204,.T.);
#13204 = EDGE_CURVE('',#13172,#12972,#13205,.T.);
#13205 = LINE('',#13206,#13207);
#13206 = CARTESIAN_POINT('',(-1.237,1.8855,-4.E-02));
#13207 = VECTOR('',#13208,1.);
#13208 = DIRECTION('',(0.,1.,0.));
#13209 = ORIENTED_EDGE('',*,*,#12969,.F.);
#13210 = ORIENTED_EDGE('',*,*,#13211,.F.);
#13211 = EDGE_CURVE('',#13181,#12970,#13212,.T.);
#13212 = LINE('',#13213,#13214);
#13213 = CARTESIAN_POINT('',(-1.237,1.8855,0.));
#13214 = VECTOR('',#13215,1.);
#13215 = DIRECTION('',(0.,1.,0.));
#13216 = PLANE('',#13217);
#13217 = AXIS2_PLACEMENT_3D('',#13218,#13219,#13220);
#13218 = CARTESIAN_POINT('',(-1.237,1.8855,0.));
#13219 = DIRECTION('',(1.,-0.,0.));
#13220 = DIRECTION('',(0.,1.,0.));
#13221 = ADVANCED_FACE('',(#13222),#13232,.F.);
#13222 = FACE_BOUND('',#13223,.F.);
#13223 = EDGE_LOOP('',(#13224,#13225,#13226,#13227,#13228,#13229,#13230,
    #13231));
#13224 = ORIENTED_EDGE('',*,*,#12996,.T.);
#13225 = ORIENTED_EDGE('',*,*,#13028,.T.);
#13226 = ORIENTED_EDGE('',*,*,#13060,.T.);
#13227 = ORIENTED_EDGE('',*,*,#13092,.T.);
#13228 = ORIENTED_EDGE('',*,*,#13124,.T.);
#13229 = ORIENTED_EDGE('',*,*,#13156,.T.);
#13230 = ORIENTED_EDGE('',*,*,#13188,.T.);
#13231 = ORIENTED_EDGE('',*,*,#13211,.T.);
#13232 = PLANE('',#13233);
#13233 = AXIS2_PLACEMENT_3D('',#13234,#13235,#13236);
#13234 = CARTESIAN_POINT('',(0.,0.,0.));
#13235 = DIRECTION('',(-0.,-0.,-1.));
#13236 = DIRECTION('',(-1.,0.,0.));
#13237 = ADVANCED_FACE('',(#13238),#13248,.T.);
#13238 = FACE_BOUND('',#13239,.T.);
#13239 = EDGE_LOOP('',(#13240,#13241,#13242,#13243,#13244,#13245,#13246,
    #13247));
#13240 = ORIENTED_EDGE('',*,*,#12979,.T.);
#13241 = ORIENTED_EDGE('',*,*,#13012,.T.);
#13242 = ORIENTED_EDGE('',*,*,#13043,.T.);
#13243 = ORIENTED_EDGE('',*,*,#13076,.T.);
#13244 = ORIENTED_EDGE('',*,*,#13107,.T.);
#13245 = ORIENTED_EDGE('',*,*,#13140,.T.);
#13246 = ORIENTED_EDGE('',*,*,#13171,.T.);
#13247 = ORIENTED_EDGE('',*,*,#13204,.T.);
#13248 = PLANE('',#13249);
#13249 = AXIS2_PLACEMENT_3D('',#13250,#13251,#13252);
#13250 = CARTESIAN_POINT('',(0.,0.,-4.E-02));
#13251 = DIRECTION('',(-0.,-0.,-1.));
#13252 = DIRECTION('',(-1.,0.,0.));
#13253 = MANIFOLD_SOLID_BREP('',#13254);
#13254 = CLOSED_SHELL('',(#13255,#13295,#13326,#13389,#13423,#13440,
    #13452,#13477,#13494));
#13255 = ADVANCED_FACE('',(#13256),#13290,.F.);
#13256 = FACE_BOUND('',#13257,.F.);
#13257 = EDGE_LOOP('',(#13258,#13268,#13276,#13284));
#13258 = ORIENTED_EDGE('',*,*,#13259,.T.);
#13259 = EDGE_CURVE('',#13260,#13262,#13264,.T.);
#13260 = VERTEX_POINT('',#13261);
#13261 = CARTESIAN_POINT('',(-0.792,-0.775,0.));
#13262 = VERTEX_POINT('',#13263);
#13263 = CARTESIAN_POINT('',(-0.792,-0.775,-4.E-02));
#13264 = LINE('',#13265,#13266);
#13265 = CARTESIAN_POINT('',(-0.792,-0.775,0.));
#13266 = VECTOR('',#13267,1.);
#13267 = DIRECTION('',(0.,0.,-1.));
#13268 = ORIENTED_EDGE('',*,*,#13269,.T.);
#13269 = EDGE_CURVE('',#13262,#13270,#13272,.T.);
#13270 = VERTEX_POINT('',#13271);
#13271 = CARTESIAN_POINT('',(-0.792,0.775,-4.E-02));
#13272 = LINE('',#13273,#13274);
#13273 = CARTESIAN_POINT('',(-0.792,-0.775,-4.E-02));
#13274 = VECTOR('',#13275,1.);
#13275 = DIRECTION('',(0.,1.,0.));
#13276 = ORIENTED_EDGE('',*,*,#13277,.F.);
#13277 = EDGE_CURVE('',#13278,#13270,#13280,.T.);
#13278 = VERTEX_POINT('',#13279);
#13279 = CARTESIAN_POINT('',(-0.792,0.775,0.));
#13280 = LINE('',#13281,#13282);
#13281 = CARTESIAN_POINT('',(-0.792,0.775,0.));
#13282 = VECTOR('',#13283,1.);
#13283 = DIRECTION('',(0.,0.,-1.));
#13284 = ORIENTED_EDGE('',*,*,#13285,.F.);
#13285 = EDGE_CURVE('',#13260,#13278,#13286,.T.);
#13286 = LINE('',#13287,#13288);
#13287 = CARTESIAN_POINT('',(-0.792,-0.775,0.));
#13288 = VECTOR('',#13289,1.);
#13289 = DIRECTION('',(0.,1.,0.));
#13290 = PLANE('',#13291);
#13291 = AXIS2_PLACEMENT_3D('',#13292,#13293,#13294);
#13292 = CARTESIAN_POINT('',(-0.792,-0.775,0.));
#13293 = DIRECTION('',(1.,-0.,0.));
#13294 = DIRECTION('',(0.,1.,0.));
#13295 = ADVANCED_FACE('',(#13296),#13321,.F.);
#13296 = FACE_BOUND('',#13297,.F.);
#13297 = EDGE_LOOP('',(#13298,#13308,#13314,#13315));
#13298 = ORIENTED_EDGE('',*,*,#13299,.T.);
#13299 = EDGE_CURVE('',#13300,#13302,#13304,.T.);
#13300 = VERTEX_POINT('',#13301);
#13301 = CARTESIAN_POINT('',(-0.192,-0.775,0.));
#13302 = VERTEX_POINT('',#13303);
#13303 = CARTESIAN_POINT('',(-0.192,-0.775,-4.E-02));
#13304 = LINE('',#13305,#13306);
#13305 = CARTESIAN_POINT('',(-0.192,-0.775,0.));
#13306 = VECTOR('',#13307,1.);
#13307 = DIRECTION('',(0.,0.,-1.));
#13308 = ORIENTED_EDGE('',*,*,#13309,.T.);
#13309 = EDGE_CURVE('',#13302,#13262,#13310,.T.);
#13310 = LINE('',#13311,#13312);
#13311 = CARTESIAN_POINT('',(-0.192,-0.775,-4.E-02));
#13312 = VECTOR('',#13313,1.);
#13313 = DIRECTION('',(-1.,0.,0.));
#13314 = ORIENTED_EDGE('',*,*,#13259,.F.);
#13315 = ORIENTED_EDGE('',*,*,#13316,.F.);
#13316 = EDGE_CURVE('',#13300,#13260,#13317,.T.);
#13317 = LINE('',#13318,#13319);
#13318 = CARTESIAN_POINT('',(-0.192,-0.775,0.));
#13319 = VECTOR('',#13320,1.);
#13320 = DIRECTION('',(-1.,0.,0.));
#13321 = PLANE('',#13322);
#13322 = AXIS2_PLACEMENT_3D('',#13323,#13324,#13325);
#13323 = CARTESIAN_POINT('',(-0.192,-0.775,0.));
#13324 = DIRECTION('',(0.,1.,0.));
#13325 = DIRECTION('',(-1.,0.,0.));
#13326 = ADVANCED_FACE('',(#13327),#13384,.F.);
#13327 = FACE_BOUND('',#13328,.F.);
#13328 = EDGE_LOOP('',(#13329,#13337,#13338,#13346,#13354,#13362,#13370,
    #13378));
#13329 = ORIENTED_EDGE('',*,*,#13330,.F.);
#13330 = EDGE_CURVE('',#13278,#13331,#13333,.T.);
#13331 = VERTEX_POINT('',#13332);
#13332 = CARTESIAN_POINT('',(-0.543273774973,0.775,0.));
#13333 = LINE('',#13334,#13335);
#13334 = CARTESIAN_POINT('',(-0.792,0.775,0.));
#13335 = VECTOR('',#13336,1.);
#13336 = DIRECTION('',(1.,0.,0.));
#13337 = ORIENTED_EDGE('',*,*,#13277,.T.);
#13338 = ORIENTED_EDGE('',*,*,#13339,.T.);
#13339 = EDGE_CURVE('',#13270,#13340,#13342,.T.);
#13340 = VERTEX_POINT('',#13341);
#13341 = CARTESIAN_POINT('',(-0.192,0.775,-4.E-02));
#13342 = LINE('',#13343,#13344);
#13343 = CARTESIAN_POINT('',(-0.792,0.775,-4.E-02));
#13344 = VECTOR('',#13345,1.);
#13345 = DIRECTION('',(1.,0.,0.));
#13346 = ORIENTED_EDGE('',*,*,#13347,.F.);
#13347 = EDGE_CURVE('',#13348,#13340,#13350,.T.);
#13348 = VERTEX_POINT('',#13349);
#13349 = CARTESIAN_POINT('',(-0.192,0.775,0.));
#13350 = LINE('',#13351,#13352);
#13351 = CARTESIAN_POINT('',(-0.192,0.775,0.));
#13352 = VECTOR('',#13353,1.);
#13353 = DIRECTION('',(0.,0.,-1.));
#13354 = ORIENTED_EDGE('',*,*,#13355,.F.);
#13355 = EDGE_CURVE('',#13356,#13348,#13358,.T.);
#13356 = VERTEX_POINT('',#13357);
#13357 = CARTESIAN_POINT('',(-0.440726225027,0.775,0.));
#13358 = LINE('',#13359,#13360);
#13359 = CARTESIAN_POINT('',(-0.792,0.775,0.));
#13360 = VECTOR('',#13361,1.);
#13361 = DIRECTION('',(1.,0.,0.));
#13362 = ORIENTED_EDGE('',*,*,#13363,.T.);
#13363 = EDGE_CURVE('',#13356,#13364,#13366,.T.);
#13364 = VERTEX_POINT('',#13365);
#13365 = CARTESIAN_POINT('',(-0.440726225027,0.775,-3.6E-02));
#13366 = LINE('',#13367,#13368);
#13367 = CARTESIAN_POINT('',(-0.440726225027,0.775,-3.6E-02));
#13368 = VECTOR('',#13369,1.);
#13369 = DIRECTION('',(-0.,-0.,-1.));
#13370 = ORIENTED_EDGE('',*,*,#13371,.T.);
#13371 = EDGE_CURVE('',#13364,#13372,#13374,.T.);
#13372 = VERTEX_POINT('',#13373);
#13373 = CARTESIAN_POINT('',(-0.543273774973,0.775,-3.6E-02));
#13374 = LINE('',#13375,#13376);
#13375 = CARTESIAN_POINT('',(-0.642,0.775,-3.6E-02));
#13376 = VECTOR('',#13377,1.);
#13377 = DIRECTION('',(-1.,0.,0.));
#13378 = ORIENTED_EDGE('',*,*,#13379,.F.);
#13379 = EDGE_CURVE('',#13331,#13372,#13380,.T.);
#13380 = LINE('',#13381,#13382);
#13381 = CARTESIAN_POINT('',(-0.543273774973,0.775,-3.6E-02));
#13382 = VECTOR('',#13383,1.);
#13383 = DIRECTION('',(-0.,-0.,-1.));
#13384 = PLANE('',#13385);
#13385 = AXIS2_PLACEMENT_3D('',#13386,#13387,#13388);
#13386 = CARTESIAN_POINT('',(-0.792,0.775,0.));
#13387 = DIRECTION('',(0.,-1.,0.));
#13388 = DIRECTION('',(1.,0.,0.));
#13389 = ADVANCED_FACE('',(#13390),#13418,.F.);
#13390 = FACE_BOUND('',#13391,.F.);
#13391 = EDGE_LOOP('',(#13392,#13393,#13394,#13395,#13404,#13411,#13412)
  );
#13392 = ORIENTED_EDGE('',*,*,#13316,.T.);
#13393 = ORIENTED_EDGE('',*,*,#13285,.T.);
#13394 = ORIENTED_EDGE('',*,*,#13330,.T.);
#13395 = ORIENTED_EDGE('',*,*,#13396,.F.);
#13396 = EDGE_CURVE('',#13397,#13331,#13399,.T.);
#13397 = VERTEX_POINT('',#13398);
#13398 = CARTESIAN_POINT('',(-0.492,0.764,0.));
#13399 = CIRCLE('',#13400,0.125);
#13400 = AXIS2_PLACEMENT_3D('',#13401,#13402,#13403);
#13401 = CARTESIAN_POINT('',(-0.492,0.889,0.));
#13402 = DIRECTION('',(-0.,0.,-1.));
#13403 = DIRECTION('',(-0.,-1.,0.));
#13404 = ORIENTED_EDGE('',*,*,#13405,.F.);
#13405 = EDGE_CURVE('',#13356,#13397,#13406,.T.);
#13406 = CIRCLE('',#13407,0.125);
#13407 = AXIS2_PLACEMENT_3D('',#13408,#13409,#13410);
#13408 = CARTESIAN_POINT('',(-0.492,0.889,0.));
#13409 = DIRECTION('',(-0.,0.,-1.));
#13410 = DIRECTION('',(-0.,-1.,0.));
#13411 = ORIENTED_EDGE('',*,*,#13355,.T.);
#13412 = ORIENTED_EDGE('',*,*,#13413,.T.);
#13413 = EDGE_CURVE('',#13348,#13300,#13414,.T.);
#13414 = LINE('',#13415,#13416);
#13415 = CARTESIAN_POINT('',(-0.192,0.775,0.));
#13416 = VECTOR('',#13417,1.);
#13417 = DIRECTION('',(0.,-1.,0.));
#13418 = PLANE('',#13419);
#13419 = AXIS2_PLACEMENT_3D('',#13420,#13421,#13422);
#13420 = CARTESIAN_POINT('',(0.,0.,0.));
#13421 = DIRECTION('',(-0.,-0.,-1.));
#13422 = DIRECTION('',(-1.,0.,0.));
#13423 = ADVANCED_FACE('',(#13424),#13435,.T.);
#13424 = FACE_BOUND('',#13425,.T.);
#13425 = EDGE_LOOP('',(#13426,#13427,#13428,#13434));
#13426 = ORIENTED_EDGE('',*,*,#13269,.T.);
#13427 = ORIENTED_EDGE('',*,*,#13339,.T.);
#13428 = ORIENTED_EDGE('',*,*,#13429,.T.);
#13429 = EDGE_CURVE('',#13340,#13302,#13430,.T.);
#13430 = LINE('',#13431,#13432);
#13431 = CARTESIAN_POINT('',(-0.192,0.775,-4.E-02));
#13432 = VECTOR('',#13433,1.);
#13433 = DIRECTION('',(0.,-1.,0.));
#13434 = ORIENTED_EDGE('',*,*,#13309,.T.);
#13435 = PLANE('',#13436);
#13436 = AXIS2_PLACEMENT_3D('',#13437,#13438,#13439);
#13437 = CARTESIAN_POINT('',(0.,0.,-4.E-02));
#13438 = DIRECTION('',(-0.,-0.,-1.));
#13439 = DIRECTION('',(-1.,0.,0.));
#13440 = ADVANCED_FACE('',(#13441),#13447,.F.);
#13441 = FACE_BOUND('',#13442,.F.);
#13442 = EDGE_LOOP('',(#13443,#13444,#13445,#13446));
#13443 = ORIENTED_EDGE('',*,*,#13347,.T.);
#13444 = ORIENTED_EDGE('',*,*,#13429,.T.);
#13445 = ORIENTED_EDGE('',*,*,#13299,.F.);
#13446 = ORIENTED_EDGE('',*,*,#13413,.F.);
#13447 = PLANE('',#13448);
#13448 = AXIS2_PLACEMENT_3D('',#13449,#13450,#13451);
#13449 = CARTESIAN_POINT('',(-0.192,0.775,0.));
#13450 = DIRECTION('',(-1.,-0.,-0.));
#13451 = DIRECTION('',(0.,-1.,0.));
#13452 = ADVANCED_FACE('',(#13453),#13472,.F.);
#13453 = FACE_BOUND('',#13454,.T.);
#13454 = EDGE_LOOP('',(#13455,#13463,#13470,#13471));
#13455 = ORIENTED_EDGE('',*,*,#13456,.F.);
#13456 = EDGE_CURVE('',#13457,#13397,#13459,.T.);
#13457 = VERTEX_POINT('',#13458);
#13458 = CARTESIAN_POINT('',(-0.492,0.764,-3.6E-02));
#13459 = LINE('',#13460,#13461);
#13460 = CARTESIAN_POINT('',(-0.492,0.764,-3.6E-02));
#13461 = VECTOR('',#13462,1.);
#13462 = DIRECTION('',(0.,0.,1.));
#13463 = ORIENTED_EDGE('',*,*,#13464,.F.);
#13464 = EDGE_CURVE('',#13372,#13457,#13465,.T.);
#13465 = CIRCLE('',#13466,0.125);
#13466 = AXIS2_PLACEMENT_3D('',#13467,#13468,#13469);
#13467 = CARTESIAN_POINT('',(-0.492,0.889,-3.6E-02));
#13468 = DIRECTION('',(0.,0.,1.));
#13469 = DIRECTION('',(-0.,-1.,0.));
#13470 = ORIENTED_EDGE('',*,*,#13379,.F.);
#13471 = ORIENTED_EDGE('',*,*,#13396,.F.);
#13472 = CYLINDRICAL_SURFACE('',#13473,0.125);
#13473 = AXIS2_PLACEMENT_3D('',#13474,#13475,#13476);
#13474 = CARTESIAN_POINT('',(-0.492,0.889,-3.6E-02));
#13475 = DIRECTION('',(-0.,-0.,-1.));
#13476 = DIRECTION('',(-0.,-1.,0.));
#13477 = ADVANCED_FACE('',(#13478),#13489,.T.);
#13478 = FACE_BOUND('',#13479,.T.);
#13479 = EDGE_LOOP('',(#13480,#13481,#13488));
#13480 = ORIENTED_EDGE('',*,*,#13464,.T.);
#13481 = ORIENTED_EDGE('',*,*,#13482,.T.);
#13482 = EDGE_CURVE('',#13457,#13364,#13483,.T.);
#13483 = CIRCLE('',#13484,0.125);
#13484 = AXIS2_PLACEMENT_3D('',#13485,#13486,#13487);
#13485 = CARTESIAN_POINT('',(-0.492,0.889,-3.6E-02));
#13486 = DIRECTION('',(0.,0.,1.));
#13487 = DIRECTION('',(-0.,-1.,0.));
#13488 = ORIENTED_EDGE('',*,*,#13371,.T.);
#13489 = PLANE('',#13490);
#13490 = AXIS2_PLACEMENT_3D('',#13491,#13492,#13493);
#13491 = CARTESIAN_POINT('',(-0.492,0.764,-3.6E-02));
#13492 = DIRECTION('',(0.,0.,1.));
#13493 = DIRECTION('',(1.,0.,-0.));
#13494 = ADVANCED_FACE('',(#13495),#13501,.F.);
#13495 = FACE_BOUND('',#13496,.T.);
#13496 = EDGE_LOOP('',(#13497,#13498,#13499,#13500));
#13497 = ORIENTED_EDGE('',*,*,#13482,.F.);
#13498 = ORIENTED_EDGE('',*,*,#13456,.T.);
#13499 = ORIENTED_EDGE('',*,*,#13405,.F.);
#13500 = ORIENTED_EDGE('',*,*,#13363,.T.);
#13501 = CYLINDRICAL_SURFACE('',#13502,0.125);
#13502 = AXIS2_PLACEMENT_3D('',#13503,#13504,#13505);
#13503 = CARTESIAN_POINT('',(-0.492,0.889,-3.6E-02));
#13504 = DIRECTION('',(-0.,-0.,-1.));
#13505 = DIRECTION('',(-0.,-1.,0.));
#13506 = MANIFOLD_SOLID_BREP('',#13507);
#13507 = CLOSED_SHELL('',(#13508,#13548,#13579,#13610,#13632,#13644));
#13508 = ADVANCED_FACE('',(#13509),#13543,.T.);
#13509 = FACE_BOUND('',#13510,.T.);
#13510 = EDGE_LOOP('',(#13511,#13521,#13529,#13537));
#13511 = ORIENTED_EDGE('',*,*,#13512,.T.);
#13512 = EDGE_CURVE('',#13513,#13515,#13517,.T.);
#13513 = VERTEX_POINT('',#13514);
#13514 = CARTESIAN_POINT('',(1.1,-0.625,1.51));
#13515 = VERTEX_POINT('',#13516);
#13516 = CARTESIAN_POINT('',(1.1,-0.625,1.55));
#13517 = LINE('',#13518,#13519);
#13518 = CARTESIAN_POINT('',(1.1,-0.625,1.51));
#13519 = VECTOR('',#13520,1.);
#13520 = DIRECTION('',(0.,0.,1.));
#13521 = ORIENTED_EDGE('',*,*,#13522,.T.);
#13522 = EDGE_CURVE('',#13515,#13523,#13525,.T.);
#13523 = VERTEX_POINT('',#13524);
#13524 = CARTESIAN_POINT('',(1.1,-0.375,1.55));
#13525 = LINE('',#13526,#13527);
#13526 = CARTESIAN_POINT('',(1.1,-0.625,1.55));
#13527 = VECTOR('',#13528,1.);
#13528 = DIRECTION('',(0.,1.,0.));
#13529 = ORIENTED_EDGE('',*,*,#13530,.F.);
#13530 = EDGE_CURVE('',#13531,#13523,#13533,.T.);
#13531 = VERTEX_POINT('',#13532);
#13532 = CARTESIAN_POINT('',(1.1,-0.375,1.51));
#13533 = LINE('',#13534,#13535);
#13534 = CARTESIAN_POINT('',(1.1,-0.375,1.51));
#13535 = VECTOR('',#13536,1.);
#13536 = DIRECTION('',(0.,0.,1.));
#13537 = ORIENTED_EDGE('',*,*,#13538,.F.);
#13538 = EDGE_CURVE('',#13513,#13531,#13539,.T.);
#13539 = LINE('',#13540,#13541);
#13540 = CARTESIAN_POINT('',(1.1,-0.625,1.51));
#13541 = VECTOR('',#13542,1.);
#13542 = DIRECTION('',(0.,1.,0.));
#13543 = PLANE('',#13544);
#13544 = AXIS2_PLACEMENT_3D('',#13545,#13546,#13547);
#13545 = CARTESIAN_POINT('',(1.1,-0.625,1.51));
#13546 = DIRECTION('',(-1.,0.,0.));
#13547 = DIRECTION('',(0.,1.,0.));
#13548 = ADVANCED_FACE('',(#13549),#13574,.T.);
#13549 = FACE_BOUND('',#13550,.T.);
#13550 = EDGE_LOOP('',(#13551,#13552,#13560,#13568));
#13551 = ORIENTED_EDGE('',*,*,#13530,.T.);
#13552 = ORIENTED_EDGE('',*,*,#13553,.T.);
#13553 = EDGE_CURVE('',#13523,#13554,#13556,.T.);
#13554 = VERTEX_POINT('',#13555);
#13555 = CARTESIAN_POINT('',(1.65,-0.375,1.55));
#13556 = LINE('',#13557,#13558);
#13557 = CARTESIAN_POINT('',(1.1,-0.375,1.55));
#13558 = VECTOR('',#13559,1.);
#13559 = DIRECTION('',(1.,0.,0.));
#13560 = ORIENTED_EDGE('',*,*,#13561,.F.);
#13561 = EDGE_CURVE('',#13562,#13554,#13564,.T.);
#13562 = VERTEX_POINT('',#13563);
#13563 = CARTESIAN_POINT('',(1.65,-0.375,1.51));
#13564 = LINE('',#13565,#13566);
#13565 = CARTESIAN_POINT('',(1.65,-0.375,1.51));
#13566 = VECTOR('',#13567,1.);
#13567 = DIRECTION('',(0.,0.,1.));
#13568 = ORIENTED_EDGE('',*,*,#13569,.F.);
#13569 = EDGE_CURVE('',#13531,#13562,#13570,.T.);
#13570 = LINE('',#13571,#13572);
#13571 = CARTESIAN_POINT('',(1.1,-0.375,1.51));
#13572 = VECTOR('',#13573,1.);
#13573 = DIRECTION('',(1.,0.,0.));
#13574 = PLANE('',#13575);
#13575 = AXIS2_PLACEMENT_3D('',#13576,#13577,#13578);
#13576 = CARTESIAN_POINT('',(1.1,-0.375,1.51));
#13577 = DIRECTION('',(0.,1.,0.));
#13578 = DIRECTION('',(1.,0.,0.));
#13579 = ADVANCED_FACE('',(#13580),#13605,.T.);
#13580 = FACE_BOUND('',#13581,.T.);
#13581 = EDGE_LOOP('',(#13582,#13583,#13591,#13599));
#13582 = ORIENTED_EDGE('',*,*,#13561,.T.);
#13583 = ORIENTED_EDGE('',*,*,#13584,.T.);
#13584 = EDGE_CURVE('',#13554,#13585,#13587,.T.);
#13585 = VERTEX_POINT('',#13586);
#13586 = CARTESIAN_POINT('',(1.65,-0.625,1.55));
#13587 = LINE('',#13588,#13589);
#13588 = CARTESIAN_POINT('',(1.65,-0.375,1.55));
#13589 = VECTOR('',#13590,1.);
#13590 = DIRECTION('',(0.,-1.,0.));
#13591 = ORIENTED_EDGE('',*,*,#13592,.F.);
#13592 = EDGE_CURVE('',#13593,#13585,#13595,.T.);
#13593 = VERTEX_POINT('',#13594);
#13594 = CARTESIAN_POINT('',(1.65,-0.625,1.51));
#13595 = LINE('',#13596,#13597);
#13596 = CARTESIAN_POINT('',(1.65,-0.625,1.51));
#13597 = VECTOR('',#13598,1.);
#13598 = DIRECTION('',(0.,0.,1.));
#13599 = ORIENTED_EDGE('',*,*,#13600,.F.);
#13600 = EDGE_CURVE('',#13562,#13593,#13601,.T.);
#13601 = LINE('',#13602,#13603);
#13602 = CARTESIAN_POINT('',(1.65,-0.375,1.51));
#13603 = VECTOR('',#13604,1.);
#13604 = DIRECTION('',(0.,-1.,0.));
#13605 = PLANE('',#13606);
#13606 = AXIS2_PLACEMENT_3D('',#13607,#13608,#13609);
#13607 = CARTESIAN_POINT('',(1.65,-0.375,1.51));
#13608 = DIRECTION('',(1.,0.,-0.));
#13609 = DIRECTION('',(0.,-1.,0.));
#13610 = ADVANCED_FACE('',(#13611),#13627,.T.);
#13611 = FACE_BOUND('',#13612,.T.);
#13612 = EDGE_LOOP('',(#13613,#13614,#13620,#13621));
#13613 = ORIENTED_EDGE('',*,*,#13592,.T.);
#13614 = ORIENTED_EDGE('',*,*,#13615,.T.);
#13615 = EDGE_CURVE('',#13585,#13515,#13616,.T.);
#13616 = LINE('',#13617,#13618);
#13617 = CARTESIAN_POINT('',(1.65,-0.625,1.55));
#13618 = VECTOR('',#13619,1.);
#13619 = DIRECTION('',(-1.,0.,0.));
#13620 = ORIENTED_EDGE('',*,*,#13512,.F.);
#13621 = ORIENTED_EDGE('',*,*,#13622,.F.);
#13622 = EDGE_CURVE('',#13593,#13513,#13623,.T.);
#13623 = LINE('',#13624,#13625);
#13624 = CARTESIAN_POINT('',(1.65,-0.625,1.51));
#13625 = VECTOR('',#13626,1.);
#13626 = DIRECTION('',(-1.,0.,0.));
#13627 = PLANE('',#13628);
#13628 = AXIS2_PLACEMENT_3D('',#13629,#13630,#13631);
#13629 = CARTESIAN_POINT('',(1.65,-0.625,1.51));
#13630 = DIRECTION('',(0.,-1.,0.));
#13631 = DIRECTION('',(-1.,0.,0.));
#13632 = ADVANCED_FACE('',(#13633),#13639,.F.);
#13633 = FACE_BOUND('',#13634,.T.);
#13634 = EDGE_LOOP('',(#13635,#13636,#13637,#13638));
#13635 = ORIENTED_EDGE('',*,*,#13538,.T.);
#13636 = ORIENTED_EDGE('',*,*,#13569,.T.);
#13637 = ORIENTED_EDGE('',*,*,#13600,.T.);
#13638 = ORIENTED_EDGE('',*,*,#13622,.T.);
#13639 = PLANE('',#13640);
#13640 = AXIS2_PLACEMENT_3D('',#13641,#13642,#13643);
#13641 = CARTESIAN_POINT('',(0.,0.,1.51));
#13642 = DIRECTION('',(0.,0.,1.));
#13643 = DIRECTION('',(1.,0.,-0.));
#13644 = ADVANCED_FACE('',(#13645),#13651,.T.);
#13645 = FACE_BOUND('',#13646,.F.);
#13646 = EDGE_LOOP('',(#13647,#13648,#13649,#13650));
#13647 = ORIENTED_EDGE('',*,*,#13522,.T.);
#13648 = ORIENTED_EDGE('',*,*,#13553,.T.);
#13649 = ORIENTED_EDGE('',*,*,#13584,.T.);
#13650 = ORIENTED_EDGE('',*,*,#13615,.T.);
#13651 = PLANE('',#13652);
#13652 = AXIS2_PLACEMENT_3D('',#13653,#13654,#13655);
#13653 = CARTESIAN_POINT('',(0.,0.,1.55));
#13654 = DIRECTION('',(0.,0.,1.));
#13655 = DIRECTION('',(1.,0.,-0.));
#13656 = MANIFOLD_SOLID_BREP('',#13657);
#13657 = CLOSED_SHELL('',(#13658,#13700,#13731,#13764,#13795,#13828,
    #13859,#13892,#13914,#13930));
#13658 = ADVANCED_FACE('',(#13659),#13695,.T.);
#13659 = FACE_BOUND('',#13660,.F.);
#13660 = EDGE_LOOP('',(#13661,#13671,#13680,#13688));
#13661 = ORIENTED_EDGE('',*,*,#13662,.T.);
#13662 = EDGE_CURVE('',#13663,#13665,#13667,.T.);
#13663 = VERTEX_POINT('',#13664);
#13664 = CARTESIAN_POINT('',(-1.237,4.2105,0.));
#13665 = VERTEX_POINT('',#13666);
#13666 = CARTESIAN_POINT('',(-1.237,4.2105,-4.E-02));
#13667 = LINE('',#13668,#13669);
#13668 = CARTESIAN_POINT('',(-1.237,4.2105,0.));
#13669 = VECTOR('',#13670,1.);
#13670 = DIRECTION('',(0.,0.,-1.));
#13671 = ORIENTED_EDGE('',*,*,#13672,.T.);
#13672 = EDGE_CURVE('',#13665,#13673,#13675,.T.);
#13673 = VERTEX_POINT('',#13674);
#13674 = CARTESIAN_POINT('',(-0.9995,4.448,-4.E-02));
#13675 = CIRCLE('',#13676,0.237499523827);
#13676 = AXIS2_PLACEMENT_3D('',#13677,#13678,#13679);
#13677 = CARTESIAN_POINT('',(-0.999500476173,4.210500476173,-4.E-02));
#13678 = DIRECTION('',(0.,0.,-1.));
#13679 = DIRECTION('',(-0.999999999998,-2.004943179041E-06,-0.));
#13680 = ORIENTED_EDGE('',*,*,#13681,.F.);
#13681 = EDGE_CURVE('',#13682,#13673,#13684,.T.);
#13682 = VERTEX_POINT('',#13683);
#13683 = CARTESIAN_POINT('',(-0.9995,4.448,0.));
#13684 = LINE('',#13685,#13686);
#13685 = CARTESIAN_POINT('',(-0.9995,4.448,0.));
#13686 = VECTOR('',#13687,1.);
#13687 = DIRECTION('',(0.,0.,-1.));
#13688 = ORIENTED_EDGE('',*,*,#13689,.F.);
#13689 = EDGE_CURVE('',#13663,#13682,#13690,.T.);
#13690 = CIRCLE('',#13691,0.237499523827);
#13691 = AXIS2_PLACEMENT_3D('',#13692,#13693,#13694);
#13692 = CARTESIAN_POINT('',(-0.999500476173,4.210500476173,0.));
#13693 = DIRECTION('',(0.,0.,-1.));
#13694 = DIRECTION('',(-0.999999999998,-2.004943179041E-06,-0.));
#13695 = CYLINDRICAL_SURFACE('',#13696,0.237499523827);
#13696 = AXIS2_PLACEMENT_3D('',#13697,#13698,#13699);
#13697 = CARTESIAN_POINT('',(-0.999500476173,4.210500476173,0.));
#13698 = DIRECTION('',(-0.,-0.,1.));
#13699 = DIRECTION('',(-0.999999999998,-2.004943179041E-06,-0.));
#13700 = ADVANCED_FACE('',(#13701),#13726,.F.);
#13701 = FACE_BOUND('',#13702,.F.);
#13702 = EDGE_LOOP('',(#13703,#13704,#13712,#13720));
#13703 = ORIENTED_EDGE('',*,*,#13681,.T.);
#13704 = ORIENTED_EDGE('',*,*,#13705,.T.);
#13705 = EDGE_CURVE('',#13673,#13706,#13708,.T.);
#13706 = VERTEX_POINT('',#13707);
#13707 = CARTESIAN_POINT('',(-0.5245,4.448,-4.E-02));
#13708 = LINE('',#13709,#13710);
#13709 = CARTESIAN_POINT('',(-0.9995,4.448,-4.E-02));
#13710 = VECTOR('',#13711,1.);
#13711 = DIRECTION('',(1.,0.,0.));
#13712 = ORIENTED_EDGE('',*,*,#13713,.F.);
#13713 = EDGE_CURVE('',#13714,#13706,#13716,.T.);
#13714 = VERTEX_POINT('',#13715);
#13715 = CARTESIAN_POINT('',(-0.5245,4.448,0.));
#13716 = LINE('',#13717,#13718);
#13717 = CARTESIAN_POINT('',(-0.5245,4.448,0.));
#13718 = VECTOR('',#13719,1.);
#13719 = DIRECTION('',(0.,0.,-1.));
#13720 = ORIENTED_EDGE('',*,*,#13721,.F.);
#13721 = EDGE_CURVE('',#13682,#13714,#13722,.T.);
#13722 = LINE('',#13723,#13724);
#13723 = CARTESIAN_POINT('',(-0.9995,4.448,0.));
#13724 = VECTOR('',#13725,1.);
#13725 = DIRECTION('',(1.,0.,0.));
#13726 = PLANE('',#13727);
#13727 = AXIS2_PLACEMENT_3D('',#13728,#13729,#13730);
#13728 = CARTESIAN_POINT('',(-0.9995,4.448,0.));
#13729 = DIRECTION('',(0.,-1.,0.));
#13730 = DIRECTION('',(1.,0.,0.));
#13731 = ADVANCED_FACE('',(#13732),#13759,.T.);
#13732 = FACE_BOUND('',#13733,.F.);
#13733 = EDGE_LOOP('',(#13734,#13735,#13744,#13752));
#13734 = ORIENTED_EDGE('',*,*,#13713,.T.);
#13735 = ORIENTED_EDGE('',*,*,#13736,.T.);
#13736 = EDGE_CURVE('',#13706,#13737,#13739,.T.);
#13737 = VERTEX_POINT('',#13738);
#13738 = CARTESIAN_POINT('',(-0.287,4.2105,-4.E-02));
#13739 = CIRCLE('',#13740,0.237499523827);
#13740 = AXIS2_PLACEMENT_3D('',#13741,#13742,#13743);
#13741 = CARTESIAN_POINT('',(-0.524499523827,4.210500476173,-4.E-02));
#13742 = DIRECTION('',(0.,0.,-1.));
#13743 = DIRECTION('',(-2.004943176236E-06,0.999999999998,0.));
#13744 = ORIENTED_EDGE('',*,*,#13745,.F.);
#13745 = EDGE_CURVE('',#13746,#13737,#13748,.T.);
#13746 = VERTEX_POINT('',#13747);
#13747 = CARTESIAN_POINT('',(-0.287,4.2105,0.));
#13748 = LINE('',#13749,#13750);
#13749 = CARTESIAN_POINT('',(-0.287,4.2105,0.));
#13750 = VECTOR('',#13751,1.);
#13751 = DIRECTION('',(0.,0.,-1.));
#13752 = ORIENTED_EDGE('',*,*,#13753,.F.);
#13753 = EDGE_CURVE('',#13714,#13746,#13754,.T.);
#13754 = CIRCLE('',#13755,0.237499523827);
#13755 = AXIS2_PLACEMENT_3D('',#13756,#13757,#13758);
#13756 = CARTESIAN_POINT('',(-0.524499523827,4.210500476173,0.));
#13757 = DIRECTION('',(0.,0.,-1.));
#13758 = DIRECTION('',(-2.004943176236E-06,0.999999999998,0.));
#13759 = CYLINDRICAL_SURFACE('',#13760,0.237499523827);
#13760 = AXIS2_PLACEMENT_3D('',#13761,#13762,#13763);
#13761 = CARTESIAN_POINT('',(-0.524499523827,4.210500476173,0.));
#13762 = DIRECTION('',(-0.,-0.,1.));
#13763 = DIRECTION('',(-2.004943176236E-06,0.999999999998,0.));
#13764 = ADVANCED_FACE('',(#13765),#13790,.F.);
#13765 = FACE_BOUND('',#13766,.F.);
#13766 = EDGE_LOOP('',(#13767,#13768,#13776,#13784));
#13767 = ORIENTED_EDGE('',*,*,#13745,.T.);
#13768 = ORIENTED_EDGE('',*,*,#13769,.T.);
#13769 = EDGE_CURVE('',#13737,#13770,#13772,.T.);
#13770 = VERTEX_POINT('',#13771);
#13771 = CARTESIAN_POINT('',(-0.287,3.7105,-4.E-02));
#13772 = LINE('',#13773,#13774);
#13773 = CARTESIAN_POINT('',(-0.287,4.2105,-4.E-02));
#13774 = VECTOR('',#13775,1.);
#13775 = DIRECTION('',(0.,-1.,0.));
#13776 = ORIENTED_EDGE('',*,*,#13777,.F.);
#13777 = EDGE_CURVE('',#13778,#13770,#13780,.T.);
#13778 = VERTEX_POINT('',#13779);
#13779 = CARTESIAN_POINT('',(-0.287,3.7105,0.));
#13780 = LINE('',#13781,#13782);
#13781 = CARTESIAN_POINT('',(-0.287,3.7105,0.));
#13782 = VECTOR('',#13783,1.);
#13783 = DIRECTION('',(0.,0.,-1.));
#13784 = ORIENTED_EDGE('',*,*,#13785,.F.);
#13785 = EDGE_CURVE('',#13746,#13778,#13786,.T.);
#13786 = LINE('',#13787,#13788);
#13787 = CARTESIAN_POINT('',(-0.287,4.2105,0.));
#13788 = VECTOR('',#13789,1.);
#13789 = DIRECTION('',(0.,-1.,0.));
#13790 = PLANE('',#13791);
#13791 = AXIS2_PLACEMENT_3D('',#13792,#13793,#13794);
#13792 = CARTESIAN_POINT('',(-0.287,4.2105,0.));
#13793 = DIRECTION('',(-1.,-0.,-0.));
#13794 = DIRECTION('',(0.,-1.,0.));
#13795 = ADVANCED_FACE('',(#13796),#13823,.T.);
#13796 = FACE_BOUND('',#13797,.F.);
#13797 = EDGE_LOOP('',(#13798,#13799,#13808,#13816));
#13798 = ORIENTED_EDGE('',*,*,#13777,.T.);
#13799 = ORIENTED_EDGE('',*,*,#13800,.T.);
#13800 = EDGE_CURVE('',#13770,#13801,#13803,.T.);
#13801 = VERTEX_POINT('',#13802);
#13802 = CARTESIAN_POINT('',(-0.5245,3.473,-4.E-02));
#13803 = CIRCLE('',#13804,0.237499523827);
#13804 = AXIS2_PLACEMENT_3D('',#13805,#13806,#13807);
#13805 = CARTESIAN_POINT('',(-0.524499523827,3.710499523827,-4.E-02));
#13806 = DIRECTION('',(0.,0.,-1.));
#13807 = DIRECTION('',(0.999999999998,2.004943179041E-06,0.));
#13808 = ORIENTED_EDGE('',*,*,#13809,.F.);
#13809 = EDGE_CURVE('',#13810,#13801,#13812,.T.);
#13810 = VERTEX_POINT('',#13811);
#13811 = CARTESIAN_POINT('',(-0.5245,3.473,0.));
#13812 = LINE('',#13813,#13814);
#13813 = CARTESIAN_POINT('',(-0.5245,3.473,0.));
#13814 = VECTOR('',#13815,1.);
#13815 = DIRECTION('',(0.,0.,-1.));
#13816 = ORIENTED_EDGE('',*,*,#13817,.F.);
#13817 = EDGE_CURVE('',#13778,#13810,#13818,.T.);
#13818 = CIRCLE('',#13819,0.237499523827);
#13819 = AXIS2_PLACEMENT_3D('',#13820,#13821,#13822);
#13820 = CARTESIAN_POINT('',(-0.524499523827,3.710499523827,0.));
#13821 = DIRECTION('',(0.,0.,-1.));
#13822 = DIRECTION('',(0.999999999998,2.004943179041E-06,0.));
#13823 = CYLINDRICAL_SURFACE('',#13824,0.237499523827);
#13824 = AXIS2_PLACEMENT_3D('',#13825,#13826,#13827);
#13825 = CARTESIAN_POINT('',(-0.524499523827,3.710499523827,0.));
#13826 = DIRECTION('',(-0.,-0.,1.));
#13827 = DIRECTION('',(0.999999999998,2.004943179041E-06,0.));
#13828 = ADVANCED_FACE('',(#13829),#13854,.F.);
#13829 = FACE_BOUND('',#13830,.F.);
#13830 = EDGE_LOOP('',(#13831,#13832,#13840,#13848));
#13831 = ORIENTED_EDGE('',*,*,#13809,.T.);
#13832 = ORIENTED_EDGE('',*,*,#13833,.T.);
#13833 = EDGE_CURVE('',#13801,#13834,#13836,.T.);
#13834 = VERTEX_POINT('',#13835);
#13835 = CARTESIAN_POINT('',(-0.9995,3.473,-4.E-02));
#13836 = LINE('',#13837,#13838);
#13837 = CARTESIAN_POINT('',(-0.5245,3.473,-4.E-02));
#13838 = VECTOR('',#13839,1.);
#13839 = DIRECTION('',(-1.,0.,0.));
#13840 = ORIENTED_EDGE('',*,*,#13841,.F.);
#13841 = EDGE_CURVE('',#13842,#13834,#13844,.T.);
#13842 = VERTEX_POINT('',#13843);
#13843 = CARTESIAN_POINT('',(-0.9995,3.473,0.));
#13844 = LINE('',#13845,#13846);
#13845 = CARTESIAN_POINT('',(-0.9995,3.473,0.));
#13846 = VECTOR('',#13847,1.);
#13847 = DIRECTION('',(0.,0.,-1.));
#13848 = ORIENTED_EDGE('',*,*,#13849,.F.);
#13849 = EDGE_CURVE('',#13810,#13842,#13850,.T.);
#13850 = LINE('',#13851,#13852);
#13851 = CARTESIAN_POINT('',(-0.5245,3.473,0.));
#13852 = VECTOR('',#13853,1.);
#13853 = DIRECTION('',(-1.,0.,0.));
#13854 = PLANE('',#13855);
#13855 = AXIS2_PLACEMENT_3D('',#13856,#13857,#13858);
#13856 = CARTESIAN_POINT('',(-0.5245,3.473,0.));
#13857 = DIRECTION('',(0.,1.,0.));
#13858 = DIRECTION('',(-1.,0.,0.));
#13859 = ADVANCED_FACE('',(#13860),#13887,.T.);
#13860 = FACE_BOUND('',#13861,.F.);
#13861 = EDGE_LOOP('',(#13862,#13863,#13872,#13880));
#13862 = ORIENTED_EDGE('',*,*,#13841,.T.);
#13863 = ORIENTED_EDGE('',*,*,#13864,.T.);
#13864 = EDGE_CURVE('',#13834,#13865,#13867,.T.);
#13865 = VERTEX_POINT('',#13866);
#13866 = CARTESIAN_POINT('',(-1.237,3.7105,-4.E-02));
#13867 = CIRCLE('',#13868,0.237499523827);
#13868 = AXIS2_PLACEMENT_3D('',#13869,#13870,#13871);
#13869 = CARTESIAN_POINT('',(-0.999500476173,3.710499523827,-4.E-02));
#13870 = DIRECTION('',(0.,0.,-1.));
#13871 = DIRECTION('',(2.004943176704E-06,-0.999999999998,0.));
#13872 = ORIENTED_EDGE('',*,*,#13873,.F.);
#13873 = EDGE_CURVE('',#13874,#13865,#13876,.T.);
#13874 = VERTEX_POINT('',#13875);
#13875 = CARTESIAN_POINT('',(-1.237,3.7105,0.));
#13876 = LINE('',#13877,#13878);
#13877 = CARTESIAN_POINT('',(-1.237,3.7105,0.));
#13878 = VECTOR('',#13879,1.);
#13879 = DIRECTION('',(0.,0.,-1.));
#13880 = ORIENTED_EDGE('',*,*,#13881,.F.);
#13881 = EDGE_CURVE('',#13842,#13874,#13882,.T.);
#13882 = CIRCLE('',#13883,0.237499523827);
#13883 = AXIS2_PLACEMENT_3D('',#13884,#13885,#13886);
#13884 = CARTESIAN_POINT('',(-0.999500476173,3.710499523827,0.));
#13885 = DIRECTION('',(0.,0.,-1.));
#13886 = DIRECTION('',(2.004943176704E-06,-0.999999999998,0.));
#13887 = CYLINDRICAL_SURFACE('',#13888,0.237499523827);
#13888 = AXIS2_PLACEMENT_3D('',#13889,#13890,#13891);
#13889 = CARTESIAN_POINT('',(-0.999500476173,3.710499523827,0.));
#13890 = DIRECTION('',(-0.,-0.,1.));
#13891 = DIRECTION('',(2.004943176704E-06,-0.999999999998,0.));
#13892 = ADVANCED_FACE('',(#13893),#13909,.F.);
#13893 = FACE_BOUND('',#13894,.F.);
#13894 = EDGE_LOOP('',(#13895,#13896,#13902,#13903));
#13895 = ORIENTED_EDGE('',*,*,#13873,.T.);
#13896 = ORIENTED_EDGE('',*,*,#13897,.T.);
#13897 = EDGE_CURVE('',#13865,#13665,#13898,.T.);
#13898 = LINE('',#13899,#13900);
#13899 = CARTESIAN_POINT('',(-1.237,3.7105,-4.E-02));
#13900 = VECTOR('',#13901,1.);
#13901 = DIRECTION('',(0.,1.,0.));
#13902 = ORIENTED_EDGE('',*,*,#13662,.F.);
#13903 = ORIENTED_EDGE('',*,*,#13904,.F.);
#13904 = EDGE_CURVE('',#13874,#13663,#13905,.T.);
#13905 = LINE('',#13906,#13907);
#13906 = CARTESIAN_POINT('',(-1.237,3.7105,0.));
#13907 = VECTOR('',#13908,1.);
#13908 = DIRECTION('',(0.,1.,0.));
#13909 = PLANE('',#13910);
#13910 = AXIS2_PLACEMENT_3D('',#13911,#13912,#13913);
#13911 = CARTESIAN_POINT('',(-1.237,3.7105,0.));
#13912 = DIRECTION('',(1.,-0.,0.));
#13913 = DIRECTION('',(0.,1.,0.));
#13914 = ADVANCED_FACE('',(#13915),#13925,.F.);
#13915 = FACE_BOUND('',#13916,.F.);
#13916 = EDGE_LOOP('',(#13917,#13918,#13919,#13920,#13921,#13922,#13923,
    #13924));
#13917 = ORIENTED_EDGE('',*,*,#13689,.T.);
#13918 = ORIENTED_EDGE('',*,*,#13721,.T.);
#13919 = ORIENTED_EDGE('',*,*,#13753,.T.);
#13920 = ORIENTED_EDGE('',*,*,#13785,.T.);
#13921 = ORIENTED_EDGE('',*,*,#13817,.T.);
#13922 = ORIENTED_EDGE('',*,*,#13849,.T.);
#13923 = ORIENTED_EDGE('',*,*,#13881,.T.);
#13924 = ORIENTED_EDGE('',*,*,#13904,.T.);
#13925 = PLANE('',#13926);
#13926 = AXIS2_PLACEMENT_3D('',#13927,#13928,#13929);
#13927 = CARTESIAN_POINT('',(0.,0.,0.));
#13928 = DIRECTION('',(-0.,-0.,-1.));
#13929 = DIRECTION('',(-1.,0.,0.));
#13930 = ADVANCED_FACE('',(#13931),#13941,.T.);
#13931 = FACE_BOUND('',#13932,.T.);
#13932 = EDGE_LOOP('',(#13933,#13934,#13935,#13936,#13937,#13938,#13939,
    #13940));
#13933 = ORIENTED_EDGE('',*,*,#13672,.T.);
#13934 = ORIENTED_EDGE('',*,*,#13705,.T.);
#13935 = ORIENTED_EDGE('',*,*,#13736,.T.);
#13936 = ORIENTED_EDGE('',*,*,#13769,.T.);
#13937 = ORIENTED_EDGE('',*,*,#13800,.T.);
#13938 = ORIENTED_EDGE('',*,*,#13833,.T.);
#13939 = ORIENTED_EDGE('',*,*,#13864,.T.);
#13940 = ORIENTED_EDGE('',*,*,#13897,.T.);
#13941 = PLANE('',#13942);
#13942 = AXIS2_PLACEMENT_3D('',#13943,#13944,#13945);
#13943 = CARTESIAN_POINT('',(0.,0.,-4.E-02));
#13944 = DIRECTION('',(-0.,-0.,-1.));
#13945 = DIRECTION('',(-1.,0.,0.));
#13946 = MANIFOLD_SOLID_BREP('',#13947);
#13947 = CLOSED_SHELL('',(#13948,#13990,#14021,#14052,#14113,#14165,
    #14199,#14216,#14241,#14265,#14282,#14294));
#13948 = ADVANCED_FACE('',(#13949),#13985,.T.);
#13949 = FACE_BOUND('',#13950,.F.);
#13950 = EDGE_LOOP('',(#13951,#13961,#13970,#13978));
#13951 = ORIENTED_EDGE('',*,*,#13952,.T.);
#13952 = EDGE_CURVE('',#13953,#13955,#13957,.T.);
#13953 = VERTEX_POINT('',#13954);
#13954 = CARTESIAN_POINT('',(0.287,2.4855,0.));
#13955 = VERTEX_POINT('',#13956);
#13956 = CARTESIAN_POINT('',(0.287,2.4855,-4.E-02));
#13957 = LINE('',#13958,#13959);
#13958 = CARTESIAN_POINT('',(0.287,2.4855,0.));
#13959 = VECTOR('',#13960,1.);
#13960 = DIRECTION('',(0.,0.,-1.));
#13961 = ORIENTED_EDGE('',*,*,#13962,.T.);
#13962 = EDGE_CURVE('',#13955,#13963,#13965,.T.);
#13963 = VERTEX_POINT('',#13964);
#13964 = CARTESIAN_POINT('',(0.5245,2.723,-4.E-02));
#13965 = CIRCLE('',#13966,0.237499523827);
#13966 = AXIS2_PLACEMENT_3D('',#13967,#13968,#13969);
#13967 = CARTESIAN_POINT('',(0.524499523827,2.485500476173,-4.E-02));
#13968 = DIRECTION('',(0.,0.,-1.));
#13969 = DIRECTION('',(-0.999999999998,-2.004943177171E-06,-0.));
#13970 = ORIENTED_EDGE('',*,*,#13971,.F.);
#13971 = EDGE_CURVE('',#13972,#13963,#13974,.T.);
#13972 = VERTEX_POINT('',#13973);
#13973 = CARTESIAN_POINT('',(0.5245,2.723,0.));
#13974 = LINE('',#13975,#13976);
#13975 = CARTESIAN_POINT('',(0.5245,2.723,0.));
#13976 = VECTOR('',#13977,1.);
#13977 = DIRECTION('',(0.,0.,-1.));
#13978 = ORIENTED_EDGE('',*,*,#13979,.F.);
#13979 = EDGE_CURVE('',#13953,#13972,#13980,.T.);
#13980 = CIRCLE('',#13981,0.237499523827);
#13981 = AXIS2_PLACEMENT_3D('',#13982,#13983,#13984);
#13982 = CARTESIAN_POINT('',(0.524499523827,2.485500476173,0.));
#13983 = DIRECTION('',(0.,0.,-1.));
#13984 = DIRECTION('',(-0.999999999998,-2.004943177171E-06,-0.));
#13985 = CYLINDRICAL_SURFACE('',#13986,0.237499523827);
#13986 = AXIS2_PLACEMENT_3D('',#13987,#13988,#13989);
#13987 = CARTESIAN_POINT('',(0.524499523827,2.485500476173,0.));
#13988 = DIRECTION('',(-0.,-0.,1.));
#13989 = DIRECTION('',(-0.999999999998,-2.004943177171E-06,-0.));
#13990 = ADVANCED_FACE('',(#13991),#14016,.F.);
#13991 = FACE_BOUND('',#13992,.F.);
#13992 = EDGE_LOOP('',(#13993,#14003,#14009,#14010));
#13993 = ORIENTED_EDGE('',*,*,#13994,.T.);
#13994 = EDGE_CURVE('',#13995,#13997,#13999,.T.);
#13995 = VERTEX_POINT('',#13996);
#13996 = CARTESIAN_POINT('',(0.287,1.8855,0.));
#13997 = VERTEX_POINT('',#13998);
#13998 = CARTESIAN_POINT('',(0.287,1.8855,-4.E-02));
#13999 = LINE('',#14000,#14001);
#14000 = CARTESIAN_POINT('',(0.287,1.8855,0.));
#14001 = VECTOR('',#14002,1.);
#14002 = DIRECTION('',(0.,0.,-1.));
#14003 = ORIENTED_EDGE('',*,*,#14004,.T.);
#14004 = EDGE_CURVE('',#13997,#13955,#14005,.T.);
#14005 = LINE('',#14006,#14007);
#14006 = CARTESIAN_POINT('',(0.287,1.8855,-4.E-02));
#14007 = VECTOR('',#14008,1.);
#14008 = DIRECTION('',(0.,1.,0.));
#14009 = ORIENTED_EDGE('',*,*,#13952,.F.);
#14010 = ORIENTED_EDGE('',*,*,#14011,.F.);
#14011 = EDGE_CURVE('',#13995,#13953,#14012,.T.);
#14012 = LINE('',#14013,#14014);
#14013 = CARTESIAN_POINT('',(0.287,1.8855,0.));
#14014 = VECTOR('',#14015,1.);
#14015 = DIRECTION('',(0.,1.,0.));
#14016 = PLANE('',#14017);
#14017 = AXIS2_PLACEMENT_3D('',#14018,#14019,#14020);
#14018 = CARTESIAN_POINT('',(0.287,1.8855,0.));
#14019 = DIRECTION('',(1.,-0.,0.));
#14020 = DIRECTION('',(0.,1.,0.));
#14021 = ADVANCED_FACE('',(#14022),#14047,.F.);
#14022 = FACE_BOUND('',#14023,.F.);
#14023 = EDGE_LOOP('',(#14024,#14025,#14033,#14041));
#14024 = ORIENTED_EDGE('',*,*,#13971,.T.);
#14025 = ORIENTED_EDGE('',*,*,#14026,.T.);
#14026 = EDGE_CURVE('',#13963,#14027,#14029,.T.);
#14027 = VERTEX_POINT('',#14028);
#14028 = CARTESIAN_POINT('',(0.9995,2.723,-4.E-02));
#14029 = LINE('',#14030,#14031);
#14030 = CARTESIAN_POINT('',(0.5245,2.723,-4.E-02));
#14031 = VECTOR('',#14032,1.);
#14032 = DIRECTION('',(1.,0.,0.));
#14033 = ORIENTED_EDGE('',*,*,#14034,.F.);
#14034 = EDGE_CURVE('',#14035,#14027,#14037,.T.);
#14035 = VERTEX_POINT('',#14036);
#14036 = CARTESIAN_POINT('',(0.9995,2.723,0.));
#14037 = LINE('',#14038,#14039);
#14038 = CARTESIAN_POINT('',(0.9995,2.723,0.));
#14039 = VECTOR('',#14040,1.);
#14040 = DIRECTION('',(0.,0.,-1.));
#14041 = ORIENTED_EDGE('',*,*,#14042,.F.);
#14042 = EDGE_CURVE('',#13972,#14035,#14043,.T.);
#14043 = LINE('',#14044,#14045);
#14044 = CARTESIAN_POINT('',(0.5245,2.723,0.));
#14045 = VECTOR('',#14046,1.);
#14046 = DIRECTION('',(1.,0.,0.));
#14047 = PLANE('',#14048);
#14048 = AXIS2_PLACEMENT_3D('',#14049,#14050,#14051);
#14049 = CARTESIAN_POINT('',(0.5245,2.723,0.));
#14050 = DIRECTION('',(0.,-1.,0.));
#14051 = DIRECTION('',(1.,0.,0.));
#14052 = ADVANCED_FACE('',(#14053),#14108,.F.);
#14053 = FACE_BOUND('',#14054,.F.);
#14054 = EDGE_LOOP('',(#14055,#14056,#14057,#14058,#14067,#14075,#14084,
    #14092,#14101));
#14055 = ORIENTED_EDGE('',*,*,#14011,.T.);
#14056 = ORIENTED_EDGE('',*,*,#13979,.T.);
#14057 = ORIENTED_EDGE('',*,*,#14042,.T.);
#14058 = ORIENTED_EDGE('',*,*,#14059,.T.);
#14059 = EDGE_CURVE('',#14035,#14060,#14062,.T.);
#14060 = VERTEX_POINT('',#14061);
#14061 = CARTESIAN_POINT('',(1.237,2.4855,0.));
#14062 = CIRCLE('',#14063,0.237499523827);
#14063 = AXIS2_PLACEMENT_3D('',#14064,#14065,#14066);
#14064 = CARTESIAN_POINT('',(0.999500476173,2.485500476173,0.));
#14065 = DIRECTION('',(0.,0.,-1.));
#14066 = DIRECTION('',(-2.004943178106E-06,0.999999999998,0.));
#14067 = ORIENTED_EDGE('',*,*,#14068,.T.);
#14068 = EDGE_CURVE('',#14060,#14069,#14071,.T.);
#14069 = VERTEX_POINT('',#14070);
#14070 = CARTESIAN_POINT('',(1.237,1.8855,0.));
#14071 = LINE('',#14072,#14073);
#14072 = CARTESIAN_POINT('',(1.237,2.4855,0.));
#14073 = VECTOR('',#14074,1.);
#14074 = DIRECTION('',(0.,-1.,0.));
#14075 = ORIENTED_EDGE('',*,*,#14076,.T.);
#14076 = EDGE_CURVE('',#14069,#14077,#14079,.T.);
#14077 = VERTEX_POINT('',#14078);
#14078 = CARTESIAN_POINT('',(0.9995,1.648,0.));
#14079 = CIRCLE('',#14080,0.237499523827);
#14080 = AXIS2_PLACEMENT_3D('',#14081,#14082,#14083);
#14081 = CARTESIAN_POINT('',(0.999500476173,1.885499523827,0.));
#14082 = DIRECTION('',(0.,0.,-1.));
#14083 = DIRECTION('',(0.999999999998,2.004943177171E-06,0.));
#14084 = ORIENTED_EDGE('',*,*,#14085,.T.);
#14085 = EDGE_CURVE('',#14077,#14086,#14088,.T.);
#14086 = VERTEX_POINT('',#14087);
#14087 = CARTESIAN_POINT('',(0.632963994815,1.648,0.));
#14088 = LINE('',#14089,#14090);
#14089 = CARTESIAN_POINT('',(0.9995,1.648,0.));
#14090 = VECTOR('',#14091,1.);
#14091 = DIRECTION('',(-1.,0.,0.));
#14092 = ORIENTED_EDGE('',*,*,#14093,.F.);
#14093 = EDGE_CURVE('',#14094,#14086,#14096,.T.);
#14094 = VERTEX_POINT('',#14095);
#14095 = CARTESIAN_POINT('',(0.389314742761,1.690227665162,0.));
#14096 = CIRCLE('',#14097,0.125);
#14097 = AXIS2_PLACEMENT_3D('',#14098,#14099,#14100);
#14098 = CARTESIAN_POINT('',(0.508,1.651,0.));
#14099 = DIRECTION('',(-0.,0.,-1.));
#14100 = DIRECTION('',(-0.,-1.,0.));
#14101 = ORIENTED_EDGE('',*,*,#14102,.T.);
#14102 = EDGE_CURVE('',#14094,#13995,#14103,.T.);
#14103 = CIRCLE('',#14104,0.237499523827);
#14104 = AXIS2_PLACEMENT_3D('',#14105,#14106,#14107);
#14105 = CARTESIAN_POINT('',(0.524499523827,1.885499523827,0.));
#14106 = DIRECTION('',(0.,0.,-1.));
#14107 = DIRECTION('',(2.004943177171E-06,-0.999999999998,0.));
#14108 = PLANE('',#14109);
#14109 = AXIS2_PLACEMENT_3D('',#14110,#14111,#14112);
#14110 = CARTESIAN_POINT('',(0.,0.,0.));
#14111 = DIRECTION('',(-0.,-0.,-1.));
#14112 = DIRECTION('',(-1.,0.,0.));
#14113 = ADVANCED_FACE('',(#14114),#14160,.T.);
#14114 = FACE_BOUND('',#14115,.T.);
#14115 = EDGE_LOOP('',(#14116,#14117,#14118,#14127,#14135,#14144,#14152,
    #14159));
#14116 = ORIENTED_EDGE('',*,*,#13962,.T.);
#14117 = ORIENTED_EDGE('',*,*,#14026,.T.);
#14118 = ORIENTED_EDGE('',*,*,#14119,.T.);
#14119 = EDGE_CURVE('',#14027,#14120,#14122,.T.);
#14120 = VERTEX_POINT('',#14121);
#14121 = CARTESIAN_POINT('',(1.237,2.4855,-4.E-02));
#14122 = CIRCLE('',#14123,0.237499523827);
#14123 = AXIS2_PLACEMENT_3D('',#14124,#14125,#14126);
#14124 = CARTESIAN_POINT('',(0.999500476173,2.485500476173,-4.E-02));
#14125 = DIRECTION('',(0.,0.,-1.));
#14126 = DIRECTION('',(-2.004943178106E-06,0.999999999998,0.));
#14127 = ORIENTED_EDGE('',*,*,#14128,.T.);
#14128 = EDGE_CURVE('',#14120,#14129,#14131,.T.);
#14129 = VERTEX_POINT('',#14130);
#14130 = CARTESIAN_POINT('',(1.237,1.8855,-4.E-02));
#14131 = LINE('',#14132,#14133);
#14132 = CARTESIAN_POINT('',(1.237,2.4855,-4.E-02));
#14133 = VECTOR('',#14134,1.);
#14134 = DIRECTION('',(0.,-1.,0.));
#14135 = ORIENTED_EDGE('',*,*,#14136,.T.);
#14136 = EDGE_CURVE('',#14129,#14137,#14139,.T.);
#14137 = VERTEX_POINT('',#14138);
#14138 = CARTESIAN_POINT('',(0.9995,1.648,-4.E-02));
#14139 = CIRCLE('',#14140,0.237499523827);
#14140 = AXIS2_PLACEMENT_3D('',#14141,#14142,#14143);
#14141 = CARTESIAN_POINT('',(0.999500476173,1.885499523827,-4.E-02));
#14142 = DIRECTION('',(0.,0.,-1.));
#14143 = DIRECTION('',(0.999999999998,2.004943177171E-06,0.));
#14144 = ORIENTED_EDGE('',*,*,#14145,.T.);
#14145 = EDGE_CURVE('',#14137,#14146,#14148,.T.);
#14146 = VERTEX_POINT('',#14147);
#14147 = CARTESIAN_POINT('',(0.5245,1.648,-4.E-02));
#14148 = LINE('',#14149,#14150);
#14149 = CARTESIAN_POINT('',(0.9995,1.648,-4.E-02));
#14150 = VECTOR('',#14151,1.);
#14151 = DIRECTION('',(-1.,0.,0.));
#14152 = ORIENTED_EDGE('',*,*,#14153,.T.);
#14153 = EDGE_CURVE('',#14146,#13997,#14154,.T.);
#14154 = CIRCLE('',#14155,0.237499523827);
#14155 = AXIS2_PLACEMENT_3D('',#14156,#14157,#14158);
#14156 = CARTESIAN_POINT('',(0.524499523827,1.885499523827,-4.E-02));
#14157 = DIRECTION('',(0.,0.,-1.));
#14158 = DIRECTION('',(2.004943177171E-06,-0.999999999998,0.));
#14159 = ORIENTED_EDGE('',*,*,#14004,.T.);
#14160 = PLANE('',#14161);
#14161 = AXIS2_PLACEMENT_3D('',#14162,#14163,#14164);
#14162 = CARTESIAN_POINT('',(0.,0.,-4.E-02));
#14163 = DIRECTION('',(-0.,-0.,-1.));
#14164 = DIRECTION('',(-1.,0.,0.));
#14165 = ADVANCED_FACE('',(#14166),#14194,.T.);
#14166 = FACE_BOUND('',#14167,.F.);
#14167 = EDGE_LOOP('',(#14168,#14179,#14185,#14186,#14187,#14188));
#14168 = ORIENTED_EDGE('',*,*,#14169,.T.);
#14169 = EDGE_CURVE('',#14170,#14172,#14174,.T.);
#14170 = VERTEX_POINT('',#14171);
#14171 = CARTESIAN_POINT('',(0.389314742761,1.690227665162,-3.6E-02));
#14172 = VERTEX_POINT('',#14173);
#14173 = CARTESIAN_POINT('',(0.5245,1.648,-3.6E-02));
#14174 = CIRCLE('',#14175,0.237499523827);
#14175 = AXIS2_PLACEMENT_3D('',#14176,#14177,#14178);
#14176 = CARTESIAN_POINT('',(0.524499523827,1.885499523827,-3.6E-02));
#14177 = DIRECTION('',(-0.,0.,1.));
#14178 = DIRECTION('',(2.004943177171E-06,-0.999999999998,0.));
#14179 = ORIENTED_EDGE('',*,*,#14180,.T.);
#14180 = EDGE_CURVE('',#14172,#14146,#14181,.T.);
#14181 = LINE('',#14182,#14183);
#14182 = CARTESIAN_POINT('',(0.5245,1.648,0.));
#14183 = VECTOR('',#14184,1.);
#14184 = DIRECTION('',(0.,0.,-1.));
#14185 = ORIENTED_EDGE('',*,*,#14153,.T.);
#14186 = ORIENTED_EDGE('',*,*,#13994,.F.);
#14187 = ORIENTED_EDGE('',*,*,#14102,.F.);
#14188 = ORIENTED_EDGE('',*,*,#14189,.F.);
#14189 = EDGE_CURVE('',#14170,#14094,#14190,.T.);
#14190 = LINE('',#14191,#14192);
#14191 = CARTESIAN_POINT('',(0.389314742761,1.690227665162,0.));
#14192 = VECTOR('',#14193,1.);
#14193 = DIRECTION('',(-0.,-0.,1.));
#14194 = CYLINDRICAL_SURFACE('',#14195,0.237499523827);
#14195 = AXIS2_PLACEMENT_3D('',#14196,#14197,#14198);
#14196 = CARTESIAN_POINT('',(0.524499523827,1.885499523827,0.));
#14197 = DIRECTION('',(-0.,-0.,1.));
#14198 = DIRECTION('',(2.004943177171E-06,-0.999999999998,0.));
#14199 = ADVANCED_FACE('',(#14200),#14211,.T.);
#14200 = FACE_BOUND('',#14201,.F.);
#14201 = EDGE_LOOP('',(#14202,#14203,#14204,#14210));
#14202 = ORIENTED_EDGE('',*,*,#14034,.T.);
#14203 = ORIENTED_EDGE('',*,*,#14119,.T.);
#14204 = ORIENTED_EDGE('',*,*,#14205,.F.);
#14205 = EDGE_CURVE('',#14060,#14120,#14206,.T.);
#14206 = LINE('',#14207,#14208);
#14207 = CARTESIAN_POINT('',(1.237,2.4855,0.));
#14208 = VECTOR('',#14209,1.);
#14209 = DIRECTION('',(0.,0.,-1.));
#14210 = ORIENTED_EDGE('',*,*,#14059,.F.);
#14211 = CYLINDRICAL_SURFACE('',#14212,0.237499523827);
#14212 = AXIS2_PLACEMENT_3D('',#14213,#14214,#14215);
#14213 = CARTESIAN_POINT('',(0.999500476173,2.485500476173,0.));
#14214 = DIRECTION('',(-0.,-0.,1.));
#14215 = DIRECTION('',(-2.004943178106E-06,0.999999999998,0.));
#14216 = ADVANCED_FACE('',(#14217),#14236,.F.);
#14217 = FACE_BOUND('',#14218,.T.);
#14218 = EDGE_LOOP('',(#14219,#14228,#14234,#14235));
#14219 = ORIENTED_EDGE('',*,*,#14220,.F.);
#14220 = EDGE_CURVE('',#14221,#14170,#14223,.T.);
#14221 = VERTEX_POINT('',#14222);
#14222 = CARTESIAN_POINT('',(0.632963994815,1.648,-3.6E-02));
#14223 = CIRCLE('',#14224,0.125);
#14224 = AXIS2_PLACEMENT_3D('',#14225,#14226,#14227);
#14225 = CARTESIAN_POINT('',(0.508,1.651,-3.6E-02));
#14226 = DIRECTION('',(0.,0.,1.));
#14227 = DIRECTION('',(-0.,-1.,0.));
#14228 = ORIENTED_EDGE('',*,*,#14229,.F.);
#14229 = EDGE_CURVE('',#14086,#14221,#14230,.T.);
#14230 = LINE('',#14231,#14232);
#14231 = CARTESIAN_POINT('',(0.632963994815,1.648,-3.6E-02));
#14232 = VECTOR('',#14233,1.);
#14233 = DIRECTION('',(-0.,-0.,-1.));
#14234 = ORIENTED_EDGE('',*,*,#14093,.F.);
#14235 = ORIENTED_EDGE('',*,*,#14189,.F.);
#14236 = CYLINDRICAL_SURFACE('',#14237,0.125);
#14237 = AXIS2_PLACEMENT_3D('',#14238,#14239,#14240);
#14238 = CARTESIAN_POINT('',(0.508,1.651,-3.6E-02));
#14239 = DIRECTION('',(-0.,-0.,-1.));
#14240 = DIRECTION('',(-0.,-1.,0.));
#14241 = ADVANCED_FACE('',(#14242),#14260,.F.);
#14242 = FACE_BOUND('',#14243,.F.);
#14243 = EDGE_LOOP('',(#14244,#14245,#14251,#14252,#14253,#14259));
#14244 = ORIENTED_EDGE('',*,*,#14085,.F.);
#14245 = ORIENTED_EDGE('',*,*,#14246,.T.);
#14246 = EDGE_CURVE('',#14077,#14137,#14247,.T.);
#14247 = LINE('',#14248,#14249);
#14248 = CARTESIAN_POINT('',(0.9995,1.648,0.));
#14249 = VECTOR('',#14250,1.);
#14250 = DIRECTION('',(0.,0.,-1.));
#14251 = ORIENTED_EDGE('',*,*,#14145,.T.);
#14252 = ORIENTED_EDGE('',*,*,#14180,.F.);
#14253 = ORIENTED_EDGE('',*,*,#14254,.T.);
#14254 = EDGE_CURVE('',#14172,#14221,#14255,.T.);
#14255 = LINE('',#14256,#14257);
#14256 = CARTESIAN_POINT('',(0.75375,1.648,-3.6E-02));
#14257 = VECTOR('',#14258,1.);
#14258 = DIRECTION('',(1.,0.,0.));
#14259 = ORIENTED_EDGE('',*,*,#14229,.F.);
#14260 = PLANE('',#14261);
#14261 = AXIS2_PLACEMENT_3D('',#14262,#14263,#14264);
#14262 = CARTESIAN_POINT('',(0.9995,1.648,0.));
#14263 = DIRECTION('',(0.,1.,0.));
#14264 = DIRECTION('',(-1.,0.,0.));
#14265 = ADVANCED_FACE('',(#14266),#14277,.T.);
#14266 = FACE_BOUND('',#14267,.F.);
#14267 = EDGE_LOOP('',(#14268,#14274,#14275,#14276));
#14268 = ORIENTED_EDGE('',*,*,#14269,.T.);
#14269 = EDGE_CURVE('',#14069,#14129,#14270,.T.);
#14270 = LINE('',#14271,#14272);
#14271 = CARTESIAN_POINT('',(1.237,1.8855,0.));
#14272 = VECTOR('',#14273,1.);
#14273 = DIRECTION('',(0.,0.,-1.));
#14274 = ORIENTED_EDGE('',*,*,#14136,.T.);
#14275 = ORIENTED_EDGE('',*,*,#14246,.F.);
#14276 = ORIENTED_EDGE('',*,*,#14076,.F.);
#14277 = CYLINDRICAL_SURFACE('',#14278,0.237499523827);
#14278 = AXIS2_PLACEMENT_3D('',#14279,#14280,#14281);
#14279 = CARTESIAN_POINT('',(0.999500476173,1.885499523827,0.));
#14280 = DIRECTION('',(-0.,-0.,1.));
#14281 = DIRECTION('',(0.999999999998,2.004943177171E-06,0.));
#14282 = ADVANCED_FACE('',(#14283),#14289,.F.);
#14283 = FACE_BOUND('',#14284,.F.);
#14284 = EDGE_LOOP('',(#14285,#14286,#14287,#14288));
#14285 = ORIENTED_EDGE('',*,*,#14205,.T.);
#14286 = ORIENTED_EDGE('',*,*,#14128,.T.);
#14287 = ORIENTED_EDGE('',*,*,#14269,.F.);
#14288 = ORIENTED_EDGE('',*,*,#14068,.F.);
#14289 = PLANE('',#14290);
#14290 = AXIS2_PLACEMENT_3D('',#14291,#14292,#14293);
#14291 = CARTESIAN_POINT('',(1.237,2.4855,0.));
#14292 = DIRECTION('',(-1.,-0.,-0.));
#14293 = DIRECTION('',(0.,-1.,0.));
#14294 = ADVANCED_FACE('',(#14295),#14300,.T.);
#14295 = FACE_BOUND('',#14296,.T.);
#14296 = EDGE_LOOP('',(#14297,#14298,#14299));
#14297 = ORIENTED_EDGE('',*,*,#14254,.T.);
#14298 = ORIENTED_EDGE('',*,*,#14220,.T.);
#14299 = ORIENTED_EDGE('',*,*,#14169,.T.);
#14300 = PLANE('',#14301);
#14301 = AXIS2_PLACEMENT_3D('',#14302,#14303,#14304);
#14302 = CARTESIAN_POINT('',(0.508,1.526,-3.6E-02));
#14303 = DIRECTION('',(0.,0.,1.));
#14304 = DIRECTION('',(1.,0.,-0.));
#14305 = MANIFOLD_SOLID_BREP('',#14306);
#14306 = CLOSED_SHELL('',(#14307,#14349,#14380,#14413,#14444,#14477,
    #14508,#14541,#14563,#14579));
#14307 = ADVANCED_FACE('',(#14308),#14344,.T.);
#14308 = FACE_BOUND('',#14309,.F.);
#14309 = EDGE_LOOP('',(#14310,#14320,#14329,#14337));
#14310 = ORIENTED_EDGE('',*,*,#14311,.T.);
#14311 = EDGE_CURVE('',#14312,#14314,#14316,.T.);
#14312 = VERTEX_POINT('',#14313);
#14313 = CARTESIAN_POINT('',(-4.285,-0.9165,0.));
#14314 = VERTEX_POINT('',#14315);
#14315 = CARTESIAN_POINT('',(-4.285,-0.9165,-4.E-02));
#14316 = LINE('',#14317,#14318);
#14317 = CARTESIAN_POINT('',(-4.285,-0.9165,0.));
#14318 = VECTOR('',#14319,1.);
#14319 = DIRECTION('',(0.,0.,-1.));
#14320 = ORIENTED_EDGE('',*,*,#14321,.T.);
#14321 = EDGE_CURVE('',#14314,#14322,#14324,.T.);
#14322 = VERTEX_POINT('',#14323);
#14323 = CARTESIAN_POINT('',(-4.0475,-0.679,-4.E-02));
#14324 = CIRCLE('',#14325,0.237499523827);
#14325 = AXIS2_PLACEMENT_3D('',#14326,#14327,#14328);
#14326 = CARTESIAN_POINT('',(-4.047500476173,-0.916499523827,-4.E-02));
#14327 = DIRECTION('',(0.,0.,-1.));
#14328 = DIRECTION('',(-0.999999999998,-2.004943178106E-06,-0.));
#14329 = ORIENTED_EDGE('',*,*,#14330,.F.);
#14330 = EDGE_CURVE('',#14331,#14322,#14333,.T.);
#14331 = VERTEX_POINT('',#14332);
#14332 = CARTESIAN_POINT('',(-4.0475,-0.679,0.));
#14333 = LINE('',#14334,#14335);
#14334 = CARTESIAN_POINT('',(-4.0475,-0.679,0.));
#14335 = VECTOR('',#14336,1.);
#14336 = DIRECTION('',(0.,0.,-1.));
#14337 = ORIENTED_EDGE('',*,*,#14338,.F.);
#14338 = EDGE_CURVE('',#14312,#14331,#14339,.T.);
#14339 = CIRCLE('',#14340,0.237499523827);
#14340 = AXIS2_PLACEMENT_3D('',#14341,#14342,#14343);
#14341 = CARTESIAN_POINT('',(-4.047500476173,-0.916499523827,0.));
#14342 = DIRECTION('',(0.,0.,-1.));
#14343 = DIRECTION('',(-0.999999999998,-2.004943178106E-06,-0.));
#14344 = CYLINDRICAL_SURFACE('',#14345,0.237499523827);
#14345 = AXIS2_PLACEMENT_3D('',#14346,#14347,#14348);
#14346 = CARTESIAN_POINT('',(-4.047500476173,-0.916499523827,0.));
#14347 = DIRECTION('',(-0.,-0.,1.));
#14348 = DIRECTION('',(-0.999999999998,-2.004943178106E-06,-0.));
#14349 = ADVANCED_FACE('',(#14350),#14375,.F.);
#14350 = FACE_BOUND('',#14351,.F.);
#14351 = EDGE_LOOP('',(#14352,#14353,#14361,#14369));
#14352 = ORIENTED_EDGE('',*,*,#14330,.T.);
#14353 = ORIENTED_EDGE('',*,*,#14354,.T.);
#14354 = EDGE_CURVE('',#14322,#14355,#14357,.T.);
#14355 = VERTEX_POINT('',#14356);
#14356 = CARTESIAN_POINT('',(-3.5725,-0.679,-4.E-02));
#14357 = LINE('',#14358,#14359);
#14358 = CARTESIAN_POINT('',(-4.0475,-0.679,-4.E-02));
#14359 = VECTOR('',#14360,1.);
#14360 = DIRECTION('',(1.,0.,0.));
#14361 = ORIENTED_EDGE('',*,*,#14362,.F.);
#14362 = EDGE_CURVE('',#14363,#14355,#14365,.T.);
#14363 = VERTEX_POINT('',#14364);
#14364 = CARTESIAN_POINT('',(-3.5725,-0.679,0.));
#14365 = LINE('',#14366,#14367);
#14366 = CARTESIAN_POINT('',(-3.5725,-0.679,0.));
#14367 = VECTOR('',#14368,1.);
#14368 = DIRECTION('',(0.,0.,-1.));
#14369 = ORIENTED_EDGE('',*,*,#14370,.F.);
#14370 = EDGE_CURVE('',#14331,#14363,#14371,.T.);
#14371 = LINE('',#14372,#14373);
#14372 = CARTESIAN_POINT('',(-4.0475,-0.679,0.));
#14373 = VECTOR('',#14374,1.);
#14374 = DIRECTION('',(1.,0.,0.));
#14375 = PLANE('',#14376);
#14376 = AXIS2_PLACEMENT_3D('',#14377,#14378,#14379);
#14377 = CARTESIAN_POINT('',(-4.0475,-0.679,0.));
#14378 = DIRECTION('',(0.,-1.,0.));
#14379 = DIRECTION('',(1.,0.,0.));
#14380 = ADVANCED_FACE('',(#14381),#14408,.T.);
#14381 = FACE_BOUND('',#14382,.F.);
#14382 = EDGE_LOOP('',(#14383,#14384,#14393,#14401));
#14383 = ORIENTED_EDGE('',*,*,#14362,.T.);
#14384 = ORIENTED_EDGE('',*,*,#14385,.T.);
#14385 = EDGE_CURVE('',#14355,#14386,#14388,.T.);
#14386 = VERTEX_POINT('',#14387);
#14387 = CARTESIAN_POINT('',(-3.335,-0.9165,-4.E-02));
#14388 = CIRCLE('',#14389,0.237499523827);
#14389 = AXIS2_PLACEMENT_3D('',#14390,#14391,#14392);
#14390 = CARTESIAN_POINT('',(-3.572499523827,-0.916499523827,-4.E-02));
#14391 = DIRECTION('',(0.,0.,-1.));
#14392 = DIRECTION('',(-2.004943179041E-06,0.999999999998,0.));
#14393 = ORIENTED_EDGE('',*,*,#14394,.F.);
#14394 = EDGE_CURVE('',#14395,#14386,#14397,.T.);
#14395 = VERTEX_POINT('',#14396);
#14396 = CARTESIAN_POINT('',(-3.335,-0.9165,0.));
#14397 = LINE('',#14398,#14399);
#14398 = CARTESIAN_POINT('',(-3.335,-0.9165,0.));
#14399 = VECTOR('',#14400,1.);
#14400 = DIRECTION('',(0.,0.,-1.));
#14401 = ORIENTED_EDGE('',*,*,#14402,.F.);
#14402 = EDGE_CURVE('',#14363,#14395,#14403,.T.);
#14403 = CIRCLE('',#14404,0.237499523827);
#14404 = AXIS2_PLACEMENT_3D('',#14405,#14406,#14407);
#14405 = CARTESIAN_POINT('',(-3.572499523827,-0.916499523827,0.));
#14406 = DIRECTION('',(0.,0.,-1.));
#14407 = DIRECTION('',(-2.004943179041E-06,0.999999999998,0.));
#14408 = CYLINDRICAL_SURFACE('',#14409,0.237499523827);
#14409 = AXIS2_PLACEMENT_3D('',#14410,#14411,#14412);
#14410 = CARTESIAN_POINT('',(-3.572499523827,-0.916499523827,0.));
#14411 = DIRECTION('',(-0.,-0.,1.));
#14412 = DIRECTION('',(-2.004943179041E-06,0.999999999998,0.));
#14413 = ADVANCED_FACE('',(#14414),#14439,.F.);
#14414 = FACE_BOUND('',#14415,.F.);
#14415 = EDGE_LOOP('',(#14416,#14417,#14425,#14433));
#14416 = ORIENTED_EDGE('',*,*,#14394,.T.);
#14417 = ORIENTED_EDGE('',*,*,#14418,.T.);
#14418 = EDGE_CURVE('',#14386,#14419,#14421,.T.);
#14419 = VERTEX_POINT('',#14420);
#14420 = CARTESIAN_POINT('',(-3.335,-1.4165,-4.E-02));
#14421 = LINE('',#14422,#14423);
#14422 = CARTESIAN_POINT('',(-3.335,-0.9165,-4.E-02));
#14423 = VECTOR('',#14424,1.);
#14424 = DIRECTION('',(0.,-1.,0.));
#14425 = ORIENTED_EDGE('',*,*,#14426,.F.);
#14426 = EDGE_CURVE('',#14427,#14419,#14429,.T.);
#14427 = VERTEX_POINT('',#14428);
#14428 = CARTESIAN_POINT('',(-3.335,-1.4165,0.));
#14429 = LINE('',#14430,#14431);
#14430 = CARTESIAN_POINT('',(-3.335,-1.4165,0.));
#14431 = VECTOR('',#14432,1.);
#14432 = DIRECTION('',(0.,0.,-1.));
#14433 = ORIENTED_EDGE('',*,*,#14434,.F.);
#14434 = EDGE_CURVE('',#14395,#14427,#14435,.T.);
#14435 = LINE('',#14436,#14437);
#14436 = CARTESIAN_POINT('',(-3.335,-0.9165,0.));
#14437 = VECTOR('',#14438,1.);
#14438 = DIRECTION('',(0.,-1.,0.));
#14439 = PLANE('',#14440);
#14440 = AXIS2_PLACEMENT_3D('',#14441,#14442,#14443);
#14441 = CARTESIAN_POINT('',(-3.335,-0.9165,0.));
#14442 = DIRECTION('',(-1.,-0.,-0.));
#14443 = DIRECTION('',(0.,-1.,0.));
#14444 = ADVANCED_FACE('',(#14445),#14472,.T.);
#14445 = FACE_BOUND('',#14446,.F.);
#14446 = EDGE_LOOP('',(#14447,#14448,#14457,#14465));
#14447 = ORIENTED_EDGE('',*,*,#14426,.T.);
#14448 = ORIENTED_EDGE('',*,*,#14449,.T.);
#14449 = EDGE_CURVE('',#14419,#14450,#14452,.T.);
#14450 = VERTEX_POINT('',#14451);
#14451 = CARTESIAN_POINT('',(-3.5725,-1.654,-4.E-02));
#14452 = CIRCLE('',#14453,0.237499523827);
#14453 = AXIS2_PLACEMENT_3D('',#14454,#14455,#14456);
#14454 = CARTESIAN_POINT('',(-3.572499523827,-1.416500476173,-4.E-02));
#14455 = DIRECTION('',(0.,0.,-1.));
#14456 = DIRECTION('',(0.999999999998,2.004943179041E-06,0.));
#14457 = ORIENTED_EDGE('',*,*,#14458,.F.);
#14458 = EDGE_CURVE('',#14459,#14450,#14461,.T.);
#14459 = VERTEX_POINT('',#14460);
#14460 = CARTESIAN_POINT('',(-3.5725,-1.654,0.));
#14461 = LINE('',#14462,#14463);
#14462 = CARTESIAN_POINT('',(-3.5725,-1.654,0.));
#14463 = VECTOR('',#14464,1.);
#14464 = DIRECTION('',(0.,0.,-1.));
#14465 = ORIENTED_EDGE('',*,*,#14466,.F.);
#14466 = EDGE_CURVE('',#14427,#14459,#14467,.T.);
#14467 = CIRCLE('',#14468,0.237499523827);
#14468 = AXIS2_PLACEMENT_3D('',#14469,#14470,#14471);
#14469 = CARTESIAN_POINT('',(-3.572499523827,-1.416500476173,0.));
#14470 = DIRECTION('',(0.,0.,-1.));
#14471 = DIRECTION('',(0.999999999998,2.004943179041E-06,0.));
#14472 = CYLINDRICAL_SURFACE('',#14473,0.237499523827);
#14473 = AXIS2_PLACEMENT_3D('',#14474,#14475,#14476);
#14474 = CARTESIAN_POINT('',(-3.572499523827,-1.416500476173,0.));
#14475 = DIRECTION('',(-0.,-0.,1.));
#14476 = DIRECTION('',(0.999999999998,2.004943179041E-06,0.));
#14477 = ADVANCED_FACE('',(#14478),#14503,.F.);
#14478 = FACE_BOUND('',#14479,.F.);
#14479 = EDGE_LOOP('',(#14480,#14481,#14489,#14497));
#14480 = ORIENTED_EDGE('',*,*,#14458,.T.);
#14481 = ORIENTED_EDGE('',*,*,#14482,.T.);
#14482 = EDGE_CURVE('',#14450,#14483,#14485,.T.);
#14483 = VERTEX_POINT('',#14484);
#14484 = CARTESIAN_POINT('',(-4.0475,-1.654,-4.E-02));
#14485 = LINE('',#14486,#14487);
#14486 = CARTESIAN_POINT('',(-3.5725,-1.654,-4.E-02));
#14487 = VECTOR('',#14488,1.);
#14488 = DIRECTION('',(-1.,0.,0.));
#14489 = ORIENTED_EDGE('',*,*,#14490,.F.);
#14490 = EDGE_CURVE('',#14491,#14483,#14493,.T.);
#14491 = VERTEX_POINT('',#14492);
#14492 = CARTESIAN_POINT('',(-4.0475,-1.654,0.));
#14493 = LINE('',#14494,#14495);
#14494 = CARTESIAN_POINT('',(-4.0475,-1.654,0.));
#14495 = VECTOR('',#14496,1.);
#14496 = DIRECTION('',(0.,0.,-1.));
#14497 = ORIENTED_EDGE('',*,*,#14498,.F.);
#14498 = EDGE_CURVE('',#14459,#14491,#14499,.T.);
#14499 = LINE('',#14500,#14501);
#14500 = CARTESIAN_POINT('',(-3.5725,-1.654,0.));
#14501 = VECTOR('',#14502,1.);
#14502 = DIRECTION('',(-1.,0.,0.));
#14503 = PLANE('',#14504);
#14504 = AXIS2_PLACEMENT_3D('',#14505,#14506,#14507);
#14505 = CARTESIAN_POINT('',(-3.5725,-1.654,0.));
#14506 = DIRECTION('',(0.,1.,0.));
#14507 = DIRECTION('',(-1.,0.,0.));
#14508 = ADVANCED_FACE('',(#14509),#14536,.T.);
#14509 = FACE_BOUND('',#14510,.F.);
#14510 = EDGE_LOOP('',(#14511,#14512,#14521,#14529));
#14511 = ORIENTED_EDGE('',*,*,#14490,.T.);
#14512 = ORIENTED_EDGE('',*,*,#14513,.T.);
#14513 = EDGE_CURVE('',#14483,#14514,#14516,.T.);
#14514 = VERTEX_POINT('',#14515);
#14515 = CARTESIAN_POINT('',(-4.285,-1.4165,-4.E-02));
#14516 = CIRCLE('',#14517,0.237499523827);
#14517 = AXIS2_PLACEMENT_3D('',#14518,#14519,#14520);
#14518 = CARTESIAN_POINT('',(-4.047500476173,-1.416500476173,-4.E-02));
#14519 = DIRECTION('',(0.,0.,-1.));
#14520 = DIRECTION('',(2.004943175301E-06,-0.999999999998,0.));
#14521 = ORIENTED_EDGE('',*,*,#14522,.F.);
#14522 = EDGE_CURVE('',#14523,#14514,#14525,.T.);
#14523 = VERTEX_POINT('',#14524);
#14524 = CARTESIAN_POINT('',(-4.285,-1.4165,0.));
#14525 = LINE('',#14526,#14527);
#14526 = CARTESIAN_POINT('',(-4.285,-1.4165,0.));
#14527 = VECTOR('',#14528,1.);
#14528 = DIRECTION('',(0.,0.,-1.));
#14529 = ORIENTED_EDGE('',*,*,#14530,.F.);
#14530 = EDGE_CURVE('',#14491,#14523,#14531,.T.);
#14531 = CIRCLE('',#14532,0.237499523827);
#14532 = AXIS2_PLACEMENT_3D('',#14533,#14534,#14535);
#14533 = CARTESIAN_POINT('',(-4.047500476173,-1.416500476173,0.));
#14534 = DIRECTION('',(0.,0.,-1.));
#14535 = DIRECTION('',(2.004943175301E-06,-0.999999999998,0.));
#14536 = CYLINDRICAL_SURFACE('',#14537,0.237499523827);
#14537 = AXIS2_PLACEMENT_3D('',#14538,#14539,#14540);
#14538 = CARTESIAN_POINT('',(-4.047500476173,-1.416500476173,0.));
#14539 = DIRECTION('',(-0.,-0.,1.));
#14540 = DIRECTION('',(2.004943175301E-06,-0.999999999998,0.));
#14541 = ADVANCED_FACE('',(#14542),#14558,.F.);
#14542 = FACE_BOUND('',#14543,.F.);
#14543 = EDGE_LOOP('',(#14544,#14545,#14551,#14552));
#14544 = ORIENTED_EDGE('',*,*,#14522,.T.);
#14545 = ORIENTED_EDGE('',*,*,#14546,.T.);
#14546 = EDGE_CURVE('',#14514,#14314,#14547,.T.);
#14547 = LINE('',#14548,#14549);
#14548 = CARTESIAN_POINT('',(-4.285,-1.4165,-4.E-02));
#14549 = VECTOR('',#14550,1.);
#14550 = DIRECTION('',(0.,1.,0.));
#14551 = ORIENTED_EDGE('',*,*,#14311,.F.);
#14552 = ORIENTED_EDGE('',*,*,#14553,.F.);
#14553 = EDGE_CURVE('',#14523,#14312,#14554,.T.);
#14554 = LINE('',#14555,#14556);
#14555 = CARTESIAN_POINT('',(-4.285,-1.4165,0.));
#14556 = VECTOR('',#14557,1.);
#14557 = DIRECTION('',(0.,1.,0.));
#14558 = PLANE('',#14559);
#14559 = AXIS2_PLACEMENT_3D('',#14560,#14561,#14562);
#14560 = CARTESIAN_POINT('',(-4.285,-1.4165,0.));
#14561 = DIRECTION('',(1.,-0.,0.));
#14562 = DIRECTION('',(0.,1.,0.));
#14563 = ADVANCED_FACE('',(#14564),#14574,.F.);
#14564 = FACE_BOUND('',#14565,.F.);
#14565 = EDGE_LOOP('',(#14566,#14567,#14568,#14569,#14570,#14571,#14572,
    #14573));
#14566 = ORIENTED_EDGE('',*,*,#14338,.T.);
#14567 = ORIENTED_EDGE('',*,*,#14370,.T.);
#14568 = ORIENTED_EDGE('',*,*,#14402,.T.);
#14569 = ORIENTED_EDGE('',*,*,#14434,.T.);
#14570 = ORIENTED_EDGE('',*,*,#14466,.T.);
#14571 = ORIENTED_EDGE('',*,*,#14498,.T.);
#14572 = ORIENTED_EDGE('',*,*,#14530,.T.);
#14573 = ORIENTED_EDGE('',*,*,#14553,.T.);
#14574 = PLANE('',#14575);
#14575 = AXIS2_PLACEMENT_3D('',#14576,#14577,#14578);
#14576 = CARTESIAN_POINT('',(0.,0.,0.));
#14577 = DIRECTION('',(-0.,-0.,-1.));
#14578 = DIRECTION('',(-1.,0.,0.));
#14579 = ADVANCED_FACE('',(#14580),#14590,.T.);
#14580 = FACE_BOUND('',#14581,.T.);
#14581 = EDGE_LOOP('',(#14582,#14583,#14584,#14585,#14586,#14587,#14588,
    #14589));
#14582 = ORIENTED_EDGE('',*,*,#14321,.T.);
#14583 = ORIENTED_EDGE('',*,*,#14354,.T.);
#14584 = ORIENTED_EDGE('',*,*,#14385,.T.);
#14585 = ORIENTED_EDGE('',*,*,#14418,.T.);
#14586 = ORIENTED_EDGE('',*,*,#14449,.T.);
#14587 = ORIENTED_EDGE('',*,*,#14482,.T.);
#14588 = ORIENTED_EDGE('',*,*,#14513,.T.);
#14589 = ORIENTED_EDGE('',*,*,#14546,.T.);
#14590 = PLANE('',#14591);
#14591 = AXIS2_PLACEMENT_3D('',#14592,#14593,#14594);
#14592 = CARTESIAN_POINT('',(0.,0.,-4.E-02));
#14593 = DIRECTION('',(-0.,-0.,-1.));
#14594 = DIRECTION('',(-1.,0.,0.));
#14595 = MANIFOLD_SOLID_BREP('',#14596);
#14596 = CLOSED_SHELL('',(#14597,#14637,#14668,#14699,#14721,#14733));
#14597 = ADVANCED_FACE('',(#14598),#14632,.F.);
#14598 = FACE_BOUND('',#14599,.F.);
#14599 = EDGE_LOOP('',(#14600,#14610,#14618,#14626));
#14600 = ORIENTED_EDGE('',*,*,#14601,.T.);
#14601 = EDGE_CURVE('',#14602,#14604,#14606,.T.);
#14602 = VERTEX_POINT('',#14603);
#14603 = CARTESIAN_POINT('',(0.208,-0.775,0.));
#14604 = VERTEX_POINT('',#14605);
#14605 = CARTESIAN_POINT('',(0.208,-0.775,-4.E-02));
#14606 = LINE('',#14607,#14608);
#14607 = CARTESIAN_POINT('',(0.208,-0.775,0.));
#14608 = VECTOR('',#14609,1.);
#14609 = DIRECTION('',(0.,0.,-1.));
#14610 = ORIENTED_EDGE('',*,*,#14611,.T.);
#14611 = EDGE_CURVE('',#14604,#14612,#14614,.T.);
#14612 = VERTEX_POINT('',#14613);
#14613 = CARTESIAN_POINT('',(0.208,0.775,-4.E-02));
#14614 = LINE('',#14615,#14616);
#14615 = CARTESIAN_POINT('',(0.208,-0.775,-4.E-02));
#14616 = VECTOR('',#14617,1.);
#14617 = DIRECTION('',(0.,1.,0.));
#14618 = ORIENTED_EDGE('',*,*,#14619,.F.);
#14619 = EDGE_CURVE('',#14620,#14612,#14622,.T.);
#14620 = VERTEX_POINT('',#14621);
#14621 = CARTESIAN_POINT('',(0.208,0.775,0.));
#14622 = LINE('',#14623,#14624);
#14623 = CARTESIAN_POINT('',(0.208,0.775,0.));
#14624 = VECTOR('',#14625,1.);
#14625 = DIRECTION('',(0.,0.,-1.));
#14626 = ORIENTED_EDGE('',*,*,#14627,.F.);
#14627 = EDGE_CURVE('',#14602,#14620,#14628,.T.);
#14628 = LINE('',#14629,#14630);
#14629 = CARTESIAN_POINT('',(0.208,-0.775,0.));
#14630 = VECTOR('',#14631,1.);
#14631 = DIRECTION('',(0.,1.,0.));
#14632 = PLANE('',#14633);
#14633 = AXIS2_PLACEMENT_3D('',#14634,#14635,#14636);
#14634 = CARTESIAN_POINT('',(0.208,-0.775,0.));
#14635 = DIRECTION('',(1.,-0.,0.));
#14636 = DIRECTION('',(0.,1.,0.));
#14637 = ADVANCED_FACE('',(#14638),#14663,.F.);
#14638 = FACE_BOUND('',#14639,.F.);
#14639 = EDGE_LOOP('',(#14640,#14641,#14649,#14657));
#14640 = ORIENTED_EDGE('',*,*,#14619,.T.);
#14641 = ORIENTED_EDGE('',*,*,#14642,.T.);
#14642 = EDGE_CURVE('',#14612,#14643,#14645,.T.);
#14643 = VERTEX_POINT('',#14644);
#14644 = CARTESIAN_POINT('',(0.808,0.775,-4.E-02));
#14645 = LINE('',#14646,#14647);
#14646 = CARTESIAN_POINT('',(0.208,0.775,-4.E-02));
#14647 = VECTOR('',#14648,1.);
#14648 = DIRECTION('',(1.,0.,0.));
#14649 = ORIENTED_EDGE('',*,*,#14650,.F.);
#14650 = EDGE_CURVE('',#14651,#14643,#14653,.T.);
#14651 = VERTEX_POINT('',#14652);
#14652 = CARTESIAN_POINT('',(0.808,0.775,0.));
#14653 = LINE('',#14654,#14655);
#14654 = CARTESIAN_POINT('',(0.808,0.775,0.));
#14655 = VECTOR('',#14656,1.);
#14656 = DIRECTION('',(0.,0.,-1.));
#14657 = ORIENTED_EDGE('',*,*,#14658,.F.);
#14658 = EDGE_CURVE('',#14620,#14651,#14659,.T.);
#14659 = LINE('',#14660,#14661);
#14660 = CARTESIAN_POINT('',(0.208,0.775,0.));
#14661 = VECTOR('',#14662,1.);
#14662 = DIRECTION('',(1.,0.,0.));
#14663 = PLANE('',#14664);
#14664 = AXIS2_PLACEMENT_3D('',#14665,#14666,#14667);
#14665 = CARTESIAN_POINT('',(0.208,0.775,0.));
#14666 = DIRECTION('',(0.,-1.,0.));
#14667 = DIRECTION('',(1.,0.,0.));
#14668 = ADVANCED_FACE('',(#14669),#14694,.F.);
#14669 = FACE_BOUND('',#14670,.F.);
#14670 = EDGE_LOOP('',(#14671,#14672,#14680,#14688));
#14671 = ORIENTED_EDGE('',*,*,#14650,.T.);
#14672 = ORIENTED_EDGE('',*,*,#14673,.T.);
#14673 = EDGE_CURVE('',#14643,#14674,#14676,.T.);
#14674 = VERTEX_POINT('',#14675);
#14675 = CARTESIAN_POINT('',(0.808,-0.775,-4.E-02));
#14676 = LINE('',#14677,#14678);
#14677 = CARTESIAN_POINT('',(0.808,0.775,-4.E-02));
#14678 = VECTOR('',#14679,1.);
#14679 = DIRECTION('',(0.,-1.,0.));
#14680 = ORIENTED_EDGE('',*,*,#14681,.F.);
#14681 = EDGE_CURVE('',#14682,#14674,#14684,.T.);
#14682 = VERTEX_POINT('',#14683);
#14683 = CARTESIAN_POINT('',(0.808,-0.775,0.));
#14684 = LINE('',#14685,#14686);
#14685 = CARTESIAN_POINT('',(0.808,-0.775,0.));
#14686 = VECTOR('',#14687,1.);
#14687 = DIRECTION('',(0.,0.,-1.));
#14688 = ORIENTED_EDGE('',*,*,#14689,.F.);
#14689 = EDGE_CURVE('',#14651,#14682,#14690,.T.);
#14690 = LINE('',#14691,#14692);
#14691 = CARTESIAN_POINT('',(0.808,0.775,0.));
#14692 = VECTOR('',#14693,1.);
#14693 = DIRECTION('',(0.,-1.,0.));
#14694 = PLANE('',#14695);
#14695 = AXIS2_PLACEMENT_3D('',#14696,#14697,#14698);
#14696 = CARTESIAN_POINT('',(0.808,0.775,0.));
#14697 = DIRECTION('',(-1.,-0.,-0.));
#14698 = DIRECTION('',(0.,-1.,0.));
#14699 = ADVANCED_FACE('',(#14700),#14716,.F.);
#14700 = FACE_BOUND('',#14701,.F.);
#14701 = EDGE_LOOP('',(#14702,#14703,#14709,#14710));
#14702 = ORIENTED_EDGE('',*,*,#14681,.T.);
#14703 = ORIENTED_EDGE('',*,*,#14704,.T.);
#14704 = EDGE_CURVE('',#14674,#14604,#14705,.T.);
#14705 = LINE('',#14706,#14707);
#14706 = CARTESIAN_POINT('',(0.808,-0.775,-4.E-02));
#14707 = VECTOR('',#14708,1.);
#14708 = DIRECTION('',(-1.,0.,0.));
#14709 = ORIENTED_EDGE('',*,*,#14601,.F.);
#14710 = ORIENTED_EDGE('',*,*,#14711,.F.);
#14711 = EDGE_CURVE('',#14682,#14602,#14712,.T.);
#14712 = LINE('',#14713,#14714);
#14713 = CARTESIAN_POINT('',(0.808,-0.775,0.));
#14714 = VECTOR('',#14715,1.);
#14715 = DIRECTION('',(-1.,0.,0.));
#14716 = PLANE('',#14717);
#14717 = AXIS2_PLACEMENT_3D('',#14718,#14719,#14720);
#14718 = CARTESIAN_POINT('',(0.808,-0.775,0.));
#14719 = DIRECTION('',(0.,1.,0.));
#14720 = DIRECTION('',(-1.,0.,0.));
#14721 = ADVANCED_FACE('',(#14722),#14728,.F.);
#14722 = FACE_BOUND('',#14723,.F.);
#14723 = EDGE_LOOP('',(#14724,#14725,#14726,#14727));
#14724 = ORIENTED_EDGE('',*,*,#14627,.T.);
#14725 = ORIENTED_EDGE('',*,*,#14658,.T.);
#14726 = ORIENTED_EDGE('',*,*,#14689,.T.);
#14727 = ORIENTED_EDGE('',*,*,#14711,.T.);
#14728 = PLANE('',#14729);
#14729 = AXIS2_PLACEMENT_3D('',#14730,#14731,#14732);
#14730 = CARTESIAN_POINT('',(0.,0.,0.));
#14731 = DIRECTION('',(-0.,-0.,-1.));
#14732 = DIRECTION('',(-1.,0.,0.));
#14733 = ADVANCED_FACE('',(#14734),#14740,.T.);
#14734 = FACE_BOUND('',#14735,.T.);
#14735 = EDGE_LOOP('',(#14736,#14737,#14738,#14739));
#14736 = ORIENTED_EDGE('',*,*,#14611,.T.);
#14737 = ORIENTED_EDGE('',*,*,#14642,.T.);
#14738 = ORIENTED_EDGE('',*,*,#14673,.T.);
#14739 = ORIENTED_EDGE('',*,*,#14704,.T.);
#14740 = PLANE('',#14741);
#14741 = AXIS2_PLACEMENT_3D('',#14742,#14743,#14744);
#14742 = CARTESIAN_POINT('',(0.,0.,-4.E-02));
#14743 = DIRECTION('',(-0.,-0.,-1.));
#14744 = DIRECTION('',(-1.,0.,0.));
#14745 = MANIFOLD_SOLID_BREP('',#14746);
#14746 = CLOSED_SHELL('',(#14747,#14789,#14820,#14853,#14884,#14917,
    #14948,#14981,#15003,#15019));
#14747 = ADVANCED_FACE('',(#14748),#14784,.T.);
#14748 = FACE_BOUND('',#14749,.F.);
#14749 = EDGE_LOOP('',(#14750,#14760,#14769,#14777));
#14750 = ORIENTED_EDGE('',*,*,#14751,.T.);
#14751 = EDGE_CURVE('',#14752,#14754,#14756,.T.);
#14752 = VERTEX_POINT('',#14753);
#14753 = CARTESIAN_POINT('',(-2.761,4.2105,0.));
#14754 = VERTEX_POINT('',#14755);
#14755 = CARTESIAN_POINT('',(-2.761,4.2105,-4.E-02));
#14756 = LINE('',#14757,#14758);
#14757 = CARTESIAN_POINT('',(-2.761,4.2105,0.));
#14758 = VECTOR('',#14759,1.);
#14759 = DIRECTION('',(0.,0.,-1.));
#14760 = ORIENTED_EDGE('',*,*,#14761,.T.);
#14761 = EDGE_CURVE('',#14754,#14762,#14764,.T.);
#14762 = VERTEX_POINT('',#14763);
#14763 = CARTESIAN_POINT('',(-2.5235,4.448,-4.E-02));
#14764 = CIRCLE('',#14765,0.237499523827);
#14765 = AXIS2_PLACEMENT_3D('',#14766,#14767,#14768);
#14766 = CARTESIAN_POINT('',(-2.523500476173,4.210500476173,-4.E-02));
#14767 = DIRECTION('',(0.,0.,-1.));
#14768 = DIRECTION('',(-0.999999999998,-2.004943179041E-06,-0.));
#14769 = ORIENTED_EDGE('',*,*,#14770,.F.);
#14770 = EDGE_CURVE('',#14771,#14762,#14773,.T.);
#14771 = VERTEX_POINT('',#14772);
#14772 = CARTESIAN_POINT('',(-2.5235,4.448,0.));
#14773 = LINE('',#14774,#14775);
#14774 = CARTESIAN_POINT('',(-2.5235,4.448,0.));
#14775 = VECTOR('',#14776,1.);
#14776 = DIRECTION('',(0.,0.,-1.));
#14777 = ORIENTED_EDGE('',*,*,#14778,.F.);
#14778 = EDGE_CURVE('',#14752,#14771,#14779,.T.);
#14779 = CIRCLE('',#14780,0.237499523827);
#14780 = AXIS2_PLACEMENT_3D('',#14781,#14782,#14783);
#14781 = CARTESIAN_POINT('',(-2.523500476173,4.210500476173,0.));
#14782 = DIRECTION('',(0.,0.,-1.));
#14783 = DIRECTION('',(-0.999999999998,-2.004943179041E-06,-0.));
#14784 = CYLINDRICAL_SURFACE('',#14785,0.237499523827);
#14785 = AXIS2_PLACEMENT_3D('',#14786,#14787,#14788);
#14786 = CARTESIAN_POINT('',(-2.523500476173,4.210500476173,0.));
#14787 = DIRECTION('',(-0.,-0.,1.));
#14788 = DIRECTION('',(-0.999999999998,-2.004943179041E-06,-0.));
#14789 = ADVANCED_FACE('',(#14790),#14815,.F.);
#14790 = FACE_BOUND('',#14791,.F.);
#14791 = EDGE_LOOP('',(#14792,#14793,#14801,#14809));
#14792 = ORIENTED_EDGE('',*,*,#14770,.T.);
#14793 = ORIENTED_EDGE('',*,*,#14794,.T.);
#14794 = EDGE_CURVE('',#14762,#14795,#14797,.T.);
#14795 = VERTEX_POINT('',#14796);
#14796 = CARTESIAN_POINT('',(-2.0485,4.448,-4.E-02));
#14797 = LINE('',#14798,#14799);
#14798 = CARTESIAN_POINT('',(-2.5235,4.448,-4.E-02));
#14799 = VECTOR('',#14800,1.);
#14800 = DIRECTION('',(1.,0.,0.));
#14801 = ORIENTED_EDGE('',*,*,#14802,.F.);
#14802 = EDGE_CURVE('',#14803,#14795,#14805,.T.);
#14803 = VERTEX_POINT('',#14804);
#14804 = CARTESIAN_POINT('',(-2.0485,4.448,0.));
#14805 = LINE('',#14806,#14807);
#14806 = CARTESIAN_POINT('',(-2.0485,4.448,0.));
#14807 = VECTOR('',#14808,1.);
#14808 = DIRECTION('',(0.,0.,-1.));
#14809 = ORIENTED_EDGE('',*,*,#14810,.F.);
#14810 = EDGE_CURVE('',#14771,#14803,#14811,.T.);
#14811 = LINE('',#14812,#14813);
#14812 = CARTESIAN_POINT('',(-2.5235,4.448,0.));
#14813 = VECTOR('',#14814,1.);
#14814 = DIRECTION('',(1.,0.,0.));
#14815 = PLANE('',#14816);
#14816 = AXIS2_PLACEMENT_3D('',#14817,#14818,#14819);
#14817 = CARTESIAN_POINT('',(-2.5235,4.448,0.));
#14818 = DIRECTION('',(0.,-1.,0.));
#14819 = DIRECTION('',(1.,0.,0.));
#14820 = ADVANCED_FACE('',(#14821),#14848,.T.);
#14821 = FACE_BOUND('',#14822,.F.);
#14822 = EDGE_LOOP('',(#14823,#14824,#14833,#14841));
#14823 = ORIENTED_EDGE('',*,*,#14802,.T.);
#14824 = ORIENTED_EDGE('',*,*,#14825,.T.);
#14825 = EDGE_CURVE('',#14795,#14826,#14828,.T.);
#14826 = VERTEX_POINT('',#14827);
#14827 = CARTESIAN_POINT('',(-1.811,4.2105,-4.E-02));
#14828 = CIRCLE('',#14829,0.237499523827);
#14829 = AXIS2_PLACEMENT_3D('',#14830,#14831,#14832);
#14830 = CARTESIAN_POINT('',(-2.048499523827,4.210500476173,-4.E-02));
#14831 = DIRECTION('',(0.,0.,-1.));
#14832 = DIRECTION('',(-2.004943177171E-06,0.999999999998,0.));
#14833 = ORIENTED_EDGE('',*,*,#14834,.F.);
#14834 = EDGE_CURVE('',#14835,#14826,#14837,.T.);
#14835 = VERTEX_POINT('',#14836);
#14836 = CARTESIAN_POINT('',(-1.811,4.2105,0.));
#14837 = LINE('',#14838,#14839);
#14838 = CARTESIAN_POINT('',(-1.811,4.2105,0.));
#14839 = VECTOR('',#14840,1.);
#14840 = DIRECTION('',(0.,0.,-1.));
#14841 = ORIENTED_EDGE('',*,*,#14842,.F.);
#14842 = EDGE_CURVE('',#14803,#14835,#14843,.T.);
#14843 = CIRCLE('',#14844,0.237499523827);
#14844 = AXIS2_PLACEMENT_3D('',#14845,#14846,#14847);
#14845 = CARTESIAN_POINT('',(-2.048499523827,4.210500476173,0.));
#14846 = DIRECTION('',(0.,0.,-1.));
#14847 = DIRECTION('',(-2.004943177171E-06,0.999999999998,0.));
#14848 = CYLINDRICAL_SURFACE('',#14849,0.237499523827);
#14849 = AXIS2_PLACEMENT_3D('',#14850,#14851,#14852);
#14850 = CARTESIAN_POINT('',(-2.048499523827,4.210500476173,0.));
#14851 = DIRECTION('',(-0.,-0.,1.));
#14852 = DIRECTION('',(-2.004943177171E-06,0.999999999998,0.));
#14853 = ADVANCED_FACE('',(#14854),#14879,.F.);
#14854 = FACE_BOUND('',#14855,.F.);
#14855 = EDGE_LOOP('',(#14856,#14857,#14865,#14873));
#14856 = ORIENTED_EDGE('',*,*,#14834,.T.);
#14857 = ORIENTED_EDGE('',*,*,#14858,.T.);
#14858 = EDGE_CURVE('',#14826,#14859,#14861,.T.);
#14859 = VERTEX_POINT('',#14860);
#14860 = CARTESIAN_POINT('',(-1.811,3.7105,-4.E-02));
#14861 = LINE('',#14862,#14863);
#14862 = CARTESIAN_POINT('',(-1.811,4.2105,-4.E-02));
#14863 = VECTOR('',#14864,1.);
#14864 = DIRECTION('',(0.,-1.,0.));
#14865 = ORIENTED_EDGE('',*,*,#14866,.F.);
#14866 = EDGE_CURVE('',#14867,#14859,#14869,.T.);
#14867 = VERTEX_POINT('',#14868);
#14868 = CARTESIAN_POINT('',(-1.811,3.7105,0.));
#14869 = LINE('',#14870,#14871);
#14870 = CARTESIAN_POINT('',(-1.811,3.7105,0.));
#14871 = VECTOR('',#14872,1.);
#14872 = DIRECTION('',(0.,0.,-1.));
#14873 = ORIENTED_EDGE('',*,*,#14874,.F.);
#14874 = EDGE_CURVE('',#14835,#14867,#14875,.T.);
#14875 = LINE('',#14876,#14877);
#14876 = CARTESIAN_POINT('',(-1.811,4.2105,0.));
#14877 = VECTOR('',#14878,1.);
#14878 = DIRECTION('',(0.,-1.,0.));
#14879 = PLANE('',#14880);
#14880 = AXIS2_PLACEMENT_3D('',#14881,#14882,#14883);
#14881 = CARTESIAN_POINT('',(-1.811,4.2105,0.));
#14882 = DIRECTION('',(-1.,-0.,-0.));
#14883 = DIRECTION('',(0.,-1.,0.));
#14884 = ADVANCED_FACE('',(#14885),#14912,.T.);
#14885 = FACE_BOUND('',#14886,.F.);
#14886 = EDGE_LOOP('',(#14887,#14888,#14897,#14905));
#14887 = ORIENTED_EDGE('',*,*,#14866,.T.);
#14888 = ORIENTED_EDGE('',*,*,#14889,.T.);
#14889 = EDGE_CURVE('',#14859,#14890,#14892,.T.);
#14890 = VERTEX_POINT('',#14891);
#14891 = CARTESIAN_POINT('',(-2.0485,3.473,-4.E-02));
#14892 = CIRCLE('',#14893,0.237499523827);
#14893 = AXIS2_PLACEMENT_3D('',#14894,#14895,#14896);
#14894 = CARTESIAN_POINT('',(-2.048499523827,3.710499523827,-4.E-02));
#14895 = DIRECTION('',(0.,0.,-1.));
#14896 = DIRECTION('',(0.999999999998,2.004943179041E-06,0.));
#14897 = ORIENTED_EDGE('',*,*,#14898,.F.);
#14898 = EDGE_CURVE('',#14899,#14890,#14901,.T.);
#14899 = VERTEX_POINT('',#14900);
#14900 = CARTESIAN_POINT('',(-2.0485,3.473,0.));
#14901 = LINE('',#14902,#14903);
#14902 = CARTESIAN_POINT('',(-2.0485,3.473,0.));
#14903 = VECTOR('',#14904,1.);
#14904 = DIRECTION('',(0.,0.,-1.));
#14905 = ORIENTED_EDGE('',*,*,#14906,.F.);
#14906 = EDGE_CURVE('',#14867,#14899,#14907,.T.);
#14907 = CIRCLE('',#14908,0.237499523827);
#14908 = AXIS2_PLACEMENT_3D('',#14909,#14910,#14911);
#14909 = CARTESIAN_POINT('',(-2.048499523827,3.710499523827,0.));
#14910 = DIRECTION('',(0.,0.,-1.));
#14911 = DIRECTION('',(0.999999999998,2.004943179041E-06,0.));
#14912 = CYLINDRICAL_SURFACE('',#14913,0.237499523827);
#14913 = AXIS2_PLACEMENT_3D('',#14914,#14915,#14916);
#14914 = CARTESIAN_POINT('',(-2.048499523827,3.710499523827,0.));
#14915 = DIRECTION('',(-0.,-0.,1.));
#14916 = DIRECTION('',(0.999999999998,2.004943179041E-06,0.));
#14917 = ADVANCED_FACE('',(#14918),#14943,.F.);
#14918 = FACE_BOUND('',#14919,.F.);
#14919 = EDGE_LOOP('',(#14920,#14921,#14929,#14937));
#14920 = ORIENTED_EDGE('',*,*,#14898,.T.);
#14921 = ORIENTED_EDGE('',*,*,#14922,.T.);
#14922 = EDGE_CURVE('',#14890,#14923,#14925,.T.);
#14923 = VERTEX_POINT('',#14924);
#14924 = CARTESIAN_POINT('',(-2.5235,3.473,-4.E-02));
#14925 = LINE('',#14926,#14927);
#14926 = CARTESIAN_POINT('',(-2.0485,3.473,-4.E-02));
#14927 = VECTOR('',#14928,1.);
#14928 = DIRECTION('',(-1.,0.,0.));
#14929 = ORIENTED_EDGE('',*,*,#14930,.F.);
#14930 = EDGE_CURVE('',#14931,#14923,#14933,.T.);
#14931 = VERTEX_POINT('',#14932);
#14932 = CARTESIAN_POINT('',(-2.5235,3.473,0.));
#14933 = LINE('',#14934,#14935);
#14934 = CARTESIAN_POINT('',(-2.5235,3.473,0.));
#14935 = VECTOR('',#14936,1.);
#14936 = DIRECTION('',(0.,0.,-1.));
#14937 = ORIENTED_EDGE('',*,*,#14938,.F.);
#14938 = EDGE_CURVE('',#14899,#14931,#14939,.T.);
#14939 = LINE('',#14940,#14941);
#14940 = CARTESIAN_POINT('',(-2.0485,3.473,0.));
#14941 = VECTOR('',#14942,1.);
#14942 = DIRECTION('',(-1.,0.,0.));
#14943 = PLANE('',#14944);
#14944 = AXIS2_PLACEMENT_3D('',#14945,#14946,#14947);
#14945 = CARTESIAN_POINT('',(-2.0485,3.473,0.));
#14946 = DIRECTION('',(0.,1.,0.));
#14947 = DIRECTION('',(-1.,0.,0.));
#14948 = ADVANCED_FACE('',(#14949),#14976,.T.);
#14949 = FACE_BOUND('',#14950,.F.);
#14950 = EDGE_LOOP('',(#14951,#14952,#14961,#14969));
#14951 = ORIENTED_EDGE('',*,*,#14930,.T.);
#14952 = ORIENTED_EDGE('',*,*,#14953,.T.);
#14953 = EDGE_CURVE('',#14923,#14954,#14956,.T.);
#14954 = VERTEX_POINT('',#14955);
#14955 = CARTESIAN_POINT('',(-2.761,3.7105,-4.E-02));
#14956 = CIRCLE('',#14957,0.237499523827);
#14957 = AXIS2_PLACEMENT_3D('',#14958,#14959,#14960);
#14958 = CARTESIAN_POINT('',(-2.523500476173,3.710499523827,-4.E-02));
#14959 = DIRECTION('',(0.,0.,-1.));
#14960 = DIRECTION('',(2.004943179041E-06,-0.999999999998,0.));
#14961 = ORIENTED_EDGE('',*,*,#14962,.F.);
#14962 = EDGE_CURVE('',#14963,#14954,#14965,.T.);
#14963 = VERTEX_POINT('',#14964);
#14964 = CARTESIAN_POINT('',(-2.761,3.7105,0.));
#14965 = LINE('',#14966,#14967);
#14966 = CARTESIAN_POINT('',(-2.761,3.7105,0.));
#14967 = VECTOR('',#14968,1.);
#14968 = DIRECTION('',(0.,0.,-1.));
#14969 = ORIENTED_EDGE('',*,*,#14970,.F.);
#14970 = EDGE_CURVE('',#14931,#14963,#14971,.T.);
#14971 = CIRCLE('',#14972,0.237499523827);
#14972 = AXIS2_PLACEMENT_3D('',#14973,#14974,#14975);
#14973 = CARTESIAN_POINT('',(-2.523500476173,3.710499523827,0.));
#14974 = DIRECTION('',(0.,0.,-1.));
#14975 = DIRECTION('',(2.004943179041E-06,-0.999999999998,0.));
#14976 = CYLINDRICAL_SURFACE('',#14977,0.237499523827);
#14977 = AXIS2_PLACEMENT_3D('',#14978,#14979,#14980);
#14978 = CARTESIAN_POINT('',(-2.523500476173,3.710499523827,0.));
#14979 = DIRECTION('',(-0.,-0.,1.));
#14980 = DIRECTION('',(2.004943179041E-06,-0.999999999998,0.));
#14981 = ADVANCED_FACE('',(#14982),#14998,.F.);
#14982 = FACE_BOUND('',#14983,.F.);
#14983 = EDGE_LOOP('',(#14984,#14985,#14991,#14992));
#14984 = ORIENTED_EDGE('',*,*,#14962,.T.);
#14985 = ORIENTED_EDGE('',*,*,#14986,.T.);
#14986 = EDGE_CURVE('',#14954,#14754,#14987,.T.);
#14987 = LINE('',#14988,#14989);
#14988 = CARTESIAN_POINT('',(-2.761,3.7105,-4.E-02));
#14989 = VECTOR('',#14990,1.);
#14990 = DIRECTION('',(0.,1.,0.));
#14991 = ORIENTED_EDGE('',*,*,#14751,.F.);
#14992 = ORIENTED_EDGE('',*,*,#14993,.F.);
#14993 = EDGE_CURVE('',#14963,#14752,#14994,.T.);
#14994 = LINE('',#14995,#14996);
#14995 = CARTESIAN_POINT('',(-2.761,3.7105,0.));
#14996 = VECTOR('',#14997,1.);
#14997 = DIRECTION('',(0.,1.,0.));
#14998 = PLANE('',#14999);
#14999 = AXIS2_PLACEMENT_3D('',#15000,#15001,#15002);
#15000 = CARTESIAN_POINT('',(-2.761,3.7105,0.));
#15001 = DIRECTION('',(1.,-0.,0.));
#15002 = DIRECTION('',(0.,1.,0.));
#15003 = ADVANCED_FACE('',(#15004),#15014,.F.);
#15004 = FACE_BOUND('',#15005,.F.);
#15005 = EDGE_LOOP('',(#15006,#15007,#15008,#15009,#15010,#15011,#15012,
    #15013));
#15006 = ORIENTED_EDGE('',*,*,#14778,.T.);
#15007 = ORIENTED_EDGE('',*,*,#14810,.T.);
#15008 = ORIENTED_EDGE('',*,*,#14842,.T.);
#15009 = ORIENTED_EDGE('',*,*,#14874,.T.);
#15010 = ORIENTED_EDGE('',*,*,#14906,.T.);
#15011 = ORIENTED_EDGE('',*,*,#14938,.T.);
#15012 = ORIENTED_EDGE('',*,*,#14970,.T.);
#15013 = ORIENTED_EDGE('',*,*,#14993,.T.);
#15014 = PLANE('',#15015);
#15015 = AXIS2_PLACEMENT_3D('',#15016,#15017,#15018);
#15016 = CARTESIAN_POINT('',(0.,0.,0.));
#15017 = DIRECTION('',(-0.,-0.,-1.));
#15018 = DIRECTION('',(-1.,0.,0.));
#15019 = ADVANCED_FACE('',(#15020),#15030,.T.);
#15020 = FACE_BOUND('',#15021,.T.);
#15021 = EDGE_LOOP('',(#15022,#15023,#15024,#15025,#15026,#15027,#15028,
    #15029));
#15022 = ORIENTED_EDGE('',*,*,#14761,.T.);
#15023 = ORIENTED_EDGE('',*,*,#14794,.T.);
#15024 = ORIENTED_EDGE('',*,*,#14825,.T.);
#15025 = ORIENTED_EDGE('',*,*,#14858,.T.);
#15026 = ORIENTED_EDGE('',*,*,#14889,.T.);
#15027 = ORIENTED_EDGE('',*,*,#14922,.T.);
#15028 = ORIENTED_EDGE('',*,*,#14953,.T.);
#15029 = ORIENTED_EDGE('',*,*,#14986,.T.);
#15030 = PLANE('',#15031);
#15031 = AXIS2_PLACEMENT_3D('',#15032,#15033,#15034);
#15032 = CARTESIAN_POINT('',(0.,0.,-4.E-02));
#15033 = DIRECTION('',(-0.,-0.,-1.));
#15034 = DIRECTION('',(-1.,0.,0.));
#15035 = ( GEOMETRIC_REPRESENTATION_CONTEXT(3) 
GLOBAL_UNCERTAINTY_ASSIGNED_CONTEXT((#15039)) 
GLOBAL_UNIT_ASSIGNED_CONTEXT((#15036,#15037,#15038)) 
REPRESENTATION_CONTEXT('Context #1',
  '3D Context with UNIT and UNCERTAINTY') );
#15036 = ( LENGTH_UNIT() NAMED_UNIT(*) SI_UNIT(.MILLI.,.METRE.) );
#15037 = ( NAMED_UNIT(*) PLANE_ANGLE_UNIT() SI_UNIT($,.RADIAN.) );
#15038 = ( NAMED_UNIT(*) SI_UNIT($,.STERADIAN.) SOLID_ANGLE_UNIT() );
#15039 = UNCERTAINTY_MEASURE_WITH_UNIT(LENGTH_MEASURE(1.E-07),#15036,
  'distance_accuracy_value','confusion accuracy');
#15040 = CONTEXT_DEPENDENT_SHAPE_REPRESENTATION(#15041,#15043);
#15041 = ( REPRESENTATION_RELATIONSHIP('','',#8823,#10) 
REPRESENTATION_RELATIONSHIP_WITH_TRANSFORMATION(#15042) 
SHAPE_REPRESENTATION_RELATIONSHIP() );
#15042 = ITEM_DEFINED_TRANSFORMATION('','',#11,#47);
#15043 = PRODUCT_DEFINITION_SHAPE('Placement','Placement of an item',
  #15044);
#15044 = NEXT_ASSEMBLY_USAGE_OCCURRENCE('9','=>[0:1:1:6]','',#5,#8818,$
  );
#15045 = PRODUCT_RELATED_PRODUCT_CATEGORY('part',$,(#8820));
#15046 = SHAPE_DEFINITION_REPRESENTATION(#15047,#15053);
#15047 = PRODUCT_DEFINITION_SHAPE('','',#15048);
#15048 = PRODUCT_DEFINITION('design','',#15049,#15052);
#15049 = PRODUCT_DEFINITION_FORMATION('','',#15050);
#15050 = PRODUCT('BH1750_soldermask','BH1750_soldermask','',(#15051));
#15051 = PRODUCT_CONTEXT('',#2,'mechanical');
#15052 = PRODUCT_DEFINITION_CONTEXT('part definition',#2,'design');
#15053 = MANIFOLD_SURFACE_SHAPE_REPRESENTATION('',(#11,#15054),#15638);
#15054 = SHELL_BASED_SURFACE_MODEL('',(#15055));
#15055 = OPEN_SHELL('',(#15056));
#15056 = ADVANCED_FACE('',(#15057,#15191,#15202,#15213,#15283,#15353,
    #15423,#15493,#15563),#15633,.T.);
#15057 = FACE_BOUND('',#15058,.F.);
#15058 = EDGE_LOOP('',(#15059,#15070,#15078,#15086,#15094,#15103,#15111,
    #15119,#15127,#15136,#15144,#15152,#15160,#15169,#15177,#15185));
#15059 = ORIENTED_EDGE('',*,*,#15060,.T.);
#15060 = EDGE_CURVE('',#15061,#15063,#15065,.T.);
#15061 = VERTEX_POINT('',#15062);
#15062 = CARTESIAN_POINT('',(-9.522683,2.693502,1.56));
#15063 = VERTEX_POINT('',#15064);
#15064 = CARTESIAN_POINT('',(-7.138502,5.077683,1.56));
#15065 = CIRCLE('',#15066,2.542319966619);
#15066 = AXIS2_PLACEMENT_3D('',#15067,#15068,#15069);
#15067 = CARTESIAN_POINT('',(-6.985001311658,2.540001311658,1.56));
#15068 = DIRECTION('',(0.,0.,-1.));
#15069 = DIRECTION('',(-0.998175572572,6.037819407371E-02,0.));
#15070 = ORIENTED_EDGE('',*,*,#15071,.T.);
#15071 = EDGE_CURVE('',#15063,#15072,#15074,.T.);
#15072 = VERTEX_POINT('',#15073);
#15073 = CARTESIAN_POINT('',(-6.985,5.08,1.56));
#15074 = LINE('',#15075,#15076);
#15075 = CARTESIAN_POINT('',(-7.138502,5.077683,1.56));
#15076 = VECTOR('',#15077,1.);
#15077 = DIRECTION('',(0.999886101031,1.509254665144E-02,0.));
#15078 = ORIENTED_EDGE('',*,*,#15079,.T.);
#15079 = EDGE_CURVE('',#15072,#15080,#15082,.T.);
#15080 = VERTEX_POINT('',#15081);
#15081 = CARTESIAN_POINT('',(6.985,5.08,1.56));
#15082 = LINE('',#15083,#15084);
#15083 = CARTESIAN_POINT('',(-6.985,5.08,1.56));
#15084 = VECTOR('',#15085,1.);
#15085 = DIRECTION('',(1.,0.,0.));
#15086 = ORIENTED_EDGE('',*,*,#15087,.T.);
#15087 = EDGE_CURVE('',#15080,#15088,#15090,.T.);
#15088 = VERTEX_POINT('',#15089);
#15089 = CARTESIAN_POINT('',(7.138502,5.077683,1.56));
#15090 = LINE('',#15091,#15092);
#15091 = CARTESIAN_POINT('',(6.985,5.08,1.56));
#15092 = VECTOR('',#15093,1.);
#15093 = DIRECTION('',(0.999886101031,-1.509254665144E-02,0.));
#15094 = ORIENTED_EDGE('',*,*,#15095,.T.);
#15095 = EDGE_CURVE('',#15088,#15096,#15098,.T.);
#15096 = VERTEX_POINT('',#15097);
#15097 = CARTESIAN_POINT('',(9.522683,2.693502,1.56));
#15098 = CIRCLE('',#15099,2.542319966619);
#15099 = AXIS2_PLACEMENT_3D('',#15100,#15101,#15102);
#15100 = CARTESIAN_POINT('',(6.985001311658,2.540001311658,1.56));
#15101 = DIRECTION('',(0.,0.,-1.));
#15102 = DIRECTION('',(6.037819407371E-02,0.998175572572,0.));
#15103 = ORIENTED_EDGE('',*,*,#15104,.T.);
#15104 = EDGE_CURVE('',#15096,#15105,#15107,.T.);
#15105 = VERTEX_POINT('',#15106);
#15106 = CARTESIAN_POINT('',(9.525,2.54,1.56));
#15107 = LINE('',#15108,#15109);
#15108 = CARTESIAN_POINT('',(9.522683,2.693502,1.56));
#15109 = VECTOR('',#15110,1.);
#15110 = DIRECTION('',(1.509254665144E-02,-0.999886101031,0.));
#15111 = ORIENTED_EDGE('',*,*,#15112,.T.);
#15112 = EDGE_CURVE('',#15105,#15113,#15115,.T.);
#15113 = VERTEX_POINT('',#15114);
#15114 = CARTESIAN_POINT('',(9.525,-2.54,1.56));
#15115 = LINE('',#15116,#15117);
#15116 = CARTESIAN_POINT('',(9.525,2.54,1.56));
#15117 = VECTOR('',#15118,1.);
#15118 = DIRECTION('',(0.,-1.,0.));
#15119 = ORIENTED_EDGE('',*,*,#15120,.T.);
#15120 = EDGE_CURVE('',#15113,#15121,#15123,.T.);
#15121 = VERTEX_POINT('',#15122);
#15122 = CARTESIAN_POINT('',(9.522683,-2.693502,1.56));
#15123 = LINE('',#15124,#15125);
#15124 = CARTESIAN_POINT('',(9.525,-2.54,1.56));
#15125 = VECTOR('',#15126,1.);
#15126 = DIRECTION('',(-1.509254665144E-02,-0.999886101031,0.));
#15127 = ORIENTED_EDGE('',*,*,#15128,.T.);
#15128 = EDGE_CURVE('',#15121,#15129,#15131,.T.);
#15129 = VERTEX_POINT('',#15130);
#15130 = CARTESIAN_POINT('',(7.138502,-5.077683,1.56));
#15131 = CIRCLE('',#15132,2.542319966619);
#15132 = AXIS2_PLACEMENT_3D('',#15133,#15134,#15135);
#15133 = CARTESIAN_POINT('',(6.985001311658,-2.540001311658,1.56));
#15134 = DIRECTION('',(0.,0.,-1.));
#15135 = DIRECTION('',(0.998175572572,-6.037819407371E-02,0.));
#15136 = ORIENTED_EDGE('',*,*,#15137,.T.);
#15137 = EDGE_CURVE('',#15129,#15138,#15140,.T.);
#15138 = VERTEX_POINT('',#15139);
#15139 = CARTESIAN_POINT('',(6.985,-5.08,1.56));
#15140 = LINE('',#15141,#15142);
#15141 = CARTESIAN_POINT('',(7.138502,-5.077683,1.56));
#15142 = VECTOR('',#15143,1.);
#15143 = DIRECTION('',(-0.999886101031,-1.509254665144E-02,0.));
#15144 = ORIENTED_EDGE('',*,*,#15145,.T.);
#15145 = EDGE_CURVE('',#15138,#15146,#15148,.T.);
#15146 = VERTEX_POINT('',#15147);
#15147 = CARTESIAN_POINT('',(-6.985,-5.08,1.56));
#15148 = LINE('',#15149,#15150);
#15149 = CARTESIAN_POINT('',(6.985,-5.08,1.56));
#15150 = VECTOR('',#15151,1.);
#15151 = DIRECTION('',(-1.,0.,0.));
#15152 = ORIENTED_EDGE('',*,*,#15153,.T.);
#15153 = EDGE_CURVE('',#15146,#15154,#15156,.T.);
#15154 = VERTEX_POINT('',#15155);
#15155 = CARTESIAN_POINT('',(-7.138502,-5.077683,1.56));
#15156 = LINE('',#15157,#15158);
#15157 = CARTESIAN_POINT('',(-6.985,-5.08,1.56));
#15158 = VECTOR('',#15159,1.);
#15159 = DIRECTION('',(-0.999886101031,1.509254665144E-02,0.));
#15160 = ORIENTED_EDGE('',*,*,#15161,.T.);
#15161 = EDGE_CURVE('',#15154,#15162,#15164,.T.);
#15162 = VERTEX_POINT('',#15163);
#15163 = CARTESIAN_POINT('',(-9.522683,-2.693502,1.56));
#15164 = CIRCLE('',#15165,2.542319966619);
#15165 = AXIS2_PLACEMENT_3D('',#15166,#15167,#15168);
#15166 = CARTESIAN_POINT('',(-6.985001311658,-2.540001311658,1.56));
#15167 = DIRECTION('',(0.,0.,-1.));
#15168 = DIRECTION('',(-6.037819407371E-02,-0.998175572572,-0.));
#15169 = ORIENTED_EDGE('',*,*,#15170,.T.);
#15170 = EDGE_CURVE('',#15162,#15171,#15173,.T.);
#15171 = VERTEX_POINT('',#15172);
#15172 = CARTESIAN_POINT('',(-9.525,-2.54,1.56));
#15173 = LINE('',#15174,#15175);
#15174 = CARTESIAN_POINT('',(-9.522683,-2.693502,1.56));
#15175 = VECTOR('',#15176,1.);
#15176 = DIRECTION('',(-1.509254665144E-02,0.999886101031,0.));
#15177 = ORIENTED_EDGE('',*,*,#15178,.T.);
#15178 = EDGE_CURVE('',#15171,#15179,#15181,.T.);
#15179 = VERTEX_POINT('',#15180);
#15180 = CARTESIAN_POINT('',(-9.525,2.54,1.56));
#15181 = LINE('',#15182,#15183);
#15182 = CARTESIAN_POINT('',(-9.525,-2.54,1.56));
#15183 = VECTOR('',#15184,1.);
#15184 = DIRECTION('',(0.,1.,0.));
#15185 = ORIENTED_EDGE('',*,*,#15186,.T.);
#15186 = EDGE_CURVE('',#15179,#15061,#15187,.T.);
#15187 = LINE('',#15188,#15189);
#15188 = CARTESIAN_POINT('',(-9.525,2.54,1.56));
#15189 = VECTOR('',#15190,1.);
#15190 = DIRECTION('',(1.509254665144E-02,0.999886101031,0.));
#15191 = FACE_BOUND('',#15192,.F.);
#15192 = EDGE_LOOP('',(#15193));
#15193 = ORIENTED_EDGE('',*,*,#15194,.T.);
#15194 = EDGE_CURVE('',#15195,#15195,#15197,.T.);
#15195 = VERTEX_POINT('',#15196);
#15196 = CARTESIAN_POINT('',(-5.085,0.,1.56));
#15197 = CIRCLE('',#15198,1.9);
#15198 = AXIS2_PLACEMENT_3D('',#15199,#15200,#15201);
#15199 = CARTESIAN_POINT('',(-6.985,-0.,1.56));
#15200 = DIRECTION('',(0.,0.,1.));
#15201 = DIRECTION('',(1.,0.,-0.));
#15202 = FACE_BOUND('',#15203,.F.);
#15203 = EDGE_LOOP('',(#15204));
#15204 = ORIENTED_EDGE('',*,*,#15205,.T.);
#15205 = EDGE_CURVE('',#15206,#15206,#15208,.T.);
#15206 = VERTEX_POINT('',#15207);
#15207 = CARTESIAN_POINT('',(8.885,0.,1.56));
#15208 = CIRCLE('',#15209,1.9);
#15209 = AXIS2_PLACEMENT_3D('',#15210,#15211,#15212);
#15210 = CARTESIAN_POINT('',(6.985,-0.,1.56));
#15211 = DIRECTION('',(0.,0.,1.));
#15212 = DIRECTION('',(1.,0.,-0.));
#15213 = FACE_BOUND('',#15214,.F.);
#15214 = EDGE_LOOP('',(#15215,#15226,#15234,#15243,#15251,#15260,#15268,
    #15277));
#15215 = ORIENTED_EDGE('',*,*,#15216,.T.);
#15216 = EDGE_CURVE('',#15217,#15219,#15221,.T.);
#15217 = VERTEX_POINT('',#15218);
#15218 = CARTESIAN_POINT('',(-0.998,-0.375,1.56));
#15219 = VERTEX_POINT('',#15220);
#15220 = CARTESIAN_POINT('',(-1.1,-0.273,1.56));
#15221 = CIRCLE('',#15222,0.101999630178);
#15222 = AXIS2_PLACEMENT_3D('',#15223,#15224,#15225);
#15223 = CARTESIAN_POINT('',(-1.099999630178,-0.374999630178,1.56));
#15224 = DIRECTION('',(0.,0.,1.));
#15225 = DIRECTION('',(0.999999999993,-3.625723782753E-06,0.));
#15226 = ORIENTED_EDGE('',*,*,#15227,.T.);
#15227 = EDGE_CURVE('',#15219,#15228,#15230,.T.);
#15228 = VERTEX_POINT('',#15229);
#15229 = CARTESIAN_POINT('',(-1.65,-0.273,1.56));
#15230 = LINE('',#15231,#15232);
#15231 = CARTESIAN_POINT('',(-1.1,-0.273,1.56));
#15232 = VECTOR('',#15233,1.);
#15233 = DIRECTION('',(-1.,0.,0.));
#15234 = ORIENTED_EDGE('',*,*,#15235,.T.);
#15235 = EDGE_CURVE('',#15228,#15236,#15238,.T.);
#15236 = VERTEX_POINT('',#15237);
#15237 = CARTESIAN_POINT('',(-1.752,-0.375,1.56));
#15238 = CIRCLE('',#15239,0.101999630178);
#15239 = AXIS2_PLACEMENT_3D('',#15240,#15241,#15242);
#15240 = CARTESIAN_POINT('',(-1.650000369822,-0.374999630178,1.56));
#15241 = DIRECTION('',(0.,0.,1.));
#15242 = DIRECTION('',(3.625723783842E-06,0.999999999993,-0.));
#15243 = ORIENTED_EDGE('',*,*,#15244,.T.);
#15244 = EDGE_CURVE('',#15236,#15245,#15247,.T.);
#15245 = VERTEX_POINT('',#15246);
#15246 = CARTESIAN_POINT('',(-1.752,-0.625,1.56));
#15247 = LINE('',#15248,#15249);
#15248 = CARTESIAN_POINT('',(-1.752,-0.375,1.56));
#15249 = VECTOR('',#15250,1.);
#15250 = DIRECTION('',(0.,-1.,0.));
#15251 = ORIENTED_EDGE('',*,*,#15252,.T.);
#15252 = EDGE_CURVE('',#15245,#15253,#15255,.T.);
#15253 = VERTEX_POINT('',#15254);
#15254 = CARTESIAN_POINT('',(-1.65,-0.727,1.56));
#15255 = CIRCLE('',#15256,0.101999630178);
#15256 = AXIS2_PLACEMENT_3D('',#15257,#15258,#15259);
#15257 = CARTESIAN_POINT('',(-1.650000369822,-0.625000369822,1.56));
#15258 = DIRECTION('',(0.,0.,1.));
#15259 = DIRECTION('',(-0.999999999993,3.625723782753E-06,0.));
#15260 = ORIENTED_EDGE('',*,*,#15261,.T.);
#15261 = EDGE_CURVE('',#15253,#15262,#15264,.T.);
#15262 = VERTEX_POINT('',#15263);
#15263 = CARTESIAN_POINT('',(-1.1,-0.727,1.56));
#15264 = LINE('',#15265,#15266);
#15265 = CARTESIAN_POINT('',(-1.65,-0.727,1.56));
#15266 = VECTOR('',#15267,1.);
#15267 = DIRECTION('',(1.,0.,0.));
#15268 = ORIENTED_EDGE('',*,*,#15269,.T.);
#15269 = EDGE_CURVE('',#15262,#15270,#15272,.T.);
#15270 = VERTEX_POINT('',#15271);
#15271 = CARTESIAN_POINT('',(-0.998,-0.625,1.56));
#15272 = CIRCLE('',#15273,0.101999630178);
#15273 = AXIS2_PLACEMENT_3D('',#15274,#15275,#15276);
#15274 = CARTESIAN_POINT('',(-1.099999630178,-0.625000369822,1.56));
#15275 = DIRECTION('',(0.,0.,1.));
#15276 = DIRECTION('',(-3.625723783842E-06,-0.999999999993,0.));
#15277 = ORIENTED_EDGE('',*,*,#15278,.T.);
#15278 = EDGE_CURVE('',#15270,#15217,#15279,.T.);
#15279 = LINE('',#15280,#15281);
#15280 = CARTESIAN_POINT('',(-0.998,-0.625,1.56));
#15281 = VECTOR('',#15282,1.);
#15282 = DIRECTION('',(0.,1.,0.));
#15283 = FACE_BOUND('',#15284,.F.);
#15284 = EDGE_LOOP('',(#15285,#15296,#15304,#15313,#15321,#15330,#15338,
    #15347));
#15285 = ORIENTED_EDGE('',*,*,#15286,.T.);
#15286 = EDGE_CURVE('',#15287,#15289,#15291,.T.);
#15287 = VERTEX_POINT('',#15288);
#15288 = CARTESIAN_POINT('',(1.752,-0.375,1.56));
#15289 = VERTEX_POINT('',#15290);
#15290 = CARTESIAN_POINT('',(1.65,-0.273,1.56));
#15291 = CIRCLE('',#15292,0.101999630178);
#15292 = AXIS2_PLACEMENT_3D('',#15293,#15294,#15295);
#15293 = CARTESIAN_POINT('',(1.650000369822,-0.374999630178,1.56));
#15294 = DIRECTION('',(0.,0.,1.));
#15295 = DIRECTION('',(0.999999999993,-3.625723782753E-06,0.));
#15296 = ORIENTED_EDGE('',*,*,#15297,.T.);
#15297 = EDGE_CURVE('',#15289,#15298,#15300,.T.);
#15298 = VERTEX_POINT('',#15299);
#15299 = CARTESIAN_POINT('',(1.1,-0.273,1.56));
#15300 = LINE('',#15301,#15302);
#15301 = CARTESIAN_POINT('',(1.65,-0.273,1.56));
#15302 = VECTOR('',#15303,1.);
#15303 = DIRECTION('',(-1.,0.,0.));
#15304 = ORIENTED_EDGE('',*,*,#15305,.T.);
#15305 = EDGE_CURVE('',#15298,#15306,#15308,.T.);
#15306 = VERTEX_POINT('',#15307);
#15307 = CARTESIAN_POINT('',(0.998,-0.375,1.56));
#15308 = CIRCLE('',#15309,0.101999630178);
#15309 = AXIS2_PLACEMENT_3D('',#15310,#15311,#15312);
#15310 = CARTESIAN_POINT('',(1.099999630178,-0.374999630178,1.56));
#15311 = DIRECTION('',(0.,0.,1.));
#15312 = DIRECTION('',(3.625723783842E-06,0.999999999993,-0.));
#15313 = ORIENTED_EDGE('',*,*,#15314,.T.);
#15314 = EDGE_CURVE('',#15306,#15315,#15317,.T.);
#15315 = VERTEX_POINT('',#15316);
#15316 = CARTESIAN_POINT('',(0.998,-0.625,1.56));
#15317 = LINE('',#15318,#15319);
#15318 = CARTESIAN_POINT('',(0.998,-0.375,1.56));
#15319 = VECTOR('',#15320,1.);
#15320 = DIRECTION('',(0.,-1.,0.));
#15321 = ORIENTED_EDGE('',*,*,#15322,.T.);
#15322 = EDGE_CURVE('',#15315,#15323,#15325,.T.);
#15323 = VERTEX_POINT('',#15324);
#15324 = CARTESIAN_POINT('',(1.1,-0.727,1.56));
#15325 = CIRCLE('',#15326,0.101999630178);
#15326 = AXIS2_PLACEMENT_3D('',#15327,#15328,#15329);
#15327 = CARTESIAN_POINT('',(1.099999630178,-0.625000369822,1.56));
#15328 = DIRECTION('',(0.,0.,1.));
#15329 = DIRECTION('',(-0.999999999993,3.625723782753E-06,0.));
#15330 = ORIENTED_EDGE('',*,*,#15331,.T.);
#15331 = EDGE_CURVE('',#15323,#15332,#15334,.T.);
#15332 = VERTEX_POINT('',#15333);
#15333 = CARTESIAN_POINT('',(1.65,-0.727,1.56));
#15334 = LINE('',#15335,#15336);
#15335 = CARTESIAN_POINT('',(1.1,-0.727,1.56));
#15336 = VECTOR('',#15337,1.);
#15337 = DIRECTION('',(1.,0.,0.));
#15338 = ORIENTED_EDGE('',*,*,#15339,.T.);
#15339 = EDGE_CURVE('',#15332,#15340,#15342,.T.);
#15340 = VERTEX_POINT('',#15341);
#15341 = CARTESIAN_POINT('',(1.752,-0.625,1.56));
#15342 = CIRCLE('',#15343,0.101999630178);
#15343 = AXIS2_PLACEMENT_3D('',#15344,#15345,#15346);
#15344 = CARTESIAN_POINT('',(1.650000369822,-0.625000369822,1.56));
#15345 = DIRECTION('',(0.,0.,1.));
#15346 = DIRECTION('',(-3.625723783842E-06,-0.999999999993,0.));
#15347 = ORIENTED_EDGE('',*,*,#15348,.T.);
#15348 = EDGE_CURVE('',#15340,#15287,#15349,.T.);
#15349 = LINE('',#15350,#15351);
#15350 = CARTESIAN_POINT('',(1.752,-0.625,1.56));
#15351 = VECTOR('',#15352,1.);
#15352 = DIRECTION('',(0.,1.,0.));
#15353 = FACE_BOUND('',#15354,.F.);
#15354 = EDGE_LOOP('',(#15355,#15366,#15374,#15383,#15391,#15400,#15408,
    #15417));
#15355 = ORIENTED_EDGE('',*,*,#15356,.T.);
#15356 = EDGE_CURVE('',#15357,#15359,#15361,.T.);
#15357 = VERTEX_POINT('',#15358);
#15358 = CARTESIAN_POINT('',(-0.998,0.125,1.56));
#15359 = VERTEX_POINT('',#15360);
#15360 = CARTESIAN_POINT('',(-1.1,0.227,1.56));
#15361 = CIRCLE('',#15362,0.101999630178);
#15362 = AXIS2_PLACEMENT_3D('',#15363,#15364,#15365);
#15363 = CARTESIAN_POINT('',(-1.099999630178,0.125000369822,1.56));
#15364 = DIRECTION('',(0.,0.,1.));
#15365 = DIRECTION('',(0.999999999993,-3.625723782753E-06,0.));
#15366 = ORIENTED_EDGE('',*,*,#15367,.T.);
#15367 = EDGE_CURVE('',#15359,#15368,#15370,.T.);
#15368 = VERTEX_POINT('',#15369);
#15369 = CARTESIAN_POINT('',(-1.65,0.227,1.56));
#15370 = LINE('',#15371,#15372);
#15371 = CARTESIAN_POINT('',(-1.1,0.227,1.56));
#15372 = VECTOR('',#15373,1.);
#15373 = DIRECTION('',(-1.,0.,0.));
#15374 = ORIENTED_EDGE('',*,*,#15375,.T.);
#15375 = EDGE_CURVE('',#15368,#15376,#15378,.T.);
#15376 = VERTEX_POINT('',#15377);
#15377 = CARTESIAN_POINT('',(-1.752,0.125,1.56));
#15378 = CIRCLE('',#15379,0.101999630178);
#15379 = AXIS2_PLACEMENT_3D('',#15380,#15381,#15382);
#15380 = CARTESIAN_POINT('',(-1.650000369822,0.125000369822,1.56));
#15381 = DIRECTION('',(0.,0.,1.));
#15382 = DIRECTION('',(3.625723783842E-06,0.999999999993,-0.));
#15383 = ORIENTED_EDGE('',*,*,#15384,.T.);
#15384 = EDGE_CURVE('',#15376,#15385,#15387,.T.);
#15385 = VERTEX_POINT('',#15386);
#15386 = CARTESIAN_POINT('',(-1.752,-0.125,1.56));
#15387 = LINE('',#15388,#15389);
#15388 = CARTESIAN_POINT('',(-1.752,0.125,1.56));
#15389 = VECTOR('',#15390,1.);
#15390 = DIRECTION('',(0.,-1.,0.));
#15391 = ORIENTED_EDGE('',*,*,#15392,.T.);
#15392 = EDGE_CURVE('',#15385,#15393,#15395,.T.);
#15393 = VERTEX_POINT('',#15394);
#15394 = CARTESIAN_POINT('',(-1.65,-0.227,1.56));
#15395 = CIRCLE('',#15396,0.101999630178);
#15396 = AXIS2_PLACEMENT_3D('',#15397,#15398,#15399);
#15397 = CARTESIAN_POINT('',(-1.650000369822,-0.125000369822,1.56));
#15398 = DIRECTION('',(0.,0.,1.));
#15399 = DIRECTION('',(-0.999999999993,3.625723782753E-06,0.));
#15400 = ORIENTED_EDGE('',*,*,#15401,.T.);
#15401 = EDGE_CURVE('',#15393,#15402,#15404,.T.);
#15402 = VERTEX_POINT('',#15403);
#15403 = CARTESIAN_POINT('',(-1.1,-0.227,1.56));
#15404 = LINE('',#15405,#15406);
#15405 = CARTESIAN_POINT('',(-1.65,-0.227,1.56));
#15406 = VECTOR('',#15407,1.);
#15407 = DIRECTION('',(1.,0.,0.));
#15408 = ORIENTED_EDGE('',*,*,#15409,.T.);
#15409 = EDGE_CURVE('',#15402,#15410,#15412,.T.);
#15410 = VERTEX_POINT('',#15411);
#15411 = CARTESIAN_POINT('',(-0.998,-0.125,1.56));
#15412 = CIRCLE('',#15413,0.101999630178);
#15413 = AXIS2_PLACEMENT_3D('',#15414,#15415,#15416);
#15414 = CARTESIAN_POINT('',(-1.099999630178,-0.125000369822,1.56));
#15415 = DIRECTION('',(0.,0.,1.));
#15416 = DIRECTION('',(-3.625723783842E-06,-0.999999999993,0.));
#15417 = ORIENTED_EDGE('',*,*,#15418,.T.);
#15418 = EDGE_CURVE('',#15410,#15357,#15419,.T.);
#15419 = LINE('',#15420,#15421);
#15420 = CARTESIAN_POINT('',(-0.998,-0.125,1.56));
#15421 = VECTOR('',#15422,1.);
#15422 = DIRECTION('',(0.,1.,0.));
#15423 = FACE_BOUND('',#15424,.F.);
#15424 = EDGE_LOOP('',(#15425,#15436,#15444,#15453,#15461,#15470,#15478,
    #15487));
#15425 = ORIENTED_EDGE('',*,*,#15426,.T.);
#15426 = EDGE_CURVE('',#15427,#15429,#15431,.T.);
#15427 = VERTEX_POINT('',#15428);
#15428 = CARTESIAN_POINT('',(1.752,0.125,1.56));
#15429 = VERTEX_POINT('',#15430);
#15430 = CARTESIAN_POINT('',(1.65,0.227,1.56));
#15431 = CIRCLE('',#15432,0.101999630178);
#15432 = AXIS2_PLACEMENT_3D('',#15433,#15434,#15435);
#15433 = CARTESIAN_POINT('',(1.650000369822,0.125000369822,1.56));
#15434 = DIRECTION('',(0.,0.,1.));
#15435 = DIRECTION('',(0.999999999993,-3.625723782753E-06,0.));
#15436 = ORIENTED_EDGE('',*,*,#15437,.T.);
#15437 = EDGE_CURVE('',#15429,#15438,#15440,.T.);
#15438 = VERTEX_POINT('',#15439);
#15439 = CARTESIAN_POINT('',(1.1,0.227,1.56));
#15440 = LINE('',#15441,#15442);
#15441 = CARTESIAN_POINT('',(1.65,0.227,1.56));
#15442 = VECTOR('',#15443,1.);
#15443 = DIRECTION('',(-1.,0.,0.));
#15444 = ORIENTED_EDGE('',*,*,#15445,.T.);
#15445 = EDGE_CURVE('',#15438,#15446,#15448,.T.);
#15446 = VERTEX_POINT('',#15447);
#15447 = CARTESIAN_POINT('',(0.998,0.125,1.56));
#15448 = CIRCLE('',#15449,0.101999630178);
#15449 = AXIS2_PLACEMENT_3D('',#15450,#15451,#15452);
#15450 = CARTESIAN_POINT('',(1.099999630178,0.125000369822,1.56));
#15451 = DIRECTION('',(0.,0.,1.));
#15452 = DIRECTION('',(3.625723783842E-06,0.999999999993,-0.));
#15453 = ORIENTED_EDGE('',*,*,#15454,.T.);
#15454 = EDGE_CURVE('',#15446,#15455,#15457,.T.);
#15455 = VERTEX_POINT('',#15456);
#15456 = CARTESIAN_POINT('',(0.998,-0.125,1.56));
#15457 = LINE('',#15458,#15459);
#15458 = CARTESIAN_POINT('',(0.998,0.125,1.56));
#15459 = VECTOR('',#15460,1.);
#15460 = DIRECTION('',(0.,-1.,0.));
#15461 = ORIENTED_EDGE('',*,*,#15462,.T.);
#15462 = EDGE_CURVE('',#15455,#15463,#15465,.T.);
#15463 = VERTEX_POINT('',#15464);
#15464 = CARTESIAN_POINT('',(1.1,-0.227,1.56));
#15465 = CIRCLE('',#15466,0.101999630178);
#15466 = AXIS2_PLACEMENT_3D('',#15467,#15468,#15469);
#15467 = CARTESIAN_POINT('',(1.099999630178,-0.125000369822,1.56));
#15468 = DIRECTION('',(0.,0.,1.));
#15469 = DIRECTION('',(-0.999999999993,3.625723782753E-06,0.));
#15470 = ORIENTED_EDGE('',*,*,#15471,.T.);
#15471 = EDGE_CURVE('',#15463,#15472,#15474,.T.);
#15472 = VERTEX_POINT('',#15473);
#15473 = CARTESIAN_POINT('',(1.65,-0.227,1.56));
#15474 = LINE('',#15475,#15476);
#15475 = CARTESIAN_POINT('',(1.1,-0.227,1.56));
#15476 = VECTOR('',#15477,1.);
#15477 = DIRECTION('',(1.,0.,0.));
#15478 = ORIENTED_EDGE('',*,*,#15479,.T.);
#15479 = EDGE_CURVE('',#15472,#15480,#15482,.T.);
#15480 = VERTEX_POINT('',#15481);
#15481 = CARTESIAN_POINT('',(1.752,-0.125,1.56));
#15482 = CIRCLE('',#15483,0.101999630178);
#15483 = AXIS2_PLACEMENT_3D('',#15484,#15485,#15486);
#15484 = CARTESIAN_POINT('',(1.650000369822,-0.125000369822,1.56));
#15485 = DIRECTION('',(0.,0.,1.));
#15486 = DIRECTION('',(-3.625723783842E-06,-0.999999999993,0.));
#15487 = ORIENTED_EDGE('',*,*,#15488,.T.);
#15488 = EDGE_CURVE('',#15480,#15427,#15489,.T.);
#15489 = LINE('',#15490,#15491);
#15490 = CARTESIAN_POINT('',(1.752,-0.125,1.56));
#15491 = VECTOR('',#15492,1.);
#15492 = DIRECTION('',(0.,1.,0.));
#15493 = FACE_BOUND('',#15494,.F.);
#15494 = EDGE_LOOP('',(#15495,#15506,#15514,#15523,#15531,#15540,#15548,
    #15557));
#15495 = ORIENTED_EDGE('',*,*,#15496,.T.);
#15496 = EDGE_CURVE('',#15497,#15499,#15501,.T.);
#15497 = VERTEX_POINT('',#15498);
#15498 = CARTESIAN_POINT('',(-0.998,0.625,1.56));
#15499 = VERTEX_POINT('',#15500);
#15500 = CARTESIAN_POINT('',(-1.1,0.727,1.56));
#15501 = CIRCLE('',#15502,0.101999630178);
#15502 = AXIS2_PLACEMENT_3D('',#15503,#15504,#15505);
#15503 = CARTESIAN_POINT('',(-1.099999630178,0.625000369822,1.56));
#15504 = DIRECTION('',(0.,0.,1.));
#15505 = DIRECTION('',(0.999999999993,-3.625723782753E-06,0.));
#15506 = ORIENTED_EDGE('',*,*,#15507,.T.);
#15507 = EDGE_CURVE('',#15499,#15508,#15510,.T.);
#15508 = VERTEX_POINT('',#15509);
#15509 = CARTESIAN_POINT('',(-1.65,0.727,1.56));
#15510 = LINE('',#15511,#15512);
#15511 = CARTESIAN_POINT('',(-1.1,0.727,1.56));
#15512 = VECTOR('',#15513,1.);
#15513 = DIRECTION('',(-1.,0.,0.));
#15514 = ORIENTED_EDGE('',*,*,#15515,.T.);
#15515 = EDGE_CURVE('',#15508,#15516,#15518,.T.);
#15516 = VERTEX_POINT('',#15517);
#15517 = CARTESIAN_POINT('',(-1.752,0.625,1.56));
#15518 = CIRCLE('',#15519,0.101999630178);
#15519 = AXIS2_PLACEMENT_3D('',#15520,#15521,#15522);
#15520 = CARTESIAN_POINT('',(-1.650000369822,0.625000369822,1.56));
#15521 = DIRECTION('',(0.,0.,1.));
#15522 = DIRECTION('',(3.625723783842E-06,0.999999999993,-0.));
#15523 = ORIENTED_EDGE('',*,*,#15524,.T.);
#15524 = EDGE_CURVE('',#15516,#15525,#15527,.T.);
#15525 = VERTEX_POINT('',#15526);
#15526 = CARTESIAN_POINT('',(-1.752,0.375,1.56));
#15527 = LINE('',#15528,#15529);
#15528 = CARTESIAN_POINT('',(-1.752,0.625,1.56));
#15529 = VECTOR('',#15530,1.);
#15530 = DIRECTION('',(0.,-1.,0.));
#15531 = ORIENTED_EDGE('',*,*,#15532,.T.);
#15532 = EDGE_CURVE('',#15525,#15533,#15535,.T.);
#15533 = VERTEX_POINT('',#15534);
#15534 = CARTESIAN_POINT('',(-1.65,0.273,1.56));
#15535 = CIRCLE('',#15536,0.101999630178);
#15536 = AXIS2_PLACEMENT_3D('',#15537,#15538,#15539);
#15537 = CARTESIAN_POINT('',(-1.650000369822,0.374999630178,1.56));
#15538 = DIRECTION('',(0.,0.,1.));
#15539 = DIRECTION('',(-0.999999999993,3.625723782753E-06,0.));
#15540 = ORIENTED_EDGE('',*,*,#15541,.T.);
#15541 = EDGE_CURVE('',#15533,#15542,#15544,.T.);
#15542 = VERTEX_POINT('',#15543);
#15543 = CARTESIAN_POINT('',(-1.1,0.273,1.56));
#15544 = LINE('',#15545,#15546);
#15545 = CARTESIAN_POINT('',(-1.65,0.273,1.56));
#15546 = VECTOR('',#15547,1.);
#15547 = DIRECTION('',(1.,0.,0.));
#15548 = ORIENTED_EDGE('',*,*,#15549,.T.);
#15549 = EDGE_CURVE('',#15542,#15550,#15552,.T.);
#15550 = VERTEX_POINT('',#15551);
#15551 = CARTESIAN_POINT('',(-0.998,0.375,1.56));
#15552 = CIRCLE('',#15553,0.101999630178);
#15553 = AXIS2_PLACEMENT_3D('',#15554,#15555,#15556);
#15554 = CARTESIAN_POINT('',(-1.099999630178,0.374999630178,1.56));
#15555 = DIRECTION('',(0.,0.,1.));
#15556 = DIRECTION('',(-3.625723783842E-06,-0.999999999993,0.));
#15557 = ORIENTED_EDGE('',*,*,#15558,.T.);
#15558 = EDGE_CURVE('',#15550,#15497,#15559,.T.);
#15559 = LINE('',#15560,#15561);
#15560 = CARTESIAN_POINT('',(-0.998,0.375,1.56));
#15561 = VECTOR('',#15562,1.);
#15562 = DIRECTION('',(0.,1.,0.));
#15563 = FACE_BOUND('',#15564,.F.);
#15564 = EDGE_LOOP('',(#15565,#15576,#15584,#15593,#15601,#15610,#15618,
    #15627));
#15565 = ORIENTED_EDGE('',*,*,#15566,.T.);
#15566 = EDGE_CURVE('',#15567,#15569,#15571,.T.);
#15567 = VERTEX_POINT('',#15568);
#15568 = CARTESIAN_POINT('',(1.752,0.625,1.56));
#15569 = VERTEX_POINT('',#15570);
#15570 = CARTESIAN_POINT('',(1.65,0.727,1.56));
#15571 = CIRCLE('',#15572,0.101999630178);
#15572 = AXIS2_PLACEMENT_3D('',#15573,#15574,#15575);
#15573 = CARTESIAN_POINT('',(1.650000369822,0.625000369822,1.56));
#15574 = DIRECTION('',(0.,0.,1.));
#15575 = DIRECTION('',(0.999999999993,-3.625723782753E-06,0.));
#15576 = ORIENTED_EDGE('',*,*,#15577,.T.);
#15577 = EDGE_CURVE('',#15569,#15578,#15580,.T.);
#15578 = VERTEX_POINT('',#15579);
#15579 = CARTESIAN_POINT('',(1.1,0.727,1.56));
#15580 = LINE('',#15581,#15582);
#15581 = CARTESIAN_POINT('',(1.65,0.727,1.56));
#15582 = VECTOR('',#15583,1.);
#15583 = DIRECTION('',(-1.,0.,0.));
#15584 = ORIENTED_EDGE('',*,*,#15585,.T.);
#15585 = EDGE_CURVE('',#15578,#15586,#15588,.T.);
#15586 = VERTEX_POINT('',#15587);
#15587 = CARTESIAN_POINT('',(0.998,0.625,1.56));
#15588 = CIRCLE('',#15589,0.101999630178);
#15589 = AXIS2_PLACEMENT_3D('',#15590,#15591,#15592);
#15590 = CARTESIAN_POINT('',(1.099999630178,0.625000369822,1.56));
#15591 = DIRECTION('',(0.,0.,1.));
#15592 = DIRECTION('',(3.625723783842E-06,0.999999999993,-0.));
#15593 = ORIENTED_EDGE('',*,*,#15594,.T.);
#15594 = EDGE_CURVE('',#15586,#15595,#15597,.T.);
#15595 = VERTEX_POINT('',#15596);
#15596 = CARTESIAN_POINT('',(0.998,0.375,1.56));
#15597 = LINE('',#15598,#15599);
#15598 = CARTESIAN_POINT('',(0.998,0.625,1.56));
#15599 = VECTOR('',#15600,1.);
#15600 = DIRECTION('',(0.,-1.,0.));
#15601 = ORIENTED_EDGE('',*,*,#15602,.T.);
#15602 = EDGE_CURVE('',#15595,#15603,#15605,.T.);
#15603 = VERTEX_POINT('',#15604);
#15604 = CARTESIAN_POINT('',(1.1,0.273,1.56));
#15605 = CIRCLE('',#15606,0.101999630178);
#15606 = AXIS2_PLACEMENT_3D('',#15607,#15608,#15609);
#15607 = CARTESIAN_POINT('',(1.099999630178,0.374999630178,1.56));
#15608 = DIRECTION('',(0.,0.,1.));
#15609 = DIRECTION('',(-0.999999999993,3.625723782753E-06,0.));
#15610 = ORIENTED_EDGE('',*,*,#15611,.T.);
#15611 = EDGE_CURVE('',#15603,#15612,#15614,.T.);
#15612 = VERTEX_POINT('',#15613);
#15613 = CARTESIAN_POINT('',(1.65,0.273,1.56));
#15614 = LINE('',#15615,#15616);
#15615 = CARTESIAN_POINT('',(1.1,0.273,1.56));
#15616 = VECTOR('',#15617,1.);
#15617 = DIRECTION('',(1.,0.,0.));
#15618 = ORIENTED_EDGE('',*,*,#15619,.T.);
#15619 = EDGE_CURVE('',#15612,#15620,#15622,.T.);
#15620 = VERTEX_POINT('',#15621);
#15621 = CARTESIAN_POINT('',(1.752,0.375,1.56));
#15622 = CIRCLE('',#15623,0.101999630178);
#15623 = AXIS2_PLACEMENT_3D('',#15624,#15625,#15626);
#15624 = CARTESIAN_POINT('',(1.650000369822,0.374999630178,1.56));
#15625 = DIRECTION('',(0.,0.,1.));
#15626 = DIRECTION('',(-3.625723783842E-06,-0.999999999993,0.));
#15627 = ORIENTED_EDGE('',*,*,#15628,.T.);
#15628 = EDGE_CURVE('',#15620,#15567,#15629,.T.);
#15629 = LINE('',#15630,#15631);
#15630 = CARTESIAN_POINT('',(1.752,0.375,1.56));
#15631 = VECTOR('',#15632,1.);
#15632 = DIRECTION('',(0.,1.,0.));
#15633 = PLANE('',#15634);
#15634 = AXIS2_PLACEMENT_3D('',#15635,#15636,#15637);
#15635 = CARTESIAN_POINT('',(0.,0.,1.56));
#15636 = DIRECTION('',(0.,0.,1.));
#15637 = DIRECTION('',(1.,0.,-0.));
#15638 = ( GEOMETRIC_REPRESENTATION_CONTEXT(3) 
GLOBAL_UNCERTAINTY_ASSIGNED_CONTEXT((#15642)) 
GLOBAL_UNIT_ASSIGNED_CONTEXT((#15639,#15640,#15641)) 
REPRESENTATION_CONTEXT('Context #1',
  '3D Context with UNIT and UNCERTAINTY') );
#15639 = ( LENGTH_UNIT() NAMED_UNIT(*) SI_UNIT(.MILLI.,.METRE.) );
#15640 = ( NAMED_UNIT(*) PLANE_ANGLE_UNIT() SI_UNIT($,.RADIAN.) );
#15641 = ( NAMED_UNIT(*) SI_UNIT($,.STERADIAN.) SOLID_ANGLE_UNIT() );
#15642 = UNCERTAINTY_MEASURE_WITH_UNIT(LENGTH_MEASURE(1.E-07),#15639,
  'distance_accuracy_value','confusion accuracy');
#15643 = CONTEXT_DEPENDENT_SHAPE_REPRESENTATION(#15644,#15646);
#15644 = ( REPRESENTATION_RELATIONSHIP('','',#15053,#10) 
REPRESENTATION_RELATIONSHIP_WITH_TRANSFORMATION(#15645) 
SHAPE_REPRESENTATION_RELATIONSHIP() );
#15645 = ITEM_DEFINED_TRANSFORMATION('','',#11,#51);
#15646 = PRODUCT_DEFINITION_SHAPE('Placement','Placement of an item',
  #15647);
#15647 = NEXT_ASSEMBLY_USAGE_OCCURRENCE('10','=>[0:1:1:7]','',#5,#15048,
  $);
#15648 = PRODUCT_RELATED_PRODUCT_CATEGORY('part',$,(#15050));
#15649 = SHAPE_DEFINITION_REPRESENTATION(#15650,#15656);
#15650 = PRODUCT_DEFINITION_SHAPE('','',#15651);
#15651 = PRODUCT_DEFINITION('design','',#15652,#15655);
#15652 = PRODUCT_DEFINITION_FORMATION('','',#15653);
#15653 = PRODUCT('BH1750_soldermask','BH1750_soldermask','',(#15654));
#15654 = PRODUCT_CONTEXT('',#2,'mechanical');
#15655 = PRODUCT_DEFINITION_CONTEXT('part definition',#2,'design');
#15656 = MANIFOLD_SURFACE_SHAPE_REPRESENTATION('',(#11,#15657),#16865);
#15657 = SHELL_BASED_SURFACE_MODEL('',(#15658));
#15658 = OPEN_SHELL('',(#15659));
#15659 = ADVANCED_FACE('',(#15660,#15794,#15828,#15862,#15873,#15884,
    #15954,#15988,#16022,#16056,#16090,#16160,#16230,#16300,#16370,
    #16440,#16510,#16580,#16650,#16720,#16790),#16860,.T.);
#15660 = FACE_BOUND('',#15661,.T.);
#15661 = EDGE_LOOP('',(#15662,#15673,#15681,#15689,#15697,#15706,#15714,
    #15722,#15730,#15739,#15747,#15755,#15763,#15772,#15780,#15788));
#15662 = ORIENTED_EDGE('',*,*,#15663,.T.);
#15663 = EDGE_CURVE('',#15664,#15666,#15668,.T.);
#15664 = VERTEX_POINT('',#15665);
#15665 = CARTESIAN_POINT('',(-9.522683,2.693502,-5.E-02));
#15666 = VERTEX_POINT('',#15667);
#15667 = CARTESIAN_POINT('',(-7.138502,5.077683,-5.E-02));
#15668 = CIRCLE('',#15669,2.542319966619);
#15669 = AXIS2_PLACEMENT_3D('',#15670,#15671,#15672);
#15670 = CARTESIAN_POINT('',(-6.985001311658,2.540001311658,-5.E-02));
#15671 = DIRECTION('',(0.,0.,-1.));
#15672 = DIRECTION('',(-0.998175572572,6.037819407371E-02,0.));
#15673 = ORIENTED_EDGE('',*,*,#15674,.T.);
#15674 = EDGE_CURVE('',#15666,#15675,#15677,.T.);
#15675 = VERTEX_POINT('',#15676);
#15676 = CARTESIAN_POINT('',(-6.985,5.08,-5.E-02));
#15677 = LINE('',#15678,#15679);
#15678 = CARTESIAN_POINT('',(-7.138502,5.077683,-5.E-02));
#15679 = VECTOR('',#15680,1.);
#15680 = DIRECTION('',(0.999886101031,1.509254665144E-02,0.));
#15681 = ORIENTED_EDGE('',*,*,#15682,.T.);
#15682 = EDGE_CURVE('',#15675,#15683,#15685,.T.);
#15683 = VERTEX_POINT('',#15684);
#15684 = CARTESIAN_POINT('',(6.985,5.08,-5.E-02));
#15685 = LINE('',#15686,#15687);
#15686 = CARTESIAN_POINT('',(-6.985,5.08,-5.E-02));
#15687 = VECTOR('',#15688,1.);
#15688 = DIRECTION('',(1.,0.,0.));
#15689 = ORIENTED_EDGE('',*,*,#15690,.T.);
#15690 = EDGE_CURVE('',#15683,#15691,#15693,.T.);
#15691 = VERTEX_POINT('',#15692);
#15692 = CARTESIAN_POINT('',(7.138502,5.077683,-5.E-02));
#15693 = LINE('',#15694,#15695);
#15694 = CARTESIAN_POINT('',(6.985,5.08,-5.E-02));
#15695 = VECTOR('',#15696,1.);
#15696 = DIRECTION('',(0.999886101031,-1.509254665144E-02,0.));
#15697 = ORIENTED_EDGE('',*,*,#15698,.T.);
#15698 = EDGE_CURVE('',#15691,#15699,#15701,.T.);
#15699 = VERTEX_POINT('',#15700);
#15700 = CARTESIAN_POINT('',(9.522683,2.693502,-5.E-02));
#15701 = CIRCLE('',#15702,2.542319966619);
#15702 = AXIS2_PLACEMENT_3D('',#15703,#15704,#15705);
#15703 = CARTESIAN_POINT('',(6.985001311658,2.540001311658,-5.E-02));
#15704 = DIRECTION('',(0.,0.,-1.));
#15705 = DIRECTION('',(6.037819407371E-02,0.998175572572,0.));
#15706 = ORIENTED_EDGE('',*,*,#15707,.T.);
#15707 = EDGE_CURVE('',#15699,#15708,#15710,.T.);
#15708 = VERTEX_POINT('',#15709);
#15709 = CARTESIAN_POINT('',(9.525,2.54,-5.E-02));
#15710 = LINE('',#15711,#15712);
#15711 = CARTESIAN_POINT('',(9.522683,2.693502,-5.E-02));
#15712 = VECTOR('',#15713,1.);
#15713 = DIRECTION('',(1.509254665144E-02,-0.999886101031,0.));
#15714 = ORIENTED_EDGE('',*,*,#15715,.T.);
#15715 = EDGE_CURVE('',#15708,#15716,#15718,.T.);
#15716 = VERTEX_POINT('',#15717);
#15717 = CARTESIAN_POINT('',(9.525,-2.54,-5.E-02));
#15718 = LINE('',#15719,#15720);
#15719 = CARTESIAN_POINT('',(9.525,2.54,-5.E-02));
#15720 = VECTOR('',#15721,1.);
#15721 = DIRECTION('',(0.,-1.,0.));
#15722 = ORIENTED_EDGE('',*,*,#15723,.T.);
#15723 = EDGE_CURVE('',#15716,#15724,#15726,.T.);
#15724 = VERTEX_POINT('',#15725);
#15725 = CARTESIAN_POINT('',(9.522683,-2.693502,-5.E-02));
#15726 = LINE('',#15727,#15728);
#15727 = CARTESIAN_POINT('',(9.525,-2.54,-5.E-02));
#15728 = VECTOR('',#15729,1.);
#15729 = DIRECTION('',(-1.509254665144E-02,-0.999886101031,0.));
#15730 = ORIENTED_EDGE('',*,*,#15731,.T.);
#15731 = EDGE_CURVE('',#15724,#15732,#15734,.T.);
#15732 = VERTEX_POINT('',#15733);
#15733 = CARTESIAN_POINT('',(7.138502,-5.077683,-5.E-02));
#15734 = CIRCLE('',#15735,2.542319966619);
#15735 = AXIS2_PLACEMENT_3D('',#15736,#15737,#15738);
#15736 = CARTESIAN_POINT('',(6.985001311658,-2.540001311658,-5.E-02));
#15737 = DIRECTION('',(0.,0.,-1.));
#15738 = DIRECTION('',(0.998175572572,-6.037819407371E-02,0.));
#15739 = ORIENTED_EDGE('',*,*,#15740,.T.);
#15740 = EDGE_CURVE('',#15732,#15741,#15743,.T.);
#15741 = VERTEX_POINT('',#15742);
#15742 = CARTESIAN_POINT('',(6.985,-5.08,-5.E-02));
#15743 = LINE('',#15744,#15745);
#15744 = CARTESIAN_POINT('',(7.138502,-5.077683,-5.E-02));
#15745 = VECTOR('',#15746,1.);
#15746 = DIRECTION('',(-0.999886101031,-1.509254665144E-02,0.));
#15747 = ORIENTED_EDGE('',*,*,#15748,.T.);
#15748 = EDGE_CURVE('',#15741,#15749,#15751,.T.);
#15749 = VERTEX_POINT('',#15750);
#15750 = CARTESIAN_POINT('',(-6.985,-5.08,-5.E-02));
#15751 = LINE('',#15752,#15753);
#15752 = CARTESIAN_POINT('',(6.985,-5.08,-5.E-02));
#15753 = VECTOR('',#15754,1.);
#15754 = DIRECTION('',(-1.,0.,0.));
#15755 = ORIENTED_EDGE('',*,*,#15756,.T.);
#15756 = EDGE_CURVE('',#15749,#15757,#15759,.T.);
#15757 = VERTEX_POINT('',#15758);
#15758 = CARTESIAN_POINT('',(-7.138502,-5.077683,-5.E-02));
#15759 = LINE('',#15760,#15761);
#15760 = CARTESIAN_POINT('',(-6.985,-5.08,-5.E-02));
#15761 = VECTOR('',#15762,1.);
#15762 = DIRECTION('',(-0.999886101031,1.509254665144E-02,0.));
#15763 = ORIENTED_EDGE('',*,*,#15764,.T.);
#15764 = EDGE_CURVE('',#15757,#15765,#15767,.T.);
#15765 = VERTEX_POINT('',#15766);
#15766 = CARTESIAN_POINT('',(-9.522683,-2.693502,-5.E-02));
#15767 = CIRCLE('',#15768,2.542319966619);
#15768 = AXIS2_PLACEMENT_3D('',#15769,#15770,#15771);
#15769 = CARTESIAN_POINT('',(-6.985001311658,-2.540001311658,-5.E-02));
#15770 = DIRECTION('',(0.,0.,-1.));
#15771 = DIRECTION('',(-6.037819407371E-02,-0.998175572572,-0.));
#15772 = ORIENTED_EDGE('',*,*,#15773,.T.);
#15773 = EDGE_CURVE('',#15765,#15774,#15776,.T.);
#15774 = VERTEX_POINT('',#15775);
#15775 = CARTESIAN_POINT('',(-9.525,-2.54,-5.E-02));
#15776 = LINE('',#15777,#15778);
#15777 = CARTESIAN_POINT('',(-9.522683,-2.693502,-5.E-02));
#15778 = VECTOR('',#15779,1.);
#15779 = DIRECTION('',(-1.509254665144E-02,0.999886101031,0.));
#15780 = ORIENTED_EDGE('',*,*,#15781,.T.);
#15781 = EDGE_CURVE('',#15774,#15782,#15784,.T.);
#15782 = VERTEX_POINT('',#15783);
#15783 = CARTESIAN_POINT('',(-9.525,2.54,-5.E-02));
#15784 = LINE('',#15785,#15786);
#15785 = CARTESIAN_POINT('',(-9.525,-2.54,-5.E-02));
#15786 = VECTOR('',#15787,1.);
#15787 = DIRECTION('',(0.,1.,0.));
#15788 = ORIENTED_EDGE('',*,*,#15789,.T.);
#15789 = EDGE_CURVE('',#15782,#15664,#15790,.T.);
#15790 = LINE('',#15791,#15792);
#15791 = CARTESIAN_POINT('',(-9.525,2.54,-5.E-02));
#15792 = VECTOR('',#15793,1.);
#15793 = DIRECTION('',(1.509254665144E-02,0.999886101031,0.));
#15794 = FACE_BOUND('',#15795,.T.);
#15795 = EDGE_LOOP('',(#15796,#15806,#15814,#15822));
#15796 = ORIENTED_EDGE('',*,*,#15797,.T.);
#15797 = EDGE_CURVE('',#15798,#15800,#15802,.T.);
#15798 = VERTEX_POINT('',#15799);
#15799 = CARTESIAN_POINT('',(-2.192,-4.775,-5.E-02));
#15800 = VERTEX_POINT('',#15801);
#15801 = CARTESIAN_POINT('',(-2.192,-2.975,-5.E-02));
#15802 = LINE('',#15803,#15804);
#15803 = CARTESIAN_POINT('',(-2.192,-4.775,-5.E-02));
#15804 = VECTOR('',#15805,1.);
#15805 = DIRECTION('',(0.,1.,0.));
#15806 = ORIENTED_EDGE('',*,*,#15807,.T.);
#15807 = EDGE_CURVE('',#15800,#15808,#15810,.T.);
#15808 = VERTEX_POINT('',#15809);
#15809 = CARTESIAN_POINT('',(-3.392,-2.975,-5.E-02));
#15810 = LINE('',#15811,#15812);
#15811 = CARTESIAN_POINT('',(-2.192,-2.975,-5.E-02));
#15812 = VECTOR('',#15813,1.);
#15813 = DIRECTION('',(-1.,0.,0.));
#15814 = ORIENTED_EDGE('',*,*,#15815,.T.);
#15815 = EDGE_CURVE('',#15808,#15816,#15818,.T.);
#15816 = VERTEX_POINT('',#15817);
#15817 = CARTESIAN_POINT('',(-3.392,-4.775,-5.E-02));
#15818 = LINE('',#15819,#15820);
#15819 = CARTESIAN_POINT('',(-3.392,-2.975,-5.E-02));
#15820 = VECTOR('',#15821,1.);
#15821 = DIRECTION('',(0.,-1.,0.));
#15822 = ORIENTED_EDGE('',*,*,#15823,.T.);
#15823 = EDGE_CURVE('',#15816,#15798,#15824,.T.);
#15824 = LINE('',#15825,#15826);
#15825 = CARTESIAN_POINT('',(-3.392,-4.775,-5.E-02));
#15826 = VECTOR('',#15827,1.);
#15827 = DIRECTION('',(1.,0.,0.));
#15828 = FACE_BOUND('',#15829,.T.);
#15829 = EDGE_LOOP('',(#15830,#15840,#15848,#15856));
#15830 = ORIENTED_EDGE('',*,*,#15831,.T.);
#15831 = EDGE_CURVE('',#15832,#15834,#15836,.T.);
#15832 = VERTEX_POINT('',#15833);
#15833 = CARTESIAN_POINT('',(3.408,-4.775,-5.E-02));
#15834 = VERTEX_POINT('',#15835);
#15835 = CARTESIAN_POINT('',(3.408,-2.975,-5.E-02));
#15836 = LINE('',#15837,#15838);
#15837 = CARTESIAN_POINT('',(3.408,-4.775,-5.E-02));
#15838 = VECTOR('',#15839,1.);
#15839 = DIRECTION('',(0.,1.,0.));
#15840 = ORIENTED_EDGE('',*,*,#15841,.T.);
#15841 = EDGE_CURVE('',#15834,#15842,#15844,.T.);
#15842 = VERTEX_POINT('',#15843);
#15843 = CARTESIAN_POINT('',(2.208,-2.975,-5.E-02));
#15844 = LINE('',#15845,#15846);
#15845 = CARTESIAN_POINT('',(3.408,-2.975,-5.E-02));
#15846 = VECTOR('',#15847,1.);
#15847 = DIRECTION('',(-1.,0.,0.));
#15848 = ORIENTED_EDGE('',*,*,#15849,.T.);
#15849 = EDGE_CURVE('',#15842,#15850,#15852,.T.);
#15850 = VERTEX_POINT('',#15851);
#15851 = CARTESIAN_POINT('',(2.208,-4.775,-5.E-02));
#15852 = LINE('',#15853,#15854);
#15853 = CARTESIAN_POINT('',(2.208,-2.975,-5.E-02));
#15854 = VECTOR('',#15855,1.);
#15855 = DIRECTION('',(0.,-1.,0.));
#15856 = ORIENTED_EDGE('',*,*,#15857,.T.);
#15857 = EDGE_CURVE('',#15850,#15832,#15858,.T.);
#15858 = LINE('',#15859,#15860);
#15859 = CARTESIAN_POINT('',(2.208,-4.775,-5.E-02));
#15860 = VECTOR('',#15861,1.);
#15861 = DIRECTION('',(1.,0.,0.));
#15862 = FACE_BOUND('',#15863,.T.);
#15863 = EDGE_LOOP('',(#15864));
#15864 = ORIENTED_EDGE('',*,*,#15865,.T.);
#15865 = EDGE_CURVE('',#15866,#15866,#15868,.T.);
#15866 = VERTEX_POINT('',#15867);
#15867 = CARTESIAN_POINT('',(-5.085,0.,-5.E-02));
#15868 = CIRCLE('',#15869,1.9);
#15869 = AXIS2_PLACEMENT_3D('',#15870,#15871,#15872);
#15870 = CARTESIAN_POINT('',(-6.985,-0.,-5.E-02));
#15871 = DIRECTION('',(0.,0.,1.));
#15872 = DIRECTION('',(1.,0.,-0.));
#15873 = FACE_BOUND('',#15874,.T.);
#15874 = EDGE_LOOP('',(#15875));
#15875 = ORIENTED_EDGE('',*,*,#15876,.T.);
#15876 = EDGE_CURVE('',#15877,#15877,#15879,.T.);
#15877 = VERTEX_POINT('',#15878);
#15878 = CARTESIAN_POINT('',(8.885,0.,-5.E-02));
#15879 = CIRCLE('',#15880,1.9);
#15880 = AXIS2_PLACEMENT_3D('',#15881,#15882,#15883);
#15881 = CARTESIAN_POINT('',(6.985,-0.,-5.E-02));
#15882 = DIRECTION('',(0.,0.,1.));
#15883 = DIRECTION('',(1.,0.,-0.));
#15884 = FACE_BOUND('',#15885,.T.);
#15885 = EDGE_LOOP('',(#15886,#15897,#15905,#15914,#15922,#15931,#15939,
    #15948));
#15886 = ORIENTED_EDGE('',*,*,#15887,.T.);
#15887 = EDGE_CURVE('',#15888,#15890,#15892,.T.);
#15888 = VERTEX_POINT('',#15889);
#15889 = CARTESIAN_POINT('',(-3.335,-0.9165,-5.E-02));
#15890 = VERTEX_POINT('',#15891);
#15891 = CARTESIAN_POINT('',(-3.5725,-0.679,-5.E-02));
#15892 = CIRCLE('',#15893,0.237499523827);
#15893 = AXIS2_PLACEMENT_3D('',#15894,#15895,#15896);
#15894 = CARTESIAN_POINT('',(-3.572499523827,-0.916499523827,-5.E-02));
#15895 = DIRECTION('',(0.,0.,1.));
#15896 = DIRECTION('',(0.999999999998,-2.004943179509E-06,0.));
#15897 = ORIENTED_EDGE('',*,*,#15898,.T.);
#15898 = EDGE_CURVE('',#15890,#15899,#15901,.T.);
#15899 = VERTEX_POINT('',#15900);
#15900 = CARTESIAN_POINT('',(-4.0475,-0.679,-5.E-02));
#15901 = LINE('',#15902,#15903);
#15902 = CARTESIAN_POINT('',(-3.5725,-0.679,-5.E-02));
#15903 = VECTOR('',#15904,1.);
#15904 = DIRECTION('',(-1.,0.,0.));
#15905 = ORIENTED_EDGE('',*,*,#15906,.T.);
#15906 = EDGE_CURVE('',#15899,#15907,#15909,.T.);
#15907 = VERTEX_POINT('',#15908);
#15908 = CARTESIAN_POINT('',(-4.285,-0.9165,-5.E-02));
#15909 = CIRCLE('',#15910,0.237499523827);
#15910 = AXIS2_PLACEMENT_3D('',#15911,#15912,#15913);
#15911 = CARTESIAN_POINT('',(-4.047500476173,-0.916499523827,-5.E-02));
#15912 = DIRECTION('',(0.,0.,1.));
#15913 = DIRECTION('',(2.004943175301E-06,0.999999999998,-0.));
#15914 = ORIENTED_EDGE('',*,*,#15915,.T.);
#15915 = EDGE_CURVE('',#15907,#15916,#15918,.T.);
#15916 = VERTEX_POINT('',#15917);
#15917 = CARTESIAN_POINT('',(-4.285,-1.4165,-5.E-02));
#15918 = LINE('',#15919,#15920);
#15919 = CARTESIAN_POINT('',(-4.285,-0.9165,-5.E-02));
#15920 = VECTOR('',#15921,1.);
#15921 = DIRECTION('',(0.,-1.,0.));
#15922 = ORIENTED_EDGE('',*,*,#15923,.T.);
#15923 = EDGE_CURVE('',#15916,#15924,#15926,.T.);
#15924 = VERTEX_POINT('',#15925);
#15925 = CARTESIAN_POINT('',(-4.0475,-1.654,-5.E-02));
#15926 = CIRCLE('',#15927,0.237499523827);
#15927 = AXIS2_PLACEMENT_3D('',#15928,#15929,#15930);
#15928 = CARTESIAN_POINT('',(-4.047500476173,-1.416500476173,-5.E-02));
#15929 = DIRECTION('',(0.,0.,1.));
#15930 = DIRECTION('',(-0.999999999998,2.004943177171E-06,0.));
#15931 = ORIENTED_EDGE('',*,*,#15932,.T.);
#15932 = EDGE_CURVE('',#15924,#15933,#15935,.T.);
#15933 = VERTEX_POINT('',#15934);
#15934 = CARTESIAN_POINT('',(-3.5725,-1.654,-5.E-02));
#15935 = LINE('',#15936,#15937);
#15936 = CARTESIAN_POINT('',(-4.0475,-1.654,-5.E-02));
#15937 = VECTOR('',#15938,1.);
#15938 = DIRECTION('',(1.,0.,0.));
#15939 = ORIENTED_EDGE('',*,*,#15940,.T.);
#15940 = EDGE_CURVE('',#15933,#15941,#15943,.T.);
#15941 = VERTEX_POINT('',#15942);
#15942 = CARTESIAN_POINT('',(-3.335,-1.4165,-5.E-02));
#15943 = CIRCLE('',#15944,0.237499523827);
#15944 = AXIS2_PLACEMENT_3D('',#15945,#15946,#15947);
#15945 = CARTESIAN_POINT('',(-3.572499523827,-1.416500476173,-5.E-02));
#15946 = DIRECTION('',(0.,0.,1.));
#15947 = DIRECTION('',(-2.004943179041E-06,-0.999999999998,0.));
#15948 = ORIENTED_EDGE('',*,*,#15949,.T.);
#15949 = EDGE_CURVE('',#15941,#15888,#15950,.T.);
#15950 = LINE('',#15951,#15952);
#15951 = CARTESIAN_POINT('',(-3.335,-1.4165,-5.E-02));
#15952 = VECTOR('',#15953,1.);
#15953 = DIRECTION('',(0.,1.,0.));
#15954 = FACE_BOUND('',#15955,.T.);
#15955 = EDGE_LOOP('',(#15956,#15966,#15974,#15982));
#15956 = ORIENTED_EDGE('',*,*,#15957,.T.);
#15957 = EDGE_CURVE('',#15958,#15960,#15962,.T.);
#15958 = VERTEX_POINT('',#15959);
#15959 = CARTESIAN_POINT('',(-1.192,-0.775,-5.E-02));
#15960 = VERTEX_POINT('',#15961);
#15961 = CARTESIAN_POINT('',(-1.192,0.775,-5.E-02));
#15962 = LINE('',#15963,#15964);
#15963 = CARTESIAN_POINT('',(-1.192,-0.775,-5.E-02));
#15964 = VECTOR('',#15965,1.);
#15965 = DIRECTION('',(0.,1.,0.));
#15966 = ORIENTED_EDGE('',*,*,#15967,.T.);
#15967 = EDGE_CURVE('',#15960,#15968,#15970,.T.);
#15968 = VERTEX_POINT('',#15969);
#15969 = CARTESIAN_POINT('',(-1.792,0.775,-5.E-02));
#15970 = LINE('',#15971,#15972);
#15971 = CARTESIAN_POINT('',(-1.192,0.775,-5.E-02));
#15972 = VECTOR('',#15973,1.);
#15973 = DIRECTION('',(-1.,0.,0.));
#15974 = ORIENTED_EDGE('',*,*,#15975,.T.);
#15975 = EDGE_CURVE('',#15968,#15976,#15978,.T.);
#15976 = VERTEX_POINT('',#15977);
#15977 = CARTESIAN_POINT('',(-1.792,-0.775,-5.E-02));
#15978 = LINE('',#15979,#15980);
#15979 = CARTESIAN_POINT('',(-1.792,0.775,-5.E-02));
#15980 = VECTOR('',#15981,1.);
#15981 = DIRECTION('',(0.,-1.,0.));
#15982 = ORIENTED_EDGE('',*,*,#15983,.T.);
#15983 = EDGE_CURVE('',#15976,#15958,#15984,.T.);
#15984 = LINE('',#15985,#15986);
#15985 = CARTESIAN_POINT('',(-1.792,-0.775,-5.E-02));
#15986 = VECTOR('',#15987,1.);
#15987 = DIRECTION('',(1.,0.,0.));
#15988 = FACE_BOUND('',#15989,.T.);
#15989 = EDGE_LOOP('',(#15990,#16000,#16008,#16016));
#15990 = ORIENTED_EDGE('',*,*,#15991,.T.);
#15991 = EDGE_CURVE('',#15992,#15994,#15996,.T.);
#15992 = VERTEX_POINT('',#15993);
#15993 = CARTESIAN_POINT('',(-0.192,-0.775,-5.E-02));
#15994 = VERTEX_POINT('',#15995);
#15995 = CARTESIAN_POINT('',(-0.192,0.775,-5.E-02));
#15996 = LINE('',#15997,#15998);
#15997 = CARTESIAN_POINT('',(-0.192,-0.775,-5.E-02));
#15998 = VECTOR('',#15999,1.);
#15999 = DIRECTION('',(0.,1.,0.));
#16000 = ORIENTED_EDGE('',*,*,#16001,.T.);
#16001 = EDGE_CURVE('',#15994,#16002,#16004,.T.);
#16002 = VERTEX_POINT('',#16003);
#16003 = CARTESIAN_POINT('',(-0.792,0.775,-5.E-02));
#16004 = LINE('',#16005,#16006);
#16005 = CARTESIAN_POINT('',(-0.192,0.775,-5.E-02));
#16006 = VECTOR('',#16007,1.);
#16007 = DIRECTION('',(-1.,0.,0.));
#16008 = ORIENTED_EDGE('',*,*,#16009,.T.);
#16009 = EDGE_CURVE('',#16002,#16010,#16012,.T.);
#16010 = VERTEX_POINT('',#16011);
#16011 = CARTESIAN_POINT('',(-0.792,-0.775,-5.E-02));
#16012 = LINE('',#16013,#16014);
#16013 = CARTESIAN_POINT('',(-0.792,0.775,-5.E-02));
#16014 = VECTOR('',#16015,1.);
#16015 = DIRECTION('',(0.,-1.,0.));
#16016 = ORIENTED_EDGE('',*,*,#16017,.T.);
#16017 = EDGE_CURVE('',#16010,#15992,#16018,.T.);
#16018 = LINE('',#16019,#16020);
#16019 = CARTESIAN_POINT('',(-0.792,-0.775,-5.E-02));
#16020 = VECTOR('',#16021,1.);
#16021 = DIRECTION('',(1.,0.,0.));
#16022 = FACE_BOUND('',#16023,.T.);
#16023 = EDGE_LOOP('',(#16024,#16034,#16042,#16050));
#16024 = ORIENTED_EDGE('',*,*,#16025,.T.);
#16025 = EDGE_CURVE('',#16026,#16028,#16030,.T.);
#16026 = VERTEX_POINT('',#16027);
#16027 = CARTESIAN_POINT('',(0.808,-0.775,-5.E-02));
#16028 = VERTEX_POINT('',#16029);
#16029 = CARTESIAN_POINT('',(0.808,0.775,-5.E-02));
#16030 = LINE('',#16031,#16032);
#16031 = CARTESIAN_POINT('',(0.808,-0.775,-5.E-02));
#16032 = VECTOR('',#16033,1.);
#16033 = DIRECTION('',(0.,1.,0.));
#16034 = ORIENTED_EDGE('',*,*,#16035,.T.);
#16035 = EDGE_CURVE('',#16028,#16036,#16038,.T.);
#16036 = VERTEX_POINT('',#16037);
#16037 = CARTESIAN_POINT('',(0.208,0.775,-5.E-02));
#16038 = LINE('',#16039,#16040);
#16039 = CARTESIAN_POINT('',(0.808,0.775,-5.E-02));
#16040 = VECTOR('',#16041,1.);
#16041 = DIRECTION('',(-1.,0.,0.));
#16042 = ORIENTED_EDGE('',*,*,#16043,.T.);
#16043 = EDGE_CURVE('',#16036,#16044,#16046,.T.);
#16044 = VERTEX_POINT('',#16045);
#16045 = CARTESIAN_POINT('',(0.208,-0.775,-5.E-02));
#16046 = LINE('',#16047,#16048);
#16047 = CARTESIAN_POINT('',(0.208,0.775,-5.E-02));
#16048 = VECTOR('',#16049,1.);
#16049 = DIRECTION('',(0.,-1.,0.));
#16050 = ORIENTED_EDGE('',*,*,#16051,.T.);
#16051 = EDGE_CURVE('',#16044,#16026,#16052,.T.);
#16052 = LINE('',#16053,#16054);
#16053 = CARTESIAN_POINT('',(0.208,-0.775,-5.E-02));
#16054 = VECTOR('',#16055,1.);
#16055 = DIRECTION('',(1.,0.,0.));
#16056 = FACE_BOUND('',#16057,.T.);
#16057 = EDGE_LOOP('',(#16058,#16068,#16076,#16084));
#16058 = ORIENTED_EDGE('',*,*,#16059,.T.);
#16059 = EDGE_CURVE('',#16060,#16062,#16064,.T.);
#16060 = VERTEX_POINT('',#16061);
#16061 = CARTESIAN_POINT('',(1.808,-0.775,-5.E-02));
#16062 = VERTEX_POINT('',#16063);
#16063 = CARTESIAN_POINT('',(1.808,0.775,-5.E-02));
#16064 = LINE('',#16065,#16066);
#16065 = CARTESIAN_POINT('',(1.808,-0.775,-5.E-02));
#16066 = VECTOR('',#16067,1.);
#16067 = DIRECTION('',(0.,1.,0.));
#16068 = ORIENTED_EDGE('',*,*,#16069,.T.);
#16069 = EDGE_CURVE('',#16062,#16070,#16072,.T.);
#16070 = VERTEX_POINT('',#16071);
#16071 = CARTESIAN_POINT('',(1.208,0.775,-5.E-02));
#16072 = LINE('',#16073,#16074);
#16073 = CARTESIAN_POINT('',(1.808,0.775,-5.E-02));
#16074 = VECTOR('',#16075,1.);
#16075 = DIRECTION('',(-1.,0.,0.));
#16076 = ORIENTED_EDGE('',*,*,#16077,.T.);
#16077 = EDGE_CURVE('',#16070,#16078,#16080,.T.);
#16078 = VERTEX_POINT('',#16079);
#16079 = CARTESIAN_POINT('',(1.208,-0.775,-5.E-02));
#16080 = LINE('',#16081,#16082);
#16081 = CARTESIAN_POINT('',(1.208,0.775,-5.E-02));
#16082 = VECTOR('',#16083,1.);
#16083 = DIRECTION('',(0.,-1.,0.));
#16084 = ORIENTED_EDGE('',*,*,#16085,.T.);
#16085 = EDGE_CURVE('',#16078,#16060,#16086,.T.);
#16086 = LINE('',#16087,#16088);
#16087 = CARTESIAN_POINT('',(1.208,-0.775,-5.E-02));
#16088 = VECTOR('',#16089,1.);
#16089 = DIRECTION('',(1.,0.,0.));
#16090 = FACE_BOUND('',#16091,.T.);
#16091 = EDGE_LOOP('',(#16092,#16103,#16111,#16120,#16128,#16137,#16145,
    #16154));
#16092 = ORIENTED_EDGE('',*,*,#16093,.T.);
#16093 = EDGE_CURVE('',#16094,#16096,#16098,.T.);
#16094 = VERTEX_POINT('',#16095);
#16095 = CARTESIAN_POINT('',(-3.335,0.9085,-5.E-02));
#16096 = VERTEX_POINT('',#16097);
#16097 = CARTESIAN_POINT('',(-3.5725,1.146,-5.E-02));
#16098 = CIRCLE('',#16099,0.237499523827);
#16099 = AXIS2_PLACEMENT_3D('',#16100,#16101,#16102);
#16100 = CARTESIAN_POINT('',(-3.572499523827,0.908500476173,-5.E-02));
#16101 = DIRECTION('',(0.,0.,1.));
#16102 = DIRECTION('',(0.999999999998,-2.004943179509E-06,0.));
#16103 = ORIENTED_EDGE('',*,*,#16104,.T.);
#16104 = EDGE_CURVE('',#16096,#16105,#16107,.T.);
#16105 = VERTEX_POINT('',#16106);
#16106 = CARTESIAN_POINT('',(-4.0475,1.146,-5.E-02));
#16107 = LINE('',#16108,#16109);
#16108 = CARTESIAN_POINT('',(-3.5725,1.146,-5.E-02));
#16109 = VECTOR('',#16110,1.);
#16110 = DIRECTION('',(-1.,0.,0.));
#16111 = ORIENTED_EDGE('',*,*,#16112,.T.);
#16112 = EDGE_CURVE('',#16105,#16113,#16115,.T.);
#16113 = VERTEX_POINT('',#16114);
#16114 = CARTESIAN_POINT('',(-4.285,0.9085,-5.E-02));
#16115 = CIRCLE('',#16116,0.237499523827);
#16116 = AXIS2_PLACEMENT_3D('',#16117,#16118,#16119);
#16117 = CARTESIAN_POINT('',(-4.047500476173,0.908500476173,-5.E-02));
#16118 = DIRECTION('',(0.,0.,1.));
#16119 = DIRECTION('',(2.004943175301E-06,0.999999999998,-0.));
#16120 = ORIENTED_EDGE('',*,*,#16121,.T.);
#16121 = EDGE_CURVE('',#16113,#16122,#16124,.T.);
#16122 = VERTEX_POINT('',#16123);
#16123 = CARTESIAN_POINT('',(-4.285,0.4085,-5.E-02));
#16124 = LINE('',#16125,#16126);
#16125 = CARTESIAN_POINT('',(-4.285,0.9085,-5.E-02));
#16126 = VECTOR('',#16127,1.);
#16127 = DIRECTION('',(0.,-1.,0.));
#16128 = ORIENTED_EDGE('',*,*,#16129,.T.);
#16129 = EDGE_CURVE('',#16122,#16130,#16132,.T.);
#16130 = VERTEX_POINT('',#16131);
#16131 = CARTESIAN_POINT('',(-4.0475,0.171,-5.E-02));
#16132 = CIRCLE('',#16133,0.237499523827);
#16133 = AXIS2_PLACEMENT_3D('',#16134,#16135,#16136);
#16134 = CARTESIAN_POINT('',(-4.047500476173,0.408499523827,-5.E-02));
#16135 = DIRECTION('',(0.,0.,1.));
#16136 = DIRECTION('',(-0.999999999998,2.004943177405E-06,0.));
#16137 = ORIENTED_EDGE('',*,*,#16138,.T.);
#16138 = EDGE_CURVE('',#16130,#16139,#16141,.T.);
#16139 = VERTEX_POINT('',#16140);
#16140 = CARTESIAN_POINT('',(-3.5725,0.171,-5.E-02));
#16141 = LINE('',#16142,#16143);
#16142 = CARTESIAN_POINT('',(-4.0475,0.171,-5.E-02));
#16143 = VECTOR('',#16144,1.);
#16144 = DIRECTION('',(1.,0.,0.));
#16145 = ORIENTED_EDGE('',*,*,#16146,.T.);
#16146 = EDGE_CURVE('',#16139,#16147,#16149,.T.);
#16147 = VERTEX_POINT('',#16148);
#16148 = CARTESIAN_POINT('',(-3.335,0.4085,-5.E-02));
#16149 = CIRCLE('',#16150,0.237499523827);
#16150 = AXIS2_PLACEMENT_3D('',#16151,#16152,#16153);
#16151 = CARTESIAN_POINT('',(-3.572499523827,0.408499523827,-5.E-02));
#16152 = DIRECTION('',(0.,0.,1.));
#16153 = DIRECTION('',(-2.004943177171E-06,-0.999999999998,0.));
#16154 = ORIENTED_EDGE('',*,*,#16155,.T.);
#16155 = EDGE_CURVE('',#16147,#16094,#16156,.T.);
#16156 = LINE('',#16157,#16158);
#16157 = CARTESIAN_POINT('',(-3.335,0.4085,-5.E-02));
#16158 = VECTOR('',#16159,1.);
#16159 = DIRECTION('',(0.,1.,0.));
#16160 = FACE_BOUND('',#16161,.T.);
#16161 = EDGE_LOOP('',(#16162,#16173,#16181,#16190,#16198,#16207,#16215,
    #16224));
#16162 = ORIENTED_EDGE('',*,*,#16163,.T.);
#16163 = EDGE_CURVE('',#16164,#16166,#16168,.T.);
#16164 = VERTEX_POINT('',#16165);
#16165 = CARTESIAN_POINT('',(-3.335,2.4855,-5.E-02));
#16166 = VERTEX_POINT('',#16167);
#16167 = CARTESIAN_POINT('',(-3.5725,2.723,-5.E-02));
#16168 = CIRCLE('',#16169,0.237499523827);
#16169 = AXIS2_PLACEMENT_3D('',#16170,#16171,#16172);
#16170 = CARTESIAN_POINT('',(-3.572499523827,2.485500476173,-5.E-02));
#16171 = DIRECTION('',(0.,0.,1.));
#16172 = DIRECTION('',(0.999999999998,-2.004943177171E-06,0.));
#16173 = ORIENTED_EDGE('',*,*,#16174,.T.);
#16174 = EDGE_CURVE('',#16166,#16175,#16177,.T.);
#16175 = VERTEX_POINT('',#16176);
#16176 = CARTESIAN_POINT('',(-4.0475,2.723,-5.E-02));
#16177 = LINE('',#16178,#16179);
#16178 = CARTESIAN_POINT('',(-3.5725,2.723,-5.E-02));
#16179 = VECTOR('',#16180,1.);
#16180 = DIRECTION('',(-1.,0.,0.));
#16181 = ORIENTED_EDGE('',*,*,#16182,.T.);
#16182 = EDGE_CURVE('',#16175,#16183,#16185,.T.);
#16183 = VERTEX_POINT('',#16184);
#16184 = CARTESIAN_POINT('',(-4.285,2.4855,-5.E-02));
#16185 = CIRCLE('',#16186,0.237499523827);
#16186 = AXIS2_PLACEMENT_3D('',#16187,#16188,#16189);
#16187 = CARTESIAN_POINT('',(-4.047500476173,2.485500476173,-5.E-02));
#16188 = DIRECTION('',(0.,0.,1.));
#16189 = DIRECTION('',(2.004943175301E-06,0.999999999998,-0.));
#16190 = ORIENTED_EDGE('',*,*,#16191,.T.);
#16191 = EDGE_CURVE('',#16183,#16192,#16194,.T.);
#16192 = VERTEX_POINT('',#16193);
#16193 = CARTESIAN_POINT('',(-4.285,1.8855,-5.E-02));
#16194 = LINE('',#16195,#16196);
#16195 = CARTESIAN_POINT('',(-4.285,2.4855,-5.E-02));
#16196 = VECTOR('',#16197,1.);
#16197 = DIRECTION('',(0.,-1.,0.));
#16198 = ORIENTED_EDGE('',*,*,#16199,.T.);
#16199 = EDGE_CURVE('',#16192,#16200,#16202,.T.);
#16200 = VERTEX_POINT('',#16201);
#16201 = CARTESIAN_POINT('',(-4.0475,1.648,-5.E-02));
#16202 = CIRCLE('',#16203,0.237499523827);
#16203 = AXIS2_PLACEMENT_3D('',#16204,#16205,#16206);
#16204 = CARTESIAN_POINT('',(-4.047500476173,1.885499523827,-5.E-02));
#16205 = DIRECTION('',(0.,0.,1.));
#16206 = DIRECTION('',(-0.999999999998,2.004943177171E-06,0.));
#16207 = ORIENTED_EDGE('',*,*,#16208,.T.);
#16208 = EDGE_CURVE('',#16200,#16209,#16211,.T.);
#16209 = VERTEX_POINT('',#16210);
#16210 = CARTESIAN_POINT('',(-3.5725,1.648,-5.E-02));
#16211 = LINE('',#16212,#16213);
#16212 = CARTESIAN_POINT('',(-4.0475,1.648,-5.E-02));
#16213 = VECTOR('',#16214,1.);
#16214 = DIRECTION('',(1.,0.,0.));
#16215 = ORIENTED_EDGE('',*,*,#16216,.T.);
#16216 = EDGE_CURVE('',#16209,#16217,#16219,.T.);
#16217 = VERTEX_POINT('',#16218);
#16218 = CARTESIAN_POINT('',(-3.335,1.8855,-5.E-02));
#16219 = CIRCLE('',#16220,0.237499523827);
#16220 = AXIS2_PLACEMENT_3D('',#16221,#16222,#16223);
#16221 = CARTESIAN_POINT('',(-3.572499523827,1.885499523827,-5.E-02));
#16222 = DIRECTION('',(0.,0.,1.));
#16223 = DIRECTION('',(-2.004943175301E-06,-0.999999999998,0.));
#16224 = ORIENTED_EDGE('',*,*,#16225,.T.);
#16225 = EDGE_CURVE('',#16217,#16164,#16226,.T.);
#16226 = LINE('',#16227,#16228);
#16227 = CARTESIAN_POINT('',(-3.335,1.8855,-5.E-02));
#16228 = VECTOR('',#16229,1.);
#16229 = DIRECTION('',(0.,1.,0.));
#16230 = FACE_BOUND('',#16231,.T.);
#16231 = EDGE_LOOP('',(#16232,#16243,#16251,#16260,#16268,#16277,#16285,
    #16294));
#16232 = ORIENTED_EDGE('',*,*,#16233,.T.);
#16233 = EDGE_CURVE('',#16234,#16236,#16238,.T.);
#16234 = VERTEX_POINT('',#16235);
#16235 = CARTESIAN_POINT('',(-1.811,2.3855,-5.E-02));
#16236 = VERTEX_POINT('',#16237);
#16237 = CARTESIAN_POINT('',(-2.0485,2.623,-5.E-02));
#16238 = CIRCLE('',#16239,0.237499523827);
#16239 = AXIS2_PLACEMENT_3D('',#16240,#16241,#16242);
#16240 = CARTESIAN_POINT('',(-2.048499523827,2.385500476173,-5.E-02));
#16241 = DIRECTION('',(0.,0.,1.));
#16242 = DIRECTION('',(0.999999999998,-2.004943179041E-06,0.));
#16243 = ORIENTED_EDGE('',*,*,#16244,.T.);
#16244 = EDGE_CURVE('',#16236,#16245,#16247,.T.);
#16245 = VERTEX_POINT('',#16246);
#16246 = CARTESIAN_POINT('',(-2.5235,2.623,-5.E-02));
#16247 = LINE('',#16248,#16249);
#16248 = CARTESIAN_POINT('',(-2.0485,2.623,-5.E-02));
#16249 = VECTOR('',#16250,1.);
#16250 = DIRECTION('',(-1.,0.,0.));
#16251 = ORIENTED_EDGE('',*,*,#16252,.T.);
#16252 = EDGE_CURVE('',#16245,#16253,#16255,.T.);
#16253 = VERTEX_POINT('',#16254);
#16254 = CARTESIAN_POINT('',(-2.761,2.3855,-5.E-02));
#16255 = CIRCLE('',#16256,0.237499523827);
#16256 = AXIS2_PLACEMENT_3D('',#16257,#16258,#16259);
#16257 = CARTESIAN_POINT('',(-2.523500476173,2.385500476173,-5.E-02));
#16258 = DIRECTION('',(0.,0.,1.));
#16259 = DIRECTION('',(2.004943179041E-06,0.999999999998,-0.));
#16260 = ORIENTED_EDGE('',*,*,#16261,.T.);
#16261 = EDGE_CURVE('',#16253,#16262,#16264,.T.);
#16262 = VERTEX_POINT('',#16263);
#16263 = CARTESIAN_POINT('',(-2.761,1.8855,-5.E-02));
#16264 = LINE('',#16265,#16266);
#16265 = CARTESIAN_POINT('',(-2.761,2.3855,-5.E-02));
#16266 = VECTOR('',#16267,1.);
#16267 = DIRECTION('',(0.,-1.,0.));
#16268 = ORIENTED_EDGE('',*,*,#16269,.T.);
#16269 = EDGE_CURVE('',#16262,#16270,#16272,.T.);
#16270 = VERTEX_POINT('',#16271);
#16271 = CARTESIAN_POINT('',(-2.5235,1.648,-5.E-02));
#16272 = CIRCLE('',#16273,0.237499523827);
#16273 = AXIS2_PLACEMENT_3D('',#16274,#16275,#16276);
#16274 = CARTESIAN_POINT('',(-2.523500476173,1.885499523827,-5.E-02));
#16275 = DIRECTION('',(0.,0.,1.));
#16276 = DIRECTION('',(-0.999999999998,2.004943178106E-06,0.));
#16277 = ORIENTED_EDGE('',*,*,#16278,.T.);
#16278 = EDGE_CURVE('',#16270,#16279,#16281,.T.);
#16279 = VERTEX_POINT('',#16280);
#16280 = CARTESIAN_POINT('',(-2.0485,1.648,-5.E-02));
#16281 = LINE('',#16282,#16283);
#16282 = CARTESIAN_POINT('',(-2.5235,1.648,-5.E-02));
#16283 = VECTOR('',#16284,1.);
#16284 = DIRECTION('',(1.,0.,0.));
#16285 = ORIENTED_EDGE('',*,*,#16286,.T.);
#16286 = EDGE_CURVE('',#16279,#16287,#16289,.T.);
#16287 = VERTEX_POINT('',#16288);
#16288 = CARTESIAN_POINT('',(-1.811,1.8855,-5.E-02));
#16289 = CIRCLE('',#16290,0.237499523827);
#16290 = AXIS2_PLACEMENT_3D('',#16291,#16292,#16293);
#16291 = CARTESIAN_POINT('',(-2.048499523827,1.885499523827,-5.E-02));
#16292 = DIRECTION('',(0.,0.,1.));
#16293 = DIRECTION('',(-2.004943179041E-06,-0.999999999998,0.));
#16294 = ORIENTED_EDGE('',*,*,#16295,.T.);
#16295 = EDGE_CURVE('',#16287,#16234,#16296,.T.);
#16296 = LINE('',#16297,#16298);
#16297 = CARTESIAN_POINT('',(-1.811,1.8855,-5.E-02));
#16298 = VECTOR('',#16299,1.);
#16299 = DIRECTION('',(0.,1.,0.));
#16300 = FACE_BOUND('',#16301,.T.);
#16301 = EDGE_LOOP('',(#16302,#16313,#16321,#16330,#16338,#16347,#16355,
    #16364));
#16302 = ORIENTED_EDGE('',*,*,#16303,.T.);
#16303 = EDGE_CURVE('',#16304,#16306,#16308,.T.);
#16304 = VERTEX_POINT('',#16305);
#16305 = CARTESIAN_POINT('',(-0.287,2.3855,-5.E-02));
#16306 = VERTEX_POINT('',#16307);
#16307 = CARTESIAN_POINT('',(-0.5245,2.623,-5.E-02));
#16308 = CIRCLE('',#16309,0.237499523827);
#16309 = AXIS2_PLACEMENT_3D('',#16310,#16311,#16312);
#16310 = CARTESIAN_POINT('',(-0.524499523827,2.385500476173,-5.E-02));
#16311 = DIRECTION('',(0.,0.,1.));
#16312 = DIRECTION('',(0.999999999998,-2.004943179041E-06,0.));
#16313 = ORIENTED_EDGE('',*,*,#16314,.T.);
#16314 = EDGE_CURVE('',#16306,#16315,#16317,.T.);
#16315 = VERTEX_POINT('',#16316);
#16316 = CARTESIAN_POINT('',(-0.9995,2.623,-5.E-02));
#16317 = LINE('',#16318,#16319);
#16318 = CARTESIAN_POINT('',(-0.5245,2.623,-5.E-02));
#16319 = VECTOR('',#16320,1.);
#16320 = DIRECTION('',(-1.,0.,0.));
#16321 = ORIENTED_EDGE('',*,*,#16322,.T.);
#16322 = EDGE_CURVE('',#16315,#16323,#16325,.T.);
#16323 = VERTEX_POINT('',#16324);
#16324 = CARTESIAN_POINT('',(-1.237,2.3855,-5.E-02));
#16325 = CIRCLE('',#16326,0.237499523827);
#16326 = AXIS2_PLACEMENT_3D('',#16327,#16328,#16329);
#16327 = CARTESIAN_POINT('',(-0.999500476173,2.385500476173,-5.E-02));
#16328 = DIRECTION('',(0.,0.,1.));
#16329 = DIRECTION('',(2.004943176704E-06,0.999999999998,-0.));
#16330 = ORIENTED_EDGE('',*,*,#16331,.T.);
#16331 = EDGE_CURVE('',#16323,#16332,#16334,.T.);
#16332 = VERTEX_POINT('',#16333);
#16333 = CARTESIAN_POINT('',(-1.237,1.8855,-5.E-02));
#16334 = LINE('',#16335,#16336);
#16335 = CARTESIAN_POINT('',(-1.237,2.3855,-5.E-02));
#16336 = VECTOR('',#16337,1.);
#16337 = DIRECTION('',(0.,-1.,0.));
#16338 = ORIENTED_EDGE('',*,*,#16339,.T.);
#16339 = EDGE_CURVE('',#16332,#16340,#16342,.T.);
#16340 = VERTEX_POINT('',#16341);
#16341 = CARTESIAN_POINT('',(-0.9995,1.648,-5.E-02));
#16342 = CIRCLE('',#16343,0.237499523827);
#16343 = AXIS2_PLACEMENT_3D('',#16344,#16345,#16346);
#16344 = CARTESIAN_POINT('',(-0.999500476173,1.885499523827,-5.E-02));
#16345 = DIRECTION('',(0.,0.,1.));
#16346 = DIRECTION('',(-0.999999999998,2.004943177171E-06,0.));
#16347 = ORIENTED_EDGE('',*,*,#16348,.T.);
#16348 = EDGE_CURVE('',#16340,#16349,#16351,.T.);
#16349 = VERTEX_POINT('',#16350);
#16350 = CARTESIAN_POINT('',(-0.5245,1.648,-5.E-02));
#16351 = LINE('',#16352,#16353);
#16352 = CARTESIAN_POINT('',(-0.9995,1.648,-5.E-02));
#16353 = VECTOR('',#16354,1.);
#16354 = DIRECTION('',(1.,0.,0.));
#16355 = ORIENTED_EDGE('',*,*,#16356,.T.);
#16356 = EDGE_CURVE('',#16349,#16357,#16359,.T.);
#16357 = VERTEX_POINT('',#16358);
#16358 = CARTESIAN_POINT('',(-0.287,1.8855,-5.E-02));
#16359 = CIRCLE('',#16360,0.237499523827);
#16360 = AXIS2_PLACEMENT_3D('',#16361,#16362,#16363);
#16361 = CARTESIAN_POINT('',(-0.524499523827,1.885499523827,-5.E-02));
#16362 = DIRECTION('',(0.,0.,1.));
#16363 = DIRECTION('',(-2.004943177171E-06,-0.999999999998,0.));
#16364 = ORIENTED_EDGE('',*,*,#16365,.T.);
#16365 = EDGE_CURVE('',#16357,#16304,#16366,.T.);
#16366 = LINE('',#16367,#16368);
#16367 = CARTESIAN_POINT('',(-0.287,1.8855,-5.E-02));
#16368 = VECTOR('',#16369,1.);
#16369 = DIRECTION('',(0.,1.,0.));
#16370 = FACE_BOUND('',#16371,.T.);
#16371 = EDGE_LOOP('',(#16372,#16383,#16391,#16400,#16408,#16417,#16425,
    #16434));
#16372 = ORIENTED_EDGE('',*,*,#16373,.T.);
#16373 = EDGE_CURVE('',#16374,#16376,#16378,.T.);
#16374 = VERTEX_POINT('',#16375);
#16375 = CARTESIAN_POINT('',(1.237,2.4855,-5.E-02));
#16376 = VERTEX_POINT('',#16377);
#16377 = CARTESIAN_POINT('',(0.9995,2.723,-5.E-02));
#16378 = CIRCLE('',#16379,0.237499523827);
#16379 = AXIS2_PLACEMENT_3D('',#16380,#16381,#16382);
#16380 = CARTESIAN_POINT('',(0.999500476173,2.485500476173,-5.E-02));
#16381 = DIRECTION('',(0.,0.,1.));
#16382 = DIRECTION('',(0.999999999998,-2.004943177171E-06,0.));
#16383 = ORIENTED_EDGE('',*,*,#16384,.T.);
#16384 = EDGE_CURVE('',#16376,#16385,#16387,.T.);
#16385 = VERTEX_POINT('',#16386);
#16386 = CARTESIAN_POINT('',(0.5245,2.723,-5.E-02));
#16387 = LINE('',#16388,#16389);
#16388 = CARTESIAN_POINT('',(0.9995,2.723,-5.E-02));
#16389 = VECTOR('',#16390,1.);
#16390 = DIRECTION('',(-1.,0.,0.));
#16391 = ORIENTED_EDGE('',*,*,#16392,.T.);
#16392 = EDGE_CURVE('',#16385,#16393,#16395,.T.);
#16393 = VERTEX_POINT('',#16394);
#16394 = CARTESIAN_POINT('',(0.287,2.4855,-5.E-02));
#16395 = CIRCLE('',#16396,0.237499523827);
#16396 = AXIS2_PLACEMENT_3D('',#16397,#16398,#16399);
#16397 = CARTESIAN_POINT('',(0.524499523827,2.485500476173,-5.E-02));
#16398 = DIRECTION('',(0.,0.,1.));
#16399 = DIRECTION('',(2.004943178106E-06,0.999999999998,-0.));
#16400 = ORIENTED_EDGE('',*,*,#16401,.T.);
#16401 = EDGE_CURVE('',#16393,#16402,#16404,.T.);
#16402 = VERTEX_POINT('',#16403);
#16403 = CARTESIAN_POINT('',(0.287,1.8855,-5.E-02));
#16404 = LINE('',#16405,#16406);
#16405 = CARTESIAN_POINT('',(0.287,2.4855,-5.E-02));
#16406 = VECTOR('',#16407,1.);
#16407 = DIRECTION('',(0.,-1.,0.));
#16408 = ORIENTED_EDGE('',*,*,#16409,.T.);
#16409 = EDGE_CURVE('',#16402,#16410,#16412,.T.);
#16410 = VERTEX_POINT('',#16411);
#16411 = CARTESIAN_POINT('',(0.5245,1.648,-5.E-02));
#16412 = CIRCLE('',#16413,0.237499523827);
#16413 = AXIS2_PLACEMENT_3D('',#16414,#16415,#16416);
#16414 = CARTESIAN_POINT('',(0.524499523827,1.885499523827,-5.E-02));
#16415 = DIRECTION('',(0.,0.,1.));
#16416 = DIRECTION('',(-0.999999999998,2.004943179041E-06,0.));
#16417 = ORIENTED_EDGE('',*,*,#16418,.T.);
#16418 = EDGE_CURVE('',#16410,#16419,#16421,.T.);
#16419 = VERTEX_POINT('',#16420);
#16420 = CARTESIAN_POINT('',(0.9995,1.648,-5.E-02));
#16421 = LINE('',#16422,#16423);
#16422 = CARTESIAN_POINT('',(0.5245,1.648,-5.E-02));
#16423 = VECTOR('',#16424,1.);
#16424 = DIRECTION('',(1.,0.,0.));
#16425 = ORIENTED_EDGE('',*,*,#16426,.T.);
#16426 = EDGE_CURVE('',#16419,#16427,#16429,.T.);
#16427 = VERTEX_POINT('',#16428);
#16428 = CARTESIAN_POINT('',(1.237,1.8855,-5.E-02));
#16429 = CIRCLE('',#16430,0.237499523827);
#16430 = AXIS2_PLACEMENT_3D('',#16431,#16432,#16433);
#16431 = CARTESIAN_POINT('',(0.999500476173,1.885499523827,-5.E-02));
#16432 = DIRECTION('',(0.,0.,1.));
#16433 = DIRECTION('',(-2.004943177171E-06,-0.999999999998,0.));
#16434 = ORIENTED_EDGE('',*,*,#16435,.T.);
#16435 = EDGE_CURVE('',#16427,#16374,#16436,.T.);
#16436 = LINE('',#16437,#16438);
#16437 = CARTESIAN_POINT('',(1.237,1.8855,-5.E-02));
#16438 = VECTOR('',#16439,1.);
#16439 = DIRECTION('',(0.,1.,0.));
#16440 = FACE_BOUND('',#16441,.T.);
#16441 = EDGE_LOOP('',(#16442,#16453,#16461,#16470,#16478,#16487,#16495,
    #16504));
#16442 = ORIENTED_EDGE('',*,*,#16443,.T.);
#16443 = EDGE_CURVE('',#16444,#16446,#16448,.T.);
#16444 = VERTEX_POINT('',#16445);
#16445 = CARTESIAN_POINT('',(2.761,2.409,-5.E-02));
#16446 = VERTEX_POINT('',#16447);
#16447 = CARTESIAN_POINT('',(2.5235,2.6465,-5.E-02));
#16448 = CIRCLE('',#16449,0.237499523827);
#16449 = AXIS2_PLACEMENT_3D('',#16450,#16451,#16452);
#16450 = CARTESIAN_POINT('',(2.523500476173,2.409000476173,-5.E-02));
#16451 = DIRECTION('',(0.,0.,1.));
#16452 = DIRECTION('',(0.999999999998,-2.004943180911E-06,0.));
#16453 = ORIENTED_EDGE('',*,*,#16454,.T.);
#16454 = EDGE_CURVE('',#16446,#16455,#16457,.T.);
#16455 = VERTEX_POINT('',#16456);
#16456 = CARTESIAN_POINT('',(2.0485,2.6465,-5.E-02));
#16457 = LINE('',#16458,#16459);
#16458 = CARTESIAN_POINT('',(2.5235,2.6465,-5.E-02));
#16459 = VECTOR('',#16460,1.);
#16460 = DIRECTION('',(-1.,0.,0.));
#16461 = ORIENTED_EDGE('',*,*,#16462,.T.);
#16462 = EDGE_CURVE('',#16455,#16463,#16465,.T.);
#16463 = VERTEX_POINT('',#16464);
#16464 = CARTESIAN_POINT('',(1.811,2.409,-5.E-02));
#16465 = CIRCLE('',#16466,0.237499523827);
#16466 = AXIS2_PLACEMENT_3D('',#16467,#16468,#16469);
#16467 = CARTESIAN_POINT('',(2.048499523827,2.409000476173,-5.E-02));
#16468 = DIRECTION('',(0.,0.,1.));
#16469 = DIRECTION('',(2.004943180911E-06,0.999999999998,-0.));
#16470 = ORIENTED_EDGE('',*,*,#16471,.T.);
#16471 = EDGE_CURVE('',#16463,#16472,#16474,.T.);
#16472 = VERTEX_POINT('',#16473);
#16473 = CARTESIAN_POINT('',(1.811,1.909,-5.E-02));
#16474 = LINE('',#16475,#16476);
#16475 = CARTESIAN_POINT('',(1.811,2.409,-5.E-02));
#16476 = VECTOR('',#16477,1.);
#16477 = DIRECTION('',(0.,-1.,0.));
#16478 = ORIENTED_EDGE('',*,*,#16479,.T.);
#16479 = EDGE_CURVE('',#16472,#16480,#16482,.T.);
#16480 = VERTEX_POINT('',#16481);
#16481 = CARTESIAN_POINT('',(2.0485,1.6715,-5.E-02));
#16482 = CIRCLE('',#16483,0.237499523827);
#16483 = AXIS2_PLACEMENT_3D('',#16484,#16485,#16486);
#16484 = CARTESIAN_POINT('',(2.048499523827,1.908999523827,-5.E-02));
#16485 = DIRECTION('',(0.,0.,1.));
#16486 = DIRECTION('',(-0.999999999998,2.004943178106E-06,0.));
#16487 = ORIENTED_EDGE('',*,*,#16488,.T.);
#16488 = EDGE_CURVE('',#16480,#16489,#16491,.T.);
#16489 = VERTEX_POINT('',#16490);
#16490 = CARTESIAN_POINT('',(2.5235,1.6715,-5.E-02));
#16491 = LINE('',#16492,#16493);
#16492 = CARTESIAN_POINT('',(2.0485,1.6715,-5.E-02));
#16493 = VECTOR('',#16494,1.);
#16494 = DIRECTION('',(1.,0.,0.));
#16495 = ORIENTED_EDGE('',*,*,#16496,.T.);
#16496 = EDGE_CURVE('',#16489,#16497,#16499,.T.);
#16497 = VERTEX_POINT('',#16498);
#16498 = CARTESIAN_POINT('',(2.761,1.909,-5.E-02));
#16499 = CIRCLE('',#16500,0.237499523827);
#16500 = AXIS2_PLACEMENT_3D('',#16501,#16502,#16503);
#16501 = CARTESIAN_POINT('',(2.523500476173,1.908999523827,-5.E-02));
#16502 = DIRECTION('',(0.,0.,1.));
#16503 = DIRECTION('',(-2.004943180911E-06,-0.999999999998,0.));
#16504 = ORIENTED_EDGE('',*,*,#16505,.T.);
#16505 = EDGE_CURVE('',#16497,#16444,#16506,.T.);
#16506 = LINE('',#16507,#16508);
#16507 = CARTESIAN_POINT('',(2.761,1.909,-5.E-02));
#16508 = VECTOR('',#16509,1.);
#16509 = DIRECTION('',(0.,1.,0.));
#16510 = FACE_BOUND('',#16511,.T.);
#16511 = EDGE_LOOP('',(#16512,#16523,#16531,#16540,#16548,#16557,#16565,
    #16574));
#16512 = ORIENTED_EDGE('',*,*,#16513,.T.);
#16513 = EDGE_CURVE('',#16514,#16516,#16518,.T.);
#16514 = VERTEX_POINT('',#16515);
#16515 = CARTESIAN_POINT('',(-3.335,4.2105,-5.E-02));
#16516 = VERTEX_POINT('',#16517);
#16517 = CARTESIAN_POINT('',(-3.5725,4.448,-5.E-02));
#16518 = CIRCLE('',#16519,0.237499523827);
#16519 = AXIS2_PLACEMENT_3D('',#16520,#16521,#16522);
#16520 = CARTESIAN_POINT('',(-3.572499523827,4.210500476173,-5.E-02));
#16521 = DIRECTION('',(0.,0.,1.));
#16522 = DIRECTION('',(0.999999999998,-2.004943179041E-06,0.));
#16523 = ORIENTED_EDGE('',*,*,#16524,.T.);
#16524 = EDGE_CURVE('',#16516,#16525,#16527,.T.);
#16525 = VERTEX_POINT('',#16526);
#16526 = CARTESIAN_POINT('',(-4.0475,4.448,-5.E-02));
#16527 = LINE('',#16528,#16529);
#16528 = CARTESIAN_POINT('',(-3.5725,4.448,-5.E-02));
#16529 = VECTOR('',#16530,1.);
#16530 = DIRECTION('',(-1.,0.,0.));
#16531 = ORIENTED_EDGE('',*,*,#16532,.T.);
#16532 = EDGE_CURVE('',#16525,#16533,#16535,.T.);
#16533 = VERTEX_POINT('',#16534);
#16534 = CARTESIAN_POINT('',(-4.285,4.2105,-5.E-02));
#16535 = CIRCLE('',#16536,0.237499523827);
#16536 = AXIS2_PLACEMENT_3D('',#16537,#16538,#16539);
#16537 = CARTESIAN_POINT('',(-4.047500476173,4.210500476173,-5.E-02));
#16538 = DIRECTION('',(0.,0.,1.));
#16539 = DIRECTION('',(2.004943175301E-06,0.999999999998,-0.));
#16540 = ORIENTED_EDGE('',*,*,#16541,.T.);
#16541 = EDGE_CURVE('',#16533,#16542,#16544,.T.);
#16542 = VERTEX_POINT('',#16543);
#16543 = CARTESIAN_POINT('',(-4.285,3.6105,-5.E-02));
#16544 = LINE('',#16545,#16546);
#16545 = CARTESIAN_POINT('',(-4.285,4.2105,-5.E-02));
#16546 = VECTOR('',#16547,1.);
#16547 = DIRECTION('',(0.,-1.,0.));
#16548 = ORIENTED_EDGE('',*,*,#16549,.T.);
#16549 = EDGE_CURVE('',#16542,#16550,#16552,.T.);
#16550 = VERTEX_POINT('',#16551);
#16551 = CARTESIAN_POINT('',(-4.0475,3.373,-5.E-02));
#16552 = CIRCLE('',#16553,0.237499523827);
#16553 = AXIS2_PLACEMENT_3D('',#16554,#16555,#16556);
#16554 = CARTESIAN_POINT('',(-4.047500476173,3.610499523827,-5.E-02));
#16555 = DIRECTION('',(0.,0.,1.));
#16556 = DIRECTION('',(-0.999999999998,2.004943175301E-06,0.));
#16557 = ORIENTED_EDGE('',*,*,#16558,.T.);
#16558 = EDGE_CURVE('',#16550,#16559,#16561,.T.);
#16559 = VERTEX_POINT('',#16560);
#16560 = CARTESIAN_POINT('',(-3.5725,3.373,-5.E-02));
#16561 = LINE('',#16562,#16563);
#16562 = CARTESIAN_POINT('',(-4.0475,3.373,-5.E-02));
#16563 = VECTOR('',#16564,1.);
#16564 = DIRECTION('',(1.,0.,0.));
#16565 = ORIENTED_EDGE('',*,*,#16566,.T.);
#16566 = EDGE_CURVE('',#16559,#16567,#16569,.T.);
#16567 = VERTEX_POINT('',#16568);
#16568 = CARTESIAN_POINT('',(-3.335,3.6105,-5.E-02));
#16569 = CIRCLE('',#16570,0.237499523827);
#16570 = AXIS2_PLACEMENT_3D('',#16571,#16572,#16573);
#16571 = CARTESIAN_POINT('',(-3.572499523827,3.610499523827,-5.E-02));
#16572 = DIRECTION('',(0.,0.,1.));
#16573 = DIRECTION('',(-2.004943177171E-06,-0.999999999998,0.));
#16574 = ORIENTED_EDGE('',*,*,#16575,.T.);
#16575 = EDGE_CURVE('',#16567,#16514,#16576,.T.);
#16576 = LINE('',#16577,#16578);
#16577 = CARTESIAN_POINT('',(-3.335,3.6105,-5.E-02));
#16578 = VECTOR('',#16579,1.);
#16579 = DIRECTION('',(0.,1.,0.));
#16580 = FACE_BOUND('',#16581,.T.);
#16581 = EDGE_LOOP('',(#16582,#16593,#16601,#16610,#16618,#16627,#16635,
    #16644));
#16582 = ORIENTED_EDGE('',*,*,#16583,.T.);
#16583 = EDGE_CURVE('',#16584,#16586,#16588,.T.);
#16584 = VERTEX_POINT('',#16585);
#16585 = CARTESIAN_POINT('',(1.237,4.2105,-5.E-02));
#16586 = VERTEX_POINT('',#16587);
#16587 = CARTESIAN_POINT('',(0.9995,4.448,-5.E-02));
#16588 = CIRCLE('',#16589,0.237499523827);
#16589 = AXIS2_PLACEMENT_3D('',#16590,#16591,#16592);
#16590 = CARTESIAN_POINT('',(0.999500476173,4.210500476173,-5.E-02));
#16591 = DIRECTION('',(0.,0.,1.));
#16592 = DIRECTION('',(0.999999999998,-2.004943179041E-06,0.));
#16593 = ORIENTED_EDGE('',*,*,#16594,.T.);
#16594 = EDGE_CURVE('',#16586,#16595,#16597,.T.);
#16595 = VERTEX_POINT('',#16596);
#16596 = CARTESIAN_POINT('',(0.5245,4.448,-5.E-02));
#16597 = LINE('',#16598,#16599);
#16598 = CARTESIAN_POINT('',(0.9995,4.448,-5.E-02));
#16599 = VECTOR('',#16600,1.);
#16600 = DIRECTION('',(-1.,0.,0.));
#16601 = ORIENTED_EDGE('',*,*,#16602,.T.);
#16602 = EDGE_CURVE('',#16595,#16603,#16605,.T.);
#16603 = VERTEX_POINT('',#16604);
#16604 = CARTESIAN_POINT('',(0.287,4.2105,-5.E-02));
#16605 = CIRCLE('',#16606,0.237499523827);
#16606 = AXIS2_PLACEMENT_3D('',#16607,#16608,#16609);
#16607 = CARTESIAN_POINT('',(0.524499523827,4.210500476173,-5.E-02));
#16608 = DIRECTION('',(0.,0.,1.));
#16609 = DIRECTION('',(2.004943176236E-06,0.999999999998,-0.));
#16610 = ORIENTED_EDGE('',*,*,#16611,.T.);
#16611 = EDGE_CURVE('',#16603,#16612,#16614,.T.);
#16612 = VERTEX_POINT('',#16613);
#16613 = CARTESIAN_POINT('',(0.287,3.6105,-5.E-02));
#16614 = LINE('',#16615,#16616);
#16615 = CARTESIAN_POINT('',(0.287,4.2105,-5.E-02));
#16616 = VECTOR('',#16617,1.);
#16617 = DIRECTION('',(0.,-1.,0.));
#16618 = ORIENTED_EDGE('',*,*,#16619,.T.);
#16619 = EDGE_CURVE('',#16612,#16620,#16622,.T.);
#16620 = VERTEX_POINT('',#16621);
#16621 = CARTESIAN_POINT('',(0.5245,3.373,-5.E-02));
#16622 = CIRCLE('',#16623,0.237499523827);
#16623 = AXIS2_PLACEMENT_3D('',#16624,#16625,#16626);
#16624 = CARTESIAN_POINT('',(0.524499523827,3.610499523827,-5.E-02));
#16625 = DIRECTION('',(0.,0.,1.));
#16626 = DIRECTION('',(-0.999999999998,2.004943177171E-06,0.));
#16627 = ORIENTED_EDGE('',*,*,#16628,.T.);
#16628 = EDGE_CURVE('',#16620,#16629,#16631,.T.);
#16629 = VERTEX_POINT('',#16630);
#16630 = CARTESIAN_POINT('',(0.9995,3.373,-5.E-02));
#16631 = LINE('',#16632,#16633);
#16632 = CARTESIAN_POINT('',(0.5245,3.373,-5.E-02));
#16633 = VECTOR('',#16634,1.);
#16634 = DIRECTION('',(1.,0.,0.));
#16635 = ORIENTED_EDGE('',*,*,#16636,.T.);
#16636 = EDGE_CURVE('',#16629,#16637,#16639,.T.);
#16637 = VERTEX_POINT('',#16638);
#16638 = CARTESIAN_POINT('',(1.237,3.6105,-5.E-02));
#16639 = CIRCLE('',#16640,0.237499523827);
#16640 = AXIS2_PLACEMENT_3D('',#16641,#16642,#16643);
#16641 = CARTESIAN_POINT('',(0.999500476173,3.610499523827,-5.E-02));
#16642 = DIRECTION('',(0.,0.,1.));
#16643 = DIRECTION('',(-2.004943178106E-06,-0.999999999998,0.));
#16644 = ORIENTED_EDGE('',*,*,#16645,.T.);
#16645 = EDGE_CURVE('',#16637,#16584,#16646,.T.);
#16646 = LINE('',#16647,#16648);
#16647 = CARTESIAN_POINT('',(1.237,3.6105,-5.E-02));
#16648 = VECTOR('',#16649,1.);
#16649 = DIRECTION('',(0.,1.,0.));
#16650 = FACE_BOUND('',#16651,.T.);
#16651 = EDGE_LOOP('',(#16652,#16663,#16671,#16680,#16688,#16697,#16705,
    #16714));
#16652 = ORIENTED_EDGE('',*,*,#16653,.T.);
#16653 = EDGE_CURVE('',#16654,#16656,#16658,.T.);
#16654 = VERTEX_POINT('',#16655);
#16655 = CARTESIAN_POINT('',(-1.811,4.2105,-5.E-02));
#16656 = VERTEX_POINT('',#16657);
#16657 = CARTESIAN_POINT('',(-2.0485,4.448,-5.E-02));
#16658 = CIRCLE('',#16659,0.237499523827);
#16659 = AXIS2_PLACEMENT_3D('',#16660,#16661,#16662);
#16660 = CARTESIAN_POINT('',(-2.048499523827,4.210500476173,-5.E-02));
#16661 = DIRECTION('',(0.,0.,1.));
#16662 = DIRECTION('',(0.999999999998,-2.004943175301E-06,0.));
#16663 = ORIENTED_EDGE('',*,*,#16664,.T.);
#16664 = EDGE_CURVE('',#16656,#16665,#16667,.T.);
#16665 = VERTEX_POINT('',#16666);
#16666 = CARTESIAN_POINT('',(-2.5235,4.448,-5.E-02));
#16667 = LINE('',#16668,#16669);
#16668 = CARTESIAN_POINT('',(-2.0485,4.448,-5.E-02));
#16669 = VECTOR('',#16670,1.);
#16670 = DIRECTION('',(-1.,0.,0.));
#16671 = ORIENTED_EDGE('',*,*,#16672,.T.);
#16672 = EDGE_CURVE('',#16665,#16673,#16675,.T.);
#16673 = VERTEX_POINT('',#16674);
#16674 = CARTESIAN_POINT('',(-2.761,4.2105,-5.E-02));
#16675 = CIRCLE('',#16676,0.237499523827);
#16676 = AXIS2_PLACEMENT_3D('',#16677,#16678,#16679);
#16677 = CARTESIAN_POINT('',(-2.523500476173,4.210500476173,-5.E-02));
#16678 = DIRECTION('',(0.,0.,1.));
#16679 = DIRECTION('',(2.004943177171E-06,0.999999999998,-0.));
#16680 = ORIENTED_EDGE('',*,*,#16681,.T.);
#16681 = EDGE_CURVE('',#16673,#16682,#16684,.T.);
#16682 = VERTEX_POINT('',#16683);
#16683 = CARTESIAN_POINT('',(-2.761,3.7105,-5.E-02));
#16684 = LINE('',#16685,#16686);
#16685 = CARTESIAN_POINT('',(-2.761,4.2105,-5.E-02));
#16686 = VECTOR('',#16687,1.);
#16687 = DIRECTION('',(0.,-1.,0.));
#16688 = ORIENTED_EDGE('',*,*,#16689,.T.);
#16689 = EDGE_CURVE('',#16682,#16690,#16692,.T.);
#16690 = VERTEX_POINT('',#16691);
#16691 = CARTESIAN_POINT('',(-2.5235,3.473,-5.E-02));
#16692 = CIRCLE('',#16693,0.237499523827);
#16693 = AXIS2_PLACEMENT_3D('',#16694,#16695,#16696);
#16694 = CARTESIAN_POINT('',(-2.523500476173,3.710499523827,-5.E-02));
#16695 = DIRECTION('',(0.,0.,1.));
#16696 = DIRECTION('',(-0.999999999998,2.004943179041E-06,0.));
#16697 = ORIENTED_EDGE('',*,*,#16698,.T.);
#16698 = EDGE_CURVE('',#16690,#16699,#16701,.T.);
#16699 = VERTEX_POINT('',#16700);
#16700 = CARTESIAN_POINT('',(-2.0485,3.473,-5.E-02));
#16701 = LINE('',#16702,#16703);
#16702 = CARTESIAN_POINT('',(-2.5235,3.473,-5.E-02));
#16703 = VECTOR('',#16704,1.);
#16704 = DIRECTION('',(1.,0.,0.));
#16705 = ORIENTED_EDGE('',*,*,#16706,.T.);
#16706 = EDGE_CURVE('',#16699,#16707,#16709,.T.);
#16707 = VERTEX_POINT('',#16708);
#16708 = CARTESIAN_POINT('',(-1.811,3.7105,-5.E-02));
#16709 = CIRCLE('',#16710,0.237499523827);
#16710 = AXIS2_PLACEMENT_3D('',#16711,#16712,#16713);
#16711 = CARTESIAN_POINT('',(-2.048499523827,3.710499523827,-5.E-02));
#16712 = DIRECTION('',(0.,0.,1.));
#16713 = DIRECTION('',(-2.004943177171E-06,-0.999999999998,0.));
#16714 = ORIENTED_EDGE('',*,*,#16715,.T.);
#16715 = EDGE_CURVE('',#16707,#16654,#16716,.T.);
#16716 = LINE('',#16717,#16718);
#16717 = CARTESIAN_POINT('',(-1.811,3.7105,-5.E-02));
#16718 = VECTOR('',#16719,1.);
#16719 = DIRECTION('',(0.,1.,0.));
#16720 = FACE_BOUND('',#16721,.T.);
#16721 = EDGE_LOOP('',(#16722,#16733,#16741,#16750,#16758,#16767,#16775,
    #16784));
#16722 = ORIENTED_EDGE('',*,*,#16723,.T.);
#16723 = EDGE_CURVE('',#16724,#16726,#16728,.T.);
#16724 = VERTEX_POINT('',#16725);
#16725 = CARTESIAN_POINT('',(-0.287,4.2105,-5.E-02));
#16726 = VERTEX_POINT('',#16727);
#16727 = CARTESIAN_POINT('',(-0.5245,4.448,-5.E-02));
#16728 = CIRCLE('',#16729,0.237499523827);
#16729 = AXIS2_PLACEMENT_3D('',#16730,#16731,#16732);
#16730 = CARTESIAN_POINT('',(-0.524499523827,4.210500476173,-5.E-02));
#16731 = DIRECTION('',(0.,0.,1.));
#16732 = DIRECTION('',(0.999999999998,-2.004943179041E-06,0.));
#16733 = ORIENTED_EDGE('',*,*,#16734,.T.);
#16734 = EDGE_CURVE('',#16726,#16735,#16737,.T.);
#16735 = VERTEX_POINT('',#16736);
#16736 = CARTESIAN_POINT('',(-0.9995,4.448,-5.E-02));
#16737 = LINE('',#16738,#16739);
#16738 = CARTESIAN_POINT('',(-0.5245,4.448,-5.E-02));
#16739 = VECTOR('',#16740,1.);
#16740 = DIRECTION('',(-1.,0.,0.));
#16741 = ORIENTED_EDGE('',*,*,#16742,.T.);
#16742 = EDGE_CURVE('',#16735,#16743,#16745,.T.);
#16743 = VERTEX_POINT('',#16744);
#16744 = CARTESIAN_POINT('',(-1.237,4.2105,-5.E-02));
#16745 = CIRCLE('',#16746,0.237499523827);
#16746 = AXIS2_PLACEMENT_3D('',#16747,#16748,#16749);
#16747 = CARTESIAN_POINT('',(-0.999500476173,4.210500476173,-5.E-02));
#16748 = DIRECTION('',(0.,0.,1.));
#16749 = DIRECTION('',(2.004943175769E-06,0.999999999998,-0.));
#16750 = ORIENTED_EDGE('',*,*,#16751,.T.);
#16751 = EDGE_CURVE('',#16743,#16752,#16754,.T.);
#16752 = VERTEX_POINT('',#16753);
#16753 = CARTESIAN_POINT('',(-1.237,3.7105,-5.E-02));
#16754 = LINE('',#16755,#16756);
#16755 = CARTESIAN_POINT('',(-1.237,4.2105,-5.E-02));
#16756 = VECTOR('',#16757,1.);
#16757 = DIRECTION('',(0.,-1.,0.));
#16758 = ORIENTED_EDGE('',*,*,#16759,.T.);
#16759 = EDGE_CURVE('',#16752,#16760,#16762,.T.);
#16760 = VERTEX_POINT('',#16761);
#16761 = CARTESIAN_POINT('',(-0.9995,3.473,-5.E-02));
#16762 = CIRCLE('',#16763,0.237499523827);
#16763 = AXIS2_PLACEMENT_3D('',#16764,#16765,#16766);
#16764 = CARTESIAN_POINT('',(-0.999500476173,3.710499523827,-5.E-02));
#16765 = DIRECTION('',(0.,0.,1.));
#16766 = DIRECTION('',(-0.999999999998,2.004943179041E-06,0.));
#16767 = ORIENTED_EDGE('',*,*,#16768,.T.);
#16768 = EDGE_CURVE('',#16760,#16769,#16771,.T.);
#16769 = VERTEX_POINT('',#16770);
#16770 = CARTESIAN_POINT('',(-0.5245,3.473,-5.E-02));
#16771 = LINE('',#16772,#16773);
#16772 = CARTESIAN_POINT('',(-0.9995,3.473,-5.E-02));
#16773 = VECTOR('',#16774,1.);
#16774 = DIRECTION('',(1.,0.,0.));
#16775 = ORIENTED_EDGE('',*,*,#16776,.T.);
#16776 = EDGE_CURVE('',#16769,#16777,#16779,.T.);
#16777 = VERTEX_POINT('',#16778);
#16778 = CARTESIAN_POINT('',(-0.287,3.7105,-5.E-02));
#16779 = CIRCLE('',#16780,0.237499523827);
#16780 = AXIS2_PLACEMENT_3D('',#16781,#16782,#16783);
#16781 = CARTESIAN_POINT('',(-0.524499523827,3.710499523827,-5.E-02));
#16782 = DIRECTION('',(0.,0.,1.));
#16783 = DIRECTION('',(-2.004943176704E-06,-0.999999999998,0.));
#16784 = ORIENTED_EDGE('',*,*,#16785,.T.);
#16785 = EDGE_CURVE('',#16777,#16724,#16786,.T.);
#16786 = LINE('',#16787,#16788);
#16787 = CARTESIAN_POINT('',(-0.287,3.7105,-5.E-02));
#16788 = VECTOR('',#16789,1.);
#16789 = DIRECTION('',(0.,1.,0.));
#16790 = FACE_BOUND('',#16791,.T.);
#16791 = EDGE_LOOP('',(#16792,#16803,#16811,#16820,#16828,#16837,#16845,
    #16854));
#16792 = ORIENTED_EDGE('',*,*,#16793,.T.);
#16793 = EDGE_CURVE('',#16794,#16796,#16798,.T.);
#16794 = VERTEX_POINT('',#16795);
#16795 = CARTESIAN_POINT('',(2.761,4.234,-5.E-02));
#16796 = VERTEX_POINT('',#16797);
#16797 = CARTESIAN_POINT('',(2.5235,4.4715,-5.E-02));
#16798 = CIRCLE('',#16799,0.237499523827);
#16799 = AXIS2_PLACEMENT_3D('',#16800,#16801,#16802);
#16800 = CARTESIAN_POINT('',(2.523500476173,4.234000476173,-5.E-02));
#16801 = DIRECTION('',(0.,0.,1.));
#16802 = DIRECTION('',(0.999999999998,-2.004943179041E-06,0.));
#16803 = ORIENTED_EDGE('',*,*,#16804,.T.);
#16804 = EDGE_CURVE('',#16796,#16805,#16807,.T.);
#16805 = VERTEX_POINT('',#16806);
#16806 = CARTESIAN_POINT('',(2.0485,4.4715,-5.E-02));
#16807 = LINE('',#16808,#16809);
#16808 = CARTESIAN_POINT('',(2.5235,4.4715,-5.E-02));
#16809 = VECTOR('',#16810,1.);
#16810 = DIRECTION('',(-1.,0.,0.));
#16811 = ORIENTED_EDGE('',*,*,#16812,.T.);
#16812 = EDGE_CURVE('',#16805,#16813,#16815,.T.);
#16813 = VERTEX_POINT('',#16814);
#16814 = CARTESIAN_POINT('',(1.811,4.234,-5.E-02));
#16815 = CIRCLE('',#16816,0.237499523827);
#16816 = AXIS2_PLACEMENT_3D('',#16817,#16818,#16819);
#16817 = CARTESIAN_POINT('',(2.048499523827,4.234000476173,-5.E-02));
#16818 = DIRECTION('',(0.,0.,1.));
#16819 = DIRECTION('',(2.004943182781E-06,0.999999999998,-0.));
#16820 = ORIENTED_EDGE('',*,*,#16821,.T.);
#16821 = EDGE_CURVE('',#16813,#16822,#16824,.T.);
#16822 = VERTEX_POINT('',#16823);
#16823 = CARTESIAN_POINT('',(1.811,3.734,-5.E-02));
#16824 = LINE('',#16825,#16826);
#16825 = CARTESIAN_POINT('',(1.811,4.234,-5.E-02));
#16826 = VECTOR('',#16827,1.);
#16827 = DIRECTION('',(0.,-1.,0.));
#16828 = ORIENTED_EDGE('',*,*,#16829,.T.);
#16829 = EDGE_CURVE('',#16822,#16830,#16832,.T.);
#16830 = VERTEX_POINT('',#16831);
#16831 = CARTESIAN_POINT('',(2.0485,3.4965,-5.E-02));
#16832 = CIRCLE('',#16833,0.237499523827);
#16833 = AXIS2_PLACEMENT_3D('',#16834,#16835,#16836);
#16834 = CARTESIAN_POINT('',(2.048499523827,3.733999523827,-5.E-02));
#16835 = DIRECTION('',(0.,0.,1.));
#16836 = DIRECTION('',(-0.999999999998,2.004943177171E-06,0.));
#16837 = ORIENTED_EDGE('',*,*,#16838,.T.);
#16838 = EDGE_CURVE('',#16830,#16839,#16841,.T.);
#16839 = VERTEX_POINT('',#16840);
#16840 = CARTESIAN_POINT('',(2.5235,3.4965,-5.E-02));
#16841 = LINE('',#16842,#16843);
#16842 = CARTESIAN_POINT('',(2.0485,3.4965,-5.E-02));
#16843 = VECTOR('',#16844,1.);
#16844 = DIRECTION('',(1.,0.,0.));
#16845 = ORIENTED_EDGE('',*,*,#16846,.T.);
#16846 = EDGE_CURVE('',#16839,#16847,#16849,.T.);
#16847 = VERTEX_POINT('',#16848);
#16848 = CARTESIAN_POINT('',(2.761,3.734,-5.E-02));
#16849 = CIRCLE('',#16850,0.237499523827);
#16850 = AXIS2_PLACEMENT_3D('',#16851,#16852,#16853);
#16851 = CARTESIAN_POINT('',(2.523500476173,3.733999523827,-5.E-02));
#16852 = DIRECTION('',(0.,0.,1.));
#16853 = DIRECTION('',(-2.004943180911E-06,-0.999999999998,0.));
#16854 = ORIENTED_EDGE('',*,*,#16855,.T.);
#16855 = EDGE_CURVE('',#16847,#16794,#16856,.T.);
#16856 = LINE('',#16857,#16858);
#16857 = CARTESIAN_POINT('',(2.761,3.734,-5.E-02));
#16858 = VECTOR('',#16859,1.);
#16859 = DIRECTION('',(0.,1.,0.));
#16860 = PLANE('',#16861);
#16861 = AXIS2_PLACEMENT_3D('',#16862,#16863,#16864);
#16862 = CARTESIAN_POINT('',(0.,0.,-5.E-02));
#16863 = DIRECTION('',(-0.,-0.,-1.));
#16864 = DIRECTION('',(-1.,0.,0.));
#16865 = ( GEOMETRIC_REPRESENTATION_CONTEXT(3) 
GLOBAL_UNCERTAINTY_ASSIGNED_CONTEXT((#16869)) 
GLOBAL_UNIT_ASSIGNED_CONTEXT((#16866,#16867,#16868)) 
REPRESENTATION_CONTEXT('Context #1',
  '3D Context with UNIT and UNCERTAINTY') );
#16866 = ( LENGTH_UNIT() NAMED_UNIT(*) SI_UNIT(.MILLI.,.METRE.) );
#16867 = ( NAMED_UNIT(*) PLANE_ANGLE_UNIT() SI_UNIT($,.RADIAN.) );
#16868 = ( NAMED_UNIT(*) SI_UNIT($,.STERADIAN.) SOLID_ANGLE_UNIT() );
#16869 = UNCERTAINTY_MEASURE_WITH_UNIT(LENGTH_MEASURE(1.E-07),#16866,
  'distance_accuracy_value','confusion accuracy');
#16870 = CONTEXT_DEPENDENT_SHAPE_REPRESENTATION(#16871,#16873);
#16871 = ( REPRESENTATION_RELATIONSHIP('','',#15656,#10) 
REPRESENTATION_RELATIONSHIP_WITH_TRANSFORMATION(#16872) 
SHAPE_REPRESENTATION_RELATIONSHIP() );
#16872 = ITEM_DEFINED_TRANSFORMATION('','',#11,#55);
#16873 = PRODUCT_DEFINITION_SHAPE('Placement','Placement of an item',
  #16874);
#16874 = NEXT_ASSEMBLY_USAGE_OCCURRENCE('11','=>[0:1:1:8]','',#5,#15651,
  $);
#16875 = PRODUCT_RELATED_PRODUCT_CATEGORY('part',$,(#15653));
#16876 = SHAPE_DEFINITION_REPRESENTATION(#16877,#16883);
#16877 = PRODUCT_DEFINITION_SHAPE('','',#16878);
#16878 = PRODUCT_DEFINITION('design','',#16879,#16882);
#16879 = PRODUCT_DEFINITION_FORMATION('','',#16880);
#16880 = PRODUCT('BH1750_PCB','BH1750_PCB','',(#16881));
#16881 = PRODUCT_CONTEXT('',#2,'mechanical');
#16882 = PRODUCT_DEFINITION_CONTEXT('part definition',#2,'design');
#16883 = ADVANCED_BREP_SHAPE_REPRESENTATION('',(#11,#16884),#17252);
#16884 = MANIFOLD_SOLID_BREP('',#16885);
#16885 = CLOSED_SHELL('',(#16886,#16928,#16959,#16990,#17064,#17138,
    #17155,#17172,#17189,#17206,#17218,#17235));
#16886 = ADVANCED_FACE('',(#16887),#16923,.T.);
#16887 = FACE_BOUND('',#16888,.T.);
#16888 = EDGE_LOOP('',(#16889,#16899,#16908,#16916));
#16889 = ORIENTED_EDGE('',*,*,#16890,.T.);
#16890 = EDGE_CURVE('',#16891,#16893,#16895,.T.);
#16891 = VERTEX_POINT('',#16892);
#16892 = CARTESIAN_POINT('',(6.985,5.08,0.));
#16893 = VERTEX_POINT('',#16894);
#16894 = CARTESIAN_POINT('',(6.985,5.08,1.51));
#16895 = LINE('',#16896,#16897);
#16896 = CARTESIAN_POINT('',(6.985,5.08,0.));
#16897 = VECTOR('',#16898,1.);
#16898 = DIRECTION('',(0.,0.,1.));
#16899 = ORIENTED_EDGE('',*,*,#16900,.T.);
#16900 = EDGE_CURVE('',#16893,#16901,#16903,.T.);
#16901 = VERTEX_POINT('',#16902);
#16902 = CARTESIAN_POINT('',(9.525,2.54,1.51));
#16903 = CIRCLE('',#16904,2.540000765514);
#16904 = AXIS2_PLACEMENT_3D('',#16905,#16906,#16907);
#16905 = CARTESIAN_POINT('',(6.984999234486,2.539999234486,1.51));
#16906 = DIRECTION('',(0.,0.,-1.));
#16907 = DIRECTION('',(3.01383444619E-07,1.,0.));
#16908 = ORIENTED_EDGE('',*,*,#16909,.F.);
#16909 = EDGE_CURVE('',#16910,#16901,#16912,.T.);
#16910 = VERTEX_POINT('',#16911);
#16911 = CARTESIAN_POINT('',(9.525,2.54,0.));
#16912 = LINE('',#16913,#16914);
#16913 = CARTESIAN_POINT('',(9.525,2.54,0.));
#16914 = VECTOR('',#16915,1.);
#16915 = DIRECTION('',(0.,0.,1.));
#16916 = ORIENTED_EDGE('',*,*,#16917,.F.);
#16917 = EDGE_CURVE('',#16891,#16910,#16918,.T.);
#16918 = CIRCLE('',#16919,2.540000765514);
#16919 = AXIS2_PLACEMENT_3D('',#16920,#16921,#16922);
#16920 = CARTESIAN_POINT('',(6.984999234486,2.539999234486,0.));
#16921 = DIRECTION('',(0.,0.,-1.));
#16922 = DIRECTION('',(3.01383444619E-07,1.,0.));
#16923 = CYLINDRICAL_SURFACE('',#16924,2.540000765514);
#16924 = AXIS2_PLACEMENT_3D('',#16925,#16926,#16927);
#16925 = CARTESIAN_POINT('',(6.984999234486,2.539999234486,0.));
#16926 = DIRECTION('',(0.,0.,-1.));
#16927 = DIRECTION('',(3.01383444619E-07,1.,0.));
#16928 = ADVANCED_FACE('',(#16929),#16954,.T.);
#16929 = FACE_BOUND('',#16930,.T.);
#16930 = EDGE_LOOP('',(#16931,#16941,#16947,#16948));
#16931 = ORIENTED_EDGE('',*,*,#16932,.T.);
#16932 = EDGE_CURVE('',#16933,#16935,#16937,.T.);
#16933 = VERTEX_POINT('',#16934);
#16934 = CARTESIAN_POINT('',(-6.985,5.08,0.));
#16935 = VERTEX_POINT('',#16936);
#16936 = CARTESIAN_POINT('',(-6.985,5.08,1.51));
#16937 = LINE('',#16938,#16939);
#16938 = CARTESIAN_POINT('',(-6.985,5.08,0.));
#16939 = VECTOR('',#16940,1.);
#16940 = DIRECTION('',(0.,0.,1.));
#16941 = ORIENTED_EDGE('',*,*,#16942,.T.);
#16942 = EDGE_CURVE('',#16935,#16893,#16943,.T.);
#16943 = LINE('',#16944,#16945);
#16944 = CARTESIAN_POINT('',(-6.985,5.08,1.51));
#16945 = VECTOR('',#16946,1.);
#16946 = DIRECTION('',(1.,0.,0.));
#16947 = ORIENTED_EDGE('',*,*,#16890,.F.);
#16948 = ORIENTED_EDGE('',*,*,#16949,.F.);
#16949 = EDGE_CURVE('',#16933,#16891,#16950,.T.);
#16950 = LINE('',#16951,#16952);
#16951 = CARTESIAN_POINT('',(-6.985,5.08,0.));
#16952 = VECTOR('',#16953,1.);
#16953 = DIRECTION('',(1.,0.,0.));
#16954 = PLANE('',#16955);
#16955 = AXIS2_PLACEMENT_3D('',#16956,#16957,#16958);
#16956 = CARTESIAN_POINT('',(-6.985,5.08,0.));
#16957 = DIRECTION('',(0.,1.,0.));
#16958 = DIRECTION('',(1.,0.,0.));
#16959 = ADVANCED_FACE('',(#16960),#16985,.T.);
#16960 = FACE_BOUND('',#16961,.T.);
#16961 = EDGE_LOOP('',(#16962,#16963,#16971,#16979));
#16962 = ORIENTED_EDGE('',*,*,#16909,.T.);
#16963 = ORIENTED_EDGE('',*,*,#16964,.T.);
#16964 = EDGE_CURVE('',#16901,#16965,#16967,.T.);
#16965 = VERTEX_POINT('',#16966);
#16966 = CARTESIAN_POINT('',(9.525,-2.54,1.51));
#16967 = LINE('',#16968,#16969);
#16968 = CARTESIAN_POINT('',(9.525,2.54,1.51));
#16969 = VECTOR('',#16970,1.);
#16970 = DIRECTION('',(0.,-1.,0.));
#16971 = ORIENTED_EDGE('',*,*,#16972,.F.);
#16972 = EDGE_CURVE('',#16973,#16965,#16975,.T.);
#16973 = VERTEX_POINT('',#16974);
#16974 = CARTESIAN_POINT('',(9.525,-2.54,0.));
#16975 = LINE('',#16976,#16977);
#16976 = CARTESIAN_POINT('',(9.525,-2.54,0.));
#16977 = VECTOR('',#16978,1.);
#16978 = DIRECTION('',(0.,0.,1.));
#16979 = ORIENTED_EDGE('',*,*,#16980,.F.);
#16980 = EDGE_CURVE('',#16910,#16973,#16981,.T.);
#16981 = LINE('',#16982,#16983);
#16982 = CARTESIAN_POINT('',(9.525,2.54,0.));
#16983 = VECTOR('',#16984,1.);
#16984 = DIRECTION('',(0.,-1.,0.));
#16985 = PLANE('',#16986);
#16986 = AXIS2_PLACEMENT_3D('',#16987,#16988,#16989);
#16987 = CARTESIAN_POINT('',(9.525,2.54,0.));
#16988 = DIRECTION('',(1.,0.,-0.));
#16989 = DIRECTION('',(0.,-1.,0.));
#16990 = ADVANCED_FACE('',(#16991,#17037,#17048),#17059,.F.);
#16991 = FACE_BOUND('',#16992,.F.);
#16992 = EDGE_LOOP('',(#16993,#16994,#16995,#17004,#17012,#17021,#17029,
    #17036));
#16993 = ORIENTED_EDGE('',*,*,#16917,.F.);
#16994 = ORIENTED_EDGE('',*,*,#16949,.F.);
#16995 = ORIENTED_EDGE('',*,*,#16996,.F.);
#16996 = EDGE_CURVE('',#16997,#16933,#16999,.T.);
#16997 = VERTEX_POINT('',#16998);
#16998 = CARTESIAN_POINT('',(-9.525,2.54,0.));
#16999 = CIRCLE('',#17000,2.540000765514);
#17000 = AXIS2_PLACEMENT_3D('',#17001,#17002,#17003);
#17001 = CARTESIAN_POINT('',(-6.984999234486,2.539999234486,0.));
#17002 = DIRECTION('',(0.,0.,-1.));
#17003 = DIRECTION('',(-1.,3.01383444619E-07,0.));
#17004 = ORIENTED_EDGE('',*,*,#17005,.F.);
#17005 = EDGE_CURVE('',#17006,#16997,#17008,.T.);
#17006 = VERTEX_POINT('',#17007);
#17007 = CARTESIAN_POINT('',(-9.525,-2.54,0.));
#17008 = LINE('',#17009,#17010);
#17009 = CARTESIAN_POINT('',(-9.525,-2.54,0.));
#17010 = VECTOR('',#17011,1.);
#17011 = DIRECTION('',(0.,1.,0.));
#17012 = ORIENTED_EDGE('',*,*,#17013,.F.);
#17013 = EDGE_CURVE('',#17014,#17006,#17016,.T.);
#17014 = VERTEX_POINT('',#17015);
#17015 = CARTESIAN_POINT('',(-6.985,-5.08,0.));
#17016 = CIRCLE('',#17017,2.540000765514);
#17017 = AXIS2_PLACEMENT_3D('',#17018,#17019,#17020);
#17018 = CARTESIAN_POINT('',(-6.984999234486,-2.539999234486,0.));
#17019 = DIRECTION('',(0.,0.,-1.));
#17020 = DIRECTION('',(-3.01383444619E-07,-1.,-0.));
#17021 = ORIENTED_EDGE('',*,*,#17022,.F.);
#17022 = EDGE_CURVE('',#17023,#17014,#17025,.T.);
#17023 = VERTEX_POINT('',#17024);
#17024 = CARTESIAN_POINT('',(6.985,-5.08,0.));
#17025 = LINE('',#17026,#17027);
#17026 = CARTESIAN_POINT('',(6.985,-5.08,0.));
#17027 = VECTOR('',#17028,1.);
#17028 = DIRECTION('',(-1.,0.,0.));
#17029 = ORIENTED_EDGE('',*,*,#17030,.F.);
#17030 = EDGE_CURVE('',#16973,#17023,#17031,.T.);
#17031 = CIRCLE('',#17032,2.540000765514);
#17032 = AXIS2_PLACEMENT_3D('',#17033,#17034,#17035);
#17033 = CARTESIAN_POINT('',(6.984999234486,-2.539999234486,0.));
#17034 = DIRECTION('',(0.,0.,-1.));
#17035 = DIRECTION('',(1.,-3.01383444619E-07,0.));
#17036 = ORIENTED_EDGE('',*,*,#16980,.F.);
#17037 = FACE_BOUND('',#17038,.F.);
#17038 = EDGE_LOOP('',(#17039));
#17039 = ORIENTED_EDGE('',*,*,#17040,.T.);
#17040 = EDGE_CURVE('',#17041,#17041,#17043,.T.);
#17041 = VERTEX_POINT('',#17042);
#17042 = CARTESIAN_POINT('',(-6.985,-1.1,0.));
#17043 = CIRCLE('',#17044,1.1);
#17044 = AXIS2_PLACEMENT_3D('',#17045,#17046,#17047);
#17045 = CARTESIAN_POINT('',(-6.985,0.,0.));
#17046 = DIRECTION('',(-0.,0.,-1.));
#17047 = DIRECTION('',(-0.,-1.,0.));
#17048 = FACE_BOUND('',#17049,.F.);
#17049 = EDGE_LOOP('',(#17050));
#17050 = ORIENTED_EDGE('',*,*,#17051,.T.);
#17051 = EDGE_CURVE('',#17052,#17052,#17054,.T.);
#17052 = VERTEX_POINT('',#17053);
#17053 = CARTESIAN_POINT('',(6.985,-1.1,0.));
#17054 = CIRCLE('',#17055,1.1);
#17055 = AXIS2_PLACEMENT_3D('',#17056,#17057,#17058);
#17056 = CARTESIAN_POINT('',(6.985,0.,0.));
#17057 = DIRECTION('',(-0.,0.,-1.));
#17058 = DIRECTION('',(-0.,-1.,0.));
#17059 = PLANE('',#17060);
#17060 = AXIS2_PLACEMENT_3D('',#17061,#17062,#17063);
#17061 = CARTESIAN_POINT('',(0.,0.,0.));
#17062 = DIRECTION('',(0.,0.,1.));
#17063 = DIRECTION('',(1.,0.,-0.));
#17064 = ADVANCED_FACE('',(#17065,#17111,#17122),#17133,.T.);
#17065 = FACE_BOUND('',#17066,.T.);
#17066 = EDGE_LOOP('',(#17067,#17068,#17069,#17078,#17086,#17095,#17103,
    #17110));
#17067 = ORIENTED_EDGE('',*,*,#16900,.F.);
#17068 = ORIENTED_EDGE('',*,*,#16942,.F.);
#17069 = ORIENTED_EDGE('',*,*,#17070,.F.);
#17070 = EDGE_CURVE('',#17071,#16935,#17073,.T.);
#17071 = VERTEX_POINT('',#17072);
#17072 = CARTESIAN_POINT('',(-9.525,2.54,1.51));
#17073 = CIRCLE('',#17074,2.540000765514);
#17074 = AXIS2_PLACEMENT_3D('',#17075,#17076,#17077);
#17075 = CARTESIAN_POINT('',(-6.984999234486,2.539999234486,1.51));
#17076 = DIRECTION('',(0.,0.,-1.));
#17077 = DIRECTION('',(-1.,3.01383444619E-07,0.));
#17078 = ORIENTED_EDGE('',*,*,#17079,.F.);
#17079 = EDGE_CURVE('',#17080,#17071,#17082,.T.);
#17080 = VERTEX_POINT('',#17081);
#17081 = CARTESIAN_POINT('',(-9.525,-2.54,1.51));
#17082 = LINE('',#17083,#17084);
#17083 = CARTESIAN_POINT('',(-9.525,-2.54,1.51));
#17084 = VECTOR('',#17085,1.);
#17085 = DIRECTION('',(0.,1.,0.));
#17086 = ORIENTED_EDGE('',*,*,#17087,.F.);
#17087 = EDGE_CURVE('',#17088,#17080,#17090,.T.);
#17088 = VERTEX_POINT('',#17089);
#17089 = CARTESIAN_POINT('',(-6.985,-5.08,1.51));
#17090 = CIRCLE('',#17091,2.540000765514);
#17091 = AXIS2_PLACEMENT_3D('',#17092,#17093,#17094);
#17092 = CARTESIAN_POINT('',(-6.984999234486,-2.539999234486,1.51));
#17093 = DIRECTION('',(0.,0.,-1.));
#17094 = DIRECTION('',(-3.01383444619E-07,-1.,-0.));
#17095 = ORIENTED_EDGE('',*,*,#17096,.F.);
#17096 = EDGE_CURVE('',#17097,#17088,#17099,.T.);
#17097 = VERTEX_POINT('',#17098);
#17098 = CARTESIAN_POINT('',(6.985,-5.08,1.51));
#17099 = LINE('',#17100,#17101);
#17100 = CARTESIAN_POINT('',(6.985,-5.08,1.51));
#17101 = VECTOR('',#17102,1.);
#17102 = DIRECTION('',(-1.,0.,0.));
#17103 = ORIENTED_EDGE('',*,*,#17104,.F.);
#17104 = EDGE_CURVE('',#16965,#17097,#17105,.T.);
#17105 = CIRCLE('',#17106,2.540000765514);
#17106 = AXIS2_PLACEMENT_3D('',#17107,#17108,#17109);
#17107 = CARTESIAN_POINT('',(6.984999234486,-2.539999234486,1.51));
#17108 = DIRECTION('',(0.,0.,-1.));
#17109 = DIRECTION('',(1.,-3.01383444619E-07,0.));
#17110 = ORIENTED_EDGE('',*,*,#16964,.F.);
#17111 = FACE_BOUND('',#17112,.T.);
#17112 = EDGE_LOOP('',(#17113));
#17113 = ORIENTED_EDGE('',*,*,#17114,.T.);
#17114 = EDGE_CURVE('',#17115,#17115,#17117,.T.);
#17115 = VERTEX_POINT('',#17116);
#17116 = CARTESIAN_POINT('',(-6.985,-1.1,1.51));
#17117 = CIRCLE('',#17118,1.1);
#17118 = AXIS2_PLACEMENT_3D('',#17119,#17120,#17121);
#17119 = CARTESIAN_POINT('',(-6.985,0.,1.51));
#17120 = DIRECTION('',(-0.,0.,-1.));
#17121 = DIRECTION('',(-0.,-1.,0.));
#17122 = FACE_BOUND('',#17123,.T.);
#17123 = EDGE_LOOP('',(#17124));
#17124 = ORIENTED_EDGE('',*,*,#17125,.T.);
#17125 = EDGE_CURVE('',#17126,#17126,#17128,.T.);
#17126 = VERTEX_POINT('',#17127);
#17127 = CARTESIAN_POINT('',(6.985,-1.1,1.51));
#17128 = CIRCLE('',#17129,1.1);
#17129 = AXIS2_PLACEMENT_3D('',#17130,#17131,#17132);
#17130 = CARTESIAN_POINT('',(6.985,0.,1.51));
#17131 = DIRECTION('',(-0.,0.,-1.));
#17132 = DIRECTION('',(-0.,-1.,0.));
#17133 = PLANE('',#17134);
#17134 = AXIS2_PLACEMENT_3D('',#17135,#17136,#17137);
#17135 = CARTESIAN_POINT('',(0.,0.,1.51));
#17136 = DIRECTION('',(0.,0.,1.));
#17137 = DIRECTION('',(1.,0.,-0.));
#17138 = ADVANCED_FACE('',(#17139),#17150,.T.);
#17139 = FACE_BOUND('',#17140,.T.);
#17140 = EDGE_LOOP('',(#17141,#17147,#17148,#17149));
#17141 = ORIENTED_EDGE('',*,*,#17142,.T.);
#17142 = EDGE_CURVE('',#16997,#17071,#17143,.T.);
#17143 = LINE('',#17144,#17145);
#17144 = CARTESIAN_POINT('',(-9.525,2.54,0.));
#17145 = VECTOR('',#17146,1.);
#17146 = DIRECTION('',(0.,0.,1.));
#17147 = ORIENTED_EDGE('',*,*,#17070,.T.);
#17148 = ORIENTED_EDGE('',*,*,#16932,.F.);
#17149 = ORIENTED_EDGE('',*,*,#16996,.F.);
#17150 = CYLINDRICAL_SURFACE('',#17151,2.540000765514);
#17151 = AXIS2_PLACEMENT_3D('',#17152,#17153,#17154);
#17152 = CARTESIAN_POINT('',(-6.984999234486,2.539999234486,0.));
#17153 = DIRECTION('',(0.,0.,-1.));
#17154 = DIRECTION('',(-1.,3.01383444619E-07,0.));
#17155 = ADVANCED_FACE('',(#17156),#17167,.T.);
#17156 = FACE_BOUND('',#17157,.T.);
#17157 = EDGE_LOOP('',(#17158,#17159,#17160,#17166));
#17158 = ORIENTED_EDGE('',*,*,#16972,.T.);
#17159 = ORIENTED_EDGE('',*,*,#17104,.T.);
#17160 = ORIENTED_EDGE('',*,*,#17161,.F.);
#17161 = EDGE_CURVE('',#17023,#17097,#17162,.T.);
#17162 = LINE('',#17163,#17164);
#17163 = CARTESIAN_POINT('',(6.985,-5.08,0.));
#17164 = VECTOR('',#17165,1.);
#17165 = DIRECTION('',(0.,0.,1.));
#17166 = ORIENTED_EDGE('',*,*,#17030,.F.);
#17167 = CYLINDRICAL_SURFACE('',#17168,2.540000765514);
#17168 = AXIS2_PLACEMENT_3D('',#17169,#17170,#17171);
#17169 = CARTESIAN_POINT('',(6.984999234486,-2.539999234486,0.));
#17170 = DIRECTION('',(0.,0.,-1.));
#17171 = DIRECTION('',(1.,-3.01383444619E-07,0.));
#17172 = ADVANCED_FACE('',(#17173),#17184,.T.);
#17173 = FACE_BOUND('',#17174,.T.);
#17174 = EDGE_LOOP('',(#17175,#17181,#17182,#17183));
#17175 = ORIENTED_EDGE('',*,*,#17176,.T.);
#17176 = EDGE_CURVE('',#17006,#17080,#17177,.T.);
#17177 = LINE('',#17178,#17179);
#17178 = CARTESIAN_POINT('',(-9.525,-2.54,0.));
#17179 = VECTOR('',#17180,1.);
#17180 = DIRECTION('',(0.,0.,1.));
#17181 = ORIENTED_EDGE('',*,*,#17079,.T.);
#17182 = ORIENTED_EDGE('',*,*,#17142,.F.);
#17183 = ORIENTED_EDGE('',*,*,#17005,.F.);
#17184 = PLANE('',#17185);
#17185 = AXIS2_PLACEMENT_3D('',#17186,#17187,#17188);
#17186 = CARTESIAN_POINT('',(-9.525,-2.54,0.));
#17187 = DIRECTION('',(-1.,0.,0.));
#17188 = DIRECTION('',(0.,1.,0.));
#17189 = ADVANCED_FACE('',(#17190),#17201,.T.);
#17190 = FACE_BOUND('',#17191,.T.);
#17191 = EDGE_LOOP('',(#17192,#17193,#17194,#17200));
#17192 = ORIENTED_EDGE('',*,*,#17161,.T.);
#17193 = ORIENTED_EDGE('',*,*,#17096,.T.);
#17194 = ORIENTED_EDGE('',*,*,#17195,.F.);
#17195 = EDGE_CURVE('',#17014,#17088,#17196,.T.);
#17196 = LINE('',#17197,#17198);
#17197 = CARTESIAN_POINT('',(-6.985,-5.08,0.));
#17198 = VECTOR('',#17199,1.);
#17199 = DIRECTION('',(0.,0.,1.));
#17200 = ORIENTED_EDGE('',*,*,#17022,.F.);
#17201 = PLANE('',#17202);
#17202 = AXIS2_PLACEMENT_3D('',#17203,#17204,#17205);
#17203 = CARTESIAN_POINT('',(6.985,-5.08,0.));
#17204 = DIRECTION('',(0.,-1.,0.));
#17205 = DIRECTION('',(-1.,0.,0.));
#17206 = ADVANCED_FACE('',(#17207),#17213,.T.);
#17207 = FACE_BOUND('',#17208,.T.);
#17208 = EDGE_LOOP('',(#17209,#17210,#17211,#17212));
#17209 = ORIENTED_EDGE('',*,*,#17195,.T.);
#17210 = ORIENTED_EDGE('',*,*,#17087,.T.);
#17211 = ORIENTED_EDGE('',*,*,#17176,.F.);
#17212 = ORIENTED_EDGE('',*,*,#17013,.F.);
#17213 = CYLINDRICAL_SURFACE('',#17214,2.540000765514);
#17214 = AXIS2_PLACEMENT_3D('',#17215,#17216,#17217);
#17215 = CARTESIAN_POINT('',(-6.984999234486,-2.539999234486,0.));
#17216 = DIRECTION('',(0.,0.,-1.));
#17217 = DIRECTION('',(-3.01383444619E-07,-1.,-0.));
#17218 = ADVANCED_FACE('',(#17219),#17230,.F.);
#17219 = FACE_BOUND('',#17220,.T.);
#17220 = EDGE_LOOP('',(#17221,#17222,#17228,#17229));
#17221 = ORIENTED_EDGE('',*,*,#17040,.T.);
#17222 = ORIENTED_EDGE('',*,*,#17223,.T.);
#17223 = EDGE_CURVE('',#17041,#17115,#17224,.T.);
#17224 = LINE('',#17225,#17226);
#17225 = CARTESIAN_POINT('',(-6.985,-1.1,-4.6E-02));
#17226 = VECTOR('',#17227,1.);
#17227 = DIRECTION('',(0.,0.,1.));
#17228 = ORIENTED_EDGE('',*,*,#17114,.F.);
#17229 = ORIENTED_EDGE('',*,*,#17223,.F.);
#17230 = CYLINDRICAL_SURFACE('',#17231,1.1);
#17231 = AXIS2_PLACEMENT_3D('',#17232,#17233,#17234);
#17232 = CARTESIAN_POINT('',(-6.985,0.,-4.6E-02));
#17233 = DIRECTION('',(-0.,-0.,-1.));
#17234 = DIRECTION('',(-0.,-1.,0.));
#17235 = ADVANCED_FACE('',(#17236),#17247,.F.);
#17236 = FACE_BOUND('',#17237,.T.);
#17237 = EDGE_LOOP('',(#17238,#17239,#17245,#17246));
#17238 = ORIENTED_EDGE('',*,*,#17051,.T.);
#17239 = ORIENTED_EDGE('',*,*,#17240,.T.);
#17240 = EDGE_CURVE('',#17052,#17126,#17241,.T.);
#17241 = LINE('',#17242,#17243);
#17242 = CARTESIAN_POINT('',(6.985,-1.1,-4.6E-02));
#17243 = VECTOR('',#17244,1.);
#17244 = DIRECTION('',(0.,0.,1.));
#17245 = ORIENTED_EDGE('',*,*,#17125,.F.);
#17246 = ORIENTED_EDGE('',*,*,#17240,.F.);
#17247 = CYLINDRICAL_SURFACE('',#17248,1.1);
#17248 = AXIS2_PLACEMENT_3D('',#17249,#17250,#17251);
#17249 = CARTESIAN_POINT('',(6.985,0.,-4.6E-02));
#17250 = DIRECTION('',(-0.,-0.,-1.));
#17251 = DIRECTION('',(-0.,-1.,0.));
#17252 = ( GEOMETRIC_REPRESENTATION_CONTEXT(3) 
GLOBAL_UNCERTAINTY_ASSIGNED_CONTEXT((#17256)) 
GLOBAL_UNIT_ASSIGNED_CONTEXT((#17253,#17254,#17255)) 
REPRESENTATION_CONTEXT('Context #1',
  '3D Context with UNIT and UNCERTAINTY') );
#17253 = ( LENGTH_UNIT() NAMED_UNIT(*) SI_UNIT(.MILLI.,.METRE.) );
#17254 = ( NAMED_UNIT(*) PLANE_ANGLE_UNIT() SI_UNIT($,.RADIAN.) );
#17255 = ( NAMED_UNIT(*) SI_UNIT($,.STERADIAN.) SOLID_ANGLE_UNIT() );
#17256 = UNCERTAINTY_MEASURE_WITH_UNIT(LENGTH_MEASURE(1.E-07),#17253,
  'distance_accuracy_value','confusion accuracy');
#17257 = CONTEXT_DEPENDENT_SHAPE_REPRESENTATION(#17258,#17260);
#17258 = ( REPRESENTATION_RELATIONSHIP('','',#16883,#10) 
REPRESENTATION_RELATIONSHIP_WITH_TRANSFORMATION(#17259) 
SHAPE_REPRESENTATION_RELATIONSHIP() );
#17259 = ITEM_DEFINED_TRANSFORMATION('','',#11,#59);
#17260 = PRODUCT_DEFINITION_SHAPE('Placement','Placement of an item',
  #17261);
#17261 = NEXT_ASSEMBLY_USAGE_OCCURRENCE('12','=>[0:1:1:9]','',#5,#16878,
  $);
#17262 = PRODUCT_RELATED_PRODUCT_CATEGORY('part',$,(#16880));
#17263 = MECHANICAL_DESIGN_GEOMETRIC_PRESENTATION_REPRESENTATION('',(
    #17264),#15638);
#17264 = STYLED_ITEM('color',(#17265),#15056);
#17265 = PRESENTATION_STYLE_ASSIGNMENT((#17266));
#17266 = SURFACE_STYLE_USAGE(.BOTH.,#17267);
#17267 = SURFACE_SIDE_STYLE('',(#17268,#17272));
#17268 = SURFACE_STYLE_FILL_AREA(#17269);
#17269 = FILL_AREA_STYLE('',(#17270));
#17270 = FILL_AREA_STYLE_COLOUR('',#17271);
#17271 = COLOUR_RGB('',0.313304153717,0.484529207832,0.410020903123);
#17272 = SURFACE_STYLE_RENDERING_WITH_PROPERTIES(.NORMAL_SHADING.,#17271
  ,(#17273));
#17273 = SURFACE_STYLE_TRANSPARENT(0.170000016689);
#17274 = MECHANICAL_DESIGN_GEOMETRIC_PRESENTATION_REPRESENTATION('',(
    #17275,#17283,#17290,#17297,#17304,#17311,#17318,#17325,#17332,
    #17339,#17346,#17353,#17360,#17367,#17374,#17381,#17388,#17395,
    #17402,#17409,#17416,#17423,#17430,#17437,#17444,#17451,#17458,
    #17465,#17472,#17479),#15035);
#17275 = STYLED_ITEM('color',(#17276),#8824);
#17276 = PRESENTATION_STYLE_ASSIGNMENT((#17277));
#17277 = SURFACE_STYLE_USAGE(.BOTH.,#17278);
#17278 = SURFACE_SIDE_STYLE('',(#17279));
#17279 = SURFACE_STYLE_FILL_AREA(#17280);
#17280 = FILL_AREA_STYLE('',(#17281));
#17281 = FILL_AREA_STYLE_COLOUR('',#17282);
#17282 = COLOUR_RGB('',0.735356983052,0.735356983052,0.735356983052);
#17283 = STYLED_ITEM('color',(#17284),#8974);
#17284 = PRESENTATION_STYLE_ASSIGNMENT((#17285));
#17285 = SURFACE_STYLE_USAGE(.BOTH.,#17286);
#17286 = SURFACE_SIDE_STYLE('',(#17287));
#17287 = SURFACE_STYLE_FILL_AREA(#17288);
#17288 = FILL_AREA_STYLE('',(#17289));
#17289 = FILL_AREA_STYLE_COLOUR('',#17282);
#17290 = STYLED_ITEM('color',(#17291),#9124);
#17291 = PRESENTATION_STYLE_ASSIGNMENT((#17292));
#17292 = SURFACE_STYLE_USAGE(.BOTH.,#17293);
#17293 = SURFACE_SIDE_STYLE('',(#17294));
#17294 = SURFACE_STYLE_FILL_AREA(#17295);
#17295 = FILL_AREA_STYLE('',(#17296));
#17296 = FILL_AREA_STYLE_COLOUR('',#17282);
#17297 = STYLED_ITEM('color',(#17298),#9216);
#17298 = PRESENTATION_STYLE_ASSIGNMENT((#17299));
#17299 = SURFACE_STYLE_USAGE(.BOTH.,#17300);
#17300 = SURFACE_SIDE_STYLE('',(#17301));
#17301 = SURFACE_STYLE_FILL_AREA(#17302);
#17302 = FILL_AREA_STYLE('',(#17303));
#17303 = FILL_AREA_STYLE_COLOUR('',#17282);
#17304 = STYLED_ITEM('color',(#17305),#9308);
#17305 = PRESENTATION_STYLE_ASSIGNMENT((#17306));
#17306 = SURFACE_STYLE_USAGE(.BOTH.,#17307);
#17307 = SURFACE_SIDE_STYLE('',(#17308));
#17308 = SURFACE_STYLE_FILL_AREA(#17309);
#17309 = FILL_AREA_STYLE('',(#17310));
#17310 = FILL_AREA_STYLE_COLOUR('',#17282);
#17311 = STYLED_ITEM('color',(#17312),#9400);
#17312 = PRESENTATION_STYLE_ASSIGNMENT((#17313));
#17313 = SURFACE_STYLE_USAGE(.BOTH.,#17314);
#17314 = SURFACE_SIDE_STYLE('',(#17315));
#17315 = SURFACE_STYLE_FILL_AREA(#17316);
#17316 = FILL_AREA_STYLE('',(#17317));
#17317 = FILL_AREA_STYLE_COLOUR('',#17282);
#17318 = STYLED_ITEM('color',(#17319),#9492);
#17319 = PRESENTATION_STYLE_ASSIGNMENT((#17320));
#17320 = SURFACE_STYLE_USAGE(.BOTH.,#17321);
#17321 = SURFACE_SIDE_STYLE('',(#17322));
#17322 = SURFACE_STYLE_FILL_AREA(#17323);
#17323 = FILL_AREA_STYLE('',(#17324));
#17324 = FILL_AREA_STYLE_COLOUR('',#17282);
#17325 = STYLED_ITEM('color',(#17326),#9584);
#17326 = PRESENTATION_STYLE_ASSIGNMENT((#17327));
#17327 = SURFACE_STYLE_USAGE(.BOTH.,#17328);
#17328 = SURFACE_SIDE_STYLE('',(#17329));
#17329 = SURFACE_STYLE_FILL_AREA(#17330);
#17330 = FILL_AREA_STYLE('',(#17331));
#17331 = FILL_AREA_STYLE_COLOUR('',#17282);
#17332 = STYLED_ITEM('color',(#17333),#9676);
#17333 = PRESENTATION_STYLE_ASSIGNMENT((#17334));
#17334 = SURFACE_STYLE_USAGE(.BOTH.,#17335);
#17335 = SURFACE_SIDE_STYLE('',(#17336));
#17336 = SURFACE_STYLE_FILL_AREA(#17337);
#17337 = FILL_AREA_STYLE('',(#17338));
#17338 = FILL_AREA_STYLE_COLOUR('',#17282);
#17339 = STYLED_ITEM('color',(#17340),#9826);
#17340 = PRESENTATION_STYLE_ASSIGNMENT((#17341));
#17341 = SURFACE_STYLE_USAGE(.BOTH.,#17342);
#17342 = SURFACE_SIDE_STYLE('',(#17343));
#17343 = SURFACE_STYLE_FILL_AREA(#17344);
#17344 = FILL_AREA_STYLE('',(#17345));
#17345 = FILL_AREA_STYLE_COLOUR('',#17282);
#17346 = STYLED_ITEM('color',(#17347),#10116);
#17347 = PRESENTATION_STYLE_ASSIGNMENT((#17348));
#17348 = SURFACE_STYLE_USAGE(.BOTH.,#17349);
#17349 = SURFACE_SIDE_STYLE('',(#17350));
#17350 = SURFACE_STYLE_FILL_AREA(#17351);
#17351 = FILL_AREA_STYLE('',(#17352));
#17352 = FILL_AREA_STYLE_COLOUR('',#17282);
#17353 = STYLED_ITEM('color',(#17354),#10406);
#17354 = PRESENTATION_STYLE_ASSIGNMENT((#17355));
#17355 = SURFACE_STYLE_USAGE(.BOTH.,#17356);
#17356 = SURFACE_SIDE_STYLE('',(#17357));
#17357 = SURFACE_STYLE_FILL_AREA(#17358);
#17358 = FILL_AREA_STYLE('',(#17359));
#17359 = FILL_AREA_STYLE_COLOUR('',#17282);
#17360 = STYLED_ITEM('color',(#17361),#10556);
#17361 = PRESENTATION_STYLE_ASSIGNMENT((#17362));
#17362 = SURFACE_STYLE_USAGE(.BOTH.,#17363);
#17363 = SURFACE_SIDE_STYLE('',(#17364));
#17364 = SURFACE_STYLE_FILL_AREA(#17365);
#17365 = FILL_AREA_STYLE('',(#17366));
#17366 = FILL_AREA_STYLE_COLOUR('',#17282);
#17367 = STYLED_ITEM('color',(#17368),#10846);
#17368 = PRESENTATION_STYLE_ASSIGNMENT((#17369));
#17369 = SURFACE_STYLE_USAGE(.BOTH.,#17370);
#17370 = SURFACE_SIDE_STYLE('',(#17371));
#17371 = SURFACE_STYLE_FILL_AREA(#17372);
#17372 = FILL_AREA_STYLE('',(#17373));
#17373 = FILL_AREA_STYLE_COLOUR('',#17282);
#17374 = STYLED_ITEM('color',(#17375),#10996);
#17375 = PRESENTATION_STYLE_ASSIGNMENT((#17376));
#17376 = SURFACE_STYLE_USAGE(.BOTH.,#17377);
#17377 = SURFACE_SIDE_STYLE('',(#17378));
#17378 = SURFACE_STYLE_FILL_AREA(#17379);
#17379 = FILL_AREA_STYLE('',(#17380));
#17380 = FILL_AREA_STYLE_COLOUR('',#17282);
#17381 = STYLED_ITEM('color',(#17382),#11355);
#17382 = PRESENTATION_STYLE_ASSIGNMENT((#17383));
#17383 = SURFACE_STYLE_USAGE(.BOTH.,#17384);
#17384 = SURFACE_SIDE_STYLE('',(#17385));
#17385 = SURFACE_STYLE_FILL_AREA(#17386);
#17386 = FILL_AREA_STYLE('',(#17387));
#17387 = FILL_AREA_STYLE_COLOUR('',#17282);
#17388 = STYLED_ITEM('color',(#17389),#11505);
#17389 = PRESENTATION_STYLE_ASSIGNMENT((#17390));
#17390 = SURFACE_STYLE_USAGE(.BOTH.,#17391);
#17391 = SURFACE_SIDE_STYLE('',(#17392));
#17392 = SURFACE_STYLE_FILL_AREA(#17393);
#17393 = FILL_AREA_STYLE('',(#17394));
#17394 = FILL_AREA_STYLE_COLOUR('',#17282);
#17395 = STYLED_ITEM('color',(#17396),#11865);
#17396 = PRESENTATION_STYLE_ASSIGNMENT((#17397));
#17397 = SURFACE_STYLE_USAGE(.BOTH.,#17398);
#17398 = SURFACE_SIDE_STYLE('',(#17399));
#17399 = SURFACE_STYLE_FILL_AREA(#17400);
#17400 = FILL_AREA_STYLE('',(#17401));
#17401 = FILL_AREA_STYLE_COLOUR('',#17282);
#17402 = STYLED_ITEM('color',(#17403),#12155);
#17403 = PRESENTATION_STYLE_ASSIGNMENT((#17404));
#17404 = SURFACE_STYLE_USAGE(.BOTH.,#17405);
#17405 = SURFACE_SIDE_STYLE('',(#17406));
#17406 = SURFACE_STYLE_FILL_AREA(#17407);
#17407 = FILL_AREA_STYLE('',(#17408));
#17408 = FILL_AREA_STYLE_COLOUR('',#17282);
#17409 = STYLED_ITEM('color',(#17410),#12305);
#17410 = PRESENTATION_STYLE_ASSIGNMENT((#17411));
#17411 = SURFACE_STYLE_USAGE(.BOTH.,#17412);
#17412 = SURFACE_SIDE_STYLE('',(#17413));
#17413 = SURFACE_STYLE_FILL_AREA(#17414);
#17414 = FILL_AREA_STYLE('',(#17415));
#17415 = FILL_AREA_STYLE_COLOUR('',#17282);
#17416 = STYLED_ITEM('color',(#17417),#12523);
#17417 = PRESENTATION_STYLE_ASSIGNMENT((#17418));
#17418 = SURFACE_STYLE_USAGE(.BOTH.,#17419);
#17419 = SURFACE_SIDE_STYLE('',(#17420));
#17420 = SURFACE_STYLE_FILL_AREA(#17421);
#17421 = FILL_AREA_STYLE('',(#17422));
#17422 = FILL_AREA_STYLE_COLOUR('',#17282);
#17423 = STYLED_ITEM('color',(#17424),#12813);
#17424 = PRESENTATION_STYLE_ASSIGNMENT((#17425));
#17425 = SURFACE_STYLE_USAGE(.BOTH.,#17426);
#17426 = SURFACE_SIDE_STYLE('',(#17427));
#17427 = SURFACE_STYLE_FILL_AREA(#17428);
#17428 = FILL_AREA_STYLE('',(#17429));
#17429 = FILL_AREA_STYLE_COLOUR('',#17282);
#17430 = STYLED_ITEM('color',(#17431),#12963);
#17431 = PRESENTATION_STYLE_ASSIGNMENT((#17432));
#17432 = SURFACE_STYLE_USAGE(.BOTH.,#17433);
#17433 = SURFACE_SIDE_STYLE('',(#17434));
#17434 = SURFACE_STYLE_FILL_AREA(#17435);
#17435 = FILL_AREA_STYLE('',(#17436));
#17436 = FILL_AREA_STYLE_COLOUR('',#17282);
#17437 = STYLED_ITEM('color',(#17438),#13253);
#17438 = PRESENTATION_STYLE_ASSIGNMENT((#17439));
#17439 = SURFACE_STYLE_USAGE(.BOTH.,#17440);
#17440 = SURFACE_SIDE_STYLE('',(#17441));
#17441 = SURFACE_STYLE_FILL_AREA(#17442);
#17442 = FILL_AREA_STYLE('',(#17443));
#17443 = FILL_AREA_STYLE_COLOUR('',#17282);
#17444 = STYLED_ITEM('color',(#17445),#13506);
#17445 = PRESENTATION_STYLE_ASSIGNMENT((#17446));
#17446 = SURFACE_STYLE_USAGE(.BOTH.,#17447);
#17447 = SURFACE_SIDE_STYLE('',(#17448));
#17448 = SURFACE_STYLE_FILL_AREA(#17449);
#17449 = FILL_AREA_STYLE('',(#17450));
#17450 = FILL_AREA_STYLE_COLOUR('',#17282);
#17451 = STYLED_ITEM('color',(#17452),#13656);
#17452 = PRESENTATION_STYLE_ASSIGNMENT((#17453));
#17453 = SURFACE_STYLE_USAGE(.BOTH.,#17454);
#17454 = SURFACE_SIDE_STYLE('',(#17455));
#17455 = SURFACE_STYLE_FILL_AREA(#17456);
#17456 = FILL_AREA_STYLE('',(#17457));
#17457 = FILL_AREA_STYLE_COLOUR('',#17282);
#17458 = STYLED_ITEM('color',(#17459),#13946);
#17459 = PRESENTATION_STYLE_ASSIGNMENT((#17460));
#17460 = SURFACE_STYLE_USAGE(.BOTH.,#17461);
#17461 = SURFACE_SIDE_STYLE('',(#17462));
#17462 = SURFACE_STYLE_FILL_AREA(#17463);
#17463 = FILL_AREA_STYLE('',(#17464));
#17464 = FILL_AREA_STYLE_COLOUR('',#17282);
#17465 = STYLED_ITEM('color',(#17466),#14305);
#17466 = PRESENTATION_STYLE_ASSIGNMENT((#17467));
#17467 = SURFACE_STYLE_USAGE(.BOTH.,#17468);
#17468 = SURFACE_SIDE_STYLE('',(#17469));
#17469 = SURFACE_STYLE_FILL_AREA(#17470);
#17470 = FILL_AREA_STYLE('',(#17471));
#17471 = FILL_AREA_STYLE_COLOUR('',#17282);
#17472 = STYLED_ITEM('color',(#17473),#14595);
#17473 = PRESENTATION_STYLE_ASSIGNMENT((#17474));
#17474 = SURFACE_STYLE_USAGE(.BOTH.,#17475);
#17475 = SURFACE_SIDE_STYLE('',(#17476));
#17476 = SURFACE_STYLE_FILL_AREA(#17477);
#17477 = FILL_AREA_STYLE('',(#17478));
#17478 = FILL_AREA_STYLE_COLOUR('',#17282);
#17479 = STYLED_ITEM('color',(#17480),#14745);
#17480 = PRESENTATION_STYLE_ASSIGNMENT((#17481));
#17481 = SURFACE_STYLE_USAGE(.BOTH.,#17482);
#17482 = SURFACE_SIDE_STYLE('',(#17483));
#17483 = SURFACE_STYLE_FILL_AREA(#17484);
#17484 = FILL_AREA_STYLE('',(#17485));
#17485 = FILL_AREA_STYLE_COLOUR('',#17282);
#17486 = MECHANICAL_DESIGN_GEOMETRIC_PRESENTATION_REPRESENTATION('',(
    #17487),#16865);
#17487 = STYLED_ITEM('color',(#17488),#15659);
#17488 = PRESENTATION_STYLE_ASSIGNMENT((#17489));
#17489 = SURFACE_STYLE_USAGE(.BOTH.,#17490);
#17490 = SURFACE_SIDE_STYLE('',(#17491,#17494));
#17491 = SURFACE_STYLE_FILL_AREA(#17492);
#17492 = FILL_AREA_STYLE('',(#17493));
#17493 = FILL_AREA_STYLE_COLOUR('',#17271);
#17494 = SURFACE_STYLE_RENDERING_WITH_PROPERTIES(.NORMAL_SHADING.,#17271
  ,(#17495));
#17495 = SURFACE_STYLE_TRANSPARENT(0.170000016689);
#17496 = MECHANICAL_DESIGN_GEOMETRIC_PRESENTATION_REPRESENTATION('',(
    #17497,#17505,#17513,#17520,#17528,#17535,#17542,#17549,#17556,
    #17563,#17570,#17577,#17584,#17591,#17598,#17605,#17612,#17619,
    #17626,#17633,#17640,#17647,#17654,#17661,#17668,#17675,#17682,
    #17689,#17696,#17703,#17710,#17717,#17724,#17731,#17738,#17745,
    #17752,#17759,#17766,#17773,#17780,#17787,#17794,#17801,#17808,
    #17815,#17822,#17829,#17836,#17843,#17850,#17857,#17864,#17871,
    #17878,#17885,#17892,#17899,#17906,#17913,#17920,#17927,#17934,
    #17941,#17948,#17955,#17962,#17969,#17976,#17983,#17990,#17997,
    #18004,#18011,#18018,#18025,#18032,#18039,#18046,#18053,#18060,
    #18067,#18074,#18081,#18088,#18095,#18102,#18109,#18116,#18123),
  #8795);
#17497 = STYLED_ITEM('color',(#17498),#6039);
#17498 = PRESENTATION_STYLE_ASSIGNMENT((#17499));
#17499 = SURFACE_STYLE_USAGE(.BOTH.,#17500);
#17500 = SURFACE_SIDE_STYLE('',(#17501));
#17501 = SURFACE_STYLE_FILL_AREA(#17502);
#17502 = FILL_AREA_STYLE('',(#17503));
#17503 = FILL_AREA_STYLE_COLOUR('',#17504);
#17504 = COLOUR_RGB('',0.,0.501960785193,0.501960785193);
#17505 = OVER_RIDING_STYLED_ITEM('overriding color',(#17506),#6041,
  #17497);
#17506 = PRESENTATION_STYLE_ASSIGNMENT((#17507));
#17507 = SURFACE_STYLE_USAGE(.BOTH.,#17508);
#17508 = SURFACE_SIDE_STYLE('',(#17509));
#17509 = SURFACE_STYLE_FILL_AREA(#17510);
#17510 = FILL_AREA_STYLE('',(#17511));
#17511 = FILL_AREA_STYLE_COLOUR('',#17512);
#17512 = COLOUR_RGB('',0.752941164258,0.752941164258,0.752941164258);
#17513 = OVER_RIDING_STYLED_ITEM('overriding color',(#17514),#6081,
  #17497);
#17514 = PRESENTATION_STYLE_ASSIGNMENT((#17515));
#17515 = SURFACE_STYLE_USAGE(.BOTH.,#17516);
#17516 = SURFACE_SIDE_STYLE('',(#17517));
#17517 = SURFACE_STYLE_FILL_AREA(#17518);
#17518 = FILL_AREA_STYLE('',(#17519));
#17519 = FILL_AREA_STYLE_COLOUR('',#17512);
#17520 = OVER_RIDING_STYLED_ITEM('overriding color',(#17521),#6112,
  #17497);
#17521 = PRESENTATION_STYLE_ASSIGNMENT((#17522));
#17522 = SURFACE_STYLE_USAGE(.BOTH.,#17523);
#17523 = SURFACE_SIDE_STYLE('',(#17524));
#17524 = SURFACE_STYLE_FILL_AREA(#17525);
#17525 = FILL_AREA_STYLE('',(#17526));
#17526 = FILL_AREA_STYLE_COLOUR('',#17527);
#17527 = COLOUR_RGB('',0.,0.,0.627450987486);
#17528 = OVER_RIDING_STYLED_ITEM('overriding color',(#17529),#6272,
  #17497);
#17529 = PRESENTATION_STYLE_ASSIGNMENT((#17530));
#17530 = SURFACE_STYLE_USAGE(.BOTH.,#17531);
#17531 = SURFACE_SIDE_STYLE('',(#17532));
#17532 = SURFACE_STYLE_FILL_AREA(#17533);
#17533 = FILL_AREA_STYLE('',(#17534));
#17534 = FILL_AREA_STYLE_COLOUR('',#17512);
#17535 = OVER_RIDING_STYLED_ITEM('overriding color',(#17536),#6296,
  #17497);
#17536 = PRESENTATION_STYLE_ASSIGNMENT((#17537));
#17537 = SURFACE_STYLE_USAGE(.BOTH.,#17538);
#17538 = SURFACE_SIDE_STYLE('',(#17539));
#17539 = SURFACE_STYLE_FILL_AREA(#17540);
#17540 = FILL_AREA_STYLE('',(#17541));
#17541 = FILL_AREA_STYLE_COLOUR('',#17512);
#17542 = OVER_RIDING_STYLED_ITEM('overriding color',(#17543),#6313,
  #17497);
#17543 = PRESENTATION_STYLE_ASSIGNMENT((#17544));
#17544 = SURFACE_STYLE_USAGE(.BOTH.,#17545);
#17545 = SURFACE_SIDE_STYLE('',(#17546));
#17546 = SURFACE_STYLE_FILL_AREA(#17547);
#17547 = FILL_AREA_STYLE('',(#17548));
#17548 = FILL_AREA_STYLE_COLOUR('',#17512);
#17549 = OVER_RIDING_STYLED_ITEM('overriding color',(#17550),#6325,
  #17497);
#17550 = PRESENTATION_STYLE_ASSIGNMENT((#17551));
#17551 = SURFACE_STYLE_USAGE(.BOTH.,#17552);
#17552 = SURFACE_SIDE_STYLE('',(#17553));
#17553 = SURFACE_STYLE_FILL_AREA(#17554);
#17554 = FILL_AREA_STYLE('',(#17555));
#17555 = FILL_AREA_STYLE_COLOUR('',#17527);
#17556 = OVER_RIDING_STYLED_ITEM('overriding color',(#17557),#6356,
  #17497);
#17557 = PRESENTATION_STYLE_ASSIGNMENT((#17558));
#17558 = SURFACE_STYLE_USAGE(.BOTH.,#17559);
#17559 = SURFACE_SIDE_STYLE('',(#17560));
#17560 = SURFACE_STYLE_FILL_AREA(#17561);
#17561 = FILL_AREA_STYLE('',(#17562));
#17562 = FILL_AREA_STYLE_COLOUR('',#17512);
#17563 = OVER_RIDING_STYLED_ITEM('overriding color',(#17564),#6387,
  #17497);
#17564 = PRESENTATION_STYLE_ASSIGNMENT((#17565));
#17565 = SURFACE_STYLE_USAGE(.BOTH.,#17566);
#17566 = SURFACE_SIDE_STYLE('',(#17567));
#17567 = SURFACE_STYLE_FILL_AREA(#17568);
#17568 = FILL_AREA_STYLE('',(#17569));
#17569 = FILL_AREA_STYLE_COLOUR('',#17527);
#17570 = OVER_RIDING_STYLED_ITEM('overriding color',(#17571),#6443,
  #17497);
#17571 = PRESENTATION_STYLE_ASSIGNMENT((#17572));
#17572 = SURFACE_STYLE_USAGE(.BOTH.,#17573);
#17573 = SURFACE_SIDE_STYLE('',(#17574));
#17574 = SURFACE_STYLE_FILL_AREA(#17575);
#17575 = FILL_AREA_STYLE('',(#17576));
#17576 = FILL_AREA_STYLE_COLOUR('',#17512);
#17577 = OVER_RIDING_STYLED_ITEM('overriding color',(#17578),#6474,
  #17497);
#17578 = PRESENTATION_STYLE_ASSIGNMENT((#17579));
#17579 = SURFACE_STYLE_USAGE(.BOTH.,#17580);
#17580 = SURFACE_SIDE_STYLE('',(#17581));
#17581 = SURFACE_STYLE_FILL_AREA(#17582);
#17582 = FILL_AREA_STYLE('',(#17583));
#17583 = FILL_AREA_STYLE_COLOUR('',#17512);
#17584 = OVER_RIDING_STYLED_ITEM('overriding color',(#17585),#6505,
  #17497);
#17585 = PRESENTATION_STYLE_ASSIGNMENT((#17586));
#17586 = SURFACE_STYLE_USAGE(.BOTH.,#17587);
#17587 = SURFACE_SIDE_STYLE('',(#17588));
#17588 = SURFACE_STYLE_FILL_AREA(#17589);
#17589 = FILL_AREA_STYLE('',(#17590));
#17590 = FILL_AREA_STYLE_COLOUR('',#17527);
#17591 = OVER_RIDING_STYLED_ITEM('overriding color',(#17592),#6529,
  #17497);
#17592 = PRESENTATION_STYLE_ASSIGNMENT((#17593));
#17593 = SURFACE_STYLE_USAGE(.BOTH.,#17594);
#17594 = SURFACE_SIDE_STYLE('',(#17595));
#17595 = SURFACE_STYLE_FILL_AREA(#17596);
#17596 = FILL_AREA_STYLE('',(#17597));
#17597 = FILL_AREA_STYLE_COLOUR('',#17512);
#17598 = OVER_RIDING_STYLED_ITEM('overriding color',(#17599),#6553,
  #17497);
#17599 = PRESENTATION_STYLE_ASSIGNMENT((#17600));
#17600 = SURFACE_STYLE_USAGE(.BOTH.,#17601);
#17601 = SURFACE_SIDE_STYLE('',(#17602));
#17602 = SURFACE_STYLE_FILL_AREA(#17603);
#17603 = FILL_AREA_STYLE('',(#17604));
#17604 = FILL_AREA_STYLE_COLOUR('',#17512);
#17605 = OVER_RIDING_STYLED_ITEM('overriding color',(#17606),#6584,
  #17497);
#17606 = PRESENTATION_STYLE_ASSIGNMENT((#17607));
#17607 = SURFACE_STYLE_USAGE(.BOTH.,#17608);
#17608 = SURFACE_SIDE_STYLE('',(#17609));
#17609 = SURFACE_STYLE_FILL_AREA(#17610);
#17610 = FILL_AREA_STYLE('',(#17611));
#17611 = FILL_AREA_STYLE_COLOUR('',#17512);
#17612 = OVER_RIDING_STYLED_ITEM('overriding color',(#17613),#6615,
  #17497);
#17613 = PRESENTATION_STYLE_ASSIGNMENT((#17614));
#17614 = SURFACE_STYLE_USAGE(.BOTH.,#17615);
#17615 = SURFACE_SIDE_STYLE('',(#17616));
#17616 = SURFACE_STYLE_FILL_AREA(#17617);
#17617 = FILL_AREA_STYLE('',(#17618));
#17618 = FILL_AREA_STYLE_COLOUR('',#17512);
#17619 = OVER_RIDING_STYLED_ITEM('overriding color',(#17620),#6639,
  #17497);
#17620 = PRESENTATION_STYLE_ASSIGNMENT((#17621));
#17621 = SURFACE_STYLE_USAGE(.BOTH.,#17622);
#17622 = SURFACE_SIDE_STYLE('',(#17623));
#17623 = SURFACE_STYLE_FILL_AREA(#17624);
#17624 = FILL_AREA_STYLE('',(#17625));
#17625 = FILL_AREA_STYLE_COLOUR('',#17512);
#17626 = OVER_RIDING_STYLED_ITEM('overriding color',(#17627),#6656,
  #17497);
#17627 = PRESENTATION_STYLE_ASSIGNMENT((#17628));
#17628 = SURFACE_STYLE_USAGE(.BOTH.,#17629);
#17629 = SURFACE_SIDE_STYLE('',(#17630));
#17630 = SURFACE_STYLE_FILL_AREA(#17631);
#17631 = FILL_AREA_STYLE('',(#17632));
#17632 = FILL_AREA_STYLE_COLOUR('',#17527);
#17633 = OVER_RIDING_STYLED_ITEM('overriding color',(#17634),#6705,
  #17497);
#17634 = PRESENTATION_STYLE_ASSIGNMENT((#17635));
#17635 = SURFACE_STYLE_USAGE(.BOTH.,#17636);
#17636 = SURFACE_SIDE_STYLE('',(#17637));
#17637 = SURFACE_STYLE_FILL_AREA(#17638);
#17638 = FILL_AREA_STYLE('',(#17639));
#17639 = FILL_AREA_STYLE_COLOUR('',#17512);
#17640 = OVER_RIDING_STYLED_ITEM('overriding color',(#17641),#6722,
  #17497);
#17641 = PRESENTATION_STYLE_ASSIGNMENT((#17642));
#17642 = SURFACE_STYLE_USAGE(.BOTH.,#17643);
#17643 = SURFACE_SIDE_STYLE('',(#17644));
#17644 = SURFACE_STYLE_FILL_AREA(#17645);
#17645 = FILL_AREA_STYLE('',(#17646));
#17646 = FILL_AREA_STYLE_COLOUR('',#17512);
#17647 = OVER_RIDING_STYLED_ITEM('overriding color',(#17648),#6739,
  #17497);
#17648 = PRESENTATION_STYLE_ASSIGNMENT((#17649));
#17649 = SURFACE_STYLE_USAGE(.BOTH.,#17650);
#17650 = SURFACE_SIDE_STYLE('',(#17651));
#17651 = SURFACE_STYLE_FILL_AREA(#17652);
#17652 = FILL_AREA_STYLE('',(#17653));
#17653 = FILL_AREA_STYLE_COLOUR('',#17512);
#17654 = OVER_RIDING_STYLED_ITEM('overriding color',(#17655),#6756,
  #17497);
#17655 = PRESENTATION_STYLE_ASSIGNMENT((#17656));
#17656 = SURFACE_STYLE_USAGE(.BOTH.,#17657);
#17657 = SURFACE_SIDE_STYLE('',(#17658));
#17658 = SURFACE_STYLE_FILL_AREA(#17659);
#17659 = FILL_AREA_STYLE('',(#17660));
#17660 = FILL_AREA_STYLE_COLOUR('',#17512);
#17661 = OVER_RIDING_STYLED_ITEM('overriding color',(#17662),#6773,
  #17497);
#17662 = PRESENTATION_STYLE_ASSIGNMENT((#17663));
#17663 = SURFACE_STYLE_USAGE(.BOTH.,#17664);
#17664 = SURFACE_SIDE_STYLE('',(#17665));
#17665 = SURFACE_STYLE_FILL_AREA(#17666);
#17666 = FILL_AREA_STYLE('',(#17667));
#17667 = FILL_AREA_STYLE_COLOUR('',#17527);
#17668 = OVER_RIDING_STYLED_ITEM('overriding color',(#17669),#6929,
  #17497);
#17669 = PRESENTATION_STYLE_ASSIGNMENT((#17670));
#17670 = SURFACE_STYLE_USAGE(.BOTH.,#17671);
#17671 = SURFACE_SIDE_STYLE('',(#17672));
#17672 = SURFACE_STYLE_FILL_AREA(#17673);
#17673 = FILL_AREA_STYLE('',(#17674));
#17674 = FILL_AREA_STYLE_COLOUR('',#17512);
#17675 = OVER_RIDING_STYLED_ITEM('overriding color',(#17676),#6941,
  #17497);
#17676 = PRESENTATION_STYLE_ASSIGNMENT((#17677));
#17677 = SURFACE_STYLE_USAGE(.BOTH.,#17678);
#17678 = SURFACE_SIDE_STYLE('',(#17679));
#17679 = SURFACE_STYLE_FILL_AREA(#17680);
#17680 = FILL_AREA_STYLE('',(#17681));
#17681 = FILL_AREA_STYLE_COLOUR('',#17527);
#17682 = OVER_RIDING_STYLED_ITEM('overriding color',(#17683),#6972,
  #17497);
#17683 = PRESENTATION_STYLE_ASSIGNMENT((#17684));
#17684 = SURFACE_STYLE_USAGE(.BOTH.,#17685);
#17685 = SURFACE_SIDE_STYLE('',(#17686));
#17686 = SURFACE_STYLE_FILL_AREA(#17687);
#17687 = FILL_AREA_STYLE('',(#17688));
#17688 = FILL_AREA_STYLE_COLOUR('',#17527);
#17689 = OVER_RIDING_STYLED_ITEM('overriding color',(#17690),#6989,
  #17497);
#17690 = PRESENTATION_STYLE_ASSIGNMENT((#17691));
#17691 = SURFACE_STYLE_USAGE(.BOTH.,#17692);
#17692 = SURFACE_SIDE_STYLE('',(#17693));
#17693 = SURFACE_STYLE_FILL_AREA(#17694);
#17694 = FILL_AREA_STYLE('',(#17695));
#17695 = FILL_AREA_STYLE_COLOUR('',#17527);
#17696 = OVER_RIDING_STYLED_ITEM('overriding color',(#17697),#7006,
  #17497);
#17697 = PRESENTATION_STYLE_ASSIGNMENT((#17698));
#17698 = SURFACE_STYLE_USAGE(.BOTH.,#17699);
#17699 = SURFACE_SIDE_STYLE('',(#17700));
#17700 = SURFACE_STYLE_FILL_AREA(#17701);
#17701 = FILL_AREA_STYLE('',(#17702));
#17702 = FILL_AREA_STYLE_COLOUR('',#17512);
#17703 = OVER_RIDING_STYLED_ITEM('overriding color',(#17704),#7018,
  #17497);
#17704 = PRESENTATION_STYLE_ASSIGNMENT((#17705));
#17705 = SURFACE_STYLE_USAGE(.BOTH.,#17706);
#17706 = SURFACE_SIDE_STYLE('',(#17707));
#17707 = SURFACE_STYLE_FILL_AREA(#17708);
#17708 = FILL_AREA_STYLE('',(#17709));
#17709 = FILL_AREA_STYLE_COLOUR('',#17512);
#17710 = OVER_RIDING_STYLED_ITEM('overriding color',(#17711),#7030,
  #17497);
#17711 = PRESENTATION_STYLE_ASSIGNMENT((#17712));
#17712 = SURFACE_STYLE_USAGE(.BOTH.,#17713);
#17713 = SURFACE_SIDE_STYLE('',(#17714));
#17714 = SURFACE_STYLE_FILL_AREA(#17715);
#17715 = FILL_AREA_STYLE('',(#17716));
#17716 = FILL_AREA_STYLE_COLOUR('',#17527);
#17717 = OVER_RIDING_STYLED_ITEM('overriding color',(#17718),#7061,
  #17497);
#17718 = PRESENTATION_STYLE_ASSIGNMENT((#17719));
#17719 = SURFACE_STYLE_USAGE(.BOTH.,#17720);
#17720 = SURFACE_SIDE_STYLE('',(#17721));
#17721 = SURFACE_STYLE_FILL_AREA(#17722);
#17722 = FILL_AREA_STYLE('',(#17723));
#17723 = FILL_AREA_STYLE_COLOUR('',#17527);
#17724 = OVER_RIDING_STYLED_ITEM('overriding color',(#17725),#7078,
  #17497);
#17725 = PRESENTATION_STYLE_ASSIGNMENT((#17726));
#17726 = SURFACE_STYLE_USAGE(.BOTH.,#17727);
#17727 = SURFACE_SIDE_STYLE('',(#17728));
#17728 = SURFACE_STYLE_FILL_AREA(#17729);
#17729 = FILL_AREA_STYLE('',(#17730));
#17730 = FILL_AREA_STYLE_COLOUR('',#17527);
#17731 = OVER_RIDING_STYLED_ITEM('overriding color',(#17732),#7095,
  #17497);
#17732 = PRESENTATION_STYLE_ASSIGNMENT((#17733));
#17733 = SURFACE_STYLE_USAGE(.BOTH.,#17734);
#17734 = SURFACE_SIDE_STYLE('',(#17735));
#17735 = SURFACE_STYLE_FILL_AREA(#17736);
#17736 = FILL_AREA_STYLE('',(#17737));
#17737 = FILL_AREA_STYLE_COLOUR('',#17512);
#17738 = OVER_RIDING_STYLED_ITEM('overriding color',(#17739),#7126,
  #17497);
#17739 = PRESENTATION_STYLE_ASSIGNMENT((#17740));
#17740 = SURFACE_STYLE_USAGE(.BOTH.,#17741);
#17741 = SURFACE_SIDE_STYLE('',(#17742));
#17742 = SURFACE_STYLE_FILL_AREA(#17743);
#17743 = FILL_AREA_STYLE('',(#17744));
#17744 = FILL_AREA_STYLE_COLOUR('',#17527);
#17745 = OVER_RIDING_STYLED_ITEM('overriding color',(#17746),#7138,
  #17497);
#17746 = PRESENTATION_STYLE_ASSIGNMENT((#17747));
#17747 = SURFACE_STYLE_USAGE(.BOTH.,#17748);
#17748 = SURFACE_SIDE_STYLE('',(#17749));
#17749 = SURFACE_STYLE_FILL_AREA(#17750);
#17750 = FILL_AREA_STYLE('',(#17751));
#17751 = FILL_AREA_STYLE_COLOUR('',#17512);
#17752 = OVER_RIDING_STYLED_ITEM('overriding color',(#17753),#7169,
  #17497);
#17753 = PRESENTATION_STYLE_ASSIGNMENT((#17754));
#17754 = SURFACE_STYLE_USAGE(.BOTH.,#17755);
#17755 = SURFACE_SIDE_STYLE('',(#17756));
#17756 = SURFACE_STYLE_FILL_AREA(#17757);
#17757 = FILL_AREA_STYLE('',(#17758));
#17758 = FILL_AREA_STYLE_COLOUR('',#17527);
#17759 = OVER_RIDING_STYLED_ITEM('overriding color',(#17760),#7264,
  #17497);
#17760 = PRESENTATION_STYLE_ASSIGNMENT((#17761));
#17761 = SURFACE_STYLE_USAGE(.BOTH.,#17762);
#17762 = SURFACE_SIDE_STYLE('',(#17763));
#17763 = SURFACE_STYLE_FILL_AREA(#17764);
#17764 = FILL_AREA_STYLE('',(#17765));
#17765 = FILL_AREA_STYLE_COLOUR('',#17527);
#17766 = OVER_RIDING_STYLED_ITEM('overriding color',(#17767),#7455,
  #17497);
#17767 = PRESENTATION_STYLE_ASSIGNMENT((#17768));
#17768 = SURFACE_STYLE_USAGE(.BOTH.,#17769);
#17769 = SURFACE_SIDE_STYLE('',(#17770));
#17770 = SURFACE_STYLE_FILL_AREA(#17771);
#17771 = FILL_AREA_STYLE('',(#17772));
#17772 = FILL_AREA_STYLE_COLOUR('',#17527);
#17773 = OVER_RIDING_STYLED_ITEM('overriding color',(#17774),#7479,
  #17497);
#17774 = PRESENTATION_STYLE_ASSIGNMENT((#17775));
#17775 = SURFACE_STYLE_USAGE(.BOTH.,#17776);
#17776 = SURFACE_SIDE_STYLE('',(#17777));
#17777 = SURFACE_STYLE_FILL_AREA(#17778);
#17778 = FILL_AREA_STYLE('',(#17779));
#17779 = FILL_AREA_STYLE_COLOUR('',#17512);
#17780 = OVER_RIDING_STYLED_ITEM('overriding color',(#17781),#7525,
  #17497);
#17781 = PRESENTATION_STYLE_ASSIGNMENT((#17782));
#17782 = SURFACE_STYLE_USAGE(.BOTH.,#17783);
#17783 = SURFACE_SIDE_STYLE('',(#17784));
#17784 = SURFACE_STYLE_FILL_AREA(#17785);
#17785 = FILL_AREA_STYLE('',(#17786));
#17786 = FILL_AREA_STYLE_COLOUR('',#17512);
#17787 = OVER_RIDING_STYLED_ITEM('overriding color',(#17788),#7571,
  #17497);
#17788 = PRESENTATION_STYLE_ASSIGNMENT((#17789));
#17789 = SURFACE_STYLE_USAGE(.BOTH.,#17790);
#17790 = SURFACE_SIDE_STYLE('',(#17791));
#17791 = SURFACE_STYLE_FILL_AREA(#17792);
#17792 = FILL_AREA_STYLE('',(#17793));
#17793 = FILL_AREA_STYLE_COLOUR('',#17527);
#17794 = OVER_RIDING_STYLED_ITEM('overriding color',(#17795),#7627,
  #17497);
#17795 = PRESENTATION_STYLE_ASSIGNMENT((#17796));
#17796 = SURFACE_STYLE_USAGE(.BOTH.,#17797);
#17797 = SURFACE_SIDE_STYLE('',(#17798));
#17798 = SURFACE_STYLE_FILL_AREA(#17799);
#17799 = FILL_AREA_STYLE('',(#17800));
#17800 = FILL_AREA_STYLE_COLOUR('',#17512);
#17801 = OVER_RIDING_STYLED_ITEM('overriding color',(#17802),#7644,
  #17497);
#17802 = PRESENTATION_STYLE_ASSIGNMENT((#17803));
#17803 = SURFACE_STYLE_USAGE(.BOTH.,#17804);
#17804 = SURFACE_SIDE_STYLE('',(#17805));
#17805 = SURFACE_STYLE_FILL_AREA(#17806);
#17806 = FILL_AREA_STYLE('',(#17807));
#17807 = FILL_AREA_STYLE_COLOUR('',#17527);
#17808 = OVER_RIDING_STYLED_ITEM('overriding color',(#17809),#7723,
  #17497);
#17809 = PRESENTATION_STYLE_ASSIGNMENT((#17810));
#17810 = SURFACE_STYLE_USAGE(.BOTH.,#17811);
#17811 = SURFACE_SIDE_STYLE('',(#17812));
#17812 = SURFACE_STYLE_FILL_AREA(#17813);
#17813 = FILL_AREA_STYLE('',(#17814));
#17814 = FILL_AREA_STYLE_COLOUR('',#17527);
#17815 = OVER_RIDING_STYLED_ITEM('overriding color',(#17816),#7735,
  #17497);
#17816 = PRESENTATION_STYLE_ASSIGNMENT((#17817));
#17817 = SURFACE_STYLE_USAGE(.BOTH.,#17818);
#17818 = SURFACE_SIDE_STYLE('',(#17819));
#17819 = SURFACE_STYLE_FILL_AREA(#17820);
#17820 = FILL_AREA_STYLE('',(#17821));
#17821 = FILL_AREA_STYLE_COLOUR('',#17527);
#17822 = OVER_RIDING_STYLED_ITEM('overriding color',(#17823),#7752,
  #17497);
#17823 = PRESENTATION_STYLE_ASSIGNMENT((#17824));
#17824 = SURFACE_STYLE_USAGE(.BOTH.,#17825);
#17825 = SURFACE_SIDE_STYLE('',(#17826));
#17826 = SURFACE_STYLE_FILL_AREA(#17827);
#17827 = FILL_AREA_STYLE('',(#17828));
#17828 = FILL_AREA_STYLE_COLOUR('',#17512);
#17829 = OVER_RIDING_STYLED_ITEM('overriding color',(#17830),#7769,
  #17497);
#17830 = PRESENTATION_STYLE_ASSIGNMENT((#17831));
#17831 = SURFACE_STYLE_USAGE(.BOTH.,#17832);
#17832 = SURFACE_SIDE_STYLE('',(#17833));
#17833 = SURFACE_STYLE_FILL_AREA(#17834);
#17834 = FILL_AREA_STYLE('',(#17835));
#17835 = FILL_AREA_STYLE_COLOUR('',#17512);
#17836 = OVER_RIDING_STYLED_ITEM('overriding color',(#17837),#7781,
  #17497);
#17837 = PRESENTATION_STYLE_ASSIGNMENT((#17838));
#17838 = SURFACE_STYLE_USAGE(.BOTH.,#17839);
#17839 = SURFACE_SIDE_STYLE('',(#17840));
#17840 = SURFACE_STYLE_FILL_AREA(#17841);
#17841 = FILL_AREA_STYLE('',(#17842));
#17842 = FILL_AREA_STYLE_COLOUR('',#17512);
#17843 = OVER_RIDING_STYLED_ITEM('overriding color',(#17844),#7793,
  #17497);
#17844 = PRESENTATION_STYLE_ASSIGNMENT((#17845));
#17845 = SURFACE_STYLE_USAGE(.BOTH.,#17846);
#17846 = SURFACE_SIDE_STYLE('',(#17847));
#17847 = SURFACE_STYLE_FILL_AREA(#17848);
#17848 = FILL_AREA_STYLE('',(#17849));
#17849 = FILL_AREA_STYLE_COLOUR('',#17527);
#17850 = OVER_RIDING_STYLED_ITEM('overriding color',(#17851),#7824,
  #17497);
#17851 = PRESENTATION_STYLE_ASSIGNMENT((#17852));
#17852 = SURFACE_STYLE_USAGE(.BOTH.,#17853);
#17853 = SURFACE_SIDE_STYLE('',(#17854));
#17854 = SURFACE_STYLE_FILL_AREA(#17855);
#17855 = FILL_AREA_STYLE('',(#17856));
#17856 = FILL_AREA_STYLE_COLOUR('',#17527);
#17857 = OVER_RIDING_STYLED_ITEM('overriding color',(#17858),#7848,
  #17497);
#17858 = PRESENTATION_STYLE_ASSIGNMENT((#17859));
#17859 = SURFACE_STYLE_USAGE(.BOTH.,#17860);
#17860 = SURFACE_SIDE_STYLE('',(#17861));
#17861 = SURFACE_STYLE_FILL_AREA(#17862);
#17862 = FILL_AREA_STYLE('',(#17863));
#17863 = FILL_AREA_STYLE_COLOUR('',#17527);
#17864 = OVER_RIDING_STYLED_ITEM('overriding color',(#17865),#7865,
  #17497);
#17865 = PRESENTATION_STYLE_ASSIGNMENT((#17866));
#17866 = SURFACE_STYLE_USAGE(.BOTH.,#17867);
#17867 = SURFACE_SIDE_STYLE('',(#17868));
#17868 = SURFACE_STYLE_FILL_AREA(#17869);
#17869 = FILL_AREA_STYLE('',(#17870));
#17870 = FILL_AREA_STYLE_COLOUR('',#17527);
#17871 = OVER_RIDING_STYLED_ITEM('overriding color',(#17872),#7997,
  #17497);
#17872 = PRESENTATION_STYLE_ASSIGNMENT((#17873));
#17873 = SURFACE_STYLE_USAGE(.BOTH.,#17874);
#17874 = SURFACE_SIDE_STYLE('',(#17875));
#17875 = SURFACE_STYLE_FILL_AREA(#17876);
#17876 = FILL_AREA_STYLE('',(#17877));
#17877 = FILL_AREA_STYLE_COLOUR('',#17527);
#17878 = OVER_RIDING_STYLED_ITEM('overriding color',(#17879),#8019,
  #17497);
#17879 = PRESENTATION_STYLE_ASSIGNMENT((#17880));
#17880 = SURFACE_STYLE_USAGE(.BOTH.,#17881);
#17881 = SURFACE_SIDE_STYLE('',(#17882));
#17882 = SURFACE_STYLE_FILL_AREA(#17883);
#17883 = FILL_AREA_STYLE('',(#17884));
#17884 = FILL_AREA_STYLE_COLOUR('',#17527);
#17885 = OVER_RIDING_STYLED_ITEM('overriding color',(#17886),#8036,
  #17497);
#17886 = PRESENTATION_STYLE_ASSIGNMENT((#17887));
#17887 = SURFACE_STYLE_USAGE(.BOTH.,#17888);
#17888 = SURFACE_SIDE_STYLE('',(#17889));
#17889 = SURFACE_STYLE_FILL_AREA(#17890);
#17890 = FILL_AREA_STYLE('',(#17891));
#17891 = FILL_AREA_STYLE_COLOUR('',#17527);
#17892 = OVER_RIDING_STYLED_ITEM('overriding color',(#17893),#8048,
  #17497);
#17893 = PRESENTATION_STYLE_ASSIGNMENT((#17894));
#17894 = SURFACE_STYLE_USAGE(.BOTH.,#17895);
#17895 = SURFACE_SIDE_STYLE('',(#17896));
#17896 = SURFACE_STYLE_FILL_AREA(#17897);
#17897 = FILL_AREA_STYLE('',(#17898));
#17898 = FILL_AREA_STYLE_COLOUR('',#17527);
#17899 = OVER_RIDING_STYLED_ITEM('overriding color',(#17900),#8060,
  #17497);
#17900 = PRESENTATION_STYLE_ASSIGNMENT((#17901));
#17901 = SURFACE_STYLE_USAGE(.BOTH.,#17902);
#17902 = SURFACE_SIDE_STYLE('',(#17903));
#17903 = SURFACE_STYLE_FILL_AREA(#17904);
#17904 = FILL_AREA_STYLE('',(#17905));
#17905 = FILL_AREA_STYLE_COLOUR('',#17512);
#17906 = OVER_RIDING_STYLED_ITEM('overriding color',(#17907),#8100,
  #17497);
#17907 = PRESENTATION_STYLE_ASSIGNMENT((#17908));
#17908 = SURFACE_STYLE_USAGE(.BOTH.,#17909);
#17909 = SURFACE_SIDE_STYLE('',(#17910));
#17910 = SURFACE_STYLE_FILL_AREA(#17911);
#17911 = FILL_AREA_STYLE('',(#17912));
#17912 = FILL_AREA_STYLE_COLOUR('',#17512);
#17913 = OVER_RIDING_STYLED_ITEM('overriding color',(#17914),#8140,
  #17497);
#17914 = PRESENTATION_STYLE_ASSIGNMENT((#17915));
#17915 = SURFACE_STYLE_USAGE(.BOTH.,#17916);
#17916 = SURFACE_SIDE_STYLE('',(#17917));
#17917 = SURFACE_STYLE_FILL_AREA(#17918);
#17918 = FILL_AREA_STYLE('',(#17919));
#17919 = FILL_AREA_STYLE_COLOUR('',#17527);
#17920 = OVER_RIDING_STYLED_ITEM('overriding color',(#17921),#8157,
  #17497);
#17921 = PRESENTATION_STYLE_ASSIGNMENT((#17922));
#17922 = SURFACE_STYLE_USAGE(.BOTH.,#17923);
#17923 = SURFACE_SIDE_STYLE('',(#17924));
#17924 = SURFACE_STYLE_FILL_AREA(#17925);
#17925 = FILL_AREA_STYLE('',(#17926));
#17926 = FILL_AREA_STYLE_COLOUR('',#17512);
#17927 = OVER_RIDING_STYLED_ITEM('overriding color',(#17928),#8197,
  #17497);
#17928 = PRESENTATION_STYLE_ASSIGNMENT((#17929));
#17929 = SURFACE_STYLE_USAGE(.BOTH.,#17930);
#17930 = SURFACE_SIDE_STYLE('',(#17931));
#17931 = SURFACE_STYLE_FILL_AREA(#17932);
#17932 = FILL_AREA_STYLE('',(#17933));
#17933 = FILL_AREA_STYLE_COLOUR('',#17512);
#17934 = OVER_RIDING_STYLED_ITEM('overriding color',(#17935),#8237,
  #17497);
#17935 = PRESENTATION_STYLE_ASSIGNMENT((#17936));
#17936 = SURFACE_STYLE_USAGE(.BOTH.,#17937);
#17937 = SURFACE_SIDE_STYLE('',(#17938));
#17938 = SURFACE_STYLE_FILL_AREA(#17939);
#17939 = FILL_AREA_STYLE('',(#17940));
#17940 = FILL_AREA_STYLE_COLOUR('',#17512);
#17941 = OVER_RIDING_STYLED_ITEM('overriding color',(#17942),#8277,
  #17497);
#17942 = PRESENTATION_STYLE_ASSIGNMENT((#17943));
#17943 = SURFACE_STYLE_USAGE(.BOTH.,#17944);
#17944 = SURFACE_SIDE_STYLE('',(#17945));
#17945 = SURFACE_STYLE_FILL_AREA(#17946);
#17946 = FILL_AREA_STYLE('',(#17947));
#17947 = FILL_AREA_STYLE_COLOUR('',#17512);
#17948 = OVER_RIDING_STYLED_ITEM('overriding color',(#17949),#8294,
  #17497);
#17949 = PRESENTATION_STYLE_ASSIGNMENT((#17950));
#17950 = SURFACE_STYLE_USAGE(.BOTH.,#17951);
#17951 = SURFACE_SIDE_STYLE('',(#17952));
#17952 = SURFACE_STYLE_FILL_AREA(#17953);
#17953 = FILL_AREA_STYLE('',(#17954));
#17954 = FILL_AREA_STYLE_COLOUR('',#17512);
#17955 = OVER_RIDING_STYLED_ITEM('overriding color',(#17956),#8334,
  #17497);
#17956 = PRESENTATION_STYLE_ASSIGNMENT((#17957));
#17957 = SURFACE_STYLE_USAGE(.BOTH.,#17958);
#17958 = SURFACE_SIDE_STYLE('',(#17959));
#17959 = SURFACE_STYLE_FILL_AREA(#17960);
#17960 = FILL_AREA_STYLE('',(#17961));
#17961 = FILL_AREA_STYLE_COLOUR('',#17512);
#17962 = OVER_RIDING_STYLED_ITEM('overriding color',(#17963),#8351,
  #17497);
#17963 = PRESENTATION_STYLE_ASSIGNMENT((#17964));
#17964 = SURFACE_STYLE_USAGE(.BOTH.,#17965);
#17965 = SURFACE_SIDE_STYLE('',(#17966));
#17966 = SURFACE_STYLE_FILL_AREA(#17967);
#17967 = FILL_AREA_STYLE('',(#17968));
#17968 = FILL_AREA_STYLE_COLOUR('',#17512);
#17969 = OVER_RIDING_STYLED_ITEM('overriding color',(#17970),#8391,
  #17497);
#17970 = PRESENTATION_STYLE_ASSIGNMENT((#17971));
#17971 = SURFACE_STYLE_USAGE(.BOTH.,#17972);
#17972 = SURFACE_SIDE_STYLE('',(#17973));
#17973 = SURFACE_STYLE_FILL_AREA(#17974);
#17974 = FILL_AREA_STYLE('',(#17975));
#17975 = FILL_AREA_STYLE_COLOUR('',#17512);
#17976 = OVER_RIDING_STYLED_ITEM('overriding color',(#17977),#8408,
  #17497);
#17977 = PRESENTATION_STYLE_ASSIGNMENT((#17978));
#17978 = SURFACE_STYLE_USAGE(.BOTH.,#17979);
#17979 = SURFACE_SIDE_STYLE('',(#17980));
#17980 = SURFACE_STYLE_FILL_AREA(#17981);
#17981 = FILL_AREA_STYLE('',(#17982));
#17982 = FILL_AREA_STYLE_COLOUR('',#17512);
#17983 = OVER_RIDING_STYLED_ITEM('overriding color',(#17984),#8448,
  #17497);
#17984 = PRESENTATION_STYLE_ASSIGNMENT((#17985));
#17985 = SURFACE_STYLE_USAGE(.BOTH.,#17986);
#17986 = SURFACE_SIDE_STYLE('',(#17987));
#17987 = SURFACE_STYLE_FILL_AREA(#17988);
#17988 = FILL_AREA_STYLE('',(#17989));
#17989 = FILL_AREA_STYLE_COLOUR('',#17512);
#17990 = OVER_RIDING_STYLED_ITEM('overriding color',(#17991),#8465,
  #17497);
#17991 = PRESENTATION_STYLE_ASSIGNMENT((#17992));
#17992 = SURFACE_STYLE_USAGE(.BOTH.,#17993);
#17993 = SURFACE_SIDE_STYLE('',(#17994));
#17994 = SURFACE_STYLE_FILL_AREA(#17995);
#17995 = FILL_AREA_STYLE('',(#17996));
#17996 = FILL_AREA_STYLE_COLOUR('',#17527);
#17997 = OVER_RIDING_STYLED_ITEM('overriding color',(#17998),#8482,
  #17497);
#17998 = PRESENTATION_STYLE_ASSIGNMENT((#17999));
#17999 = SURFACE_STYLE_USAGE(.BOTH.,#18000);
#18000 = SURFACE_SIDE_STYLE('',(#18001));
#18001 = SURFACE_STYLE_FILL_AREA(#18002);
#18002 = FILL_AREA_STYLE('',(#18003));
#18003 = FILL_AREA_STYLE_COLOUR('',#17527);
#18004 = OVER_RIDING_STYLED_ITEM('overriding color',(#18005),#8494,
  #17497);
#18005 = PRESENTATION_STYLE_ASSIGNMENT((#18006));
#18006 = SURFACE_STYLE_USAGE(.BOTH.,#18007);
#18007 = SURFACE_SIDE_STYLE('',(#18008));
#18008 = SURFACE_STYLE_FILL_AREA(#18009);
#18009 = FILL_AREA_STYLE('',(#18010));
#18010 = FILL_AREA_STYLE_COLOUR('',#17527);
#18011 = OVER_RIDING_STYLED_ITEM('overriding color',(#18012),#8534,
  #17497);
#18012 = PRESENTATION_STYLE_ASSIGNMENT((#18013));
#18013 = SURFACE_STYLE_USAGE(.BOTH.,#18014);
#18014 = SURFACE_SIDE_STYLE('',(#18015));
#18015 = SURFACE_STYLE_FILL_AREA(#18016);
#18016 = FILL_AREA_STYLE('',(#18017));
#18017 = FILL_AREA_STYLE_COLOUR('',#17527);
#18018 = OVER_RIDING_STYLED_ITEM('overriding color',(#18019),#8548,
  #17497);
#18019 = PRESENTATION_STYLE_ASSIGNMENT((#18020));
#18020 = SURFACE_STYLE_USAGE(.BOTH.,#18021);
#18021 = SURFACE_SIDE_STYLE('',(#18022));
#18022 = SURFACE_STYLE_FILL_AREA(#18023);
#18023 = FILL_AREA_STYLE('',(#18024));
#18024 = FILL_AREA_STYLE_COLOUR('',#17527);
#18025 = OVER_RIDING_STYLED_ITEM('overriding color',(#18026),#8565,
  #17497);
#18026 = PRESENTATION_STYLE_ASSIGNMENT((#18027));
#18027 = SURFACE_STYLE_USAGE(.BOTH.,#18028);
#18028 = SURFACE_SIDE_STYLE('',(#18029));
#18029 = SURFACE_STYLE_FILL_AREA(#18030);
#18030 = FILL_AREA_STYLE('',(#18031));
#18031 = FILL_AREA_STYLE_COLOUR('',#17527);
#18032 = OVER_RIDING_STYLED_ITEM('overriding color',(#18033),#8582,
  #17497);
#18033 = PRESENTATION_STYLE_ASSIGNMENT((#18034));
#18034 = SURFACE_STYLE_USAGE(.BOTH.,#18035);
#18035 = SURFACE_SIDE_STYLE('',(#18036));
#18036 = SURFACE_STYLE_FILL_AREA(#18037);
#18037 = FILL_AREA_STYLE('',(#18038));
#18038 = FILL_AREA_STYLE_COLOUR('',#17527);
#18039 = OVER_RIDING_STYLED_ITEM('overriding color',(#18040),#8599,
  #17497);
#18040 = PRESENTATION_STYLE_ASSIGNMENT((#18041));
#18041 = SURFACE_STYLE_USAGE(.BOTH.,#18042);
#18042 = SURFACE_SIDE_STYLE('',(#18043));
#18043 = SURFACE_STYLE_FILL_AREA(#18044);
#18044 = FILL_AREA_STYLE('',(#18045));
#18045 = FILL_AREA_STYLE_COLOUR('',#17527);
#18046 = OVER_RIDING_STYLED_ITEM('overriding color',(#18047),#8611,
  #17497);
#18047 = PRESENTATION_STYLE_ASSIGNMENT((#18048));
#18048 = SURFACE_STYLE_USAGE(.BOTH.,#18049);
#18049 = SURFACE_SIDE_STYLE('',(#18050));
#18050 = SURFACE_STYLE_FILL_AREA(#18051);
#18051 = FILL_AREA_STYLE('',(#18052));
#18052 = FILL_AREA_STYLE_COLOUR('',#17512);
#18053 = OVER_RIDING_STYLED_ITEM('overriding color',(#18054),#8628,
  #17497);
#18054 = PRESENTATION_STYLE_ASSIGNMENT((#18055));
#18055 = SURFACE_STYLE_USAGE(.BOTH.,#18056);
#18056 = SURFACE_SIDE_STYLE('',(#18057));
#18057 = SURFACE_STYLE_FILL_AREA(#18058);
#18058 = FILL_AREA_STYLE('',(#18059));
#18059 = FILL_AREA_STYLE_COLOUR('',#17512);
#18060 = OVER_RIDING_STYLED_ITEM('overriding color',(#18061),#8645,
  #17497);
#18061 = PRESENTATION_STYLE_ASSIGNMENT((#18062));
#18062 = SURFACE_STYLE_USAGE(.BOTH.,#18063);
#18063 = SURFACE_SIDE_STYLE('',(#18064));
#18064 = SURFACE_STYLE_FILL_AREA(#18065);
#18065 = FILL_AREA_STYLE('',(#18066));
#18066 = FILL_AREA_STYLE_COLOUR('',#17512);
#18067 = OVER_RIDING_STYLED_ITEM('overriding color',(#18068),#8662,
  #17497);
#18068 = PRESENTATION_STYLE_ASSIGNMENT((#18069));
#18069 = SURFACE_STYLE_USAGE(.BOTH.,#18070);
#18070 = SURFACE_SIDE_STYLE('',(#18071));
#18071 = SURFACE_STYLE_FILL_AREA(#18072);
#18072 = FILL_AREA_STYLE('',(#18073));
#18073 = FILL_AREA_STYLE_COLOUR('',#17512);
#18074 = OVER_RIDING_STYLED_ITEM('overriding color',(#18075),#8679,
  #17497);
#18075 = PRESENTATION_STYLE_ASSIGNMENT((#18076));
#18076 = SURFACE_STYLE_USAGE(.BOTH.,#18077);
#18077 = SURFACE_SIDE_STYLE('',(#18078));
#18078 = SURFACE_STYLE_FILL_AREA(#18079);
#18079 = FILL_AREA_STYLE('',(#18080));
#18080 = FILL_AREA_STYLE_COLOUR('',#17512);
#18081 = OVER_RIDING_STYLED_ITEM('overriding color',(#18082),#8696,
  #17497);
#18082 = PRESENTATION_STYLE_ASSIGNMENT((#18083));
#18083 = SURFACE_STYLE_USAGE(.BOTH.,#18084);
#18084 = SURFACE_SIDE_STYLE('',(#18085));
#18085 = SURFACE_STYLE_FILL_AREA(#18086);
#18086 = FILL_AREA_STYLE('',(#18087));
#18087 = FILL_AREA_STYLE_COLOUR('',#17512);
#18088 = OVER_RIDING_STYLED_ITEM('overriding color',(#18089),#8708,
  #17497);
#18089 = PRESENTATION_STYLE_ASSIGNMENT((#18090));
#18090 = SURFACE_STYLE_USAGE(.BOTH.,#18091);
#18091 = SURFACE_SIDE_STYLE('',(#18092));
#18092 = SURFACE_STYLE_FILL_AREA(#18093);
#18093 = FILL_AREA_STYLE('',(#18094));
#18094 = FILL_AREA_STYLE_COLOUR('',#17512);
#18095 = OVER_RIDING_STYLED_ITEM('overriding color',(#18096),#8725,
  #17497);
#18096 = PRESENTATION_STYLE_ASSIGNMENT((#18097));
#18097 = SURFACE_STYLE_USAGE(.BOTH.,#18098);
#18098 = SURFACE_SIDE_STYLE('',(#18099));
#18099 = SURFACE_STYLE_FILL_AREA(#18100);
#18100 = FILL_AREA_STYLE('',(#18101));
#18101 = FILL_AREA_STYLE_COLOUR('',#17512);
#18102 = OVER_RIDING_STYLED_ITEM('overriding color',(#18103),#8737,
  #17497);
#18103 = PRESENTATION_STYLE_ASSIGNMENT((#18104));
#18104 = SURFACE_STYLE_USAGE(.BOTH.,#18105);
#18105 = SURFACE_SIDE_STYLE('',(#18106));
#18106 = SURFACE_STYLE_FILL_AREA(#18107);
#18107 = FILL_AREA_STYLE('',(#18108));
#18108 = FILL_AREA_STYLE_COLOUR('',#17512);
#18109 = OVER_RIDING_STYLED_ITEM('overriding color',(#18110),#8754,
  #17497);
#18110 = PRESENTATION_STYLE_ASSIGNMENT((#18111));
#18111 = SURFACE_STYLE_USAGE(.BOTH.,#18112);
#18112 = SURFACE_SIDE_STYLE('',(#18113));
#18113 = SURFACE_STYLE_FILL_AREA(#18114);
#18114 = FILL_AREA_STYLE('',(#18115));
#18115 = FILL_AREA_STYLE_COLOUR('',#17512);
#18116 = OVER_RIDING_STYLED_ITEM('overriding color',(#18117),#8766,
  #17497);
#18117 = PRESENTATION_STYLE_ASSIGNMENT((#18118));
#18118 = SURFACE_STYLE_USAGE(.BOTH.,#18119);
#18119 = SURFACE_SIDE_STYLE('',(#18120));
#18120 = SURFACE_STYLE_FILL_AREA(#18121);
#18121 = FILL_AREA_STYLE('',(#18122));
#18122 = FILL_AREA_STYLE_COLOUR('',#17512);
#18123 = OVER_RIDING_STYLED_ITEM('overriding color',(#18124),#8783,
  #17497);
#18124 = PRESENTATION_STYLE_ASSIGNMENT((#18125));
#18125 = SURFACE_STYLE_USAGE(.BOTH.,#18126);
#18126 = SURFACE_SIDE_STYLE('',(#18127));
#18127 = SURFACE_STYLE_FILL_AREA(#18128);
#18128 = FILL_AREA_STYLE('',(#18129));
#18129 = FILL_AREA_STYLE_COLOUR('',#17512);
#18130 = MECHANICAL_DESIGN_GEOMETRIC_PRESENTATION_REPRESENTATION('',(
    #18131,#18139,#18146,#18153,#18160,#18167,#18174,#18181,#18188,
    #18195,#18202,#18210,#18217,#18224,#18231,#18238,#18245,#18252,
    #18259,#18266,#18273,#18280,#18287,#18294,#18301,#18308,#18315,
    #18322),#6010);
#18131 = STYLED_ITEM('color',(#18132),#5158);
#18132 = PRESENTATION_STYLE_ASSIGNMENT((#18133));
#18133 = SURFACE_STYLE_USAGE(.BOTH.,#18134);
#18134 = SURFACE_SIDE_STYLE('',(#18135));
#18135 = SURFACE_STYLE_FILL_AREA(#18136);
#18136 = FILL_AREA_STYLE('',(#18137));
#18137 = FILL_AREA_STYLE_COLOUR('',#18138);
#18138 = COLOUR_RGB('',0.823999987314,0.819999987296,0.781000009244);
#18139 = STYLED_ITEM('color',(#18140),#5234);
#18140 = PRESENTATION_STYLE_ASSIGNMENT((#18141));
#18141 = SURFACE_STYLE_USAGE(.BOTH.,#18142);
#18142 = SURFACE_SIDE_STYLE('',(#18143));
#18143 = SURFACE_STYLE_FILL_AREA(#18144);
#18144 = FILL_AREA_STYLE('',(#18145));
#18145 = FILL_AREA_STYLE_COLOUR('',#18138);
#18146 = STYLED_ITEM('color',(#18147),#5265);
#18147 = PRESENTATION_STYLE_ASSIGNMENT((#18148));
#18148 = SURFACE_STYLE_USAGE(.BOTH.,#18149);
#18149 = SURFACE_SIDE_STYLE('',(#18150));
#18150 = SURFACE_STYLE_FILL_AREA(#18151);
#18151 = FILL_AREA_STYLE('',(#18152));
#18152 = FILL_AREA_STYLE_COLOUR('',#18138);
#18153 = STYLED_ITEM('color',(#18154),#5290);
#18154 = PRESENTATION_STYLE_ASSIGNMENT((#18155));
#18155 = SURFACE_STYLE_USAGE(.BOTH.,#18156);
#18156 = SURFACE_SIDE_STYLE('',(#18157));
#18157 = SURFACE_STYLE_FILL_AREA(#18158);
#18158 = FILL_AREA_STYLE('',(#18159));
#18159 = FILL_AREA_STYLE_COLOUR('',#18138);
#18160 = STYLED_ITEM('color',(#18161),#5315);
#18161 = PRESENTATION_STYLE_ASSIGNMENT((#18162));
#18162 = SURFACE_STYLE_USAGE(.BOTH.,#18163);
#18163 = SURFACE_SIDE_STYLE('',(#18164));
#18164 = SURFACE_STYLE_FILL_AREA(#18165);
#18165 = FILL_AREA_STYLE('',(#18166));
#18166 = FILL_AREA_STYLE_COLOUR('',#18138);
#18167 = STYLED_ITEM('color',(#18168),#5339);
#18168 = PRESENTATION_STYLE_ASSIGNMENT((#18169));
#18169 = SURFACE_STYLE_USAGE(.BOTH.,#18170);
#18170 = SURFACE_SIDE_STYLE('',(#18171));
#18171 = SURFACE_STYLE_FILL_AREA(#18172);
#18172 = FILL_AREA_STYLE('',(#18173));
#18173 = FILL_AREA_STYLE_COLOUR('',#18138);
#18174 = STYLED_ITEM('color',(#18175),#5363);
#18175 = PRESENTATION_STYLE_ASSIGNMENT((#18176));
#18176 = SURFACE_STYLE_USAGE(.BOTH.,#18177);
#18177 = SURFACE_SIDE_STYLE('',(#18178));
#18178 = SURFACE_STYLE_FILL_AREA(#18179);
#18179 = FILL_AREA_STYLE('',(#18180));
#18180 = FILL_AREA_STYLE_COLOUR('',#18138);
#18181 = STYLED_ITEM('color',(#18182),#5388);
#18182 = PRESENTATION_STYLE_ASSIGNMENT((#18183));
#18183 = SURFACE_STYLE_USAGE(.BOTH.,#18184);
#18184 = SURFACE_SIDE_STYLE('',(#18185));
#18185 = SURFACE_STYLE_FILL_AREA(#18186);
#18186 = FILL_AREA_STYLE('',(#18187));
#18187 = FILL_AREA_STYLE_COLOUR('',#18138);
#18188 = STYLED_ITEM('color',(#18189),#5413);
#18189 = PRESENTATION_STYLE_ASSIGNMENT((#18190));
#18190 = SURFACE_STYLE_USAGE(.BOTH.,#18191);
#18191 = SURFACE_SIDE_STYLE('',(#18192));
#18192 = SURFACE_STYLE_FILL_AREA(#18193);
#18193 = FILL_AREA_STYLE('',(#18194));
#18194 = FILL_AREA_STYLE_COLOUR('',#18138);
#18195 = STYLED_ITEM('color',(#18196),#5430);
#18196 = PRESENTATION_STYLE_ASSIGNMENT((#18197));
#18197 = SURFACE_STYLE_USAGE(.BOTH.,#18198);
#18198 = SURFACE_SIDE_STYLE('',(#18199));
#18199 = SURFACE_STYLE_FILL_AREA(#18200);
#18200 = FILL_AREA_STYLE('',(#18201));
#18201 = FILL_AREA_STYLE_COLOUR('',#18138);
#18202 = STYLED_ITEM('color',(#18203),#5516);
#18203 = PRESENTATION_STYLE_ASSIGNMENT((#18204));
#18204 = SURFACE_STYLE_USAGE(.BOTH.,#18205);
#18205 = SURFACE_SIDE_STYLE('',(#18206));
#18206 = SURFACE_STYLE_FILL_AREA(#18207);
#18207 = FILL_AREA_STYLE('',(#18208));
#18208 = FILL_AREA_STYLE_COLOUR('',#18209);
#18209 = COLOUR_RGB('',0.379000005575,0.270000008848,0.214999999939);
#18210 = STYLED_ITEM('color',(#18211),#5548);
#18211 = PRESENTATION_STYLE_ASSIGNMENT((#18212));
#18212 = SURFACE_STYLE_USAGE(.BOTH.,#18213);
#18213 = SURFACE_SIDE_STYLE('',(#18214));
#18214 = SURFACE_STYLE_FILL_AREA(#18215);
#18215 = FILL_AREA_STYLE('',(#18216));
#18216 = FILL_AREA_STYLE_COLOUR('',#18209);
#18217 = STYLED_ITEM('color',(#18218),#5572);
#18218 = PRESENTATION_STYLE_ASSIGNMENT((#18219));
#18219 = SURFACE_STYLE_USAGE(.BOTH.,#18220);
#18220 = SURFACE_SIDE_STYLE('',(#18221));
#18221 = SURFACE_STYLE_FILL_AREA(#18222);
#18222 = FILL_AREA_STYLE('',(#18223));
#18223 = FILL_AREA_STYLE_COLOUR('',#18209);
#18224 = STYLED_ITEM('color',(#18225),#5597);
#18225 = PRESENTATION_STYLE_ASSIGNMENT((#18226));
#18226 = SURFACE_STYLE_USAGE(.BOTH.,#18227);
#18227 = SURFACE_SIDE_STYLE('',(#18228));
#18228 = SURFACE_STYLE_FILL_AREA(#18229);
#18229 = FILL_AREA_STYLE('',(#18230));
#18230 = FILL_AREA_STYLE_COLOUR('',#18209);
#18231 = STYLED_ITEM('color',(#18232),#5621);
#18232 = PRESENTATION_STYLE_ASSIGNMENT((#18233));
#18233 = SURFACE_STYLE_USAGE(.BOTH.,#18234);
#18234 = SURFACE_SIDE_STYLE('',(#18235));
#18235 = SURFACE_STYLE_FILL_AREA(#18236);
#18236 = FILL_AREA_STYLE('',(#18237));
#18237 = FILL_AREA_STYLE_COLOUR('',#18209);
#18238 = STYLED_ITEM('color',(#18239),#5646);
#18239 = PRESENTATION_STYLE_ASSIGNMENT((#18240));
#18240 = SURFACE_STYLE_USAGE(.BOTH.,#18241);
#18241 = SURFACE_SIDE_STYLE('',(#18242));
#18242 = SURFACE_STYLE_FILL_AREA(#18243);
#18243 = FILL_AREA_STYLE('',(#18244));
#18244 = FILL_AREA_STYLE_COLOUR('',#18209);
#18245 = STYLED_ITEM('color',(#18246),#5670);
#18246 = PRESENTATION_STYLE_ASSIGNMENT((#18247));
#18247 = SURFACE_STYLE_USAGE(.BOTH.,#18248);
#18248 = SURFACE_SIDE_STYLE('',(#18249));
#18249 = SURFACE_STYLE_FILL_AREA(#18250);
#18250 = FILL_AREA_STYLE('',(#18251));
#18251 = FILL_AREA_STYLE_COLOUR('',#18209);
#18252 = STYLED_ITEM('color',(#18253),#5695);
#18253 = PRESENTATION_STYLE_ASSIGNMENT((#18254));
#18254 = SURFACE_STYLE_USAGE(.BOTH.,#18255);
#18255 = SURFACE_SIDE_STYLE('',(#18256));
#18256 = SURFACE_STYLE_FILL_AREA(#18257);
#18257 = FILL_AREA_STYLE('',(#18258));
#18258 = FILL_AREA_STYLE_COLOUR('',#18209);
#18259 = STYLED_ITEM('color',(#18260),#5712);
#18260 = PRESENTATION_STYLE_ASSIGNMENT((#18261));
#18261 = SURFACE_STYLE_USAGE(.BOTH.,#18262);
#18262 = SURFACE_SIDE_STYLE('',(#18263));
#18263 = SURFACE_STYLE_FILL_AREA(#18264);
#18264 = FILL_AREA_STYLE('',(#18265));
#18265 = FILL_AREA_STYLE_COLOUR('',#18138);
#18266 = STYLED_ITEM('color',(#18267),#5798);
#18267 = PRESENTATION_STYLE_ASSIGNMENT((#18268));
#18268 = SURFACE_STYLE_USAGE(.BOTH.,#18269);
#18269 = SURFACE_SIDE_STYLE('',(#18270));
#18270 = SURFACE_STYLE_FILL_AREA(#18271);
#18271 = FILL_AREA_STYLE('',(#18272));
#18272 = FILL_AREA_STYLE_COLOUR('',#18138);
#18273 = STYLED_ITEM('color',(#18274),#5829);
#18274 = PRESENTATION_STYLE_ASSIGNMENT((#18275));
#18275 = SURFACE_STYLE_USAGE(.BOTH.,#18276);
#18276 = SURFACE_SIDE_STYLE('',(#18277));
#18277 = SURFACE_STYLE_FILL_AREA(#18278);
#18278 = FILL_AREA_STYLE('',(#18279));
#18279 = FILL_AREA_STYLE_COLOUR('',#18138);
#18280 = STYLED_ITEM('color',(#18281),#5854);
#18281 = PRESENTATION_STYLE_ASSIGNMENT((#18282));
#18282 = SURFACE_STYLE_USAGE(.BOTH.,#18283);
#18283 = SURFACE_SIDE_STYLE('',(#18284));
#18284 = SURFACE_STYLE_FILL_AREA(#18285);
#18285 = FILL_AREA_STYLE('',(#18286));
#18286 = FILL_AREA_STYLE_COLOUR('',#18138);
#18287 = STYLED_ITEM('color',(#18288),#5879);
#18288 = PRESENTATION_STYLE_ASSIGNMENT((#18289));
#18289 = SURFACE_STYLE_USAGE(.BOTH.,#18290);
#18290 = SURFACE_SIDE_STYLE('',(#18291));
#18291 = SURFACE_STYLE_FILL_AREA(#18292);
#18292 = FILL_AREA_STYLE('',(#18293));
#18293 = FILL_AREA_STYLE_COLOUR('',#18138);
#18294 = STYLED_ITEM('color',(#18295),#5903);
#18295 = PRESENTATION_STYLE_ASSIGNMENT((#18296));
#18296 = SURFACE_STYLE_USAGE(.BOTH.,#18297);
#18297 = SURFACE_SIDE_STYLE('',(#18298));
#18298 = SURFACE_STYLE_FILL_AREA(#18299);
#18299 = FILL_AREA_STYLE('',(#18300));
#18300 = FILL_AREA_STYLE_COLOUR('',#18138);
#18301 = STYLED_ITEM('color',(#18302),#5927);
#18302 = PRESENTATION_STYLE_ASSIGNMENT((#18303));
#18303 = SURFACE_STYLE_USAGE(.BOTH.,#18304);
#18304 = SURFACE_SIDE_STYLE('',(#18305));
#18305 = SURFACE_STYLE_FILL_AREA(#18306);
#18306 = FILL_AREA_STYLE('',(#18307));
#18307 = FILL_AREA_STYLE_COLOUR('',#18138);
#18308 = STYLED_ITEM('color',(#18309),#5952);
#18309 = PRESENTATION_STYLE_ASSIGNMENT((#18310));
#18310 = SURFACE_STYLE_USAGE(.BOTH.,#18311);
#18311 = SURFACE_SIDE_STYLE('',(#18312));
#18312 = SURFACE_STYLE_FILL_AREA(#18313);
#18313 = FILL_AREA_STYLE('',(#18314));
#18314 = FILL_AREA_STYLE_COLOUR('',#18138);
#18315 = STYLED_ITEM('color',(#18316),#5977);
#18316 = PRESENTATION_STYLE_ASSIGNMENT((#18317));
#18317 = SURFACE_STYLE_USAGE(.BOTH.,#18318);
#18318 = SURFACE_SIDE_STYLE('',(#18319));
#18319 = SURFACE_STYLE_FILL_AREA(#18320);
#18320 = FILL_AREA_STYLE('',(#18321));
#18321 = FILL_AREA_STYLE_COLOUR('',#18138);
#18322 = STYLED_ITEM('color',(#18323),#5994);
#18323 = PRESENTATION_STYLE_ASSIGNMENT((#18324));
#18324 = SURFACE_STYLE_USAGE(.BOTH.,#18325);
#18325 = SURFACE_SIDE_STYLE('',(#18326));
#18326 = SURFACE_STYLE_FILL_AREA(#18327);
#18327 = FILL_AREA_STYLE('',(#18328));
#18328 = FILL_AREA_STYLE_COLOUR('',#18138);
#18329 = MECHANICAL_DESIGN_GEOMETRIC_PRESENTATION_REPRESENTATION('',(
    #18330),#17252);
#18330 = STYLED_ITEM('color',(#18331),#16884);
#18331 = PRESENTATION_STYLE_ASSIGNMENT((#18332));
#18332 = SURFACE_STYLE_USAGE(.BOTH.,#18333);
#18333 = SURFACE_SIDE_STYLE('',(#18334));
#18334 = SURFACE_STYLE_FILL_AREA(#18335);
#18335 = FILL_AREA_STYLE('',(#18336));
#18336 = FILL_AREA_STYLE_COLOUR('',#18337);
#18337 = COLOUR_RGB('',0.583831500637,0.583831500637,0.583831500637);
#18338 = MECHANICAL_DESIGN_GEOMETRIC_PRESENTATION_REPRESENTATION('',(
    #18339,#18346,#18353,#18360,#18367,#18374,#18381,#18388,#18396,
    #18403,#18410,#18417,#18424,#18431,#18439,#18446,#18453,#18460,
    #18467,#18474,#18481,#18488,#18495,#18502,#18509,#18516),#5137);
#18339 = STYLED_ITEM('color',(#18340),#4349);
#18340 = PRESENTATION_STYLE_ASSIGNMENT((#18341));
#18341 = SURFACE_STYLE_USAGE(.BOTH.,#18342);
#18342 = SURFACE_SIDE_STYLE('',(#18343));
#18343 = SURFACE_STYLE_FILL_AREA(#18344);
#18344 = FILL_AREA_STYLE('',(#18345));
#18345 = FILL_AREA_STYLE_COLOUR('',#18138);
#18346 = STYLED_ITEM('color',(#18347),#4389);
#18347 = PRESENTATION_STYLE_ASSIGNMENT((#18348));
#18348 = SURFACE_STYLE_USAGE(.BOTH.,#18349);
#18349 = SURFACE_SIDE_STYLE('',(#18350));
#18350 = SURFACE_STYLE_FILL_AREA(#18351);
#18351 = FILL_AREA_STYLE('',(#18352));
#18352 = FILL_AREA_STYLE_COLOUR('',#18138);
#18353 = STYLED_ITEM('color',(#18354),#4472);
#18354 = PRESENTATION_STYLE_ASSIGNMENT((#18355));
#18355 = SURFACE_STYLE_USAGE(.BOTH.,#18356);
#18356 = SURFACE_SIDE_STYLE('',(#18357));
#18357 = SURFACE_STYLE_FILL_AREA(#18358);
#18358 = FILL_AREA_STYLE('',(#18359));
#18359 = FILL_AREA_STYLE_COLOUR('',#18138);
#18360 = STYLED_ITEM('color',(#18361),#4497);
#18361 = PRESENTATION_STYLE_ASSIGNMENT((#18362));
#18362 = SURFACE_STYLE_USAGE(.BOTH.,#18363);
#18363 = SURFACE_SIDE_STYLE('',(#18364));
#18364 = SURFACE_STYLE_FILL_AREA(#18365);
#18365 = FILL_AREA_STYLE('',(#18366));
#18366 = FILL_AREA_STYLE_COLOUR('',#18138);
#18367 = STYLED_ITEM('color',(#18368),#4522);
#18368 = PRESENTATION_STYLE_ASSIGNMENT((#18369));
#18369 = SURFACE_STYLE_USAGE(.BOTH.,#18370);
#18370 = SURFACE_SIDE_STYLE('',(#18371));
#18371 = SURFACE_STYLE_FILL_AREA(#18372);
#18372 = FILL_AREA_STYLE('',(#18373));
#18373 = FILL_AREA_STYLE_COLOUR('',#18138);
#18374 = STYLED_ITEM('color',(#18375),#4589);
#18375 = PRESENTATION_STYLE_ASSIGNMENT((#18376));
#18376 = SURFACE_STYLE_USAGE(.BOTH.,#18377);
#18377 = SURFACE_SIDE_STYLE('',(#18378));
#18378 = SURFACE_STYLE_FILL_AREA(#18379);
#18379 = FILL_AREA_STYLE('',(#18380));
#18380 = FILL_AREA_STYLE_COLOUR('',#18138);
#18381 = STYLED_ITEM('color',(#18382),#4606);
#18382 = PRESENTATION_STYLE_ASSIGNMENT((#18383));
#18383 = SURFACE_STYLE_USAGE(.BOTH.,#18384);
#18384 = SURFACE_SIDE_STYLE('',(#18385));
#18385 = SURFACE_STYLE_FILL_AREA(#18386);
#18386 = FILL_AREA_STYLE('',(#18387));
#18387 = FILL_AREA_STYLE_COLOUR('',#18138);
#18388 = STYLED_ITEM('color',(#18389),#4623);
#18389 = PRESENTATION_STYLE_ASSIGNMENT((#18390));
#18390 = SURFACE_STYLE_USAGE(.BOTH.,#18391);
#18391 = SURFACE_SIDE_STYLE('',(#18392));
#18392 = SURFACE_STYLE_FILL_AREA(#18393);
#18393 = FILL_AREA_STYLE('',(#18394));
#18394 = FILL_AREA_STYLE_COLOUR('',#18395);
#18395 = COLOUR_RGB('',0.894999966383,0.890999961016,0.813000030345);
#18396 = STYLED_ITEM('color',(#18397),#4672);
#18397 = PRESENTATION_STYLE_ASSIGNMENT((#18398));
#18398 = SURFACE_STYLE_USAGE(.BOTH.,#18399);
#18399 = SURFACE_SIDE_STYLE('',(#18400));
#18400 = SURFACE_STYLE_FILL_AREA(#18401);
#18401 = FILL_AREA_STYLE('',(#18402));
#18402 = FILL_AREA_STYLE_COLOUR('',#18138);
#18403 = STYLED_ITEM('color',(#18404),#4689);
#18404 = PRESENTATION_STYLE_ASSIGNMENT((#18405));
#18405 = SURFACE_STYLE_USAGE(.BOTH.,#18406);
#18406 = SURFACE_SIDE_STYLE('',(#18407));
#18407 = SURFACE_STYLE_FILL_AREA(#18408);
#18408 = FILL_AREA_STYLE('',(#18409));
#18409 = FILL_AREA_STYLE_COLOUR('',#18138);
#18410 = STYLED_ITEM('color',(#18411),#4706);
#18411 = PRESENTATION_STYLE_ASSIGNMENT((#18412));
#18412 = SURFACE_STYLE_USAGE(.BOTH.,#18413);
#18413 = SURFACE_SIDE_STYLE('',(#18414));
#18414 = SURFACE_STYLE_FILL_AREA(#18415);
#18415 = FILL_AREA_STYLE('',(#18416));
#18416 = FILL_AREA_STYLE_COLOUR('',#18395);
#18417 = STYLED_ITEM('color',(#18418),#4755);
#18418 = PRESENTATION_STYLE_ASSIGNMENT((#18419));
#18419 = SURFACE_STYLE_USAGE(.BOTH.,#18420);
#18420 = SURFACE_SIDE_STYLE('',(#18421));
#18421 = SURFACE_STYLE_FILL_AREA(#18422);
#18422 = FILL_AREA_STYLE('',(#18423));
#18423 = FILL_AREA_STYLE_COLOUR('',#18395);
#18424 = STYLED_ITEM('color',(#18425),#4772);
#18425 = PRESENTATION_STYLE_ASSIGNMENT((#18426));
#18426 = SURFACE_STYLE_USAGE(.BOTH.,#18427);
#18427 = SURFACE_SIDE_STYLE('',(#18428));
#18428 = SURFACE_STYLE_FILL_AREA(#18429);
#18429 = FILL_AREA_STYLE('',(#18430));
#18430 = FILL_AREA_STYLE_COLOUR('',#18138);
#18431 = STYLED_ITEM('color',(#18432),#4841);
#18432 = PRESENTATION_STYLE_ASSIGNMENT((#18433));
#18433 = SURFACE_STYLE_USAGE(.BOTH.,#18434);
#18434 = SURFACE_SIDE_STYLE('',(#18435));
#18435 = SURFACE_STYLE_FILL_AREA(#18436);
#18436 = FILL_AREA_STYLE('',(#18437));
#18437 = FILL_AREA_STYLE_COLOUR('',#18438);
#18438 = COLOUR_RGB('',8.200000279077E-02,8.600000121357E-02,
  9.399999706163E-02);
#18439 = STYLED_ITEM('color',(#18440),#4872);
#18440 = PRESENTATION_STYLE_ASSIGNMENT((#18441));
#18441 = SURFACE_STYLE_USAGE(.BOTH.,#18442);
#18442 = SURFACE_SIDE_STYLE('',(#18443));
#18443 = SURFACE_STYLE_FILL_AREA(#18444);
#18444 = FILL_AREA_STYLE('',(#18445));
#18445 = FILL_AREA_STYLE_COLOUR('',#18438);
#18446 = STYLED_ITEM('color',(#18447),#4896);
#18447 = PRESENTATION_STYLE_ASSIGNMENT((#18448));
#18448 = SURFACE_STYLE_USAGE(.BOTH.,#18449);
#18449 = SURFACE_SIDE_STYLE('',(#18450));
#18450 = SURFACE_STYLE_FILL_AREA(#18451);
#18451 = FILL_AREA_STYLE('',(#18452));
#18452 = FILL_AREA_STYLE_COLOUR('',#18138);
#18453 = STYLED_ITEM('color',(#18454),#4965);
#18454 = PRESENTATION_STYLE_ASSIGNMENT((#18455));
#18455 = SURFACE_STYLE_USAGE(.BOTH.,#18456);
#18456 = SURFACE_SIDE_STYLE('',(#18457));
#18457 = SURFACE_STYLE_FILL_AREA(#18458);
#18458 = FILL_AREA_STYLE('',(#18459));
#18459 = FILL_AREA_STYLE_COLOUR('',#18438);
#18460 = STYLED_ITEM('color',(#18461),#4989);
#18461 = PRESENTATION_STYLE_ASSIGNMENT((#18462));
#18462 = SURFACE_STYLE_USAGE(.BOTH.,#18463);
#18463 = SURFACE_SIDE_STYLE('',(#18464));
#18464 = SURFACE_STYLE_FILL_AREA(#18465);
#18465 = FILL_AREA_STYLE('',(#18466));
#18466 = FILL_AREA_STYLE_COLOUR('',#18138);
#18467 = STYLED_ITEM('color',(#18468),#5006);
#18468 = PRESENTATION_STYLE_ASSIGNMENT((#18469));
#18469 = SURFACE_STYLE_USAGE(.BOTH.,#18470);
#18470 = SURFACE_SIDE_STYLE('',(#18471));
#18471 = SURFACE_STYLE_FILL_AREA(#18472);
#18472 = FILL_AREA_STYLE('',(#18473));
#18473 = FILL_AREA_STYLE_COLOUR('',#18138);
#18474 = STYLED_ITEM('color',(#18475),#5023);
#18475 = PRESENTATION_STYLE_ASSIGNMENT((#18476));
#18476 = SURFACE_STYLE_USAGE(.BOTH.,#18477);
#18477 = SURFACE_SIDE_STYLE('',(#18478));
#18478 = SURFACE_STYLE_FILL_AREA(#18479);
#18479 = FILL_AREA_STYLE('',(#18480));
#18480 = FILL_AREA_STYLE_COLOUR('',#18138);
#18481 = STYLED_ITEM('color',(#18482),#5040);
#18482 = PRESENTATION_STYLE_ASSIGNMENT((#18483));
#18483 = SURFACE_STYLE_USAGE(.BOTH.,#18484);
#18484 = SURFACE_SIDE_STYLE('',(#18485));
#18485 = SURFACE_STYLE_FILL_AREA(#18486);
#18486 = FILL_AREA_STYLE('',(#18487));
#18487 = FILL_AREA_STYLE_COLOUR('',#18138);
#18488 = STYLED_ITEM('color',(#18489),#5057);
#18489 = PRESENTATION_STYLE_ASSIGNMENT((#18490));
#18490 = SURFACE_STYLE_USAGE(.BOTH.,#18491);
#18491 = SURFACE_SIDE_STYLE('',(#18492));
#18492 = SURFACE_STYLE_FILL_AREA(#18493);
#18493 = FILL_AREA_STYLE('',(#18494));
#18494 = FILL_AREA_STYLE_COLOUR('',#18138);
#18495 = STYLED_ITEM('color',(#18496),#5074);
#18496 = PRESENTATION_STYLE_ASSIGNMENT((#18497));
#18497 = SURFACE_STYLE_USAGE(.BOTH.,#18498);
#18498 = SURFACE_SIDE_STYLE('',(#18499));
#18499 = SURFACE_STYLE_FILL_AREA(#18500);
#18500 = FILL_AREA_STYLE('',(#18501));
#18501 = FILL_AREA_STYLE_COLOUR('',#18138);
#18502 = STYLED_ITEM('color',(#18503),#5091);
#18503 = PRESENTATION_STYLE_ASSIGNMENT((#18504));
#18504 = SURFACE_STYLE_USAGE(.BOTH.,#18505);
#18505 = SURFACE_SIDE_STYLE('',(#18506));
#18506 = SURFACE_STYLE_FILL_AREA(#18507);
#18507 = FILL_AREA_STYLE('',(#18508));
#18508 = FILL_AREA_STYLE_COLOUR('',#18138);
#18509 = STYLED_ITEM('color',(#18510),#5108);
#18510 = PRESENTATION_STYLE_ASSIGNMENT((#18511));
#18511 = SURFACE_STYLE_USAGE(.BOTH.,#18512);
#18512 = SURFACE_SIDE_STYLE('',(#18513));
#18513 = SURFACE_STYLE_FILL_AREA(#18514);
#18514 = FILL_AREA_STYLE('',(#18515));
#18515 = FILL_AREA_STYLE_COLOUR('',#18438);
#18516 = STYLED_ITEM('color',(#18517),#5125);
#18517 = PRESENTATION_STYLE_ASSIGNMENT((#18518));
#18518 = SURFACE_STYLE_USAGE(.BOTH.,#18519);
#18519 = SURFACE_SIDE_STYLE('',(#18520));
#18520 = SURFACE_STYLE_FILL_AREA(#18521);
#18521 = FILL_AREA_STYLE('',(#18522));
#18522 = FILL_AREA_STYLE_COLOUR('',#18438);
#18523 = MECHANICAL_DESIGN_GEOMETRIC_PRESENTATION_REPRESENTATION('',(
    #18524,#18532,#18540,#18547,#18554,#18561,#18568,#18575),#4328);
#18524 = STYLED_ITEM('color',(#18525),#77);
#18525 = PRESENTATION_STYLE_ASSIGNMENT((#18526));
#18526 = SURFACE_STYLE_USAGE(.BOTH.,#18527);
#18527 = SURFACE_SIDE_STYLE('',(#18528));
#18528 = SURFACE_STYLE_FILL_AREA(#18529);
#18529 = FILL_AREA_STYLE('',(#18530));
#18530 = FILL_AREA_STYLE_COLOUR('',#18531);
#18531 = COLOUR_RGB('',0.792156867455,0.819607826924,0.933333342953);
#18532 = STYLED_ITEM('color',(#18533),#359);
#18533 = PRESENTATION_STYLE_ASSIGNMENT((#18534));
#18534 = SURFACE_STYLE_USAGE(.BOTH.,#18535);
#18535 = SURFACE_SIDE_STYLE('',(#18536));
#18536 = SURFACE_STYLE_FILL_AREA(#18537);
#18537 = FILL_AREA_STYLE('',(#18538));
#18538 = FILL_AREA_STYLE_COLOUR('',#18539);
#18539 = COLOUR_RGB('',0.250980388104,0.250980388104,0.250980388104);
#18540 = STYLED_ITEM('color',(#18541),#2240);
#18541 = PRESENTATION_STYLE_ASSIGNMENT((#18542));
#18542 = SURFACE_STYLE_USAGE(.BOTH.,#18543);
#18543 = SURFACE_SIDE_STYLE('',(#18544));
#18544 = SURFACE_STYLE_FILL_AREA(#18545);
#18545 = FILL_AREA_STYLE('',(#18546));
#18546 = FILL_AREA_STYLE_COLOUR('',#18531);
#18547 = STYLED_ITEM('color',(#18548),#2522);
#18548 = PRESENTATION_STYLE_ASSIGNMENT((#18549));
#18549 = SURFACE_STYLE_USAGE(.BOTH.,#18550);
#18550 = SURFACE_SIDE_STYLE('',(#18551));
#18551 = SURFACE_STYLE_FILL_AREA(#18552);
#18552 = FILL_AREA_STYLE('',(#18553));
#18553 = FILL_AREA_STYLE_COLOUR('',#18531);
#18554 = STYLED_ITEM('color',(#18555),#2804);
#18555 = PRESENTATION_STYLE_ASSIGNMENT((#18556));
#18556 = SURFACE_STYLE_USAGE(.BOTH.,#18557);
#18557 = SURFACE_SIDE_STYLE('',(#18558));
#18558 = SURFACE_STYLE_FILL_AREA(#18559);
#18559 = FILL_AREA_STYLE('',(#18560));
#18560 = FILL_AREA_STYLE_COLOUR('',#18531);
#18561 = STYLED_ITEM('color',(#18562),#3086);
#18562 = PRESENTATION_STYLE_ASSIGNMENT((#18563));
#18563 = SURFACE_STYLE_USAGE(.BOTH.,#18564);
#18564 = SURFACE_SIDE_STYLE('',(#18565));
#18565 = SURFACE_STYLE_FILL_AREA(#18566);
#18566 = FILL_AREA_STYLE('',(#18567));
#18567 = FILL_AREA_STYLE_COLOUR('',#18531);
#18568 = STYLED_ITEM('color',(#18569),#3368);
#18569 = PRESENTATION_STYLE_ASSIGNMENT((#18570));
#18570 = SURFACE_STYLE_USAGE(.BOTH.,#18571);
#18571 = SURFACE_SIDE_STYLE('',(#18572));
#18572 = SURFACE_STYLE_FILL_AREA(#18573);
#18573 = FILL_AREA_STYLE('',(#18574));
#18574 = FILL_AREA_STYLE_COLOUR('',#18531);
#18575 = STYLED_ITEM('color',(#18576),#3650);
#18576 = PRESENTATION_STYLE_ASSIGNMENT((#18577));
#18577 = SURFACE_STYLE_USAGE(.BOTH.,#18578);
#18578 = SURFACE_SIDE_STYLE('',(#18579));
#18579 = SURFACE_STYLE_FILL_AREA(#18580);
#18580 = FILL_AREA_STYLE('',(#18581));
#18581 = FILL_AREA_STYLE_COLOUR('',#18531);
ENDSEC;
END-ISO-10303-21;
